[14:06:29.705065] [I] FLR0026_MODEL_SELECTED ordinal=0 asset=assets/models/sequoia_ngp.glb
[14:06:29.705445] [I] FLR0026_MODEL_LOAD_PLAN total=60 limit=1 match= inspected=2 queued=1
[14:06:29.708050] [I] FLR0026_LIGHT_SELECTED ordinal=0 guid=126 type=POINT
[14:06:29.708491] [I] FLR0026_LIGHT_SELECTED ordinal=1 guid=128 type=POINT
[14:06:29.708695] [I] FLR0026_LIGHT_SELECTED ordinal=2 guid=130 type=POINT
[14:06:29.708743] [I] FLR0026_LIGHT_SELECTED ordinal=3 guid=132 type=POINT
[14:06:29.708766] [I] FLR0026_LIGHT_SELECTED ordinal=4 guid=134 type=POINT
[14:06:29.708861] [I] FLR0026_LIGHT_SELECTED ordinal=5 guid=136 type=POINT
[14:06:29.708888] [I] FLR0026_LIGHT_SELECTED ordinal=6 guid=138 type=POINT
[14:06:29.709132] [I] FLR0026_LIGHT_SETUP_PLAN total=13 limit=7 type_filter= skip_guid_filter= trace_guid_filter= position_override_guid=0 position_override_enabled=false selected=7
[14:06:29.739433] [I] FLR0026_SHAPE_READY guid=188 entity=12 renderable=true
[14:06:29.739815] [I] FLR0026_SHAPE_READY guid=190 entity=13 renderable=true
[14:06:29.740054] [I] FLR0026_SHAPE_READY guid=192 entity=14 renderable=true
[14:06:30.079535] [I] FLR0026_SHAPE_READY guid=194 entity=15 renderable=true
[14:06:30.080247] [I] FLR0026_SHAPE_READY guid=196 entity=16 renderable=true
[14:06:30.080897] [I] FLR0026_SHAPE_READY guid=198 entity=17 renderable=true
[14:06:30.081489] [I] FLR0026_SHAPE_READY guid=200 entity=18 renderable=true
[14:06:30.081616] [I] FLR0026_SHAPE_READY guid=202 entity=19 renderable=true
[14:06:30.081746] [I] FLR0026_SHAPE_READY guid=212 entity=20 renderable=true
[14:06:30.081954] [I] FLR0026_SHAPE_READY guid=204 entity=21 renderable=true
[14:06:30.082057] [I] FLR0026_SHAPE_READY guid=206 entity=22 renderable=true
[14:06:30.082167] [I] FLR0026_SHAPE_READY guid=208 entity=23 renderable=true
[14:06:30.082272] [I] FLR0026_SHAPE_READY guid=210 entity=24 renderable=true
[14:06:30.082372] [I] FLR0026_SHAPE_READY guid=118 entity=25 renderable=true
[14:06:30.082465] [I] FLR0026_SHAPE_READY guid=120 entity=26 renderable=true
[14:06:30.082647] [I] FLR0026_SHAPE_READY guid=216 entity=27 renderable=true
[14:06:30.082807] [I] FLR0026_SHAPE_READY guid=244 entity=28 renderable=true
[14:06:30.083076] [I] FLR0026_SHAPE_READY guid=246 entity=29 renderable=true
[14:06:30.083216] [I] FLR0026_SHAPE_READY guid=248 entity=30 renderable=true
[14:06:30.083397] [I] FLR0026_SHAPE_READY guid=250 entity=31 renderable=true
[14:06:30.083587] [I] FLR0026_SHAPE_READY guid=252 entity=32 renderable=true
[14:06:30.083737] [I] FLR0026_SHAPE_READY guid=254 entity=33 renderable=true
[14:06:30.083921] [I] FLR0026_SHAPE_READY guid=256 entity=34 renderable=true
[14:06:30.084056] [I] FLR0026_SHAPE_READY guid=258 entity=35 renderable=true
[14:06:30.084222] [I] FLR0026_SHAPE_READY guid=260 entity=36 renderable=true
[14:06:30.084343] [I] FLR0026_SHAPE_READY guid=262 entity=37 renderable=true
[14:06:30.084619] [I] FLR0026_SHAPE_READY guid=220 entity=38 renderable=true
[14:06:30.084977] [I] FLR0026_SHAPE_READY guid=222 entity=39 renderable=true
[14:06:30.085240] [I] FLR0026_SHAPE_READY guid=224 entity=40 renderable=true
[14:06:30.085499] [I] FLR0026_SHAPE_READY guid=226 entity=41 renderable=true
[14:06:30.085761] [I] FLR0026_SHAPE_READY guid=228 entity=42 renderable=true
[14:06:30.086145] [I] FLR0026_SHAPE_READY guid=230 entity=43 renderable=true
[14:06:30.086429] [I] FLR0026_SHAPE_READY guid=232 entity=44 renderable=true
[14:06:30.086679] [I] FLR0026_SHAPE_READY guid=234 entity=45 renderable=true
[14:06:30.087042] [I] FLR0026_SHAPE_READY guid=236 entity=46 renderable=true
[14:06:30.087323] [I] FLR0026_SHAPE_READY guid=238 entity=47 renderable=true
[14:06:30.087421] [I] FLR0026_SHAPE_READY guid=264 entity=48 renderable=true
[14:06:30.194806] [I] FLR0026_MODEL_STAGE_PROGRESS seq=1 progress=0 assets=1
[14:06:30.200295] [I] FLR0026_SHAPE_READY guid=197 entity=58 renderable=true
[14:06:30.201332] [I] FLR0026_SHAPE_READY guid=199 entity=59 renderable=true
[14:06:30.201802] [I] FLR0026_SHAPE_READY guid=201 entity=60 renderable=true
[14:06:30.202410] [I] FLR0026_SHAPE_READY guid=203 entity=61 renderable=true
[14:06:30.202807] [I] FLR0026_SHAPE_READY guid=205 entity=62 renderable=true
[14:06:30.203448] [I] FLR0026_SHAPE_READY guid=207 entity=63 renderable=true
[14:06:30.204003] [I] FLR0026_SHAPE_READY guid=209 entity=64 renderable=true
[14:06:30.208754] [I] FLR0026_FRAME_BEGIN seq=1 started=true
[14:06:30.437439] [I] FLR0026_MODEL_STAGE_ASSET_CREATED asset=assets/models/sequoia_ngp.glb guid=2 bytes=13671064 entities=22
[14:06:30.567082] [I] FLR0026_MODEL_STAGE_ASYNC_BEGIN asset=assets/models/sequoia_ngp.glb guid=2
[14:06:30.567340] [I] FLR0026_MODEL_STAGE_INSTANCE_READY asset=assets/models/sequoia_ngp.glb guid=2 instance=0x7fe448181a70
[14:06:31.176483] [I] FLR0026_MODEL_STAGE_PROGRESS seq=2 progress=1 assets=1
[14:06:31.176754] [I] FLR0026_MODEL_STAGE_COMPLETE asset=assets/models/sequoia_ngp.glb pending_models=1
[14:06:31.177975] [I] FLR0026_FRAME_BEGIN seq=2 started=true
[14:06:31.279777] [I] FLR0026_MODEL_STAGE_PROGRESS seq=3 progress=1 assets=1
[14:06:31.279995] [I] FLR0026_MODEL_STAGE_COMPLETE asset=assets/models/sequoia_ngp.glb pending_models=0
[14:06:31.281288] [I] FLR0026_FRAME_BEGIN seq=3 started=false
[14:06:31.382764] [I] FLR0026_MODEL_STAGE_PROGRESS seq=4 progress=1 assets=1
[14:06:31.383011] [I] FLR0026_MODEL_STAGE_COMPLETE asset=assets/models/sequoia_ngp.glb pending_models=0
[14:06:31.484996] [I] FLR0026_MODEL_STAGE_PROGRESS seq=5 progress=1 assets=1
[14:06:31.485096] [I] FLR0026_MODEL_STAGE_COMPLETE asset=assets/models/sequoia_ngp.glb pending_models=0
[14:06:31.586025] [I] FLR0026_MODEL_STAGE_COMPLETE asset=assets/models/sequoia_ngp.glb pending_models=0
[14:06:31.686784] [I] FLR0026_MODEL_STAGE_COMPLETE asset=assets/models/sequoia_ngp.glb pending_models=0
[14:06:31.689140] [I] FLR0026_CAMERA_APPLIED head=(5,0,-5) targetPresent=true target=(0,0,0) dolly=(5,0,5)
[14:06:31.790453] [I] FLR0026_MODEL_STAGE_COMPLETE asset=assets/models/sequoia_ngp.glb pending_models=0
[14:06:31.799598] [E] [handleMessage] Exception in handler: Entity(164): Light not found
[14:06:31.800278] [E] [handleMessage] Exception in handler: Entity(166): Light not found
[14:06:31.800390] [E] [handleMessage] Exception in handler: Entity(168): Light not found
[14:06:31.800468] [E] [handleMessage] Exception in handler: Entity(170): Light not found
[14:06:31.800820] [I] FLR0026_CAMERA_APPLIED head=(5,0,-5) targetPresent=true target=(0,0,0) dolly=(5,0,5)
[14:06:31.901951] [I] FLR0026_MODEL_STAGE_COMPLETE asset=assets/models/sequoia_ngp.glb pending_models=0
[14:06:31.902355] [E] [handleMessage] Exception in handler: Entity(164): Light not found
[14:06:31.902465] [E] [handleMessage] Exception in handler: Entity(166): Light not found
[14:06:31.902542] [E] [handleMessage] Exception in handler: Entity(168): Light not found
[14:06:31.902617] [E] [handleMessage] Exception in handler: Entity(170): Light not found
[14:06:31.903002] [I] FLR0026_CAMERA_APPLIED head=(5,0,-5) targetPresent=true target=(0,0,0) dolly=(5,0,5)
[14:06:32.004023] [I] FLR0026_MODEL_STAGE_COMPLETE asset=assets/models/sequoia_ngp.glb pending_models=0
[14:06:32.004527] [E] [handleMessage] Exception in handler: Entity(164): Light not found
[14:06:32.005225] [E] [handleMessage] Exception in handler: Entity(166): Light not found
[14:06:32.005383] [E] [handleMessage] Exception in handler: Entity(168): Light not found
[14:06:32.005473] [E] [handleMessage] Exception in handler: Entity(170): Light not found
[14:06:32.005894] [I] FLR0026_CAMERA_APPLIED head=(5,0,-5) targetPresent=true target=(0,0,0) dolly=(5,0,5)
[14:06:32.006315] [I] FLR0026_FRAME_BEGIN seq=10 started=false
[14:06:32.106995] [I] FLR0026_MODEL_STAGE_COMPLETE asset=assets/models/sequoia_ngp.glb pending_models=0
[14:06:32.107370] [E] [handleMessage] Exception in handler: Entity(164): Light not found
[14:06:32.107482] [E] [handleMessage] Exception in handler: Entity(166): Light not found
[14:06:32.107561] [E] [handleMessage] Exception in handler: Entity(168): Light not found
[14:06:32.107641] [E] [handleMessage] Exception in handler: Entity(170): Light not found
[14:06:32.108026] [I] FLR0026_CAMERA_APPLIED head=(5,0,-5) targetPresent=true target=(0,0,0) dolly=(5,0,5)
[14:06:32.209117] [I] FLR0026_MODEL_STAGE_COMPLETE asset=assets/models/sequoia_ngp.glb pending_models=0
[14:06:32.209581] [E] [handleMessage] Exception in handler: Entity(164): Light not found
[14:06:32.209696] [E] [handleMessage] Exception in handler: Entity(166): Light not found
[14:06:32.209773] [E] [handleMessage] Exception in handler: Entity(168): Light not found
[14:06:32.209932] [E] [handleMessage] Exception in handler: Entity(170): Light not found
[14:06:32.210255] [I] FLR0026_CAMERA_APPLIED head=(5,0,-5) targetPresent=true target=(0,0,0) dolly=(5,0,5)
[14:06:32.311342] [I] FLR0026_MODEL_STAGE_COMPLETE asset=assets/models/sequoia_ngp.glb pending_models=0
[14:06:32.311749] [E] [handleMessage] Exception in handler: Entity(164): Light not found
[14:06:32.312012] [E] [handleMessage] Exception in handler: Entity(166): Light not found
[14:06:32.312160] [E] [handleMessage] Exception in handler: Entity(168): Light not found
[14:06:32.312243] [E] [handleMessage] Exception in handler: Entity(170): Light not found
[14:06:32.312542] [I] FLR0026_CAMERA_APPLIED head=(5,0,-5) targetPresent=true target=(0,0,0) dolly=(5,0,5)
[14:06:32.420388] [I] FLR0026_MODEL_STAGE_COMPLETE asset=assets/models/sequoia_ngp.glb pending_models=0
[14:06:32.420778] [E] [handleMessage] Exception in handler: Entity(164): Light not found
[14:06:32.420983] [E] [handleMessage] Exception in handler: Entity(166): Light not found
[14:06:32.421103] [E] [handleMessage] Exception in handler: Entity(168): Light not found
[14:06:32.421183] [E] [handleMessage] Exception in handler: Entity(170): Light not found
[14:06:32.421485] [I] FLR0026_CAMERA_APPLIED head=(5,0,-5) targetPresent=true target=(0,0,0) dolly=(5,0,5)
[14:06:32.522985] [I] FLR0026_MODEL_STAGE_COMPLETE asset=assets/models/sequoia_ngp.glb pending_models=0
[14:06:32.523226] [E] [handleMessage] Exception in handler: Entity(164): Light not found
[14:06:32.523278] [E] [handleMessage] Exception in handler: Entity(166): Light not found
[14:06:32.523311] [E] [handleMessage] Exception in handler: Entity(168): Light not found
[14:06:32.523352] [E] [handleMessage] Exception in handler: Entity(170): Light not found
[14:06:32.523524] [I] FLR0026_CAMERA_APPLIED head=(5,0,-5) targetPresent=true target=(0,0,0) dolly=(5,0,5)
[14:06:32.625150] [I] FLR0026_MODEL_STAGE_COMPLETE asset=assets/models/sequoia_ngp.glb pending_models=0
[14:06:32.625385] [E] [handleMessage] Exception in handler: Entity(164): Light not found
[14:06:32.625435] [E] [handleMessage] Exception in handler: Entity(166): Light not found
[14:06:32.625467] [E] [handleMessage] Exception in handler: Entity(168): Light not found
[14:06:32.625496] [E] [handleMessage] Exception in handler: Entity(170): Light not found
[14:06:32.625659] [I] FLR0026_CAMERA_APPLIED head=(5,0,-5) targetPresent=true target=(0,0,0) dolly=(5,0,5)
[14:06:32.728975] [I] FLR0026_MODEL_STAGE_COMPLETE asset=assets/models/sequoia_ngp.glb pending_models=0
[14:06:32.729218] [E] [handleMessage] Exception in handler: Entity(164): Light not found
[14:06:32.729270] [E] [handleMessage] Exception in handler: Entity(166): Light not found
[14:06:32.729305] [E] [handleMessage] Exception in handler: Entity(168): Light not found
[14:06:32.729336] [E] [handleMessage] Exception in handler: Entity(170): Light not found
[14:06:32.729510] [I] FLR0026_CAMERA_APPLIED head=(5,0,-5) targetPresent=true target=(0,0,0) dolly=(5,0,5)
[14:06:32.830365] [I] FLR0026_MODEL_STAGE_COMPLETE asset=assets/models/sequoia_ngp.glb pending_models=0
[14:06:32.830590] [E] [handleMessage] Exception in handler: Entity(164): Light not found
[14:06:32.830639] [E] [handleMessage] Exception in handler: Entity(166): Light not found
[14:06:32.830670] [E] [handleMessage] Exception in handler: Entity(168): Light not found
[14:06:32.830698] [E] [handleMessage] Exception in handler: Entity(170): Light not found
[14:06:32.830892] [I] FLR0026_CAMERA_APPLIED head=(5,0,-5) targetPresent=true target=(0,0,0) dolly=(5,0,5)
[14:06:32.931536] [I] FLR0026_MODEL_STAGE_COMPLETE asset=assets/models/sequoia_ngp.glb pending_models=0
[14:06:32.932057] [E] [handleMessage] Exception in handler: Entity(164): Light not found
[14:06:32.932192] [E] [handleMessage] Exception in handler: Entity(166): Light not found
[14:06:32.932270] [E] [handleMessage] Exception in handler: Entity(168): Light not found
[14:06:32.932334] [E] [handleMessage] Exception in handler: Entity(170): Light not found
[14:06:32.932692] [I] FLR0026_CAMERA_APPLIED head=(5,0,-5) targetPresent=true target=(0,0,0) dolly=(5,0,5)
[14:06:33.033694] [I] FLR0026_MODEL_STAGE_COMPLETE asset=assets/models/sequoia_ngp.glb pending_models=0
[14:06:33.034198] [E] [handleMessage] Exception in handler: Entity(164): Light not found
[14:06:33.034310] [E] [handleMessage] Exception in handler: Entity(166): Light not found
[14:06:33.034499] [E] [handleMessage] Exception in handler: Entity(168): Light not found
[14:06:33.034582] [E] [handleMessage] Exception in handler: Entity(170): Light not found
[14:06:33.034974] [I] FLR0026_CAMERA_APPLIED head=(5,0,-5) targetPresent=true target=(0,0,0) dolly=(5,0,5)
[14:06:33.035382] [I] FLR0026_FRAME_BEGIN seq=20 started=false
[14:06:33.136057] [I] FLR0026_MODEL_STAGE_COMPLETE asset=assets/models/sequoia_ngp.glb pending_models=0
[14:06:33.136515] [E] [handleMessage] Exception in handler: Entity(164): Light not found
[14:06:33.136631] [E] [handleMessage] Exception in handler: Entity(166): Light not found
[14:06:33.136713] [E] [handleMessage] Exception in handler: Entity(168): Light not found
[14:06:33.136791] [E] [handleMessage] Exception in handler: Entity(170): Light not found
[14:06:33.137289] [I] FLR0026_CAMERA_APPLIED head=(5,0,-5) targetPresent=true target=(0,0,0) dolly=(5,0,5)
[14:06:33.238314] [I] FLR0026_MODEL_STAGE_COMPLETE asset=assets/models/sequoia_ngp.glb pending_models=0
[14:06:33.238692] [E] [handleMessage] Exception in handler: Entity(164): Light not found
[14:06:33.238802] [E] [handleMessage] Exception in handler: Entity(166): Light not found
[14:06:33.239082] [E] [handleMessage] Exception in handler: Entity(168): Light not found
[14:06:33.239187] [E] [handleMessage] Exception in handler: Entity(170): Light not found
[14:06:33.239484] [I] FLR0026_CAMERA_APPLIED head=(5,0,-5) targetPresent=true target=(0,0,0) dolly=(5,0,5)
[14:06:33.340896] [I] FLR0026_MODEL_STAGE_COMPLETE asset=assets/models/sequoia_ngp.glb pending_models=0
[14:06:33.341286] [E] [handleMessage] Exception in handler: Entity(164): Light not found
[14:06:33.341401] [E] [handleMessage] Exception in handler: Entity(166): Light not found
[14:06:33.341480] [E] [handleMessage] Exception in handler: Entity(168): Light not found
[14:06:33.341552] [E] [handleMessage] Exception in handler: Entity(170): Light not found
[14:06:33.341917] [I] FLR0026_CAMERA_APPLIED head=(5,0,-5) targetPresent=true target=(0,0,0) dolly=(5,0,5)
[14:06:33.443054] [I] FLR0026_MODEL_STAGE_COMPLETE asset=assets/models/sequoia_ngp.glb pending_models=0
[14:06:33.443442] [E] [handleMessage] Exception in handler: Entity(164): Light not found
[14:06:33.443552] [E] [handleMessage] Exception in handler: Entity(166): Light not found
[14:06:33.443629] [E] [handleMessage] Exception in handler: Entity(168): Light not found
[14:06:33.443774] [E] [handleMessage] Exception in handler: Entity(170): Light not found
[14:06:33.444184] [I] FLR0026_CAMERA_APPLIED head=(5,0,-5) targetPresent=true target=(0,0,0) dolly=(5,0,5)
[14:06:33.544978] [I] FLR0026_MODEL_STAGE_COMPLETE asset=assets/models/sequoia_ngp.glb pending_models=0
[14:06:33.545222] [E] [handleMessage] Exception in handler: Entity(164): Light not found
[14:06:33.545274] [E] [handleMessage] Exception in handler: Entity(166): Light not found
[14:06:33.545306] [E] [handleMessage] Exception in handler: Entity(168): Light not found
[14:06:33.545337] [E] [handleMessage] Exception in handler: Entity(170): Light not found
[14:06:33.545510] [I] FLR0026_CAMERA_APPLIED head=(5,0,-5) targetPresent=true target=(0,0,0) dolly=(5,0,5)
[14:06:33.646969] [I] FLR0026_MODEL_STAGE_COMPLETE asset=assets/models/sequoia_ngp.glb pending_models=0
[14:06:33.647208] [E] [handleMessage] Exception in handler: Entity(164): Light not found
[14:06:33.647259] [E] [handleMessage] Exception in handler: Entity(166): Light not found
[14:06:33.647291] [E] [handleMessage] Exception in handler: Entity(168): Light not found
[14:06:33.647323] [E] [handleMessage] Exception in handler: Entity(170): Light not found
[14:06:33.647477] [I] FLR0026_CAMERA_APPLIED head=(5,0,-5) targetPresent=true target=(0,0,0) dolly=(5,0,5)
[14:06:33.747986] [I] FLR0026_MODEL_STAGE_COMPLETE asset=assets/models/sequoia_ngp.glb pending_models=0
[14:06:33.748239] [E] [handleMessage] Exception in handler: Entity(164): Light not found
[14:06:33.748290] [E] [handleMessage] Exception in handler: Entity(166): Light not found
[14:06:33.748322] [E] [handleMessage] Exception in handler: Entity(168): Light not found
[14:06:33.748351] [E] [handleMessage] Exception in handler: Entity(170): Light not found
[14:06:33.748502] [I] FLR0026_CAMERA_APPLIED head=(5,0,-5) targetPresent=true target=(0,0,0) dolly=(5,0,5)
[14:06:33.852985] [I] FLR0026_MODEL_STAGE_COMPLETE asset=assets/models/sequoia_ngp.glb pending_models=0
[14:06:33.853244] [E] [handleMessage] Exception in handler: Entity(164): Light not found
[14:06:33.853298] [E] [handleMessage] Exception in handler: Entity(166): Light not found
[14:06:33.853332] [E] [handleMessage] Exception in handler: Entity(168): Light not found
[14:06:33.853364] [E] [handleMessage] Exception in handler: Entity(170): Light not found
[14:06:33.853524] [I] FLR0026_CAMERA_APPLIED head=(5,0,-5) targetPresent=true target=(0,0,0) dolly=(5,0,5)
[14:06:33.957295] [I] FLR0026_MODEL_STAGE_COMPLETE asset=assets/models/sequoia_ngp.glb pending_models=0
[14:06:33.957667] [E] [handleMessage] Exception in handler: Entity(164): Light not found
[14:06:33.957726] [E] [handleMessage] Exception in handler: Entity(166): Light not found
[14:06:33.957761] [E] [handleMessage] Exception in handler: Entity(168): Light not found
[14:06:33.957792] [E] [handleMessage] Exception in handler: Entity(170): Light not found
[14:06:33.958103] [I] FLR0026_CAMERA_APPLIED head=(5,0,-5) targetPresent=true target=(0,0,0) dolly=(5,0,5)
[14:06:34.063189] [I] FLR0026_MODEL_STAGE_COMPLETE asset=assets/models/sequoia_ngp.glb pending_models=0
[14:06:34.063448] [E] [handleMessage] Exception in handler: Entity(164): Light not found
[14:06:34.063501] [E] [handleMessage] Exception in handler: Entity(166): Light not found
[14:06:34.063537] [E] [handleMessage] Exception in handler: Entity(168): Light not found
[14:06:34.063569] [E] [handleMessage] Exception in handler: Entity(170): Light not found
[14:06:34.063740] [I] FLR0026_CAMERA_APPLIED head=(5,0,-5) targetPresent=true target=(0,0,0) dolly=(5,0,5)
[14:06:34.063980] [I] FLR0026_FRAME_BEGIN seq=30 started=false
[14:06:34.166429] [I] FLR0026_MODEL_STAGE_COMPLETE asset=assets/models/sequoia_ngp.glb pending_models=0
[14:06:34.166681] [E] [handleMessage] Exception in handler: Entity(164): Light not found
[14:06:34.166735] [E] [handleMessage] Exception in handler: Entity(166): Light not found
[14:06:34.166890] [E] [handleMessage] Exception in handler: Entity(168): Light not found
[14:06:34.166937] [E] [handleMessage] Exception in handler: Entity(170): Light not found
[14:06:34.167118] [I] FLR0026_CAMERA_APPLIED head=(5,0,-5) targetPresent=true target=(0,0,0) dolly=(5,0,5)
[14:06:34.267650] [I] FLR0026_MODEL_STAGE_COMPLETE asset=assets/models/sequoia_ngp.glb pending_models=0
[14:06:34.267945] [E] [handleMessage] Exception in handler: Entity(164): Light not found
[14:06:34.268003] [E] [handleMessage] Exception in handler: Entity(166): Light not found
[14:06:34.268037] [E] [handleMessage] Exception in handler: Entity(168): Light not found
[14:06:34.268074] [E] [handleMessage] Exception in handler: Entity(170): Light not found
[14:06:34.268234] [I] FLR0026_CAMERA_APPLIED head=(5,0,-5) targetPresent=true target=(0,0,0) dolly=(5,0,5)
[14:06:34.371976] [I] FLR0026_MODEL_STAGE_COMPLETE asset=assets/models/sequoia_ngp.glb pending_models=0
[14:06:34.372227] [E] [handleMessage] Exception in handler: Entity(164): Light not found
[14:06:34.372279] [E] [handleMessage] Exception in handler: Entity(166): Light not found
[14:06:34.372313] [E] [handleMessage] Exception in handler: Entity(168): Light not found
[14:06:34.372345] [E] [handleMessage] Exception in handler: Entity(170): Light not found
[14:06:34.372500] [I] FLR0026_CAMERA_APPLIED head=(5,0,-5) targetPresent=true target=(0,0,0) dolly=(5,0,5)
[14:06:34.474029] [I] FLR0026_MODEL_STAGE_COMPLETE asset=assets/models/sequoia_ngp.glb pending_models=0
[14:06:34.474270] [E] [handleMessage] Exception in handler: Entity(164): Light not found
[14:06:34.474323] [E] [handleMessage] Exception in handler: Entity(166): Light not found
[14:06:34.474358] [E] [handleMessage] Exception in handler: Entity(168): Light not found
[14:06:34.474389] [E] [handleMessage] Exception in handler: Entity(170): Light not found
[14:06:34.474558] [I] FLR0026_CAMERA_APPLIED head=(5,0,-5) targetPresent=true target=(0,0,0) dolly=(5,0,5)
[14:06:34.579584] [I] FLR0026_MODEL_STAGE_COMPLETE asset=assets/models/sequoia_ngp.glb pending_models=0
[14:06:34.579904] [E] [handleMessage] Exception in handler: Entity(164): Light not found
[14:06:34.579960] [E] [handleMessage] Exception in handler: Entity(166): Light not found
[14:06:34.579995] [E] [handleMessage] Exception in handler: Entity(168): Light not found
[14:06:34.580025] [E] [handleMessage] Exception in handler: Entity(170): Light not found
[14:06:34.580205] [I] FLR0026_CAMERA_APPLIED head=(5,0,-5) targetPresent=true target=(0,0,0) dolly=(5,0,5)
[14:06:34.683980] [I] FLR0026_MODEL_STAGE_COMPLETE asset=assets/models/sequoia_ngp.glb pending_models=0
[14:06:34.684248] [E] [handleMessage] Exception in handler: Entity(164): Light not found
[14:06:34.684303] [E] [handleMessage] Exception in handler: Entity(166): Light not found
[14:06:34.684336] [E] [handleMessage] Exception in handler: Entity(168): Light not found
[14:06:34.684367] [E] [handleMessage] Exception in handler: Entity(170): Light not found
[14:06:34.684536] [I] FLR0026_CAMERA_APPLIED head=(5,0,-5) targetPresent=true target=(0,0,0) dolly=(5,0,5)
[14:06:34.785154] [I] FLR0026_MODEL_STAGE_COMPLETE asset=assets/models/sequoia_ngp.glb pending_models=0
[14:06:34.785524] [E] [handleMessage] Exception in handler: Entity(164): Light not found
[14:06:34.785585] [E] [handleMessage] Exception in handler: Entity(166): Light not found
[14:06:34.785618] [E] [handleMessage] Exception in handler: Entity(168): Light not found
[14:06:34.785650] [E] [handleMessage] Exception in handler: Entity(170): Light not found
[14:06:34.785924] [I] FLR0026_CAMERA_APPLIED head=(5,0,-5) targetPresent=true target=(0,0,0) dolly=(5,0,5)
[14:06:34.895966] [I] FLR0026_MODEL_STAGE_COMPLETE asset=assets/models/sequoia_ngp.glb pending_models=0
[14:06:34.896218] [E] [handleMessage] Exception in handler: Entity(164): Light not found
[14:06:34.896270] [E] [handleMessage] Exception in handler: Entity(166): Light not found
[14:06:34.896303] [E] [handleMessage] Exception in handler: Entity(168): Light not found
[14:06:34.896334] [E] [handleMessage] Exception in handler: Entity(170): Light not found
[14:06:34.896538] [I] FLR0026_CAMERA_APPLIED head=(5,0,-5) targetPresent=true target=(0,0,0) dolly=(5,0,5)
[14:06:35.005050] [I] FLR0026_MODEL_STAGE_COMPLETE asset=assets/models/sequoia_ngp.glb pending_models=0
[14:06:35.005308] [E] [handleMessage] Exception in handler: Entity(164): Light not found
[14:06:35.005360] [E] [handleMessage] Exception in handler: Entity(166): Light not found
[14:06:35.005393] [E] [handleMessage] Exception in handler: Entity(168): Light not found
[14:06:35.005424] [E] [handleMessage] Exception in handler: Entity(170): Light not found
[14:06:35.005579] [I] FLR0026_CAMERA_APPLIED head=(5,0,-5) targetPresent=true target=(0,0,0) dolly=(5,0,5)
[14:06:35.116982] [I] FLR0026_MODEL_STAGE_COMPLETE asset=assets/models/sequoia_ngp.glb pending_models=0
[14:06:35.117231] [E] [handleMessage] Exception in handler: Entity(164): Light not found
[14:06:35.117284] [E] [handleMessage] Exception in handler: Entity(166): Light not found
[14:06:35.117317] [E] [handleMessage] Exception in handler: Entity(168): Light not found
[14:06:35.117349] [E] [handleMessage] Exception in handler: Entity(170): Light not found
[14:06:35.117506] [I] FLR0026_CAMERA_APPLIED head=(5,0,-5) targetPresent=true target=(0,0,0) dolly=(5,0,5)
[14:06:35.117691] [I] FLR0026_FRAME_BEGIN seq=40 started=false
[14:06:35.228899] [I] FLR0026_MODEL_STAGE_COMPLETE asset=assets/models/sequoia_ngp.glb pending_models=0
[14:06:35.229147] [E] [handleMessage] Exception in handler: Entity(164): Light not found
[14:06:35.229213] [E] [handleMessage] Exception in handler: Entity(166): Light not found
[14:06:35.229247] [E] [handleMessage] Exception in handler: Entity(168): Light not found
[14:06:35.229279] [E] [handleMessage] Exception in handler: Entity(170): Light not found
[14:06:35.229433] [I] FLR0026_CAMERA_APPLIED head=(5,0,-5) targetPresent=true target=(0,0,0) dolly=(5,0,5)
[14:06:35.330693] [I] FLR0026_MODEL_STAGE_COMPLETE asset=assets/models/sequoia_ngp.glb pending_models=0
[14:06:35.331382] [E] [handleMessage] Exception in handler: Entity(164): Light not found
[14:06:35.331433] [E] [handleMessage] Exception in handler: Entity(166): Light not found
[14:06:35.331463] [E] [handleMessage] Exception in handler: Entity(168): Light not found
[14:06:35.331494] [E] [handleMessage] Exception in handler: Entity(170): Light not found
[14:06:35.331644] [I] FLR0026_CAMERA_APPLIED head=(5,0,-5) targetPresent=true target=(0,0,0) dolly=(5,0,5)
[14:06:35.432467] [I] FLR0026_MODEL_STAGE_COMPLETE asset=assets/models/sequoia_ngp.glb pending_models=0
[14:06:35.432718] [E] [handleMessage] Exception in handler: Entity(164): Light not found
[14:06:35.432771] [E] [handleMessage] Exception in handler: Entity(166): Light not found
[14:06:35.432805] [E] [handleMessage] Exception in handler: Entity(168): Light not found
[14:06:35.432902] [E] [handleMessage] Exception in handler: Entity(170): Light not found
[14:06:35.433068] [I] FLR0026_CAMERA_APPLIED head=(5,0,-5) targetPresent=true target=(0,0,0) dolly=(5,0,5)
[14:06:35.535007] [I] FLR0026_MODEL_STAGE_COMPLETE asset=assets/models/sequoia_ngp.glb pending_models=0
[14:06:35.535250] [E] [handleMessage] Exception in handler: Entity(164): Light not found
[14:06:35.535344] [E] [handleMessage] Exception in handler: Entity(166): Light not found
[14:06:35.535406] [E] [handleMessage] Exception in handler: Entity(168): Light not found
[14:06:35.535443] [E] [handleMessage] Exception in handler: Entity(170): Light not found
[14:06:35.535613] [I] FLR0026_CAMERA_APPLIED head=(5,0,-5) targetPresent=true target=(0,0,0) dolly=(5,0,5)
[14:06:35.643982] [I] FLR0026_MODEL_STAGE_COMPLETE asset=assets/models/sequoia_ngp.glb pending_models=0
[14:06:35.644237] [E] [handleMessage] Exception in handler: Entity(164): Light not found
[14:06:35.644288] [E] [handleMessage] Exception in handler: Entity(166): Light not found
[14:06:35.644321] [E] [handleMessage] Exception in handler: Entity(168): Light not found
[14:06:35.644408] [E] [handleMessage] Exception in handler: Entity(170): Light not found
[14:06:35.644582] [I] FLR0026_CAMERA_APPLIED head=(5,0,-5) targetPresent=true target=(0,0,0) dolly=(5,0,5)
[14:06:35.752553] [I] FLR0026_MODEL_STAGE_COMPLETE asset=assets/models/sequoia_ngp.glb pending_models=0
[14:06:35.752796] [E] [handleMessage] Exception in handler: Entity(164): Light not found
[14:06:35.752889] [E] [handleMessage] Exception in handler: Entity(166): Light not found
[14:06:35.752928] [E] [handleMessage] Exception in handler: Entity(168): Light not found
[14:06:35.752960] [E] [handleMessage] Exception in handler: Entity(170): Light not found
[14:06:35.753130] [I] FLR0026_CAMERA_APPLIED head=(5,0,-5) targetPresent=true target=(0,0,0) dolly=(5,0,5)
[14:06:35.854995] [I] FLR0026_MODEL_STAGE_COMPLETE asset=assets/models/sequoia_ngp.glb pending_models=0
[14:06:35.855241] [E] [handleMessage] Exception in handler: Entity(164): Light not found
[14:06:35.855293] [E] [handleMessage] Exception in handler: Entity(166): Light not found
[14:06:35.855327] [E] [handleMessage] Exception in handler: Entity(168): Light not found
[14:06:35.855362] [E] [handleMessage] Exception in handler: Entity(170): Light not found
[14:06:35.855533] [I] FLR0026_CAMERA_APPLIED head=(5,0,-5) targetPresent=true target=(0,0,0) dolly=(5,0,5)
[14:06:35.956404] [I] FLR0026_MODEL_STAGE_COMPLETE asset=assets/models/sequoia_ngp.glb pending_models=0
[14:06:35.956644] [E] [handleMessage] Exception in handler: Entity(164): Light not found
[14:06:35.956695] [E] [handleMessage] Exception in handler: Entity(166): Light not found
[14:06:35.956730] [E] [handleMessage] Exception in handler: Entity(168): Light not found
[14:06:35.956761] [E] [handleMessage] Exception in handler: Entity(170): Light not found
[14:06:35.956965] [I] FLR0026_CAMERA_APPLIED head=(5,0,-5) targetPresent=true target=(0,0,0) dolly=(5,0,5)
[14:06:36.057493] [I] FLR0026_MODEL_STAGE_COMPLETE asset=assets/models/sequoia_ngp.glb pending_models=0
[14:06:36.057741] [E] [handleMessage] Exception in handler: Entity(164): Light not found
[14:06:36.057792] [E] [handleMessage] Exception in handler: Entity(166): Light not found
[14:06:36.057911] [E] [handleMessage] Exception in handler: Entity(168): Light not found
[14:06:36.057956] [E] [handleMessage] Exception in handler: Entity(170): Light not found
[14:06:36.058131] [I] FLR0026_CAMERA_APPLIED head=(5,0,-5) targetPresent=true target=(0,0,0) dolly=(5,0,5)
[14:06:36.161477] [I] FLR0026_MODEL_STAGE_COMPLETE asset=assets/models/sequoia_ngp.glb pending_models=0
[14:06:36.161721] [E] [handleMessage] Exception in handler: Entity(164): Light not found
[14:06:36.161773] [E] [handleMessage] Exception in handler: Entity(166): Light not found
[14:06:36.161806] [E] [handleMessage] Exception in handler: Entity(168): Light not found
[14:06:36.161879] [E] [handleMessage] Exception in handler: Entity(170): Light not found
[14:06:36.162058] [I] FLR0026_CAMERA_APPLIED head=(5,0,-5) targetPresent=true target=(0,0,0) dolly=(5,0,5)
[14:06:36.162239] [I] FLR0026_FRAME_BEGIN seq=50 started=false
[14:06:36.263986] [I] FLR0026_MODEL_STAGE_COMPLETE asset=assets/models/sequoia_ngp.glb pending_models=0
[14:06:36.264242] [E] [handleMessage] Exception in handler: Entity(164): Light not found
[14:06:36.264292] [E] [handleMessage] Exception in handler: Entity(166): Light not found
[14:06:36.264324] [E] [handleMessage] Exception in handler: Entity(168): Light not found
[14:06:36.264353] [E] [handleMessage] Exception in handler: Entity(170): Light not found
[14:06:36.264517] [I] FLR0026_CAMERA_APPLIED head=(5,0,-5) targetPresent=true target=(0,0,0) dolly=(5,0,5)
[14:06:36.365011] [I] FLR0026_MODEL_STAGE_COMPLETE asset=assets/models/sequoia_ngp.glb pending_models=0
[14:06:36.365247] [E] [handleMessage] Exception in handler: Entity(164): Light not found
[14:06:36.365300] [E] [handleMessage] Exception in handler: Entity(166): Light not found
[14:06:36.365379] [E] [handleMessage] Exception in handler: Entity(168): Light not found
[14:06:36.365416] [E] [handleMessage] Exception in handler: Entity(170): Light not found
[14:06:36.365571] [I] FLR0026_CAMERA_APPLIED head=(5,0,-5) targetPresent=true target=(0,0,0) dolly=(5,0,5)
[14:06:36.469332] [I] FLR0026_MODEL_STAGE_COMPLETE asset=assets/models/sequoia_ngp.glb pending_models=0
[14:06:36.469576] [E] [handleMessage] Exception in handler: Entity(164): Light not found
[14:06:36.469628] [E] [handleMessage] Exception in handler: Entity(166): Light not found
[14:06:36.469662] [E] [handleMessage] Exception in handler: Entity(168): Light not found
[14:06:36.469694] [E] [handleMessage] Exception in handler: Entity(170): Light not found
[14:06:36.469915] [I] FLR0026_CAMERA_APPLIED head=(5,0,-5) targetPresent=true target=(0,0,0) dolly=(5,0,5)
[14:06:36.573087] [I] FLR0026_MODEL_STAGE_COMPLETE asset=assets/models/sequoia_ngp.glb pending_models=0
[14:06:36.573330] [E] [handleMessage] Exception in handler: Entity(164): Light not found
[14:06:36.573382] [E] [handleMessage] Exception in handler: Entity(166): Light not found
[14:06:36.573415] [E] [handleMessage] Exception in handler: Entity(168): Light not found
[14:06:36.573446] [E] [handleMessage] Exception in handler: Entity(170): Light not found
[14:06:36.573600] [I] FLR0026_CAMERA_APPLIED head=(5,0,-5) targetPresent=true target=(0,0,0) dolly=(5,0,5)
[14:06:36.675959] [I] FLR0026_MODEL_STAGE_COMPLETE asset=assets/models/sequoia_ngp.glb pending_models=0
[14:06:36.676209] [E] [handleMessage] Exception in handler: Entity(164): Light not found
[14:06:36.676260] [E] [handleMessage] Exception in handler: Entity(166): Light not found
[14:06:36.676292] [E] [handleMessage] Exception in handler: Entity(168): Light not found
[14:06:36.676323] [E] [handleMessage] Exception in handler: Entity(170): Light not found
[14:06:36.676475] [I] FLR0026_CAMERA_APPLIED head=(5,0,-5) targetPresent=true target=(0,0,0) dolly=(5,0,5)
[14:06:36.780107] [I] FLR0026_MODEL_STAGE_COMPLETE asset=assets/models/sequoia_ngp.glb pending_models=0
[14:06:36.780343] [E] [handleMessage] Exception in handler: Entity(164): Light not found
[14:06:36.780394] [E] [handleMessage] Exception in handler: Entity(166): Light not found
[14:06:36.780426] [E] [handleMessage] Exception in handler: Entity(168): Light not found
[14:06:36.780457] [E] [handleMessage] Exception in handler: Entity(170): Light not found
[14:06:36.780611] [I] FLR0026_CAMERA_APPLIED head=(5,0,-5) targetPresent=true target=(0,0,0) dolly=(5,0,5)
[14:06:36.881146] [I] FLR0026_MODEL_STAGE_COMPLETE asset=assets/models/sequoia_ngp.glb pending_models=0
[14:06:36.881396] [E] [handleMessage] Exception in handler: Entity(164): Light not found
[14:06:36.881448] [E] [handleMessage] Exception in handler: Entity(166): Light not found
[14:06:36.881481] [E] [handleMessage] Exception in handler: Entity(168): Light not found
[14:06:36.881513] [E] [handleMessage] Exception in handler: Entity(170): Light not found
[14:06:36.881671] [I] FLR0026_CAMERA_APPLIED head=(5,0,-5) targetPresent=true target=(0,0,0) dolly=(5,0,5)
[14:06:36.985047] [I] FLR0026_MODEL_STAGE_COMPLETE asset=assets/models/sequoia_ngp.glb pending_models=0
[14:06:36.985455] [E] [handleMessage] Exception in handler: Entity(164): Light not found
[14:06:36.985515] [E] [handleMessage] Exception in handler: Entity(166): Light not found
[14:06:36.985550] [E] [handleMessage] Exception in handler: Entity(168): Light not found
[14:06:36.985582] [E] [handleMessage] Exception in handler: Entity(170): Light not found
[14:06:36.985818] [I] FLR0026_CAMERA_APPLIED head=(5,0,-5) targetPresent=true target=(0,0,0) dolly=(5,0,5)
[14:06:37.090976] [I] FLR0026_MODEL_STAGE_COMPLETE asset=assets/models/sequoia_ngp.glb pending_models=0
[14:06:37.091227] [E] [handleMessage] Exception in handler: Entity(164): Light not found
[14:06:37.091278] [E] [handleMessage] Exception in handler: Entity(166): Light not found
[14:06:37.091320] [E] [handleMessage] Exception in handler: Entity(168): Light not found
[14:06:37.091354] [E] [handleMessage] Exception in handler: Entity(170): Light not found
[14:06:37.091552] [I] FLR0026_CAMERA_APPLIED head=(5,0,-5) targetPresent=true target=(0,0,0) dolly=(5,0,5)
[14:06:37.192218] [I] FLR0026_MODEL_STAGE_PROGRESS seq=60 progress=1 assets=1
[14:06:37.192369] [I] FLR0026_MODEL_STAGE_COMPLETE asset=assets/models/sequoia_ngp.glb pending_models=0
[14:06:37.192645] [E] [handleMessage] Exception in handler: Entity(164): Light not found
[14:06:37.192699] [E] [handleMessage] Exception in handler: Entity(166): Light not found
[14:06:37.192733] [E] [handleMessage] Exception in handler: Entity(168): Light not found
[14:06:37.192765] [E] [handleMessage] Exception in handler: Entity(170): Light not found
[14:06:37.193032] [I] FLR0026_CAMERA_APPLIED head=(5,0,-5) targetPresent=true target=(0,0,0) dolly=(5,0,5)
[14:06:37.193282] [I] FLR0026_FRAME_BEGIN seq=60 started=false
[14:06:37.298195] [I] FLR0026_MODEL_STAGE_COMPLETE asset=assets/models/sequoia_ngp.glb pending_models=0
[14:06:37.298440] [E] [handleMessage] Exception in handler: Entity(164): Light not found
[14:06:37.298489] [E] [handleMessage] Exception in handler: Entity(166): Light not found
[14:06:37.298523] [E] [handleMessage] Exception in handler: Entity(168): Light not found
[14:06:37.298554] [E] [handleMessage] Exception in handler: Entity(170): Light not found
[14:06:37.298713] [I] FLR0026_CAMERA_APPLIED head=(5,0,-5) targetPresent=true target=(0,0,0) dolly=(5,0,5)
[14:06:37.401914] [I] FLR0026_MODEL_STAGE_COMPLETE asset=assets/models/sequoia_ngp.glb pending_models=0
[14:06:37.402161] [E] [handleMessage] Exception in handler: Entity(164): Light not found
[14:06:37.402212] [E] [handleMessage] Exception in handler: Entity(166): Light not found
[14:06:37.402247] [E] [handleMessage] Exception in handler: Entity(168): Light not found
[14:06:37.402278] [E] [handleMessage] Exception in handler: Entity(170): Light not found
[14:06:37.402435] [I] FLR0026_CAMERA_APPLIED head=(5,0,-5) targetPresent=true target=(0,0,0) dolly=(5,0,5)
[14:06:37.507788] [I] FLR0026_MODEL_STAGE_COMPLETE asset=assets/models/sequoia_ngp.glb pending_models=0
[14:06:37.508075] [E] [handleMessage] Exception in handler: Entity(164): Light not found
[14:06:37.508134] [E] [handleMessage] Exception in handler: Entity(166): Light not found
[14:06:37.508165] [E] [handleMessage] Exception in handler: Entity(168): Light not found
[14:06:37.508192] [E] [handleMessage] Exception in handler: Entity(170): Light not found
[14:06:37.508341] [I] FLR0026_CAMERA_APPLIED head=(5,0,-5) targetPresent=true target=(0,0,0) dolly=(5,0,5)
[14:06:37.610467] [I] FLR0026_MODEL_STAGE_COMPLETE asset=assets/models/sequoia_ngp.glb pending_models=0
[14:06:37.610714] [E] [handleMessage] Exception in handler: Entity(164): Light not found
[14:06:37.610765] [E] [handleMessage] Exception in handler: Entity(166): Light not found
[14:06:37.610798] [E] [handleMessage] Exception in handler: Entity(168): Light not found
[14:06:37.610880] [E] [handleMessage] Exception in handler: Entity(170): Light not found
[14:06:37.611045] [I] FLR0026_CAMERA_APPLIED head=(5,0,-5) targetPresent=true target=(0,0,0) dolly=(5,0,5)
[14:06:37.711573] [I] FLR0026_MODEL_STAGE_COMPLETE asset=assets/models/sequoia_ngp.glb pending_models=0
[14:06:37.711816] [E] [handleMessage] Exception in handler: Entity(164): Light not found
[14:06:37.711918] [E] [handleMessage] Exception in handler: Entity(166): Light not found
[14:06:37.711953] [E] [handleMessage] Exception in handler: Entity(168): Light not found
[14:06:37.711984] [E] [handleMessage] Exception in handler: Entity(170): Light not found
[14:06:37.712147] [I] FLR0026_CAMERA_APPLIED head=(5,0,-5) targetPresent=true target=(0,0,0) dolly=(5,0,5)
[14:06:37.812667] [I] FLR0026_MODEL_STAGE_COMPLETE asset=assets/models/sequoia_ngp.glb pending_models=0
[14:06:37.812945] [E] [handleMessage] Exception in handler: Entity(164): Light not found
[14:06:37.813000] [E] [handleMessage] Exception in handler: Entity(166): Light not found
[14:06:37.813078] [E] [handleMessage] Exception in handler: Entity(168): Light not found
[14:06:37.813113] [E] [handleMessage] Exception in handler: Entity(170): Light not found
[14:06:37.813266] [I] FLR0026_CAMERA_APPLIED head=(5,0,-5) targetPresent=true target=(0,0,0) dolly=(5,0,5)
[14:06:37.915245] [I] FLR0026_MODEL_STAGE_COMPLETE asset=assets/models/sequoia_ngp.glb pending_models=0
[14:06:37.915522] [E] [handleMessage] Exception in handler: Entity(164): Light not found
[14:06:37.915577] [E] [handleMessage] Exception in handler: Entity(166): Light not found
[14:06:37.915613] [E] [handleMessage] Exception in handler: Entity(168): Light not found
[14:06:37.915644] [E] [handleMessage] Exception in handler: Entity(170): Light not found
[14:06:37.915801] [I] FLR0026_CAMERA_APPLIED head=(5,0,-5) targetPresent=true target=(0,0,0) dolly=(5,0,5)
[14:06:38.018960] [I] FLR0026_MODEL_STAGE_COMPLETE asset=assets/models/sequoia_ngp.glb pending_models=0
[14:06:38.019418] [E] [handleMessage] Exception in handler: Entity(164): Light not found
[14:06:38.019470] [E] [handleMessage] Exception in handler: Entity(166): Light not found
[14:06:38.019503] [E] [handleMessage] Exception in handler: Entity(168): Light not found
[14:06:38.019534] [E] [handleMessage] Exception in handler: Entity(170): Light not found
[14:06:38.019687] [I] FLR0026_CAMERA_APPLIED head=(5,0,-5) targetPresent=true target=(0,0,0) dolly=(5,0,5)
[14:06:38.120454] [I] FLR0026_MODEL_STAGE_COMPLETE asset=assets/models/sequoia_ngp.glb pending_models=0
[14:06:38.120918] [E] [handleMessage] Exception in handler: Entity(164): Light not found
[14:06:38.120974] [E] [handleMessage] Exception in handler: Entity(166): Light not found
[14:06:38.121006] [E] [handleMessage] Exception in handler: Entity(168): Light not found
[14:06:38.121037] [E] [handleMessage] Exception in handler: Entity(170): Light not found
[14:06:38.121192] [I] FLR0026_CAMERA_APPLIED head=(5,0,-5) targetPresent=true target=(0,0,0) dolly=(5,0,5)
[14:06:38.221979] [I] FLR0026_MODEL_STAGE_COMPLETE asset=assets/models/sequoia_ngp.glb pending_models=0
[14:06:38.225120] [E] [handleMessage] Exception in handler: Entity(164): Light not found
[14:06:38.225179] [E] [handleMessage] Exception in handler: Entity(166): Light not found
[14:06:38.225213] [E] [handleMessage] Exception in handler: Entity(168): Light not found
[14:06:38.225244] [E] [handleMessage] Exception in handler: Entity(170): Light not found
[14:06:38.225407] [I] FLR0026_CAMERA_APPLIED head=(5,0,-5) targetPresent=true target=(0,0,0) dolly=(5,0,5)
[14:06:38.225598] [I] FLR0026_FRAME_BEGIN seq=70 started=false
[14:06:38.327213] [I] FLR0026_MODEL_STAGE_COMPLETE asset=assets/models/sequoia_ngp.glb pending_models=0
[14:06:38.327601] [E] [handleMessage] Exception in handler: Entity(164): Light not found
[14:06:38.327665] [E] [handleMessage] Exception in handler: Entity(166): Light not found
[14:06:38.327701] [E] [handleMessage] Exception in handler: Entity(168): Light not found
[14:06:38.327733] [E] [handleMessage] Exception in handler: Entity(170): Light not found
[14:06:38.327935] [I] FLR0026_CAMERA_APPLIED head=(5,0,-5) targetPresent=true target=(0,0,0) dolly=(5,0,5)
[14:06:38.434139] [I] FLR0026_MODEL_STAGE_COMPLETE asset=assets/models/sequoia_ngp.glb pending_models=0
[14:06:38.434378] [E] [handleMessage] Exception in handler: Entity(164): Light not found
[14:06:38.434428] [E] [handleMessage] Exception in handler: Entity(166): Light not found
[14:06:38.434463] [E] [handleMessage] Exception in handler: Entity(168): Light not found
[14:06:38.434496] [E] [handleMessage] Exception in handler: Entity(170): Light not found
[14:06:38.434652] [I] FLR0026_CAMERA_APPLIED head=(5,0,-5) targetPresent=true target=(0,0,0) dolly=(5,0,5)
[14:06:38.535446] [I] FLR0026_MODEL_STAGE_COMPLETE asset=assets/models/sequoia_ngp.glb pending_models=0
[14:06:38.535693] [E] [handleMessage] Exception in handler: Entity(164): Light not found
[14:06:38.535795] [E] [handleMessage] Exception in handler: Entity(166): Light not found
[14:06:38.535882] [E] [handleMessage] Exception in handler: Entity(168): Light not found
[14:06:38.535922] [E] [handleMessage] Exception in handler: Entity(170): Light not found
[14:06:38.536086] [I] FLR0026_CAMERA_APPLIED head=(5,0,-5) targetPresent=true target=(0,0,0) dolly=(5,0,5)
[14:06:38.636594] [I] FLR0026_MODEL_STAGE_COMPLETE asset=assets/models/sequoia_ngp.glb pending_models=0
[14:06:38.636876] [E] [handleMessage] Exception in handler: Entity(164): Light not found
[14:06:38.636935] [E] [handleMessage] Exception in handler: Entity(166): Light not found
[14:06:38.636970] [E] [handleMessage] Exception in handler: Entity(168): Light not found
[14:06:38.637001] [E] [handleMessage] Exception in handler: Entity(170): Light not found
[14:06:38.637159] [I] FLR0026_CAMERA_APPLIED head=(5,0,-5) targetPresent=true target=(0,0,0) dolly=(5,0,5)
[14:06:38.738009] [I] FLR0026_MODEL_STAGE_COMPLETE asset=assets/models/sequoia_ngp.glb pending_models=0
[14:06:38.738253] [E] [handleMessage] Exception in handler: Entity(164): Light not found
[14:06:38.738304] [E] [handleMessage] Exception in handler: Entity(166): Light not found
[14:06:38.738337] [E] [handleMessage] Exception in handler: Entity(168): Light not found
[14:06:38.738365] [E] [handleMessage] Exception in handler: Entity(170): Light not found
[14:06:38.738515] [I] FLR0026_CAMERA_APPLIED head=(5,0,-5) targetPresent=true target=(0,0,0) dolly=(5,0,5)
[14:06:38.839011] [I] FLR0026_MODEL_STAGE_COMPLETE asset=assets/models/sequoia_ngp.glb pending_models=0
[14:06:38.839258] [E] [handleMessage] Exception in handler: Entity(164): Light not found
[14:06:38.839313] [E] [handleMessage] Exception in handler: Entity(166): Light not found
[14:06:38.839348] [E] [handleMessage] Exception in handler: Entity(168): Light not found
[14:06:38.839381] [E] [handleMessage] Exception in handler: Entity(170): Light not found
[14:06:38.839542] [I] FLR0026_CAMERA_APPLIED head=(5,0,-5) targetPresent=true target=(0,0,0) dolly=(5,0,5)
[14:06:38.940174] [I] FLR0026_MODEL_STAGE_COMPLETE asset=assets/models/sequoia_ngp.glb pending_models=0
[14:06:38.943061] [E] [handleMessage] Exception in handler: Entity(164): Light not found
[14:06:38.943180] [E] [handleMessage] Exception in handler: Entity(166): Light not found
[14:06:38.943220] [E] [handleMessage] Exception in handler: Entity(168): Light not found
[14:06:38.943252] [E] [handleMessage] Exception in handler: Entity(170): Light not found
[14:06:38.943421] [I] FLR0026_CAMERA_APPLIED head=(5,0,-5) targetPresent=true target=(0,0,0) dolly=(5,0,5)
[14:06:39.043971] [I] FLR0026_MODEL_STAGE_COMPLETE asset=assets/models/sequoia_ngp.glb pending_models=0
[14:06:39.044234] [E] [handleMessage] Exception in handler: Entity(164): Light not found
[14:06:39.044285] [E] [handleMessage] Exception in handler: Entity(166): Light not found
[14:06:39.044318] [E] [handleMessage] Exception in handler: Entity(168): Light not found
[14:06:39.044349] [E] [handleMessage] Exception in handler: Entity(170): Light not found
[14:06:39.044508] [I] FLR0026_CAMERA_APPLIED head=(5,0,-5) targetPresent=true target=(0,0,0) dolly=(5,0,5)
[14:06:39.144974] [I] FLR0026_MODEL_STAGE_COMPLETE asset=assets/models/sequoia_ngp.glb pending_models=0
[14:06:39.145217] [E] [handleMessage] Exception in handler: Entity(164): Light not found
[14:06:39.145269] [E] [handleMessage] Exception in handler: Entity(166): Light not found
[14:06:39.145303] [E] [handleMessage] Exception in handler: Entity(168): Light not found
[14:06:39.145334] [E] [handleMessage] Exception in handler: Entity(170): Light not found
[14:06:39.145491] [I] FLR0026_CAMERA_APPLIED head=(5,0,-5) targetPresent=true target=(0,0,0) dolly=(5,0,5)
[14:06:39.246090] [I] FLR0026_MODEL_STAGE_COMPLETE asset=assets/models/sequoia_ngp.glb pending_models=0
[14:06:39.246341] [E] [handleMessage] Exception in handler: Entity(164): Light not found
[14:06:39.246395] [E] [handleMessage] Exception in handler: Entity(166): Light not found
[14:06:39.246428] [E] [handleMessage] Exception in handler: Entity(168): Light not found
[14:06:39.246517] [E] [handleMessage] Exception in handler: Entity(170): Light not found
[14:06:39.246682] [I] FLR0026_CAMERA_APPLIED head=(5,0,-5) targetPresent=true target=(0,0,0) dolly=(5,0,5)
[14:06:39.246949] [I] FLR0026_FRAME_BEGIN seq=80 started=false
[14:06:39.347314] [I] FLR0026_MODEL_STAGE_COMPLETE asset=assets/models/sequoia_ngp.glb pending_models=0
[14:06:39.347561] [E] [handleMessage] Exception in handler: Entity(164): Light not found
[14:06:39.347616] [E] [handleMessage] Exception in handler: Entity(166): Light not found
[14:06:39.347651] [E] [handleMessage] Exception in handler: Entity(168): Light not found
[14:06:39.347683] [E] [handleMessage] Exception in handler: Entity(170): Light not found
[14:06:39.347895] [I] FLR0026_CAMERA_APPLIED head=(5,0,-5) targetPresent=true target=(0,0,0) dolly=(5,0,5)
[14:06:39.448454] [I] FLR0026_MODEL_STAGE_COMPLETE asset=assets/models/sequoia_ngp.glb pending_models=0
[14:06:39.448703] [E] [handleMessage] Exception in handler: Entity(164): Light not found
[14:06:39.448758] [E] [handleMessage] Exception in handler: Entity(166): Light not found
[14:06:39.448793] [E] [handleMessage] Exception in handler: Entity(168): Light not found
[14:06:39.448879] [E] [handleMessage] Exception in handler: Entity(170): Light not found
[14:06:39.449051] [I] FLR0026_CAMERA_APPLIED head=(5,0,-5) targetPresent=true target=(0,0,0) dolly=(5,0,5)
[14:06:39.549582] [I] FLR0026_MODEL_STAGE_COMPLETE asset=assets/models/sequoia_ngp.glb pending_models=0
[14:06:39.549878] [E] [handleMessage] Exception in handler: Entity(164): Light not found
[14:06:39.549937] [E] [handleMessage] Exception in handler: Entity(166): Light not found
[14:06:39.549972] [E] [handleMessage] Exception in handler: Entity(168): Light not found
[14:06:39.550004] [E] [handleMessage] Exception in handler: Entity(170): Light not found
[14:06:39.550160] [I] FLR0026_CAMERA_APPLIED head=(5,0,-5) targetPresent=true target=(0,0,0) dolly=(5,0,5)
[14:06:39.650678] [I] FLR0026_MODEL_STAGE_COMPLETE asset=assets/models/sequoia_ngp.glb pending_models=0
[14:06:39.650974] [E] [handleMessage] Exception in handler: Entity(164): Light not found
[14:06:39.651031] [E] [handleMessage] Exception in handler: Entity(166): Light not found
[14:06:39.651067] [E] [handleMessage] Exception in handler: Entity(168): Light not found
[14:06:39.651099] [E] [handleMessage] Exception in handler: Entity(170): Light not found
[14:06:39.651258] [I] FLR0026_CAMERA_APPLIED head=(5,0,-5) targetPresent=true target=(0,0,0) dolly=(5,0,5)
[14:06:39.755031] [I] FLR0026_MODEL_STAGE_COMPLETE asset=assets/models/sequoia_ngp.glb pending_models=0
[14:06:39.755271] [E] [handleMessage] Exception in handler: Entity(164): Light not found
[14:06:39.755453] [E] [handleMessage] Exception in handler: Entity(166): Light not found
[14:06:39.755505] [E] [handleMessage] Exception in handler: Entity(168): Light not found
[14:06:39.755538] [E] [handleMessage] Exception in handler: Entity(170): Light not found
[14:06:39.755696] [I] FLR0026_CAMERA_APPLIED head=(5,0,-5) targetPresent=true target=(0,0,0) dolly=(5,0,5)
[14:06:39.858998] [I] FLR0026_MODEL_STAGE_COMPLETE asset=assets/models/sequoia_ngp.glb pending_models=0
[14:06:39.859236] [E] [handleMessage] Exception in handler: Entity(164): Light not found
[14:06:39.859283] [E] [handleMessage] Exception in handler: Entity(166): Light not found
[14:06:39.859314] [E] [handleMessage] Exception in handler: Entity(168): Light not found
[14:06:39.859343] [E] [handleMessage] Exception in handler: Entity(170): Light not found
[14:06:39.859491] [I] FLR0026_CAMERA_APPLIED head=(5,0,-5) targetPresent=true target=(0,0,0) dolly=(5,0,5)
[14:06:39.960006] [I] FLR0026_MODEL_STAGE_COMPLETE asset=assets/models/sequoia_ngp.glb pending_models=0
[14:06:39.960265] [E] [handleMessage] Exception in handler: Entity(164): Light not found
[14:06:39.960321] [E] [handleMessage] Exception in handler: Entity(166): Light not found
[14:06:39.960419] [E] [handleMessage] Exception in handler: Entity(168): Light not found
[14:06:39.960458] [E] [handleMessage] Exception in handler: Entity(170): Light not found
[14:06:39.960620] [I] FLR0026_CAMERA_APPLIED head=(5,0,-5) targetPresent=true target=(0,0,0) dolly=(5,0,5)
[14:06:40.066161] [I] FLR0026_MODEL_STAGE_COMPLETE asset=assets/models/sequoia_ngp.glb pending_models=0
[14:06:40.066417] [E] [handleMessage] Exception in handler: Entity(164): Light not found
[14:06:40.066470] [E] [handleMessage] Exception in handler: Entity(166): Light not found
[14:06:40.066504] [E] [handleMessage] Exception in handler: Entity(168): Light not found
[14:06:40.066536] [E] [handleMessage] Exception in handler: Entity(170): Light not found
[14:06:40.066698] [I] FLR0026_CAMERA_APPLIED head=(5,0,-5) targetPresent=true target=(0,0,0) dolly=(5,0,5)
[14:06:40.172939] [I] FLR0026_MODEL_STAGE_COMPLETE asset=assets/models/sequoia_ngp.glb pending_models=0
[14:06:40.173185] [E] [handleMessage] Exception in handler: Entity(164): Light not found
[14:06:40.173236] [E] [handleMessage] Exception in handler: Entity(166): Light not found
[14:06:40.173270] [E] [handleMessage] Exception in handler: Entity(168): Light not found
[14:06:40.173302] [E] [handleMessage] Exception in handler: Entity(170): Light not found
[14:06:40.173459] [I] FLR0026_CAMERA_APPLIED head=(5,0,-5) targetPresent=true target=(0,0,0) dolly=(5,0,5)
[14:06:40.281993] [I] FLR0026_MODEL_STAGE_COMPLETE asset=assets/models/sequoia_ngp.glb pending_models=0
[14:06:40.282263] [E] [handleMessage] Exception in handler: Entity(164): Light not found
[14:06:40.282315] [E] [handleMessage] Exception in handler: Entity(166): Light not found
[14:06:40.282349] [E] [handleMessage] Exception in handler: Entity(168): Light not found
[14:06:40.282380] [E] [handleMessage] Exception in handler: Entity(170): Light not found
[14:06:40.282541] [I] FLR0026_CAMERA_APPLIED head=(5,0,-5) targetPresent=true target=(0,0,0) dolly=(5,0,5)
[14:06:40.282724] [I] FLR0026_FRAME_BEGIN seq=90 started=false
[14:06:40.383182] [I] FLR0026_MODEL_STAGE_COMPLETE asset=assets/models/sequoia_ngp.glb pending_models=0
[14:06:40.383429] [E] [handleMessage] Exception in handler: Entity(164): Light not found
[14:06:40.383481] [E] [handleMessage] Exception in handler: Entity(166): Light not found
[14:06:40.383515] [E] [handleMessage] Exception in handler: Entity(168): Light not found
[14:06:40.383546] [E] [handleMessage] Exception in handler: Entity(170): Light not found
[14:06:40.383704] [I] FLR0026_CAMERA_APPLIED head=(5,0,-5) targetPresent=true target=(0,0,0) dolly=(5,0,5)
[14:06:40.487177] [I] FLR0026_MODEL_STAGE_COMPLETE asset=assets/models/sequoia_ngp.glb pending_models=0
[14:06:40.487415] [E] [handleMessage] Exception in handler: Entity(164): Light not found
[14:06:40.487462] [E] [handleMessage] Exception in handler: Entity(166): Light not found
[14:06:40.487493] [E] [handleMessage] Exception in handler: Entity(168): Light not found
[14:06:40.487520] [E] [handleMessage] Exception in handler: Entity(170): Light not found
[14:06:40.487671] [I] FLR0026_CAMERA_APPLIED head=(5,0,-5) targetPresent=true target=(0,0,0) dolly=(5,0,5)
[14:06:40.588231] [I] FLR0026_MODEL_STAGE_COMPLETE asset=assets/models/sequoia_ngp.glb pending_models=0
[14:06:40.588475] [E] [handleMessage] Exception in handler: Entity(164): Light not found
[14:06:40.588527] [E] [handleMessage] Exception in handler: Entity(166): Light not found
[14:06:40.588562] [E] [handleMessage] Exception in handler: Entity(168): Light not found
[14:06:40.588594] [E] [handleMessage] Exception in handler: Entity(170): Light not found
[14:06:40.588752] [I] FLR0026_CAMERA_APPLIED head=(5,0,-5) targetPresent=true target=(0,0,0) dolly=(5,0,5)
[14:06:40.691003] [I] FLR0026_MODEL_STAGE_COMPLETE asset=assets/models/sequoia_ngp.glb pending_models=0
[14:06:40.691457] [E] [handleMessage] Exception in handler: Entity(164): Light not found
[14:06:40.691565] [E] [handleMessage] Exception in handler: Entity(166): Light not found
[14:06:40.691608] [E] [handleMessage] Exception in handler: Entity(168): Light not found
[14:06:40.691644] [E] [handleMessage] Exception in handler: Entity(170): Light not found
[14:06:40.691809] [I] FLR0026_CAMERA_APPLIED head=(5,0,-5) targetPresent=true target=(0,0,0) dolly=(5,0,5)
[14:06:40.796987] [I] FLR0026_MODEL_STAGE_COMPLETE asset=assets/models/sequoia_ngp.glb pending_models=0
[14:06:40.797259] [E] [handleMessage] Exception in handler: Entity(164): Light not found
[14:06:40.797317] [E] [handleMessage] Exception in handler: Entity(166): Light not found
[14:06:40.797352] [E] [handleMessage] Exception in handler: Entity(168): Light not found
[14:06:40.797384] [E] [handleMessage] Exception in handler: Entity(170): Light not found
[14:06:40.797547] [I] FLR0026_CAMERA_APPLIED head=(5,0,-5) targetPresent=true target=(0,0,0) dolly=(5,0,5)
[14:06:40.902549] [I] FLR0026_MODEL_STAGE_COMPLETE asset=assets/models/sequoia_ngp.glb pending_models=0
[14:06:40.902792] [E] [handleMessage] Exception in handler: Entity(164): Light not found
[14:06:40.902890] [E] [handleMessage] Exception in handler: Entity(166): Light not found
[14:06:40.902933] [E] [handleMessage] Exception in handler: Entity(168): Light not found
[14:06:40.902966] [E] [handleMessage] Exception in handler: Entity(170): Light not found
[14:06:40.903126] [I] FLR0026_CAMERA_APPLIED head=(5,0,-5) targetPresent=true target=(0,0,0) dolly=(5,0,5)
[14:06:41.012042] [I] FLR0026_MODEL_STAGE_COMPLETE asset=assets/models/sequoia_ngp.glb pending_models=0
[14:06:41.012314] [E] [handleMessage] Exception in handler: Entity(164): Light not found
[14:06:41.012367] [E] [handleMessage] Exception in handler: Entity(166): Light not found
[14:06:41.012402] [E] [handleMessage] Exception in handler: Entity(168): Light not found
[14:06:41.012433] [E] [handleMessage] Exception in handler: Entity(170): Light not found
[14:06:41.012593] [I] FLR0026_CAMERA_APPLIED head=(5,0,-5) targetPresent=true target=(0,0,0) dolly=(5,0,5)
[14:06:41.113264] [I] FLR0026_MODEL_STAGE_COMPLETE asset=assets/models/sequoia_ngp.glb pending_models=0
[14:06:41.113504] [E] [handleMessage] Exception in handler: Entity(164): Light not found
[14:06:41.113552] [E] [handleMessage] Exception in handler: Entity(166): Light not found
[14:06:41.113582] [E] [handleMessage] Exception in handler: Entity(168): Light not found
[14:06:41.113609] [E] [handleMessage] Exception in handler: Entity(170): Light not found
[14:06:41.113758] [I] FLR0026_CAMERA_APPLIED head=(5,0,-5) targetPresent=true target=(0,0,0) dolly=(5,0,5)
[14:06:41.215715] [I] FLR0026_MODEL_STAGE_COMPLETE asset=assets/models/sequoia_ngp.glb pending_models=0
[14:06:41.216037] [E] [handleMessage] Exception in handler: Entity(164): Light not found
[14:06:41.216103] [E] [handleMessage] Exception in handler: Entity(166): Light not found
[14:06:41.216138] [E] [handleMessage] Exception in handler: Entity(168): Light not found
[14:06:41.216169] [E] [handleMessage] Exception in handler: Entity(170): Light not found
[14:06:41.216330] [I] FLR0026_CAMERA_APPLIED head=(5,0,-5) targetPresent=true target=(0,0,0) dolly=(5,0,5)
[14:06:41.321161] [I] FLR0026_MODEL_STAGE_COMPLETE asset=assets/models/sequoia_ngp.glb pending_models=0
[14:06:41.321412] [E] [handleMessage] Exception in handler: Entity(164): Light not found
[14:06:41.321466] [E] [handleMessage] Exception in handler: Entity(166): Light not found
[14:06:41.321502] [E] [handleMessage] Exception in handler: Entity(168): Light not found
[14:06:41.321536] [E] [handleMessage] Exception in handler: Entity(170): Light not found
[14:06:41.321708] [I] FLR0026_CAMERA_APPLIED head=(5,0,-5) targetPresent=true target=(0,0,0) dolly=(5,0,5)
[14:06:41.321990] [I] FLR0026_FRAME_BEGIN seq=100 started=false
[14:06:41.426504] [I] FLR0026_MODEL_STAGE_COMPLETE asset=assets/models/sequoia_ngp.glb pending_models=0
[14:06:41.426806] [E] [handleMessage] Exception in handler: Entity(164): Light not found
[14:06:41.426951] [E] [handleMessage] Exception in handler: Entity(166): Light not found
[14:06:41.426996] [E] [handleMessage] Exception in handler: Entity(168): Light not found
[14:06:41.427033] [E] [handleMessage] Exception in handler: Entity(170): Light not found
[14:06:41.427194] [I] FLR0026_CAMERA_APPLIED head=(5,0,-5) targetPresent=true target=(0,0,0) dolly=(5,0,5)
[14:06:41.533796] [I] FLR0026_MODEL_STAGE_COMPLETE asset=assets/models/sequoia_ngp.glb pending_models=0
[14:06:41.534069] [E] [handleMessage] Exception in handler: Entity(164): Light not found
[14:06:41.534120] [E] [handleMessage] Exception in handler: Entity(166): Light not found
[14:06:41.534153] [E] [handleMessage] Exception in handler: Entity(168): Light not found
[14:06:41.534184] [E] [handleMessage] Exception in handler: Entity(170): Light not found
[14:06:41.534340] [I] FLR0026_CAMERA_APPLIED head=(5,0,-5) targetPresent=true target=(0,0,0) dolly=(5,0,5)
[14:06:41.636320] [I] FLR0026_MODEL_STAGE_COMPLETE asset=assets/models/sequoia_ngp.glb pending_models=0
[14:06:41.636568] [E] [handleMessage] Exception in handler: Entity(164): Light not found
[14:06:41.636620] [E] [handleMessage] Exception in handler: Entity(166): Light not found
[14:06:41.636655] [E] [handleMessage] Exception in handler: Entity(168): Light not found
[14:06:41.636687] [E] [handleMessage] Exception in handler: Entity(170): Light not found
[14:06:41.636879] [I] FLR0026_CAMERA_APPLIED head=(5,0,-5) targetPresent=true target=(0,0,0) dolly=(5,0,5)
[14:06:41.740121] [I] FLR0026_MODEL_STAGE_COMPLETE asset=assets/models/sequoia_ngp.glb pending_models=0
[14:06:41.740383] [E] [handleMessage] Exception in handler: Entity(164): Light not found
[14:06:41.740433] [E] [handleMessage] Exception in handler: Entity(166): Light not found
[14:06:41.740463] [E] [handleMessage] Exception in handler: Entity(168): Light not found
[14:06:41.741862] [E] [handleMessage] Exception in handler: Entity(170): Light not found
[14:06:41.744876] [I] FLR0026_CAMERA_APPLIED head=(5,0,-5) targetPresent=true target=(0,0,0) dolly=(5,0,5)
[14:06:41.845475] [I] FLR0026_MODEL_STAGE_COMPLETE asset=assets/models/sequoia_ngp.glb pending_models=0
[14:06:41.845734] [E] [handleMessage] Exception in handler: Entity(164): Light not found
[14:06:41.845790] [E] [handleMessage] Exception in handler: Entity(166): Light not found
[14:06:41.845888] [E] [handleMessage] Exception in handler: Entity(168): Light not found
[14:06:41.845930] [E] [handleMessage] Exception in handler: Entity(170): Light not found
[14:06:41.846095] [I] FLR0026_CAMERA_APPLIED head=(5,0,-5) targetPresent=true target=(0,0,0) dolly=(5,0,5)
[14:06:41.946632] [I] FLR0026_MODEL_STAGE_COMPLETE asset=assets/models/sequoia_ngp.glb pending_models=0
[14:06:41.946936] [E] [handleMessage] Exception in handler: Entity(164): Light not found
[14:06:41.947001] [E] [handleMessage] Exception in handler: Entity(166): Light not found
[14:06:41.947038] [E] [handleMessage] Exception in handler: Entity(168): Light not found
[14:06:41.947071] [E] [handleMessage] Exception in handler: Entity(170): Light not found
[14:06:41.947236] [I] FLR0026_CAMERA_APPLIED head=(5,0,-5) targetPresent=true target=(0,0,0) dolly=(5,0,5)
[14:06:42.050011] [I] FLR0026_MODEL_STAGE_COMPLETE asset=assets/models/sequoia_ngp.glb pending_models=0
[14:06:42.050249] [E] [handleMessage] Exception in handler: Entity(164): Light not found
[14:06:42.050298] [E] [handleMessage] Exception in handler: Entity(166): Light not found
[14:06:42.050332] [E] [handleMessage] Exception in handler: Entity(168): Light not found
[14:06:42.050365] [E] [handleMessage] Exception in handler: Entity(170): Light not found
[14:06:42.050527] [I] FLR0026_CAMERA_APPLIED head=(5,0,-5) targetPresent=true target=(0,0,0) dolly=(5,0,5)
[14:06:42.152454] [I] FLR0026_MODEL_STAGE_COMPLETE asset=assets/models/sequoia_ngp.glb pending_models=0
[14:06:42.152707] [E] [handleMessage] Exception in handler: Entity(164): Light not found
[14:06:42.152758] [E] [handleMessage] Exception in handler: Entity(166): Light not found
[14:06:42.152939] [E] [handleMessage] Exception in handler: Entity(168): Light not found
[14:06:42.152985] [E] [handleMessage] Exception in handler: Entity(170): Light not found
[14:06:42.153147] [I] FLR0026_CAMERA_APPLIED head=(5,0,-5) targetPresent=true target=(0,0,0) dolly=(5,0,5)
[14:06:42.258956] [I] FLR0026_MODEL_STAGE_COMPLETE asset=assets/models/sequoia_ngp.glb pending_models=0
[14:06:42.259214] [E] [handleMessage] Exception in handler: Entity(164): Light not found
[14:06:42.259264] [E] [handleMessage] Exception in handler: Entity(166): Light not found
[14:06:42.259298] [E] [handleMessage] Exception in handler: Entity(168): Light not found
[14:06:42.259330] [E] [handleMessage] Exception in handler: Entity(170): Light not found
[14:06:42.259487] [I] FLR0026_CAMERA_APPLIED head=(5,0,-5) targetPresent=true target=(0,0,0) dolly=(5,0,5)
[14:06:42.362967] [I] FLR0026_MODEL_STAGE_COMPLETE asset=assets/models/sequoia_ngp.glb pending_models=0
[14:06:42.363209] [E] [handleMessage] Exception in handler: Entity(164): Light not found
[14:06:42.363260] [E] [handleMessage] Exception in handler: Entity(166): Light not found
[14:06:42.363294] [E] [handleMessage] Exception in handler: Entity(168): Light not found
[14:06:42.363324] [E] [handleMessage] Exception in handler: Entity(170): Light not found
[14:06:42.363489] [I] FLR0026_CAMERA_APPLIED head=(5,0,-5) targetPresent=true target=(0,0,0) dolly=(5,0,5)
[14:06:42.363668] [I] FLR0026_FRAME_BEGIN seq=110 started=false
[14:06:42.471200] [I] FLR0026_MODEL_STAGE_COMPLETE asset=assets/models/sequoia_ngp.glb pending_models=0
[14:06:42.471461] [E] [handleMessage] Exception in handler: Entity(164): Light not found
[14:06:42.471515] [E] [handleMessage] Exception in handler: Entity(166): Light not found
[14:06:42.471547] [E] [handleMessage] Exception in handler: Entity(168): Light not found
[14:06:42.471575] [E] [handleMessage] Exception in handler: Entity(170): Light not found
[14:06:42.471733] [I] FLR0026_CAMERA_APPLIED head=(5,0,-5) targetPresent=true target=(0,0,0) dolly=(5,0,5)
[14:06:42.572336] [I] FLR0026_MODEL_STAGE_COMPLETE asset=assets/models/sequoia_ngp.glb pending_models=0
[14:06:42.572585] [E] [handleMessage] Exception in handler: Entity(164): Light not found
[14:06:42.572637] [E] [handleMessage] Exception in handler: Entity(166): Light not found
[14:06:42.572671] [E] [handleMessage] Exception in handler: Entity(168): Light not found
[14:06:42.572703] [E] [handleMessage] Exception in handler: Entity(170): Light not found
[14:06:42.572901] [I] FLR0026_CAMERA_APPLIED head=(5,0,-5) targetPresent=true target=(0,0,0) dolly=(5,0,5)
[14:06:42.675003] [I] FLR0026_MODEL_STAGE_COMPLETE asset=assets/models/sequoia_ngp.glb pending_models=0
[14:06:42.675251] [E] [handleMessage] Exception in handler: Entity(164): Light not found
[14:06:42.675302] [E] [handleMessage] Exception in handler: Entity(166): Light not found
[14:06:42.675336] [E] [handleMessage] Exception in handler: Entity(168): Light not found
[14:06:42.675368] [E] [handleMessage] Exception in handler: Entity(170): Light not found
[14:06:42.675528] [I] FLR0026_CAMERA_APPLIED head=(5,0,-5) targetPresent=true target=(0,0,0) dolly=(5,0,5)
[14:06:42.776123] [I] FLR0026_MODEL_STAGE_COMPLETE asset=assets/models/sequoia_ngp.glb pending_models=0
[14:06:42.776354] [E] [handleMessage] Exception in handler: Entity(164): Light not found
[14:06:42.776405] [E] [handleMessage] Exception in handler: Entity(166): Light not found
[14:06:42.776439] [E] [handleMessage] Exception in handler: Entity(168): Light not found
[14:06:42.776470] [E] [handleMessage] Exception in handler: Entity(170): Light not found
[14:06:42.776633] [I] FLR0026_CAMERA_APPLIED head=(5,0,-5) targetPresent=true target=(0,0,0) dolly=(5,0,5)
[14:06:42.883971] [I] FLR0026_MODEL_STAGE_COMPLETE asset=assets/models/sequoia_ngp.glb pending_models=0
[14:06:42.884229] [E] [handleMessage] Exception in handler: Entity(164): Light not found
[14:06:42.884332] [E] [handleMessage] Exception in handler: Entity(166): Light not found
[14:06:42.884373] [E] [handleMessage] Exception in handler: Entity(168): Light not found
[14:06:42.884405] [E] [handleMessage] Exception in handler: Entity(170): Light not found
[14:06:42.884565] [I] FLR0026_CAMERA_APPLIED head=(5,0,-5) targetPresent=true target=(0,0,0) dolly=(5,0,5)
[14:06:42.985215] [I] FLR0026_MODEL_STAGE_COMPLETE asset=assets/models/sequoia_ngp.glb pending_models=0
[14:06:42.985464] [E] [handleMessage] Exception in handler: Entity(164): Light not found
[14:06:42.985514] [E] [handleMessage] Exception in handler: Entity(166): Light not found
[14:06:42.985548] [E] [handleMessage] Exception in handler: Entity(168): Light not found
[14:06:42.985579] [E] [handleMessage] Exception in handler: Entity(170): Light not found
[14:06:42.985742] [I] FLR0026_CAMERA_APPLIED head=(5,0,-5) targetPresent=true target=(0,0,0) dolly=(5,0,5)
[14:06:43.086388] [I] FLR0026_MODEL_STAGE_COMPLETE asset=assets/models/sequoia_ngp.glb pending_models=0
[14:06:43.086640] [E] [handleMessage] Exception in handler: Entity(164): Light not found
[14:06:43.086690] [E] [handleMessage] Exception in handler: Entity(166): Light not found
[14:06:43.086721] [E] [handleMessage] Exception in handler: Entity(168): Light not found
[14:06:43.086751] [E] [handleMessage] Exception in handler: Entity(170): Light not found
[14:06:43.086964] [I] FLR0026_CAMERA_APPLIED head=(5,0,-5) targetPresent=true target=(0,0,0) dolly=(5,0,5)
[14:06:43.189018] [I] FLR0026_MODEL_STAGE_COMPLETE asset=assets/models/sequoia_ngp.glb pending_models=0
[14:06:43.189260] [E] [handleMessage] Exception in handler: Entity(164): Light not found
[14:06:43.189312] [E] [handleMessage] Exception in handler: Entity(166): Light not found
[14:06:43.189345] [E] [handleMessage] Exception in handler: Entity(168): Light not found
[14:06:43.189377] [E] [handleMessage] Exception in handler: Entity(170): Light not found
[14:06:43.189538] [I] FLR0026_CAMERA_APPLIED head=(5,0,-5) targetPresent=true target=(0,0,0) dolly=(5,0,5)
[14:06:43.292974] [I] FLR0026_MODEL_STAGE_COMPLETE asset=assets/models/sequoia_ngp.glb pending_models=0
[14:06:43.293226] [E] [handleMessage] Exception in handler: Entity(164): Light not found
[14:06:43.293277] [E] [handleMessage] Exception in handler: Entity(166): Light not found
[14:06:43.293311] [E] [handleMessage] Exception in handler: Entity(168): Light not found
[14:06:43.293342] [E] [handleMessage] Exception in handler: Entity(170): Light not found
[14:06:43.293503] [I] FLR0026_CAMERA_APPLIED head=(5,0,-5) targetPresent=true target=(0,0,0) dolly=(5,0,5)
[14:06:43.394087] [I] FLR0026_MODEL_STAGE_PROGRESS seq=120 progress=1 assets=1
[14:06:43.394177] [I] FLR0026_MODEL_STAGE_COMPLETE asset=assets/models/sequoia_ngp.glb pending_models=0
[14:06:43.394353] [E] [handleMessage] Exception in handler: Entity(164): Light not found
[14:06:43.394403] [E] [handleMessage] Exception in handler: Entity(166): Light not found
[14:06:43.394437] [E] [handleMessage] Exception in handler: Entity(168): Light not found
[14:06:43.394469] [E] [handleMessage] Exception in handler: Entity(170): Light not found
[14:06:43.394626] [I] FLR0026_CAMERA_APPLIED head=(5,0,-5) targetPresent=true target=(0,0,0) dolly=(5,0,5)
[14:06:43.394807] [I] FLR0026_FRAME_BEGIN seq=120 started=false
[14:06:43.497993] [I] FLR0026_MODEL_STAGE_COMPLETE asset=assets/models/sequoia_ngp.glb pending_models=0
[14:06:43.498257] [E] [handleMessage] Exception in handler: Entity(164): Light not found
[14:06:43.498310] [E] [handleMessage] Exception in handler: Entity(166): Light not found
[14:06:43.498343] [E] [handleMessage] Exception in handler: Entity(168): Light not found
[14:06:43.498374] [E] [handleMessage] Exception in handler: Entity(170): Light not found
[14:06:43.498530] [I] FLR0026_CAMERA_APPLIED head=(5,0,-5) targetPresent=true target=(0,0,0) dolly=(5,0,5)
[14:06:43.599148] [I] FLR0026_MODEL_STAGE_COMPLETE asset=assets/models/sequoia_ngp.glb pending_models=0
[14:06:43.599409] [E] [handleMessage] Exception in handler: Entity(164): Light not found
[14:06:43.599460] [E] [handleMessage] Exception in handler: Entity(166): Light not found
[14:06:43.599495] [E] [handleMessage] Exception in handler: Entity(168): Light not found
[14:06:43.599526] [E] [handleMessage] Exception in handler: Entity(170): Light not found
[14:06:43.599689] [I] FLR0026_CAMERA_APPLIED head=(5,0,-5) targetPresent=true target=(0,0,0) dolly=(5,0,5)
[14:06:43.700685] [I] FLR0026_MODEL_STAGE_COMPLETE asset=assets/models/sequoia_ngp.glb pending_models=0
[14:06:43.701076] [E] [handleMessage] Exception in handler: Entity(164): Light not found
[14:06:43.701135] [E] [handleMessage] Exception in handler: Entity(166): Light not found
[14:06:43.701167] [E] [handleMessage] Exception in handler: Entity(168): Light not found
[14:06:43.701195] [E] [handleMessage] Exception in handler: Entity(170): Light not found
[14:06:43.701356] [I] FLR0026_CAMERA_APPLIED head=(5,0,-5) targetPresent=true target=(0,0,0) dolly=(5,0,5)
[14:06:43.803557] [I] FLR0026_MODEL_STAGE_COMPLETE asset=assets/models/sequoia_ngp.glb pending_models=0
[14:06:43.803855] [E] [handleMessage] Exception in handler: Entity(164): Light not found
[14:06:43.803913] [E] [handleMessage] Exception in handler: Entity(166): Light not found
[14:06:43.803948] [E] [handleMessage] Exception in handler: Entity(168): Light not found
[14:06:43.803984] [E] [handleMessage] Exception in handler: Entity(170): Light not found
[14:06:43.804163] [I] FLR0026_CAMERA_APPLIED head=(5,0,-5) targetPresent=true target=(0,0,0) dolly=(5,0,5)
[14:06:43.908572] [I] FLR0026_MODEL_STAGE_COMPLETE asset=assets/models/sequoia_ngp.glb pending_models=0
[14:06:43.908866] [E] [handleMessage] Exception in handler: Entity(164): Light not found
[14:06:43.908927] [E] [handleMessage] Exception in handler: Entity(166): Light not found
[14:06:43.908974] [E] [handleMessage] Exception in handler: Entity(168): Light not found
[14:06:43.909005] [E] [handleMessage] Exception in handler: Entity(170): Light not found
[14:06:43.909179] [I] FLR0026_CAMERA_APPLIED head=(5,0,-5) targetPresent=true target=(0,0,0) dolly=(5,0,5)
[14:06:44.012000] [I] FLR0026_MODEL_STAGE_COMPLETE asset=assets/models/sequoia_ngp.glb pending_models=0
[14:06:44.012269] [E] [handleMessage] Exception in handler: Entity(164): Light not found
[14:06:44.012320] [E] [handleMessage] Exception in handler: Entity(166): Light not found
[14:06:44.012353] [E] [handleMessage] Exception in handler: Entity(168): Light not found
[14:06:44.012385] [E] [handleMessage] Exception in handler: Entity(170): Light not found
[14:06:44.012544] [I] FLR0026_CAMERA_APPLIED head=(5,0,-5) targetPresent=true target=(0,0,0) dolly=(5,0,5)
[14:06:44.117013] [I] FLR0026_MODEL_STAGE_COMPLETE asset=assets/models/sequoia_ngp.glb pending_models=0
[14:06:44.117277] [E] [handleMessage] Exception in handler: Entity(164): Light not found
[14:06:44.117332] [E] [handleMessage] Exception in handler: Entity(166): Light not found
[14:06:44.117367] [E] [handleMessage] Exception in handler: Entity(168): Light not found
[14:06:44.117399] [E] [handleMessage] Exception in handler: Entity(170): Light not found
[14:06:44.117573] [I] FLR0026_CAMERA_APPLIED head=(5,0,-5) targetPresent=true target=(0,0,0) dolly=(5,0,5)
[14:06:44.227965] [I] FLR0026_MODEL_STAGE_COMPLETE asset=assets/models/sequoia_ngp.glb pending_models=0
[14:06:44.228243] [E] [handleMessage] Exception in handler: Entity(164): Light not found
[14:06:44.228295] [E] [handleMessage] Exception in handler: Entity(166): Light not found
[14:06:44.228330] [E] [handleMessage] Exception in handler: Entity(168): Light not found
[14:06:44.228362] [E] [handleMessage] Exception in handler: Entity(170): Light not found
[14:06:44.228524] [I] FLR0026_CAMERA_APPLIED head=(5,0,-5) targetPresent=true target=(0,0,0) dolly=(5,0,5)
[14:06:44.329147] [I] FLR0026_MODEL_STAGE_COMPLETE asset=assets/models/sequoia_ngp.glb pending_models=0
[14:06:44.329407] [E] [handleMessage] Exception in handler: Entity(164): Light not found
[14:06:44.329530] [E] [handleMessage] Exception in handler: Entity(166): Light not found
[14:06:44.329572] [E] [handleMessage] Exception in handler: Entity(168): Light not found
[14:06:44.329606] [E] [handleMessage] Exception in handler: Entity(170): Light not found
[14:06:44.329783] [I] FLR0026_CAMERA_APPLIED head=(5,0,-5) targetPresent=true target=(0,0,0) dolly=(5,0,5)
[14:06:44.433455] [I] FLR0026_MODEL_STAGE_COMPLETE asset=assets/models/sequoia_ngp.glb pending_models=0
[14:06:44.433708] [E] [handleMessage] Exception in handler: Entity(164): Light not found
[14:06:44.433759] [E] [handleMessage] Exception in handler: Entity(166): Light not found
[14:06:44.433793] [E] [handleMessage] Exception in handler: Entity(168): Light not found
[14:06:44.433872] [E] [handleMessage] Exception in handler: Entity(170): Light not found
[14:06:44.434058] [I] FLR0026_CAMERA_APPLIED head=(5,0,-5) targetPresent=true target=(0,0,0) dolly=(5,0,5)
[14:06:44.434243] [I] FLR0026_FRAME_BEGIN seq=130 started=false
[14:06:44.534850] [I] FLR0026_MODEL_STAGE_COMPLETE asset=assets/models/sequoia_ngp.glb pending_models=0
[14:06:44.535100] [E] [handleMessage] Exception in handler: Entity(164): Light not found
[14:06:44.535154] [E] [handleMessage] Exception in handler: Entity(166): Light not found
[14:06:44.535188] [E] [handleMessage] Exception in handler: Entity(168): Light not found
[14:06:44.535219] [E] [handleMessage] Exception in handler: Entity(170): Light not found
[14:06:44.535396] [I] FLR0026_CAMERA_APPLIED head=(5,0,-5) targetPresent=true target=(0,0,0) dolly=(5,0,5)
[14:06:44.636036] [I] FLR0026_MODEL_STAGE_COMPLETE asset=assets/models/sequoia_ngp.glb pending_models=0
[14:06:44.636278] [E] [handleMessage] Exception in handler: Entity(164): Light not found
[14:06:44.636331] [E] [handleMessage] Exception in handler: Entity(166): Light not found
[14:06:44.636364] [E] [handleMessage] Exception in handler: Entity(168): Light not found
[14:06:44.636395] [E] [handleMessage] Exception in handler: Entity(170): Light not found
[14:06:44.636568] [I] FLR0026_CAMERA_APPLIED head=(5,0,-5) targetPresent=true target=(0,0,0) dolly=(5,0,5)
[14:06:44.737142] [I] FLR0026_MODEL_STAGE_COMPLETE asset=assets/models/sequoia_ngp.glb pending_models=0
[14:06:44.737391] [E] [handleMessage] Exception in handler: Entity(164): Light not found
[14:06:44.737444] [E] [handleMessage] Exception in handler: Entity(166): Light not found
[14:06:44.737479] [E] [handleMessage] Exception in handler: Entity(168): Light not found
[14:06:44.737513] [E] [handleMessage] Exception in handler: Entity(170): Light not found
[14:06:44.737695] [I] FLR0026_CAMERA_APPLIED head=(5,0,-5) targetPresent=true target=(0,0,0) dolly=(5,0,5)
[14:06:44.840975] [I] FLR0026_MODEL_STAGE_COMPLETE asset=assets/models/sequoia_ngp.glb pending_models=0
[14:06:44.841230] [E] [handleMessage] Exception in handler: Entity(164): Light not found
[14:06:44.841283] [E] [handleMessage] Exception in handler: Entity(166): Light not found
[14:06:44.841318] [E] [handleMessage] Exception in handler: Entity(168): Light not found
[14:06:44.841351] [E] [handleMessage] Exception in handler: Entity(170): Light not found
[14:06:44.841512] [I] FLR0026_CAMERA_APPLIED head=(5,0,-5) targetPresent=true target=(0,0,0) dolly=(5,0,5)
[14:06:44.948487] [I] FLR0026_MODEL_STAGE_COMPLETE asset=assets/models/sequoia_ngp.glb pending_models=0
[14:06:44.948750] [E] [handleMessage] Exception in handler: Entity(164): Light not found
[14:06:44.948802] [E] [handleMessage] Exception in handler: Entity(166): Light not found
[14:06:44.948869] [E] [handleMessage] Exception in handler: Entity(168): Light not found
[14:06:44.948906] [E] [handleMessage] Exception in handler: Entity(170): Light not found
[14:06:44.949070] [I] FLR0026_CAMERA_APPLIED head=(5,0,-5) targetPresent=true target=(0,0,0) dolly=(5,0,5)
[14:06:45.051947] [I] FLR0026_MODEL_STAGE_COMPLETE asset=assets/models/sequoia_ngp.glb pending_models=0
[14:06:45.052263] [E] [handleMessage] Exception in handler: Entity(164): Light not found
[14:06:45.052320] [E] [handleMessage] Exception in handler: Entity(166): Light not found
[14:06:45.052355] [E] [handleMessage] Exception in handler: Entity(168): Light not found
[14:06:45.052388] [E] [handleMessage] Exception in handler: Entity(170): Light not found
[14:06:45.052545] [I] FLR0026_CAMERA_APPLIED head=(5,0,-5) targetPresent=true target=(0,0,0) dolly=(5,0,5)
[14:06:45.156262] [I] FLR0026_MODEL_STAGE_COMPLETE asset=assets/models/sequoia_ngp.glb pending_models=0
[14:06:45.156655] [E] [handleMessage] Exception in handler: Entity(164): Light not found
[14:06:45.156760] [E] [handleMessage] Exception in handler: Entity(166): Light not found
[14:06:45.156952] [E] [handleMessage] Exception in handler: Entity(168): Light not found
[14:06:45.157048] [E] [handleMessage] Exception in handler: Entity(170): Light not found
[14:06:45.157363] [I] FLR0026_CAMERA_APPLIED head=(5,0,-5) targetPresent=true target=(0,0,0) dolly=(5,0,5)
[14:06:45.259175] [I] FLR0026_MODEL_STAGE_COMPLETE asset=assets/models/sequoia_ngp.glb pending_models=0
[14:06:45.259426] [E] [handleMessage] Exception in handler: Entity(164): Light not found
[14:06:45.259479] [E] [handleMessage] Exception in handler: Entity(166): Light not found
[14:06:45.259514] [E] [handleMessage] Exception in handler: Entity(168): Light not found
[14:06:45.259548] [E] [handleMessage] Exception in handler: Entity(170): Light not found
[14:06:45.259720] [I] FLR0026_CAMERA_APPLIED head=(5,0,-5) targetPresent=true target=(0,0,0) dolly=(5,0,5)
[14:06:45.360608] [I] FLR0026_MODEL_STAGE_COMPLETE asset=assets/models/sequoia_ngp.glb pending_models=0
[14:06:45.360902] [E] [handleMessage] Exception in handler: Entity(164): Light not found
[14:06:45.360969] [E] [handleMessage] Exception in handler: Entity(166): Light not found
[14:06:45.361005] [E] [handleMessage] Exception in handler: Entity(168): Light not found
[14:06:45.361037] [E] [handleMessage] Exception in handler: Entity(170): Light not found
[14:06:45.361213] [I] FLR0026_CAMERA_APPLIED head=(5,0,-5) targetPresent=true target=(0,0,0) dolly=(5,0,5)
[14:06:45.461718] [I] FLR0026_MODEL_STAGE_COMPLETE asset=assets/models/sequoia_ngp.glb pending_models=0
[14:06:45.462014] [E] [handleMessage] Exception in handler: Entity(164): Light not found
[14:06:45.462072] [E] [handleMessage] Exception in handler: Entity(166): Light not found
[14:06:45.462108] [E] [handleMessage] Exception in handler: Entity(168): Light not found
[14:06:45.462141] [E] [handleMessage] Exception in handler: Entity(170): Light not found
[14:06:45.462299] [I] FLR0026_CAMERA_APPLIED head=(5,0,-5) targetPresent=true target=(0,0,0) dolly=(5,0,5)
[14:06:45.462483] [I] FLR0026_FRAME_BEGIN seq=140 started=false
[14:06:45.562903] [I] FLR0026_MODEL_STAGE_COMPLETE asset=assets/models/sequoia_ngp.glb pending_models=0
[14:06:45.563158] [E] [handleMessage] Exception in handler: Entity(164): Light not found
[14:06:45.563211] [E] [handleMessage] Exception in handler: Entity(166): Light not found
[14:06:45.563250] [E] [handleMessage] Exception in handler: Entity(168): Light not found
[14:06:45.563280] [E] [handleMessage] Exception in handler: Entity(170): Light not found
[14:06:45.563435] [I] FLR0026_CAMERA_APPLIED head=(5,0,-5) targetPresent=true target=(0,0,0) dolly=(5,0,5)
[14:06:45.664255] [I] FLR0026_MODEL_STAGE_COMPLETE asset=assets/models/sequoia_ngp.glb pending_models=0
[14:06:45.664646] [E] [handleMessage] Exception in handler: Entity(164): Light not found
[14:06:45.664752] [E] [handleMessage] Exception in handler: Entity(166): Light not found
[14:06:45.664829] [E] [handleMessage] Exception in handler: Entity(168): Light not found
[14:06:45.665039] [E] [handleMessage] Exception in handler: Entity(170): Light not found
[14:06:45.665277] [I] FLR0026_CAMERA_APPLIED head=(5,0,-5) targetPresent=true target=(0,0,0) dolly=(5,0,5)
[14:06:45.767303] [I] FLR0026_MODEL_STAGE_COMPLETE asset=assets/models/sequoia_ngp.glb pending_models=0
[14:06:45.767651] [E] [handleMessage] Exception in handler: Entity(164): Light not found
[14:06:45.767709] [E] [handleMessage] Exception in handler: Entity(166): Light not found
[14:06:45.767746] [E] [handleMessage] Exception in handler: Entity(168): Light not found
[14:06:45.767778] [E] [handleMessage] Exception in handler: Entity(170): Light not found
[14:06:45.767996] [I] FLR0026_CAMERA_APPLIED head=(5,0,-5) targetPresent=true target=(0,0,0) dolly=(5,0,5)
[14:06:45.868545] [I] FLR0026_MODEL_STAGE_COMPLETE asset=assets/models/sequoia_ngp.glb pending_models=0
[14:06:45.868788] [E] [handleMessage] Exception in handler: Entity(164): Light not found
[14:06:45.868888] [E] [handleMessage] Exception in handler: Entity(166): Light not found
[14:06:45.868999] [E] [handleMessage] Exception in handler: Entity(168): Light not found
[14:06:45.869036] [E] [handleMessage] Exception in handler: Entity(170): Light not found
[14:06:45.869200] [I] FLR0026_CAMERA_APPLIED head=(5,0,-5) targetPresent=true target=(0,0,0) dolly=(5,0,5)
[14:06:45.969698] [I] FLR0026_MODEL_STAGE_COMPLETE asset=assets/models/sequoia_ngp.glb pending_models=0
[14:06:45.969989] [E] [handleMessage] Exception in handler: Entity(164): Light not found
[14:06:45.970048] [E] [handleMessage] Exception in handler: Entity(166): Light not found
[14:06:45.970081] [E] [handleMessage] Exception in handler: Entity(168): Light not found
[14:06:45.970112] [E] [handleMessage] Exception in handler: Entity(170): Light not found
[14:06:45.970268] [I] FLR0026_CAMERA_APPLIED head=(5,0,-5) targetPresent=true target=(0,0,0) dolly=(5,0,5)
[14:06:46.081062] [I] FLR0026_MODEL_STAGE_COMPLETE asset=assets/models/sequoia_ngp.glb pending_models=0
[14:06:46.081313] [E] [handleMessage] Exception in handler: Entity(164): Light not found
[14:06:46.081364] [E] [handleMessage] Exception in handler: Entity(166): Light not found
[14:06:46.081398] [E] [handleMessage] Exception in handler: Entity(168): Light not found
[14:06:46.081429] [E] [handleMessage] Exception in handler: Entity(170): Light not found
[14:06:46.081585] [I] FLR0026_CAMERA_APPLIED head=(5,0,-5) targetPresent=true target=(0,0,0) dolly=(5,0,5)
[14:06:46.182181] [I] FLR0026_MODEL_STAGE_COMPLETE asset=assets/models/sequoia_ngp.glb pending_models=0
[14:06:46.182424] [E] [handleMessage] Exception in handler: Entity(164): Light not found
[14:06:46.182474] [E] [handleMessage] Exception in handler: Entity(166): Light not found
[14:06:46.182507] [E] [handleMessage] Exception in handler: Entity(168): Light not found
[14:06:46.182537] [E] [handleMessage] Exception in handler: Entity(170): Light not found
[14:06:46.182704] [I] FLR0026_CAMERA_APPLIED head=(5,0,-5) targetPresent=true target=(0,0,0) dolly=(5,0,5)
[14:06:46.283228] [I] FLR0026_MODEL_STAGE_COMPLETE asset=assets/models/sequoia_ngp.glb pending_models=0
[14:06:46.283453] [E] [handleMessage] Exception in handler: Entity(164): Light not found
[14:06:46.283502] [E] [handleMessage] Exception in handler: Entity(166): Light not found
[14:06:46.283535] [E] [handleMessage] Exception in handler: Entity(168): Light not found
[14:06:46.283566] [E] [handleMessage] Exception in handler: Entity(170): Light not found
[14:06:46.283734] [I] FLR0026_CAMERA_APPLIED head=(5,0,-5) targetPresent=true target=(0,0,0) dolly=(5,0,5)
[14:06:46.388334] [I] FLR0026_MODEL_STAGE_COMPLETE asset=assets/models/sequoia_ngp.glb pending_models=0
[14:06:46.388584] [E] [handleMessage] Exception in handler: Entity(164): Light not found
[14:06:46.388643] [E] [handleMessage] Exception in handler: Entity(166): Light not found
[14:06:46.388676] [E] [handleMessage] Exception in handler: Entity(168): Light not found
[14:06:46.388708] [E] [handleMessage] Exception in handler: Entity(170): Light not found
[14:06:46.388929] [I] FLR0026_CAMERA_APPLIED head=(5,0,-5) targetPresent=true target=(0,0,0) dolly=(5,0,5)
[14:06:46.489485] [I] FLR0026_MODEL_STAGE_COMPLETE asset=assets/models/sequoia_ngp.glb pending_models=0
[14:06:46.489733] [E] [handleMessage] Exception in handler: Entity(164): Light not found
[14:06:46.489902] [E] [handleMessage] Exception in handler: Entity(166): Light not found
[14:06:46.489951] [E] [handleMessage] Exception in handler: Entity(168): Light not found
[14:06:46.489985] [E] [handleMessage] Exception in handler: Entity(170): Light not found
[14:06:46.490147] [I] FLR0026_CAMERA_APPLIED head=(5,0,-5) targetPresent=true target=(0,0,0) dolly=(5,0,5)
[14:06:46.490331] [I] FLR0026_FRAME_BEGIN seq=150 started=false
[14:06:46.590670] [I] FLR0026_MODEL_STAGE_COMPLETE asset=assets/models/sequoia_ngp.glb pending_models=0
[14:06:46.590951] [E] [handleMessage] Exception in handler: Entity(164): Light not found
[14:06:46.591007] [E] [handleMessage] Exception in handler: Entity(166): Light not found
[14:06:46.591041] [E] [handleMessage] Exception in handler: Entity(168): Light not found
[14:06:46.591072] [E] [handleMessage] Exception in handler: Entity(170): Light not found
[14:06:46.591232] [I] FLR0026_CAMERA_APPLIED head=(5,0,-5) targetPresent=true target=(0,0,0) dolly=(5,0,5)
[14:06:46.694166] [I] FLR0026_MODEL_STAGE_COMPLETE asset=assets/models/sequoia_ngp.glb pending_models=0
[14:06:46.694413] [E] [handleMessage] Exception in handler: Entity(164): Light not found
[14:06:46.694463] [E] [handleMessage] Exception in handler: Entity(166): Light not found
[14:06:46.694496] [E] [handleMessage] Exception in handler: Entity(168): Light not found
[14:06:46.694528] [E] [handleMessage] Exception in handler: Entity(170): Light not found
[14:06:46.694703] [I] FLR0026_CAMERA_APPLIED head=(5,0,-5) targetPresent=true target=(0,0,0) dolly=(5,0,5)
[14:06:46.795263] [I] FLR0026_MODEL_STAGE_COMPLETE asset=assets/models/sequoia_ngp.glb pending_models=0
[14:06:46.795515] [E] [handleMessage] Exception in handler: Entity(164): Light not found
[14:06:46.795568] [E] [handleMessage] Exception in handler: Entity(166): Light not found
[14:06:46.795605] [E] [handleMessage] Exception in handler: Entity(168): Light not found
[14:06:46.795636] [E] [handleMessage] Exception in handler: Entity(170): Light not found
[14:06:46.795868] [I] FLR0026_CAMERA_APPLIED head=(5,0,-5) targetPresent=true target=(0,0,0) dolly=(5,0,5)
[14:06:46.896416] [I] FLR0026_MODEL_STAGE_COMPLETE asset=assets/models/sequoia_ngp.glb pending_models=0
[14:06:46.896667] [E] [handleMessage] Exception in handler: Entity(164): Light not found
[14:06:46.896720] [E] [handleMessage] Exception in handler: Entity(166): Light not found
[14:06:46.896754] [E] [handleMessage] Exception in handler: Entity(168): Light not found
[14:06:46.896786] [E] [handleMessage] Exception in handler: Entity(170): Light not found
[14:06:46.897016] [I] FLR0026_CAMERA_APPLIED head=(5,0,-5) targetPresent=true target=(0,0,0) dolly=(5,0,5)
[14:06:46.998963] [I] FLR0026_MODEL_STAGE_COMPLETE asset=assets/models/sequoia_ngp.glb pending_models=0
[14:06:46.999207] [E] [handleMessage] Exception in handler: Entity(164): Light not found
[14:06:46.999259] [E] [handleMessage] Exception in handler: Entity(166): Light not found
[14:06:46.999293] [E] [handleMessage] Exception in handler: Entity(168): Light not found
[14:06:46.999325] [E] [handleMessage] Exception in handler: Entity(170): Light not found
[14:06:46.999482] [I] FLR0026_CAMERA_APPLIED head=(5,0,-5) targetPresent=true target=(0,0,0) dolly=(5,0,5)
[14:06:47.099970] [I] FLR0026_MODEL_STAGE_COMPLETE asset=assets/models/sequoia_ngp.glb pending_models=0
[14:06:47.100234] [E] [handleMessage] Exception in handler: Entity(164): Light not found
[14:06:47.100289] [E] [handleMessage] Exception in handler: Entity(166): Light not found
[14:06:47.100323] [E] [handleMessage] Exception in handler: Entity(168): Light not found
[14:06:47.100354] [E] [handleMessage] Exception in handler: Entity(170): Light not found
[14:06:47.100520] [I] FLR0026_CAMERA_APPLIED head=(5,0,-5) targetPresent=true target=(0,0,0) dolly=(5,0,5)
[14:06:47.210967] [I] FLR0026_MODEL_STAGE_COMPLETE asset=assets/models/sequoia_ngp.glb pending_models=0
[14:06:47.211285] [E] [handleMessage] Exception in handler: Entity(164): Light not found
[14:06:47.211344] [E] [handleMessage] Exception in handler: Entity(166): Light not found
[14:06:47.211379] [E] [handleMessage] Exception in handler: Entity(168): Light not found
[14:06:47.211410] [E] [handleMessage] Exception in handler: Entity(170): Light not found
[14:06:47.211572] [I] FLR0026_CAMERA_APPLIED head=(5,0,-5) targetPresent=true target=(0,0,0) dolly=(5,0,5)
[14:06:47.312187] [I] FLR0026_MODEL_STAGE_COMPLETE asset=assets/models/sequoia_ngp.glb pending_models=0
[14:06:47.312432] [E] [handleMessage] Exception in handler: Entity(164): Light not found
[14:06:47.312483] [E] [handleMessage] Exception in handler: Entity(166): Light not found
[14:06:47.312517] [E] [handleMessage] Exception in handler: Entity(168): Light not found
[14:06:47.312549] [E] [handleMessage] Exception in handler: Entity(170): Light not found
[14:06:47.312707] [I] FLR0026_CAMERA_APPLIED head=(5,0,-5) targetPresent=true target=(0,0,0) dolly=(5,0,5)
[14:06:47.416410] [I] FLR0026_MODEL_STAGE_COMPLETE asset=assets/models/sequoia_ngp.glb pending_models=0
[14:06:47.416659] [E] [handleMessage] Exception in handler: Entity(164): Light not found
[14:06:47.416710] [E] [handleMessage] Exception in handler: Entity(166): Light not found
[14:06:47.416741] [E] [handleMessage] Exception in handler: Entity(168): Light not found
[14:06:47.416772] [E] [handleMessage] Exception in handler: Entity(170): Light not found
[14:06:47.416996] [I] FLR0026_CAMERA_APPLIED head=(5,0,-5) targetPresent=true target=(0,0,0) dolly=(5,0,5)
[14:06:47.517520] [I] FLR0026_MODEL_STAGE_COMPLETE asset=assets/models/sequoia_ngp.glb pending_models=0
[14:06:47.517768] [E] [handleMessage] Exception in handler: Entity(164): Light not found
[14:06:47.517858] [E] [handleMessage] Exception in handler: Entity(166): Light not found
[14:06:47.517898] [E] [handleMessage] Exception in handler: Entity(168): Light not found
[14:06:47.517930] [E] [handleMessage] Exception in handler: Entity(170): Light not found
[14:06:47.518089] [I] FLR0026_CAMERA_APPLIED head=(5,0,-5) targetPresent=true target=(0,0,0) dolly=(5,0,5)
[14:06:47.518266] [I] FLR0026_FRAME_BEGIN seq=160 started=false
[14:06:47.618933] [I] FLR0026_MODEL_STAGE_COMPLETE asset=assets/models/sequoia_ngp.glb pending_models=0
[14:06:47.619179] [E] [handleMessage] Exception in handler: Entity(164): Light not found
[14:06:47.619231] [E] [handleMessage] Exception in handler: Entity(166): Light not found
[14:06:47.619267] [E] [handleMessage] Exception in handler: Entity(168): Light not found
[14:06:47.619299] [E] [handleMessage] Exception in handler: Entity(170): Light not found
[14:06:47.619468] [I] FLR0026_CAMERA_APPLIED head=(5,0,-5) targetPresent=true target=(0,0,0) dolly=(5,0,5)
[14:06:47.720291] [I] FLR0026_MODEL_STAGE_COMPLETE asset=assets/models/sequoia_ngp.glb pending_models=0
[14:06:47.720549] [E] [handleMessage] Exception in handler: Entity(164): Light not found
[14:06:47.720604] [E] [handleMessage] Exception in handler: Entity(166): Light not found
[14:06:47.720640] [E] [handleMessage] Exception in handler: Entity(168): Light not found
[14:06:47.720673] [E] [handleMessage] Exception in handler: Entity(170): Light not found
[14:06:47.724958] [I] FLR0026_CAMERA_APPLIED head=(5,0,-5) targetPresent=true target=(0,0,0) dolly=(5,0,5)
[14:06:47.827497] [I] FLR0026_MODEL_STAGE_COMPLETE asset=assets/models/sequoia_ngp.glb pending_models=0
[14:06:47.827783] [E] [handleMessage] Exception in handler: Entity(164): Light not found
[14:06:47.827911] [E] [handleMessage] Exception in handler: Entity(166): Light not found
[14:06:47.827961] [E] [handleMessage] Exception in handler: Entity(168): Light not found
[14:06:47.827992] [E] [handleMessage] Exception in handler: Entity(170): Light not found
[14:06:47.828156] [I] FLR0026_CAMERA_APPLIED head=(5,0,-5) targetPresent=true target=(0,0,0) dolly=(5,0,5)
[14:06:47.934113] [I] FLR0026_MODEL_STAGE_COMPLETE asset=assets/models/sequoia_ngp.glb pending_models=0
[14:06:47.934364] [E] [handleMessage] Exception in handler: Entity(164): Light not found
[14:06:47.934421] [E] [handleMessage] Exception in handler: Entity(166): Light not found
[14:06:47.934456] [E] [handleMessage] Exception in handler: Entity(168): Light not found
[14:06:47.934488] [E] [handleMessage] Exception in handler: Entity(170): Light not found
[14:06:47.934648] [I] FLR0026_CAMERA_APPLIED head=(5,0,-5) targetPresent=true target=(0,0,0) dolly=(5,0,5)
[14:06:48.038157] [I] FLR0026_MODEL_STAGE_COMPLETE asset=assets/models/sequoia_ngp.glb pending_models=0
[14:06:48.038417] [E] [handleMessage] Exception in handler: Entity(164): Light not found
[14:06:48.038470] [E] [handleMessage] Exception in handler: Entity(166): Light not found
[14:06:48.038505] [E] [handleMessage] Exception in handler: Entity(168): Light not found
[14:06:48.038536] [E] [handleMessage] Exception in handler: Entity(170): Light not found
[14:06:48.038695] [I] FLR0026_CAMERA_APPLIED head=(5,0,-5) targetPresent=true target=(0,0,0) dolly=(5,0,5)
[14:06:48.142002] [I] FLR0026_MODEL_STAGE_COMPLETE asset=assets/models/sequoia_ngp.glb pending_models=0
[14:06:48.142250] [E] [handleMessage] Exception in handler: Entity(164): Light not found
[14:06:48.142301] [E] [handleMessage] Exception in handler: Entity(166): Light not found
[14:06:48.142333] [E] [handleMessage] Exception in handler: Entity(168): Light not found
[14:06:48.142363] [E] [handleMessage] Exception in handler: Entity(170): Light not found
[14:06:48.142521] [I] FLR0026_CAMERA_APPLIED head=(5,0,-5) targetPresent=true target=(0,0,0) dolly=(5,0,5)
[14:06:48.242982] [I] FLR0026_MODEL_STAGE_COMPLETE asset=assets/models/sequoia_ngp.glb pending_models=0
[14:06:48.243221] [E] [handleMessage] Exception in handler: Entity(164): Light not found
[14:06:48.243271] [E] [handleMessage] Exception in handler: Entity(166): Light not found
[14:06:48.243304] [E] [handleMessage] Exception in handler: Entity(168): Light not found
[14:06:48.243336] [E] [handleMessage] Exception in handler: Entity(170): Light not found
[14:06:48.243494] [I] FLR0026_CAMERA_APPLIED head=(5,0,-5) targetPresent=true target=(0,0,0) dolly=(5,0,5)
[14:06:48.347054] [I] FLR0026_MODEL_STAGE_COMPLETE asset=assets/models/sequoia_ngp.glb pending_models=0
[14:06:48.347290] [E] [handleMessage] Exception in handler: Entity(164): Light not found
[14:06:48.347341] [E] [handleMessage] Exception in handler: Entity(166): Light not found
[14:06:48.347375] [E] [handleMessage] Exception in handler: Entity(168): Light not found
[14:06:48.347405] [E] [handleMessage] Exception in handler: Entity(170): Light not found
[14:06:48.347564] [I] FLR0026_CAMERA_APPLIED head=(5,0,-5) targetPresent=true target=(0,0,0) dolly=(5,0,5)
[14:06:48.452976] [I] FLR0026_MODEL_STAGE_COMPLETE asset=assets/models/sequoia_ngp.glb pending_models=0
[14:06:48.453217] [E] [handleMessage] Exception in handler: Entity(164): Light not found
[14:06:48.453267] [E] [handleMessage] Exception in handler: Entity(166): Light not found
[14:06:48.453299] [E] [handleMessage] Exception in handler: Entity(168): Light not found
[14:06:48.453328] [E] [handleMessage] Exception in handler: Entity(170): Light not found
[14:06:48.453481] [I] FLR0026_CAMERA_APPLIED head=(5,0,-5) targetPresent=true target=(0,0,0) dolly=(5,0,5)
[14:06:48.554031] [I] FLR0026_MODEL_STAGE_COMPLETE asset=assets/models/sequoia_ngp.glb pending_models=0
[14:06:48.554396] [E] [handleMessage] Exception in handler: Entity(164): Light not found
[14:06:48.554452] [E] [handleMessage] Exception in handler: Entity(166): Light not found
[14:06:48.554485] [E] [handleMessage] Exception in handler: Entity(168): Light not found
[14:06:48.554515] [E] [handleMessage] Exception in handler: Entity(170): Light not found
[14:06:48.554742] [I] FLR0026_CAMERA_APPLIED head=(5,0,-5) targetPresent=true target=(0,0,0) dolly=(5,0,5)
[14:06:48.555022] [I] FLR0026_FRAME_BEGIN seq=170 started=false
[14:06:48.657974] [I] FLR0026_MODEL_STAGE_COMPLETE asset=assets/models/sequoia_ngp.glb pending_models=0
[14:06:48.658224] [E] [handleMessage] Exception in handler: Entity(164): Light not found
[14:06:48.658277] [E] [handleMessage] Exception in handler: Entity(166): Light not found
[14:06:48.658311] [E] [handleMessage] Exception in handler: Entity(168): Light not found
[14:06:48.658342] [E] [handleMessage] Exception in handler: Entity(170): Light not found
[14:06:48.658498] [I] FLR0026_CAMERA_APPLIED head=(5,0,-5) targetPresent=true target=(0,0,0) dolly=(5,0,5)
[14:06:48.758993] [I] FLR0026_MODEL_STAGE_COMPLETE asset=assets/models/sequoia_ngp.glb pending_models=0
[14:06:48.759237] [E] [handleMessage] Exception in handler: Entity(164): Light not found
[14:06:48.759288] [E] [handleMessage] Exception in handler: Entity(166): Light not found
[14:06:48.759330] [E] [handleMessage] Exception in handler: Entity(168): Light not found
[14:06:48.759361] [E] [handleMessage] Exception in handler: Entity(170): Light not found
[14:06:48.759521] [I] FLR0026_CAMERA_APPLIED head=(5,0,-5) targetPresent=true target=(0,0,0) dolly=(5,0,5)
[14:06:48.861976] [I] FLR0026_MODEL_STAGE_COMPLETE asset=assets/models/sequoia_ngp.glb pending_models=0
[14:06:48.862216] [E] [handleMessage] Exception in handler: Entity(164): Light not found
[14:06:48.862266] [E] [handleMessage] Exception in handler: Entity(166): Light not found
[14:06:48.862299] [E] [handleMessage] Exception in handler: Entity(168): Light not found
[14:06:48.862330] [E] [handleMessage] Exception in handler: Entity(170): Light not found
[14:06:48.862498] [I] FLR0026_CAMERA_APPLIED head=(5,0,-5) targetPresent=true target=(0,0,0) dolly=(5,0,5)
[14:06:48.962985] [I] FLR0026_MODEL_STAGE_COMPLETE asset=assets/models/sequoia_ngp.glb pending_models=0
[14:06:48.963236] [E] [handleMessage] Exception in handler: Entity(164): Light not found
[14:06:48.963289] [E] [handleMessage] Exception in handler: Entity(166): Light not found
[14:06:48.963323] [E] [handleMessage] Exception in handler: Entity(168): Light not found
[14:06:48.963354] [E] [handleMessage] Exception in handler: Entity(170): Light not found
[14:06:48.963532] [I] FLR0026_CAMERA_APPLIED head=(5,0,-5) targetPresent=true target=(0,0,0) dolly=(5,0,5)
[14:06:49.066926] [I] FLR0026_MODEL_STAGE_COMPLETE asset=assets/models/sequoia_ngp.glb pending_models=0
[14:06:49.067182] [E] [handleMessage] Exception in handler: Entity(164): Light not found
[14:06:49.067236] [E] [handleMessage] Exception in handler: Entity(166): Light not found
[14:06:49.067269] [E] [handleMessage] Exception in handler: Entity(168): Light not found
[14:06:49.067301] [E] [handleMessage] Exception in handler: Entity(170): Light not found
[14:06:49.067477] [I] FLR0026_CAMERA_APPLIED head=(5,0,-5) targetPresent=true target=(0,0,0) dolly=(5,0,5)
[14:06:49.171670] [I] FLR0026_MODEL_STAGE_COMPLETE asset=assets/models/sequoia_ngp.glb pending_models=0
[14:06:49.172096] [E] [handleMessage] Exception in handler: Entity(164): Light not found
[14:06:49.172161] [E] [handleMessage] Exception in handler: Entity(166): Light not found
[14:06:49.172196] [E] [handleMessage] Exception in handler: Entity(168): Light not found
[14:06:49.172228] [E] [handleMessage] Exception in handler: Entity(170): Light not found
[14:06:49.172454] [I] FLR0026_CAMERA_APPLIED head=(5,0,-5) targetPresent=true target=(0,0,0) dolly=(5,0,5)
[14:06:49.273006] [I] FLR0026_MODEL_STAGE_COMPLETE asset=assets/models/sequoia_ngp.glb pending_models=0
[14:06:49.273252] [E] [handleMessage] Exception in handler: Entity(164): Light not found
[14:06:49.273303] [E] [handleMessage] Exception in handler: Entity(166): Light not found
[14:06:49.273336] [E] [handleMessage] Exception in handler: Entity(168): Light not found
[14:06:49.273367] [E] [handleMessage] Exception in handler: Entity(170): Light not found
[14:06:49.273527] [I] FLR0026_CAMERA_APPLIED head=(5,0,-5) targetPresent=true target=(0,0,0) dolly=(5,0,5)
[14:06:49.384976] [I] FLR0026_MODEL_STAGE_COMPLETE asset=assets/models/sequoia_ngp.glb pending_models=0
[14:06:49.385269] [E] [handleMessage] Exception in handler: Entity(164): Light not found
[14:06:49.385326] [E] [handleMessage] Exception in handler: Entity(166): Light not found
[14:06:49.385360] [E] [handleMessage] Exception in handler: Entity(168): Light not found
[14:06:49.385392] [E] [handleMessage] Exception in handler: Entity(170): Light not found
[14:06:49.385548] [I] FLR0026_CAMERA_APPLIED head=(5,0,-5) targetPresent=true target=(0,0,0) dolly=(5,0,5)
[14:06:49.486183] [I] FLR0026_MODEL_STAGE_COMPLETE asset=assets/models/sequoia_ngp.glb pending_models=0
[14:06:49.486442] [E] [handleMessage] Exception in handler: Entity(164): Light not found
[14:06:49.486494] [E] [handleMessage] Exception in handler: Entity(166): Light not found
[14:06:49.486529] [E] [handleMessage] Exception in handler: Entity(168): Light not found
[14:06:49.486561] [E] [handleMessage] Exception in handler: Entity(170): Light not found
[14:06:49.486738] [I] FLR0026_CAMERA_APPLIED head=(5,0,-5) targetPresent=true target=(0,0,0) dolly=(5,0,5)
[14:06:49.587976] [I] FLR0026_MODEL_STAGE_PROGRESS seq=180 progress=1 assets=1
[14:06:49.588168] [I] FLR0026_MODEL_STAGE_COMPLETE asset=assets/models/sequoia_ngp.glb pending_models=0
[14:06:49.588472] [E] [handleMessage] Exception in handler: Entity(164): Light not found
[14:06:49.588581] [E] [handleMessage] Exception in handler: Entity(166): Light not found
[14:06:49.588660] [E] [handleMessage] Exception in handler: Entity(168): Light not found
[14:06:49.588734] [E] [handleMessage] Exception in handler: Entity(170): Light not found
[14:06:49.591523] [I] FLR0026_CAMERA_APPLIED head=(5,0,-5) targetPresent=true target=(0,0,0) dolly=(5,0,5)
[14:06:49.591761] [I] FLR0026_FRAME_BEGIN seq=180 started=false
[14:06:49.699985] [I] FLR0026_MODEL_STAGE_COMPLETE asset=assets/models/sequoia_ngp.glb pending_models=0
[14:06:49.700238] [E] [handleMessage] Exception in handler: Entity(164): Light not found
[14:06:49.700291] [E] [handleMessage] Exception in handler: Entity(166): Light not found
[14:06:49.700328] [E] [handleMessage] Exception in handler: Entity(168): Light not found
[14:06:49.700364] [E] [handleMessage] Exception in handler: Entity(170): Light not found
[14:06:49.700538] [I] FLR0026_CAMERA_APPLIED head=(5,0,-5) targetPresent=true target=(0,0,0) dolly=(5,0,5)
[14:06:49.806992] [I] FLR0026_MODEL_STAGE_COMPLETE asset=assets/models/sequoia_ngp.glb pending_models=0
[14:06:49.807245] [E] [handleMessage] Exception in handler: Entity(164): Light not found
[14:06:49.807303] [E] [handleMessage] Exception in handler: Entity(166): Light not found
[14:06:49.807341] [E] [handleMessage] Exception in handler: Entity(168): Light not found
[14:06:49.807375] [E] [handleMessage] Exception in handler: Entity(170): Light not found
[14:06:49.807537] [I] FLR0026_CAMERA_APPLIED head=(5,0,-5) targetPresent=true target=(0,0,0) dolly=(5,0,5)
[14:06:49.908964] [I] FLR0026_MODEL_STAGE_COMPLETE asset=assets/models/sequoia_ngp.glb pending_models=0
[14:06:49.909214] [E] [handleMessage] Exception in handler: Entity(164): Light not found
[14:06:49.909266] [E] [handleMessage] Exception in handler: Entity(166): Light not found
[14:06:49.909300] [E] [handleMessage] Exception in handler: Entity(168): Light not found
[14:06:49.909335] [E] [handleMessage] Exception in handler: Entity(170): Light not found
[14:06:49.909497] [I] FLR0026_CAMERA_APPLIED head=(5,0,-5) targetPresent=true target=(0,0,0) dolly=(5,0,5)
[14:06:50.010576] [I] FLR0026_MODEL_STAGE_COMPLETE asset=assets/models/sequoia_ngp.glb pending_models=0
[14:06:50.010885] [E] [handleMessage] Exception in handler: Entity(164): Light not found
[14:06:50.010943] [E] [handleMessage] Exception in handler: Entity(166): Light not found
[14:06:50.010978] [E] [handleMessage] Exception in handler: Entity(168): Light not found
[14:06:50.011009] [E] [handleMessage] Exception in handler: Entity(170): Light not found
[14:06:50.011223] [I] FLR0026_CAMERA_APPLIED head=(5,0,-5) targetPresent=true target=(0,0,0) dolly=(5,0,5)
[14:06:50.114982] [I] FLR0026_MODEL_STAGE_COMPLETE asset=assets/models/sequoia_ngp.glb pending_models=0
[14:06:50.115216] [E] [handleMessage] Exception in handler: Entity(164): Light not found
[14:06:50.115266] [E] [handleMessage] Exception in handler: Entity(166): Light not found
[14:06:50.115299] [E] [handleMessage] Exception in handler: Entity(168): Light not found
[14:06:50.115331] [E] [handleMessage] Exception in handler: Entity(170): Light not found
[14:06:50.115488] [I] FLR0026_CAMERA_APPLIED head=(5,0,-5) targetPresent=true target=(0,0,0) dolly=(5,0,5)
[14:06:50.216184] [I] FLR0026_MODEL_STAGE_COMPLETE asset=assets/models/sequoia_ngp.glb pending_models=0
[14:06:50.216588] [E] [handleMessage] Exception in handler: Entity(164): Light not found
[14:06:50.216698] [E] [handleMessage] Exception in handler: Entity(166): Light not found
[14:06:50.216747] [E] [handleMessage] Exception in handler: Entity(168): Light not found
[14:06:50.216777] [E] [handleMessage] Exception in handler: Entity(170): Light not found
[14:06:50.217028] [I] FLR0026_CAMERA_APPLIED head=(5,0,-5) targetPresent=true target=(0,0,0) dolly=(5,0,5)
[14:06:50.323402] [I] FLR0026_MODEL_STAGE_COMPLETE asset=assets/models/sequoia_ngp.glb pending_models=0
[14:06:50.323806] [E] [handleMessage] Exception in handler: Entity(164): Light not found
[14:06:50.324036] [E] [handleMessage] Exception in handler: Entity(166): Light not found
[14:06:50.324117] [E] [handleMessage] Exception in handler: Entity(168): Light not found
[14:06:50.324187] [E] [handleMessage] Exception in handler: Entity(170): Light not found
[14:06:50.324488] [I] FLR0026_CAMERA_APPLIED head=(5,0,-5) targetPresent=true target=(0,0,0) dolly=(5,0,5)
[14:06:50.428112] [I] FLR0026_MODEL_STAGE_COMPLETE asset=assets/models/sequoia_ngp.glb pending_models=0
[14:06:50.428358] [E] [handleMessage] Exception in handler: Entity(164): Light not found
[14:06:50.428411] [E] [handleMessage] Exception in handler: Entity(166): Light not found
[14:06:50.428446] [E] [handleMessage] Exception in handler: Entity(168): Light not found
[14:06:50.428479] [E] [handleMessage] Exception in handler: Entity(170): Light not found
[14:06:50.428648] [I] FLR0026_CAMERA_APPLIED head=(5,0,-5) targetPresent=true target=(0,0,0) dolly=(5,0,5)
[14:06:50.532001] [I] FLR0026_MODEL_STAGE_COMPLETE asset=assets/models/sequoia_ngp.glb pending_models=0
[14:06:50.532256] [E] [handleMessage] Exception in handler: Entity(164): Light not found
[14:06:50.532309] [E] [handleMessage] Exception in handler: Entity(166): Light not found
[14:06:50.532343] [E] [handleMessage] Exception in handler: Entity(168): Light not found
[14:06:50.532375] [E] [handleMessage] Exception in handler: Entity(170): Light not found
[14:06:50.532540] [I] FLR0026_CAMERA_APPLIED head=(5,0,-5) targetPresent=true target=(0,0,0) dolly=(5,0,5)
[14:06:50.637551] [I] FLR0026_MODEL_STAGE_COMPLETE asset=assets/models/sequoia_ngp.glb pending_models=0
[14:06:50.637799] [E] [handleMessage] Exception in handler: Entity(164): Light not found
[14:06:50.637909] [E] [handleMessage] Exception in handler: Entity(166): Light not found
[14:06:50.637954] [E] [handleMessage] Exception in handler: Entity(168): Light not found
[14:06:50.637987] [E] [handleMessage] Exception in handler: Entity(170): Light not found
[14:06:50.638150] [I] FLR0026_CAMERA_APPLIED head=(5,0,-5) targetPresent=true target=(0,0,0) dolly=(5,0,5)
[14:06:50.638333] [I] FLR0026_FRAME_BEGIN seq=190 started=false
[14:06:50.739166] [I] FLR0026_MODEL_STAGE_COMPLETE asset=assets/models/sequoia_ngp.glb pending_models=0
[14:06:50.739410] [E] [handleMessage] Exception in handler: Entity(164): Light not found
[14:06:50.739461] [E] [handleMessage] Exception in handler: Entity(166): Light not found
[14:06:50.739495] [E] [handleMessage] Exception in handler: Entity(168): Light not found
[14:06:50.739597] [E] [handleMessage] Exception in handler: Entity(170): Light not found
[14:06:50.739764] [I] FLR0026_CAMERA_APPLIED head=(5,0,-5) targetPresent=true target=(0,0,0) dolly=(5,0,5)
[14:06:50.846554] [I] FLR0026_MODEL_STAGE_COMPLETE asset=assets/models/sequoia_ngp.glb pending_models=0
[14:06:50.846800] [E] [handleMessage] Exception in handler: Entity(164): Light not found
[14:06:50.846924] [E] [handleMessage] Exception in handler: Entity(166): Light not found
[14:06:50.846967] [E] [handleMessage] Exception in handler: Entity(168): Light not found
[14:06:50.846999] [E] [handleMessage] Exception in handler: Entity(170): Light not found
[14:06:50.847161] [I] FLR0026_CAMERA_APPLIED head=(5,0,-5) targetPresent=true target=(0,0,0) dolly=(5,0,5)
[14:06:50.948978] [I] FLR0026_MODEL_STAGE_COMPLETE asset=assets/models/sequoia_ngp.glb pending_models=0
[14:06:50.949225] [E] [handleMessage] Exception in handler: Entity(164): Light not found
[14:06:50.949276] [E] [handleMessage] Exception in handler: Entity(166): Light not found
[14:06:50.949310] [E] [handleMessage] Exception in handler: Entity(168): Light not found
[14:06:50.949341] [E] [handleMessage] Exception in handler: Entity(170): Light not found
[14:06:50.949515] [I] FLR0026_CAMERA_APPLIED head=(5,0,-5) targetPresent=true target=(0,0,0) dolly=(5,0,5)
[14:06:51.050008] [I] FLR0026_MODEL_STAGE_COMPLETE asset=assets/models/sequoia_ngp.glb pending_models=0
[14:06:51.050268] [E] [handleMessage] Exception in handler: Entity(164): Light not found
[14:06:51.050320] [E] [handleMessage] Exception in handler: Entity(166): Light not found
[14:06:51.050353] [E] [handleMessage] Exception in handler: Entity(168): Light not found
[14:06:51.050383] [E] [handleMessage] Exception in handler: Entity(170): Light not found
[14:06:51.050557] [I] FLR0026_CAMERA_APPLIED head=(5,0,-5) targetPresent=true target=(0,0,0) dolly=(5,0,5)
[14:06:51.153977] [I] FLR0026_MODEL_STAGE_COMPLETE asset=assets/models/sequoia_ngp.glb pending_models=0
[14:06:51.154223] [E] [handleMessage] Exception in handler: Entity(164): Light not found
[14:06:51.154275] [E] [handleMessage] Exception in handler: Entity(166): Light not found
[14:06:51.154310] [E] [handleMessage] Exception in handler: Entity(168): Light not found
[14:06:51.154341] [E] [handleMessage] Exception in handler: Entity(170): Light not found
[14:06:51.154517] [I] FLR0026_CAMERA_APPLIED head=(5,0,-5) targetPresent=true target=(0,0,0) dolly=(5,0,5)
[14:06:51.260988] [I] FLR0026_MODEL_STAGE_COMPLETE asset=assets/models/sequoia_ngp.glb pending_models=0
[14:06:51.261229] [E] [handleMessage] Exception in handler: Entity(164): Light not found
[14:06:51.261280] [E] [handleMessage] Exception in handler: Entity(166): Light not found
[14:06:51.261314] [E] [handleMessage] Exception in handler: Entity(168): Light not found
[14:06:51.261346] [E] [handleMessage] Exception in handler: Entity(170): Light not found
[14:06:51.261506] [I] FLR0026_CAMERA_APPLIED head=(5,0,-5) targetPresent=true target=(0,0,0) dolly=(5,0,5)
[14:06:51.361980] [I] FLR0026_MODEL_STAGE_COMPLETE asset=assets/models/sequoia_ngp.glb pending_models=0
[14:06:51.362231] [E] [handleMessage] Exception in handler: Entity(164): Light not found
[14:06:51.362281] [E] [handleMessage] Exception in handler: Entity(166): Light not found
[14:06:51.362315] [E] [handleMessage] Exception in handler: Entity(168): Light not found
[14:06:51.362346] [E] [handleMessage] Exception in handler: Entity(170): Light not found
[14:06:51.362505] [I] FLR0026_CAMERA_APPLIED head=(5,0,-5) targetPresent=true target=(0,0,0) dolly=(5,0,5)
[14:06:51.463994] [I] FLR0026_MODEL_STAGE_COMPLETE asset=assets/models/sequoia_ngp.glb pending_models=0
[14:06:51.464241] [E] [handleMessage] Exception in handler: Entity(164): Light not found
[14:06:51.464291] [E] [handleMessage] Exception in handler: Entity(166): Light not found
[14:06:51.464323] [E] [handleMessage] Exception in handler: Entity(168): Light not found
[14:06:51.464353] [E] [handleMessage] Exception in handler: Entity(170): Light not found
[14:06:51.464509] [I] FLR0026_CAMERA_APPLIED head=(5,0,-5) targetPresent=true target=(0,0,0) dolly=(5,0,5)
[14:06:51.567159] [I] FLR0026_MODEL_STAGE_COMPLETE asset=assets/models/sequoia_ngp.glb pending_models=0
[14:06:51.567580] [E] [handleMessage] Exception in handler: Entity(164): Light not found
[14:06:51.567690] [E] [handleMessage] Exception in handler: Entity(166): Light not found
[14:06:51.567766] [E] [handleMessage] Exception in handler: Entity(168): Light not found
[14:06:51.567969] [E] [handleMessage] Exception in handler: Entity(170): Light not found
[14:06:51.568167] [I] FLR0026_CAMERA_APPLIED head=(5,0,-5) targetPresent=true target=(0,0,0) dolly=(5,0,5)
[14:06:51.668931] [I] FLR0026_MODEL_STAGE_COMPLETE asset=assets/models/sequoia_ngp.glb pending_models=0
[14:06:51.669167] [E] [handleMessage] Exception in handler: Entity(164): Light not found
[14:06:51.669218] [E] [handleMessage] Exception in handler: Entity(166): Light not found
[14:06:51.669252] [E] [handleMessage] Exception in handler: Entity(168): Light not found
[14:06:51.669283] [E] [handleMessage] Exception in handler: Entity(170): Light not found
[14:06:51.669452] [I] FLR0026_CAMERA_APPLIED head=(5,0,-5) targetPresent=true target=(0,0,0) dolly=(5,0,5)
[14:06:51.669637] [I] FLR0026_FRAME_BEGIN seq=200 started=false
[14:06:51.770046] [I] FLR0026_MODEL_STAGE_COMPLETE asset=assets/models/sequoia_ngp.glb pending_models=0
[14:06:51.770408] [E] [handleMessage] Exception in handler: Entity(164): Light not found
[14:06:51.770467] [E] [handleMessage] Exception in handler: Entity(166): Light not found
[14:06:51.770502] [E] [handleMessage] Exception in handler: Entity(168): Light not found
[14:06:51.770533] [E] [handleMessage] Exception in handler: Entity(170): Light not found
[14:06:51.770777] [I] FLR0026_CAMERA_APPLIED head=(5,0,-5) targetPresent=true target=(0,0,0) dolly=(5,0,5)
[14:06:51.879950] [I] FLR0026_MODEL_STAGE_COMPLETE asset=assets/models/sequoia_ngp.glb pending_models=0
[14:06:51.880198] [E] [handleMessage] Exception in handler: Entity(164): Light not found
[14:06:51.880248] [E] [handleMessage] Exception in handler: Entity(166): Light not found
[14:06:51.880279] [E] [handleMessage] Exception in handler: Entity(168): Light not found
[14:06:51.880307] [E] [handleMessage] Exception in handler: Entity(170): Light not found
[14:06:51.880461] [I] FLR0026_CAMERA_APPLIED head=(5,0,-5) targetPresent=true target=(0,0,0) dolly=(5,0,5)
[14:06:51.982937] [I] FLR0026_MODEL_STAGE_COMPLETE asset=assets/models/sequoia_ngp.glb pending_models=0
[14:06:51.983185] [E] [handleMessage] Exception in handler: Entity(164): Light not found
[14:06:51.983235] [E] [handleMessage] Exception in handler: Entity(166): Light not found
[14:06:51.983267] [E] [handleMessage] Exception in handler: Entity(168): Light not found
[14:06:51.983297] [E] [handleMessage] Exception in handler: Entity(170): Light not found
[14:06:51.983456] [I] FLR0026_CAMERA_APPLIED head=(5,0,-5) targetPresent=true target=(0,0,0) dolly=(5,0,5)
[14:06:52.084216] [I] FLR0026_MODEL_STAGE_COMPLETE asset=assets/models/sequoia_ngp.glb pending_models=0
[14:06:52.084465] [E] [handleMessage] Exception in handler: Entity(164): Light not found
[14:06:52.084513] [E] [handleMessage] Exception in handler: Entity(166): Light not found
[14:06:52.084543] [E] [handleMessage] Exception in handler: Entity(168): Light not found
[14:06:52.084572] [E] [handleMessage] Exception in handler: Entity(170): Light not found
[14:06:52.084721] [I] FLR0026_CAMERA_APPLIED head=(5,0,-5) targetPresent=true target=(0,0,0) dolly=(5,0,5)
[14:06:52.186082] [I] FLR0026_MODEL_STAGE_COMPLETE asset=assets/models/sequoia_ngp.glb pending_models=0
[14:06:52.186325] [E] [handleMessage] Exception in handler: Entity(164): Light not found
[14:06:52.186376] [E] [handleMessage] Exception in handler: Entity(166): Light not found
[14:06:52.186409] [E] [handleMessage] Exception in handler: Entity(168): Light not found
[14:06:52.186440] [E] [handleMessage] Exception in handler: Entity(170): Light not found
[14:06:52.186653] [I] FLR0026_CAMERA_APPLIED head=(5,0,-5) targetPresent=true target=(0,0,0) dolly=(5,0,5)
[14:06:52.287474] [I] FLR0026_MODEL_STAGE_COMPLETE asset=assets/models/sequoia_ngp.glb pending_models=0
[14:06:52.287702] [E] [handleMessage] Exception in handler: Entity(164): Light not found
[14:06:52.287752] [E] [handleMessage] Exception in handler: Entity(166): Light not found
[14:06:52.287785] [E] [handleMessage] Exception in handler: Entity(168): Light not found
[14:06:52.287862] [E] [handleMessage] Exception in handler: Entity(170): Light not found
[14:06:52.288035] [I] FLR0026_CAMERA_APPLIED head=(5,0,-5) targetPresent=true target=(0,0,0) dolly=(5,0,5)
[14:06:52.388791] [I] FLR0026_MODEL_STAGE_COMPLETE asset=assets/models/sequoia_ngp.glb pending_models=0
[14:06:52.389082] [E] [handleMessage] Exception in handler: Entity(164): Light not found
[14:06:52.389133] [E] [handleMessage] Exception in handler: Entity(166): Light not found
[14:06:52.389167] [E] [handleMessage] Exception in handler: Entity(168): Light not found
[14:06:52.389198] [E] [handleMessage] Exception in handler: Entity(170): Light not found
[14:06:52.389355] [I] FLR0026_CAMERA_APPLIED head=(5,0,-5) targetPresent=true target=(0,0,0) dolly=(5,0,5)
[14:06:52.489902] [I] FLR0026_MODEL_STAGE_COMPLETE asset=assets/models/sequoia_ngp.glb pending_models=0
[14:06:52.490143] [E] [handleMessage] Exception in handler: Entity(164): Light not found
[14:06:52.490193] [E] [handleMessage] Exception in handler: Entity(166): Light not found
[14:06:52.490228] [E] [handleMessage] Exception in handler: Entity(168): Light not found
[14:06:52.490262] [E] [handleMessage] Exception in handler: Entity(170): Light not found
[14:06:52.492086] [I] FLR0026_CAMERA_APPLIED head=(5,0,-5) targetPresent=true target=(0,0,0) dolly=(5,0,5)
[14:06:52.598101] [I] FLR0026_MODEL_STAGE_COMPLETE asset=assets/models/sequoia_ngp.glb pending_models=0
[14:06:52.598356] [E] [handleMessage] Exception in handler: Entity(164): Light not found
[14:06:52.598411] [E] [handleMessage] Exception in handler: Entity(166): Light not found
[14:06:52.598443] [E] [handleMessage] Exception in handler: Entity(168): Light not found
[14:06:52.598474] [E] [handleMessage] Exception in handler: Entity(170): Light not found
[14:06:52.598634] [I] FLR0026_CAMERA_APPLIED head=(5,0,-5) targetPresent=true target=(0,0,0) dolly=(5,0,5)
[14:06:52.704193] [I] FLR0026_MODEL_STAGE_COMPLETE asset=assets/models/sequoia_ngp.glb pending_models=0
[14:06:52.704441] [E] [handleMessage] Exception in handler: Entity(164): Light not found
[14:06:52.704492] [E] [handleMessage] Exception in handler: Entity(166): Light not found
[14:06:52.704524] [E] [handleMessage] Exception in handler: Entity(168): Light not found
[14:06:52.704553] [E] [handleMessage] Exception in handler: Entity(170): Light not found
[14:06:52.704713] [I] FLR0026_CAMERA_APPLIED head=(5,0,-5) targetPresent=true target=(0,0,0) dolly=(5,0,5)
[14:06:52.704958] [I] FLR0026_FRAME_BEGIN seq=210 started=false
[14:06:52.805306] [I] FLR0026_MODEL_STAGE_COMPLETE asset=assets/models/sequoia_ngp.glb pending_models=0
[14:06:52.805545] [E] [handleMessage] Exception in handler: Entity(164): Light not found
[14:06:52.805593] [E] [handleMessage] Exception in handler: Entity(166): Light not found
[14:06:52.805624] [E] [handleMessage] Exception in handler: Entity(168): Light not found
[14:06:52.805653] [E] [handleMessage] Exception in handler: Entity(170): Light not found
[14:06:52.805802] [I] FLR0026_CAMERA_APPLIED head=(5,0,-5) targetPresent=true target=(0,0,0) dolly=(5,0,5)
[14:06:52.907446] [I] FLR0026_MODEL_STAGE_COMPLETE asset=assets/models/sequoia_ngp.glb pending_models=0
[14:06:52.907729] [E] [handleMessage] Exception in handler: Entity(164): Light not found
[14:06:52.907789] [E] [handleMessage] Exception in handler: Entity(166): Light not found
[14:06:52.907912] [E] [handleMessage] Exception in handler: Entity(168): Light not found
[14:06:52.908032] [E] [handleMessage] Exception in handler: Entity(170): Light not found
[14:06:52.908207] [I] FLR0026_CAMERA_APPLIED head=(5,0,-5) targetPresent=true target=(0,0,0) dolly=(5,0,5)
[14:06:53.012154] [I] FLR0026_MODEL_STAGE_COMPLETE asset=assets/models/sequoia_ngp.glb pending_models=0
[14:06:53.012404] [E] [handleMessage] Exception in handler: Entity(164): Light not found
[14:06:53.012455] [E] [handleMessage] Exception in handler: Entity(166): Light not found
[14:06:53.012488] [E] [handleMessage] Exception in handler: Entity(168): Light not found
[14:06:53.012518] [E] [handleMessage] Exception in handler: Entity(170): Light not found
[14:06:53.012689] [I] FLR0026_CAMERA_APPLIED head=(5,0,-5) targetPresent=true target=(0,0,0) dolly=(5,0,5)
[14:06:53.113332] [I] FLR0026_MODEL_STAGE_COMPLETE asset=assets/models/sequoia_ngp.glb pending_models=0
[14:06:53.113566] [E] [handleMessage] Exception in handler: Entity(164): Light not found
[14:06:53.113614] [E] [handleMessage] Exception in handler: Entity(166): Light not found
[14:06:53.113645] [E] [handleMessage] Exception in handler: Entity(168): Light not found
[14:06:53.113677] [E] [handleMessage] Exception in handler: Entity(170): Light not found
[14:06:53.113907] [I] FLR0026_CAMERA_APPLIED head=(5,0,-5) targetPresent=true target=(0,0,0) dolly=(5,0,5)
[14:06:53.214505] [I] FLR0026_MODEL_STAGE_COMPLETE asset=assets/models/sequoia_ngp.glb pending_models=0
[14:06:53.214738] [E] [handleMessage] Exception in handler: Entity(164): Light not found
[14:06:53.214787] [E] [handleMessage] Exception in handler: Entity(166): Light not found
[14:06:53.214886] [E] [handleMessage] Exception in handler: Entity(168): Light not found
[14:06:53.214932] [E] [handleMessage] Exception in handler: Entity(170): Light not found
[14:06:53.215088] [I] FLR0026_CAMERA_APPLIED head=(5,0,-5) targetPresent=true target=(0,0,0) dolly=(5,0,5)
[14:06:53.319449] [I] FLR0026_MODEL_STAGE_COMPLETE asset=assets/models/sequoia_ngp.glb pending_models=0
[14:06:53.319688] [E] [handleMessage] Exception in handler: Entity(164): Light not found
[14:06:53.319736] [E] [handleMessage] Exception in handler: Entity(166): Light not found
[14:06:53.319768] [E] [handleMessage] Exception in handler: Entity(168): Light not found
[14:06:53.319798] [E] [handleMessage] Exception in handler: Entity(170): Light not found
[14:06:53.320026] [I] FLR0026_CAMERA_APPLIED head=(5,0,-5) targetPresent=true target=(0,0,0) dolly=(5,0,5)
[14:06:53.427015] [I] FLR0026_MODEL_STAGE_COMPLETE asset=assets/models/sequoia_ngp.glb pending_models=0
[14:06:53.427261] [E] [handleMessage] Exception in handler: Entity(164): Light not found
[14:06:53.427309] [E] [handleMessage] Exception in handler: Entity(166): Light not found
[14:06:53.427341] [E] [handleMessage] Exception in handler: Entity(168): Light not found
[14:06:53.427371] [E] [handleMessage] Exception in handler: Entity(170): Light not found
[14:06:53.427524] [I] FLR0026_CAMERA_APPLIED head=(5,0,-5) targetPresent=true target=(0,0,0) dolly=(5,0,5)
FLR0026_VK_SWAPCHAIN_FLUSH_BEGIN\nFLR0026_VK_COMMAND_END_BEGIN buffer=0x7fe44c026a10\nFLR0026_VK_COMMAND_END_DONE buffer=0x7fe44c026a10\nFLR0026_VK_QUEUE_SUBMIT_BEGIN queue=0x7fe44c02c620 fence=0x7fe44c021330\nFLR0026_VK_QUEUE_SUBMIT_DONE result=0 queue=0x7fe44c02c620 fence=0x7fe44c021330\nFLR0026_VK_SWAPCHAIN_FLUSH_DONE flushed=true\nFLR0026_VK_FINISHED_SIGNAL_ACQUIRE_BEGIN\nFLR0026_VK_FINISHED_SIGNAL_ACQUIRE_DONE present=true\nFLR0026_VK_PRESENT_WAIT_SEMAPHORE enabled=true\nFLR0026_VK_QUEUE_PRESENT_BEGIN queue=0x7fe44c02c620 swapchain=0x7fe44dd4e910 index=0\n[14:06:53.527978] [I] FLR0026_MODEL_STAGE_COMPLETE asset=assets/models/sequoia_ngp.glb pending_models=0
[14:06:53.528212] [E] [handleMessage] Exception in handler: Entity(164): Light not found
[14:06:53.528261] [E] [handleMessage] Exception in handler: Entity(166): Light not found
[14:06:53.528293] [E] [handleMessage] Exception in handler: Entity(168): Light not found
[14:06:53.528323] [E] [handleMessage] Exception in handler: Entity(170): Light not found
[14:06:53.528522] [I] FLR0026_CAMERA_APPLIED head=(5,0,-5) targetPresent=true target=(0,0,0) dolly=(5,0,5)
[14:06:53.635450] [I] FLR0026_MODEL_STAGE_COMPLETE asset=assets/models/sequoia_ngp.glb pending_models=0
[14:06:53.635754] [E] [handleMessage] Exception in handler: Entity(164): Light not found
[14:06:53.635821] [E] [handleMessage] Exception in handler: Entity(166): Light not found
[14:06:53.635955] [E] [handleMessage] Exception in handler: Entity(168): Light not found
[14:06:53.635996] [E] [handleMessage] Exception in handler: Entity(170): Light not found
[14:06:53.636188] [I] FLR0026_CAMERA_APPLIED head=(5,0,-5) targetPresent=true target=(0,0,0) dolly=(5,0,5)
[14:06:53.742221] [I] FLR0026_MODEL_STAGE_COMPLETE asset=assets/models/sequoia_ngp.glb pending_models=0
[14:06:53.742472] [E] [handleMessage] Exception in handler: Entity(164): Light not found
[14:06:53.742524] [E] [handleMessage] Exception in handler: Entity(166): Light not found
[14:06:53.742558] [E] [handleMessage] Exception in handler: Entity(168): Light not found
[14:06:53.742589] [E] [handleMessage] Exception in handler: Entity(170): Light not found
[14:06:53.742747] [I] FLR0026_CAMERA_APPLIED head=(5,0,-5) targetPresent=true target=(0,0,0) dolly=(5,0,5)
[14:06:53.743016] [I] FLR0026_FRAME_BEGIN seq=220 started=false
[14:06:53.845479] [I] FLR0026_MODEL_STAGE_COMPLETE asset=assets/models/sequoia_ngp.glb pending_models=0
[14:06:53.845719] [E] [handleMessage] Exception in handler: Entity(164): Light not found
[14:06:53.845768] [E] [handleMessage] Exception in handler: Entity(166): Light not found
[14:06:53.845800] [E] [handleMessage] Exception in handler: Entity(168): Light not found
[14:06:53.845916] [E] [handleMessage] Exception in handler: Entity(170): Light not found
[14:06:53.846144] [I] FLR0026_CAMERA_APPLIED head=(5,0,-5) targetPresent=true target=(0,0,0) dolly=(5,0,5)
[14:06:53.953956] [I] FLR0026_MODEL_STAGE_COMPLETE asset=assets/models/sequoia_ngp.glb pending_models=0
[14:06:53.954200] [E] [handleMessage] Exception in handler: Entity(164): Light not found
[14:06:53.954249] [E] [handleMessage] Exception in handler: Entity(166): Light not found
[14:06:53.954281] [E] [handleMessage] Exception in handler: Entity(168): Light not found
[14:06:53.954312] [E] [handleMessage] Exception in handler: Entity(170): Light not found
[14:06:53.954468] [I] FLR0026_CAMERA_APPLIED head=(5,0,-5) targetPresent=true target=(0,0,0) dolly=(5,0,5)
[14:06:54.059978] [I] FLR0026_MODEL_STAGE_COMPLETE asset=assets/models/sequoia_ngp.glb pending_models=0
[14:06:54.060228] [E] [handleMessage] Exception in handler: Entity(164): Light not found
[14:06:54.060277] [E] [handleMessage] Exception in handler: Entity(166): Light not found
[14:06:54.060309] [E] [handleMessage] Exception in handler: Entity(168): Light not found
[14:06:54.060342] [E] [handleMessage] Exception in handler: Entity(170): Light not found
[14:06:54.060490] [I] FLR0026_CAMERA_APPLIED head=(5,0,-5) targetPresent=true target=(0,0,0) dolly=(5,0,5)
[14:06:54.165977] [I] FLR0026_MODEL_STAGE_COMPLETE asset=assets/models/sequoia_ngp.glb pending_models=0
[14:06:54.166215] [E] [handleMessage] Exception in handler: Entity(164): Light not found
[14:06:54.166265] [E] [handleMessage] Exception in handler: Entity(166): Light not found
[14:06:54.166296] [E] [handleMessage] Exception in handler: Entity(168): Light not found
[14:06:54.166325] [E] [handleMessage] Exception in handler: Entity(170): Light not found
[14:06:54.166493] [I] FLR0026_CAMERA_APPLIED head=(5,0,-5) targetPresent=true target=(0,0,0) dolly=(5,0,5)
[14:06:54.266970] [I] FLR0026_MODEL_STAGE_COMPLETE asset=assets/models/sequoia_ngp.glb pending_models=0
[14:06:54.267209] [E] [handleMessage] Exception in handler: Entity(164): Light not found
[14:06:54.267258] [E] [handleMessage] Exception in handler: Entity(166): Light not found
[14:06:54.267290] [E] [handleMessage] Exception in handler: Entity(168): Light not found
[14:06:54.267362] [E] [handleMessage] Exception in handler: Entity(170): Light not found
[14:06:54.267539] [I] FLR0026_CAMERA_APPLIED head=(5,0,-5) targetPresent=true target=(0,0,0) dolly=(5,0,5)
[14:06:54.373004] [I] FLR0026_MODEL_STAGE_COMPLETE asset=assets/models/sequoia_ngp.glb pending_models=0
[14:06:54.373251] [E] [handleMessage] Exception in handler: Entity(164): Light not found
[14:06:54.373303] [E] [handleMessage] Exception in handler: Entity(166): Light not found
[14:06:54.373334] [E] [handleMessage] Exception in handler: Entity(168): Light not found
[14:06:54.373364] [E] [handleMessage] Exception in handler: Entity(170): Light not found
[14:06:54.373531] [I] FLR0026_CAMERA_APPLIED head=(5,0,-5) targetPresent=true target=(0,0,0) dolly=(5,0,5)
[14:06:54.474312] [I] FLR0026_MODEL_STAGE_COMPLETE asset=assets/models/sequoia_ngp.glb pending_models=0
[14:06:54.474557] [E] [handleMessage] Exception in handler: Entity(164): Light not found
[14:06:54.474606] [E] [handleMessage] Exception in handler: Entity(166): Light not found
[14:06:54.474639] [E] [handleMessage] Exception in handler: Entity(168): Light not found
[14:06:54.474668] [E] [handleMessage] Exception in handler: Entity(170): Light not found
[14:06:54.474872] [I] FLR0026_CAMERA_APPLIED head=(5,0,-5) targetPresent=true target=(0,0,0) dolly=(5,0,5)
[14:06:54.576527] [I] FLR0026_MODEL_STAGE_COMPLETE asset=assets/models/sequoia_ngp.glb pending_models=0
[14:06:54.576939] [E] [handleMessage] Exception in handler: Entity(164): Light not found
[14:06:54.577003] [E] [handleMessage] Exception in handler: Entity(166): Light not found
[14:06:54.577038] [E] [handleMessage] Exception in handler: Entity(168): Light not found
[14:06:54.577069] [E] [handleMessage] Exception in handler: Entity(170): Light not found
[14:06:54.577295] [I] FLR0026_CAMERA_APPLIED head=(5,0,-5) targetPresent=true target=(0,0,0) dolly=(5,0,5)
[14:06:54.681968] [I] FLR0026_MODEL_STAGE_COMPLETE asset=assets/models/sequoia_ngp.glb pending_models=0
[14:06:54.682209] [E] [handleMessage] Exception in handler: Entity(164): Light not found
[14:06:54.682259] [E] [handleMessage] Exception in handler: Entity(166): Light not found
[14:06:54.682291] [E] [handleMessage] Exception in handler: Entity(168): Light not found
[14:06:54.682321] [E] [handleMessage] Exception in handler: Entity(170): Light not found
[14:06:54.682477] [I] FLR0026_CAMERA_APPLIED head=(5,0,-5) targetPresent=true target=(0,0,0) dolly=(5,0,5)
[14:06:54.786003] [I] FLR0026_MODEL_STAGE_COMPLETE asset=assets/models/sequoia_ngp.glb pending_models=0
[14:06:54.786244] [E] [handleMessage] Exception in handler: Entity(164): Light not found
[14:06:54.786293] [E] [handleMessage] Exception in handler: Entity(166): Light not found
[14:06:54.786326] [E] [handleMessage] Exception in handler: Entity(168): Light not found
[14:06:54.786356] [E] [handleMessage] Exception in handler: Entity(170): Light not found
[14:06:54.786511] [I] FLR0026_CAMERA_APPLIED head=(5,0,-5) targetPresent=true target=(0,0,0) dolly=(5,0,5)
[14:06:54.786690] [I] FLR0026_FRAME_BEGIN seq=230 started=false
[14:06:54.889499] [I] FLR0026_MODEL_STAGE_COMPLETE asset=assets/models/sequoia_ngp.glb pending_models=0
[14:06:54.889738] [E] [handleMessage] Exception in handler: Entity(164): Light not found
[14:06:54.889787] [E] [handleMessage] Exception in handler: Entity(166): Light not found
[14:06:54.889888] [E] [handleMessage] Exception in handler: Entity(168): Light not found
[14:06:54.889935] [E] [handleMessage] Exception in handler: Entity(170): Light not found
[14:06:54.890095] [I] FLR0026_CAMERA_APPLIED head=(5,0,-5) targetPresent=true target=(0,0,0) dolly=(5,0,5)
[14:06:55.001963] [I] FLR0026_MODEL_STAGE_COMPLETE asset=assets/models/sequoia_ngp.glb pending_models=0
[14:06:55.002231] [E] [handleMessage] Exception in handler: Entity(164): Light not found
[14:06:55.002283] [E] [handleMessage] Exception in handler: Entity(166): Light not found
[14:06:55.002365] [E] [handleMessage] Exception in handler: Entity(168): Light not found
[14:06:55.002401] [E] [handleMessage] Exception in handler: Entity(170): Light not found
[14:06:55.002561] [I] FLR0026_CAMERA_APPLIED head=(5,0,-5) targetPresent=true target=(0,0,0) dolly=(5,0,5)
[14:06:55.103079] [I] FLR0026_MODEL_STAGE_COMPLETE asset=assets/models/sequoia_ngp.glb pending_models=0
[14:06:55.103329] [E] [handleMessage] Exception in handler: Entity(164): Light not found
[14:06:55.103380] [E] [handleMessage] Exception in handler: Entity(166): Light not found
[14:06:55.103412] [E] [handleMessage] Exception in handler: Entity(168): Light not found
[14:06:55.103441] [E] [handleMessage] Exception in handler: Entity(170): Light not found
[14:06:55.103596] [I] FLR0026_CAMERA_APPLIED head=(5,0,-5) targetPresent=true target=(0,0,0) dolly=(5,0,5)
[14:06:55.204384] [I] FLR0026_MODEL_STAGE_COMPLETE asset=assets/models/sequoia_ngp.glb pending_models=0
[14:06:55.204631] [E] [handleMessage] Exception in handler: Entity(164): Light not found
[14:06:55.204679] [E] [handleMessage] Exception in handler: Entity(166): Light not found
[14:06:55.204709] [E] [handleMessage] Exception in handler: Entity(168): Light not found
[14:06:55.204737] [E] [handleMessage] Exception in handler: Entity(170): Light not found
[14:06:55.204939] [I] FLR0026_CAMERA_APPLIED head=(5,0,-5) targetPresent=true target=(0,0,0) dolly=(5,0,5)
[14:06:55.305973] [I] FLR0026_MODEL_STAGE_COMPLETE asset=assets/models/sequoia_ngp.glb pending_models=0
[14:06:55.306217] [E] [handleMessage] Exception in handler: Entity(164): Light not found
[14:06:55.306267] [E] [handleMessage] Exception in handler: Entity(166): Light not found
[14:06:55.306299] [E] [handleMessage] Exception in handler: Entity(168): Light not found
[14:06:55.306329] [E] [handleMessage] Exception in handler: Entity(170): Light not found
[14:06:55.306486] [I] FLR0026_CAMERA_APPLIED head=(5,0,-5) targetPresent=true target=(0,0,0) dolly=(5,0,5)
[14:06:55.409957] [I] FLR0026_MODEL_STAGE_COMPLETE asset=assets/models/sequoia_ngp.glb pending_models=0
[14:06:55.410224] [E] [handleMessage] Exception in handler: Entity(164): Light not found
[14:06:55.410274] [E] [handleMessage] Exception in handler: Entity(166): Light not found
[14:06:55.410306] [E] [handleMessage] Exception in handler: Entity(168): Light not found
[14:06:55.410336] [E] [handleMessage] Exception in handler: Entity(170): Light not found
[14:06:55.410492] [I] FLR0026_CAMERA_APPLIED head=(5,0,-5) targetPresent=true target=(0,0,0) dolly=(5,0,5)
[14:06:55.511032] [I] FLR0026_MODEL_STAGE_COMPLETE asset=assets/models/sequoia_ngp.glb pending_models=0
[14:06:55.511279] [E] [handleMessage] Exception in handler: Entity(164): Light not found
[14:06:55.511330] [E] [handleMessage] Exception in handler: Entity(166): Light not found
[14:06:55.511362] [E] [handleMessage] Exception in handler: Entity(168): Light not found
[14:06:55.511392] [E] [handleMessage] Exception in handler: Entity(170): Light not found
[14:06:55.511547] [I] FLR0026_CAMERA_APPLIED head=(5,0,-5) targetPresent=true target=(0,0,0) dolly=(5,0,5)
[14:06:55.619977] [I] FLR0026_MODEL_STAGE_COMPLETE asset=assets/models/sequoia_ngp.glb pending_models=0
[14:06:55.620221] [E] [handleMessage] Exception in handler: Entity(164): Light not found
[14:06:55.620273] [E] [handleMessage] Exception in handler: Entity(166): Light not found
[14:06:55.620306] [E] [handleMessage] Exception in handler: Entity(168): Light not found
[14:06:55.620338] [E] [handleMessage] Exception in handler: Entity(170): Light not found
[14:06:55.620498] [I] FLR0026_CAMERA_APPLIED head=(5,0,-5) targetPresent=true target=(0,0,0) dolly=(5,0,5)
[14:06:55.721987] [I] FLR0026_MODEL_STAGE_COMPLETE asset=assets/models/sequoia_ngp.glb pending_models=0
[14:06:55.722234] [E] [handleMessage] Exception in handler: Entity(164): Light not found
[14:06:55.722290] [E] [handleMessage] Exception in handler: Entity(166): Light not found
[14:06:55.722322] [E] [handleMessage] Exception in handler: Entity(168): Light not found
[14:06:55.722353] [E] [handleMessage] Exception in handler: Entity(170): Light not found
[14:06:55.722572] [I] FLR0026_CAMERA_APPLIED head=(5,0,-5) targetPresent=true target=(0,0,0) dolly=(5,0,5)
[14:06:55.823161] [I] FLR0026_MODEL_STAGE_PROGRESS seq=240 progress=1 assets=1
[14:06:55.823241] [I] FLR0026_MODEL_STAGE_COMPLETE asset=assets/models/sequoia_ngp.glb pending_models=0
[14:06:55.823413] [E] [handleMessage] Exception in handler: Entity(164): Light not found
[14:06:55.823461] [E] [handleMessage] Exception in handler: Entity(166): Light not found
[14:06:55.823495] [E] [handleMessage] Exception in handler: Entity(168): Light not found
[14:06:55.823526] [E] [handleMessage] Exception in handler: Entity(170): Light not found
[14:06:55.823680] [I] FLR0026_CAMERA_APPLIED head=(5,0,-5) targetPresent=true target=(0,0,0) dolly=(5,0,5)
[14:06:55.823926] [I] FLR0026_FRAME_BEGIN seq=240 started=false
[14:06:55.932143] [I] FLR0026_MODEL_STAGE_COMPLETE asset=assets/models/sequoia_ngp.glb pending_models=0
[14:06:55.932395] [E] [handleMessage] Exception in handler: Entity(164): Light not found
[14:06:55.932448] [E] [handleMessage] Exception in handler: Entity(166): Light not found
[14:06:55.932481] [E] [handleMessage] Exception in handler: Entity(168): Light not found
[14:06:55.932511] [E] [handleMessage] Exception in handler: Entity(170): Light not found
[14:06:55.932683] [I] FLR0026_CAMERA_APPLIED head=(5,0,-5) targetPresent=true target=(0,0,0) dolly=(5,0,5)
[14:06:56.039960] [I] FLR0026_MODEL_STAGE_COMPLETE asset=assets/models/sequoia_ngp.glb pending_models=0
[14:06:56.040215] [E] [handleMessage] Exception in handler: Entity(164): Light not found
[14:06:56.040267] [E] [handleMessage] Exception in handler: Entity(166): Light not found
[14:06:56.040301] [E] [handleMessage] Exception in handler: Entity(168): Light not found
[14:06:56.040332] [E] [handleMessage] Exception in handler: Entity(170): Light not found
[14:06:56.040510] [I] FLR0026_CAMERA_APPLIED head=(5,0,-5) targetPresent=true target=(0,0,0) dolly=(5,0,5)
[14:06:56.150981] [I] FLR0026_MODEL_STAGE_COMPLETE asset=assets/models/sequoia_ngp.glb pending_models=0
[14:06:56.151232] [E] [handleMessage] Exception in handler: Entity(164): Light not found
[14:06:56.151285] [E] [handleMessage] Exception in handler: Entity(166): Light not found
[14:06:56.151319] [E] [handleMessage] Exception in handler: Entity(168): Light not found
[14:06:56.151350] [E] [handleMessage] Exception in handler: Entity(170): Light not found
[14:06:56.151525] [I] FLR0026_CAMERA_APPLIED head=(5,0,-5) targetPresent=true target=(0,0,0) dolly=(5,0,5)
[14:06:56.251977] [I] FLR0026_MODEL_STAGE_COMPLETE asset=assets/models/sequoia_ngp.glb pending_models=0
[14:06:56.252229] [E] [handleMessage] Exception in handler: Entity(164): Light not found
[14:06:56.252302] [E] [handleMessage] Exception in handler: Entity(166): Light not found
[14:06:56.252336] [E] [handleMessage] Exception in handler: Entity(168): Light not found
[14:06:56.252367] [E] [handleMessage] Exception in handler: Entity(170): Light not found
[14:06:56.252530] [I] FLR0026_CAMERA_APPLIED head=(5,0,-5) targetPresent=true target=(0,0,0) dolly=(5,0,5)
[14:06:56.353282] [I] FLR0026_MODEL_STAGE_COMPLETE asset=assets/models/sequoia_ngp.glb pending_models=0
[14:06:56.353504] [E] [handleMessage] Exception in handler: Entity(164): Light not found
[14:06:56.353555] [E] [handleMessage] Exception in handler: Entity(166): Light not found
[14:06:56.353588] [E] [handleMessage] Exception in handler: Entity(168): Light not found
[14:06:56.353620] [E] [handleMessage] Exception in handler: Entity(170): Light not found
[14:06:56.353776] [I] FLR0026_CAMERA_APPLIED head=(5,0,-5) targetPresent=true target=(0,0,0) dolly=(5,0,5)
[14:06:56.454317] [I] FLR0026_MODEL_STAGE_COMPLETE asset=assets/models/sequoia_ngp.glb pending_models=0
[14:06:56.454562] [E] [handleMessage] Exception in handler: Entity(164): Light not found
[14:06:56.454614] [E] [handleMessage] Exception in handler: Entity(166): Light not found
[14:06:56.454709] [E] [handleMessage] Exception in handler: Entity(168): Light not found
[14:06:56.454747] [E] [handleMessage] Exception in handler: Entity(170): Light not found
[14:06:56.454969] [I] FLR0026_CAMERA_APPLIED head=(5,0,-5) targetPresent=true target=(0,0,0) dolly=(5,0,5)
[14:06:56.560984] [I] FLR0026_MODEL_STAGE_COMPLETE asset=assets/models/sequoia_ngp.glb pending_models=0
[14:06:56.561226] [E] [handleMessage] Exception in handler: Entity(164): Light not found
[14:06:56.561277] [E] [handleMessage] Exception in handler: Entity(166): Light not found
[14:06:56.561309] [E] [handleMessage] Exception in handler: Entity(168): Light not found
[14:06:56.561339] [E] [handleMessage] Exception in handler: Entity(170): Light not found
[14:06:56.561494] [I] FLR0026_CAMERA_APPLIED head=(5,0,-5) targetPresent=true target=(0,0,0) dolly=(5,0,5)
[14:06:56.664965] [I] FLR0026_MODEL_STAGE_COMPLETE asset=assets/models/sequoia_ngp.glb pending_models=0
[14:06:56.665195] [E] [handleMessage] Exception in handler: Entity(164): Light not found
[14:06:56.665246] [E] [handleMessage] Exception in handler: Entity(166): Light not found
[14:06:56.665278] [E] [handleMessage] Exception in handler: Entity(168): Light not found
[14:06:56.665308] [E] [handleMessage] Exception in handler: Entity(170): Light not found
[14:06:56.665467] [I] FLR0026_CAMERA_APPLIED head=(5,0,-5) targetPresent=true target=(0,0,0) dolly=(5,0,5)
[14:06:56.771976] [I] FLR0026_MODEL_STAGE_COMPLETE asset=assets/models/sequoia_ngp.glb pending_models=0
[14:06:56.772213] [E] [handleMessage] Exception in handler: Entity(164): Light not found
[14:06:56.772268] [E] [handleMessage] Exception in handler: Entity(166): Light not found
[14:06:56.772301] [E] [handleMessage] Exception in handler: Entity(168): Light not found
[14:06:56.772331] [E] [handleMessage] Exception in handler: Entity(170): Light not found
[14:06:56.772489] [I] FLR0026_CAMERA_APPLIED head=(5,0,-5) targetPresent=true target=(0,0,0) dolly=(5,0,5)
FLR0026_VK_QUEUE_PRESENT result=0 surface=7fe44ddffc80 swapchain=7fe44dd4e910 index=0
[14:06:56.872980] [I] FLR0026_MODEL_STAGE_COMPLETE asset=assets/models/sequoia_ngp.glb pending_models=0
[14:06:56.873215] [E] [handleMessage] Exception in handler: Entity(164): Light not found
[14:06:56.873267] [E] [handleMessage] Exception in handler: Entity(166): Light not found
[14:06:56.873301] [E] [handleMessage] Exception in handler: Entity(168): Light not found
[14:06:56.873339] [E] [handleMessage] Exception in handler: Entity(170): Light not found
[14:06:56.873493] [I] FLR0026_CAMERA_APPLIED head=(5,0,-5) targetPresent=true target=(0,0,0) dolly=(5,0,5)
[14:06:56.874430] [I] FLR0026_FRAME_BEGIN seq=250 started=true
[14:06:56.981578] [I] FLR0026_MODEL_STAGE_COMPLETE asset=assets/models/sequoia_ngp.glb pending_models=0
[14:06:56.981955] [E] [handleMessage] Exception in handler: Entity(164): Light not found
[14:06:56.982020] [E] [handleMessage] Exception in handler: Entity(166): Light not found
[14:06:56.982056] [E] [handleMessage] Exception in handler: Entity(168): Light not found
[14:06:56.982090] [E] [handleMessage] Exception in handler: Entity(170): Light not found
[14:06:56.982288] [I] FLR0026_CAMERA_APPLIED head=(5,0,-5) targetPresent=true target=(0,0,0) dolly=(5,0,5)
[14:06:57.143200] [I] FLR0026_MODEL_STAGE_COMPLETE asset=assets/models/sequoia_ngp.glb pending_models=0
[14:06:57.143459] [E] [handleMessage] Exception in handler: Entity(164): Light not found
[14:06:57.143506] [E] [handleMessage] Exception in handler: Entity(166): Light not found
[14:06:57.143536] [E] [handleMessage] Exception in handler: Entity(168): Light not found
[14:06:57.143615] [E] [handleMessage] Exception in handler: Entity(170): Light not found
[14:06:57.143778] [I] FLR0026_CAMERA_APPLIED head=(5,0,-5) targetPresent=true target=(0,0,0) dolly=(5,0,5)
[14:06:57.244627] [I] FLR0026_MODEL_STAGE_COMPLETE asset=assets/models/sequoia_ngp.glb pending_models=0
[14:06:57.245205] [E] [handleMessage] Exception in handler: Entity(164): Light not found
[14:06:57.245261] [E] [handleMessage] Exception in handler: Entity(166): Light not found
[14:06:57.245292] [E] [handleMessage] Exception in handler: Entity(168): Light not found
[14:06:57.245321] [E] [handleMessage] Exception in handler: Entity(170): Light not found
[14:06:57.245474] [I] FLR0026_CAMERA_APPLIED head=(5,0,-5) targetPresent=true target=(0,0,0) dolly=(5,0,5)
FLR0026_VK_ACQUIRE_WAIT_SEMAPHORE enabled=true\n[14:06:57.366083] [I] FLR0026_MODEL_STAGE_COMPLETE asset=assets/models/sequoia_ngp.glb pending_models=0
[14:06:57.366497] [E] [handleMessage] Exception in handler: Entity(164): Light not found
[14:06:57.366605] [E] [handleMessage] Exception in handler: Entity(166): Light not found
[14:06:57.366685] [E] [handleMessage] Exception in handler: Entity(168): Light not found
[14:06:57.366764] [E] [handleMessage] Exception in handler: Entity(170): Light not found
[14:06:57.367211] [I] FLR0026_CAMERA_APPLIED head=(5,0,-5) targetPresent=true target=(0,0,0) dolly=(5,0,5)
[14:06:57.468304] [I] FLR0026_MODEL_STAGE_COMPLETE asset=assets/models/sequoia_ngp.glb pending_models=0
[14:06:57.468688] [E] [handleMessage] Exception in handler: Entity(164): Light not found
[14:06:57.468790] [E] [handleMessage] Exception in handler: Entity(166): Light not found
[14:06:57.469006] [E] [handleMessage] Exception in handler: Entity(168): Light not found
[14:06:57.469100] [E] [handleMessage] Exception in handler: Entity(170): Light not found
[14:06:57.469398] [I] FLR0026_CAMERA_APPLIED head=(5,0,-5) targetPresent=true target=(0,0,0) dolly=(5,0,5)
[14:06:57.570381] [I] FLR0026_MODEL_STAGE_COMPLETE asset=assets/models/sequoia_ngp.glb pending_models=0
[14:06:57.570792] [E] [handleMessage] Exception in handler: Entity(164): Light not found
[14:06:57.571057] [E] [handleMessage] Exception in handler: Entity(166): Light not found
[14:06:57.571152] [E] [handleMessage] Exception in handler: Entity(168): Light not found
[14:06:57.571296] [E] [handleMessage] Exception in handler: Entity(170): Light not found
[14:06:57.571623] [I] FLR0026_CAMERA_APPLIED head=(5,0,-5) targetPresent=true target=(0,0,0) dolly=(5,0,5)
[14:06:57.672650] [I] FLR0026_MODEL_STAGE_COMPLETE asset=assets/models/sequoia_ngp.glb pending_models=0
[14:06:57.673165] [E] [handleMessage] Exception in handler: Entity(164): Light not found
[14:06:57.673278] [E] [handleMessage] Exception in handler: Entity(166): Light not found
[14:06:57.673353] [E] [handleMessage] Exception in handler: Entity(168): Light not found
[14:06:57.673423] [E] [handleMessage] Exception in handler: Entity(170): Light not found
[14:06:57.673726] [I] FLR0026_CAMERA_APPLIED head=(5,0,-5) targetPresent=true target=(0,0,0) dolly=(5,0,5)
[14:06:57.774754] [I] FLR0026_MODEL_STAGE_COMPLETE asset=assets/models/sequoia_ngp.glb pending_models=0
[14:06:57.775342] [E] [handleMessage] Exception in handler: Entity(164): Light not found
[14:06:57.775485] [E] [handleMessage] Exception in handler: Entity(166): Light not found
[14:06:57.775569] [E] [handleMessage] Exception in handler: Entity(168): Light not found
[14:06:57.775648] [E] [handleMessage] Exception in handler: Entity(170): Light not found
[14:06:57.776098] [I] FLR0026_CAMERA_APPLIED head=(5,0,-5) targetPresent=true target=(0,0,0) dolly=(5,0,5)
[14:06:57.877079] [I] FLR0026_MODEL_STAGE_COMPLETE asset=assets/models/sequoia_ngp.glb pending_models=0
[14:06:57.877464] [E] [handleMessage] Exception in handler: Entity(164): Light not found
[14:06:57.877569] [E] [handleMessage] Exception in handler: Entity(166): Light not found
[14:06:57.877645] [E] [handleMessage] Exception in handler: Entity(168): Light not found
[14:06:57.877793] [E] [handleMessage] Exception in handler: Entity(170): Light not found
[14:06:57.878342] [I] FLR0026_CAMERA_APPLIED head=(5,0,-5) targetPresent=true target=(0,0,0) dolly=(5,0,5)
[14:06:57.979421] [I] FLR0026_MODEL_STAGE_COMPLETE asset=assets/models/sequoia_ngp.glb pending_models=0
[14:06:57.979788] [E] [handleMessage] Exception in handler: Entity(164): Light not found
[14:06:57.980057] [E] [handleMessage] Exception in handler: Entity(166): Light not found
[14:06:57.980163] [E] [handleMessage] Exception in handler: Entity(168): Light not found
[14:06:57.980242] [E] [handleMessage] Exception in handler: Entity(170): Light not found
[14:06:57.980537] [I] FLR0026_CAMERA_APPLIED head=(5,0,-5) targetPresent=true target=(0,0,0) dolly=(5,0,5)
[14:06:57.980772] [I] FLR0026_FRAME_BEGIN seq=260 started=false
[14:06:58.081329] [I] FLR0026_MODEL_STAGE_COMPLETE asset=assets/models/sequoia_ngp.glb pending_models=0
[14:06:58.081717] [E] [handleMessage] Exception in handler: Entity(164): Light not found
[14:06:58.081949] [E] [handleMessage] Exception in handler: Entity(166): Light not found
[14:06:58.082056] [E] [handleMessage] Exception in handler: Entity(168): Light not found
[14:06:58.082133] [E] [handleMessage] Exception in handler: Entity(170): Light not found
[14:06:58.082426] [I] FLR0026_CAMERA_APPLIED head=(5,0,-5) targetPresent=true target=(0,0,0) dolly=(5,0,5)
[14:06:58.183537] [I] FLR0026_MODEL_STAGE_COMPLETE asset=assets/models/sequoia_ngp.glb pending_models=0
[14:06:58.184098] [E] [handleMessage] Exception in handler: Entity(164): Light not found
[14:06:58.184230] [E] [handleMessage] Exception in handler: Entity(166): Light not found
[14:06:58.184316] [E] [handleMessage] Exception in handler: Entity(168): Light not found
[14:06:58.184396] [E] [handleMessage] Exception in handler: Entity(170): Light not found
[14:06:58.184712] [I] FLR0026_CAMERA_APPLIED head=(5,0,-5) targetPresent=true target=(0,0,0) dolly=(5,0,5)
[14:06:58.285702] [I] FLR0026_MODEL_STAGE_COMPLETE asset=assets/models/sequoia_ngp.glb pending_models=0
[14:06:58.286260] [E] [handleMessage] Exception in handler: Entity(164): Light not found
[14:06:58.286400] [E] [handleMessage] Exception in handler: Entity(166): Light not found
[14:06:58.286479] [E] [handleMessage] Exception in handler: Entity(168): Light not found
[14:06:58.286550] [E] [handleMessage] Exception in handler: Entity(170): Light not found
[14:06:58.286869] [I] FLR0026_CAMERA_APPLIED head=(5,0,-5) targetPresent=true target=(0,0,0) dolly=(5,0,5)
[14:06:58.387768] [I] FLR0026_MODEL_STAGE_COMPLETE asset=assets/models/sequoia_ngp.glb pending_models=0
[14:06:58.389743] [E] [handleMessage] Exception in handler: Entity(164): Light not found
[14:06:58.390022] [E] [handleMessage] Exception in handler: Entity(166): Light not found
[14:06:58.390125] [E] [handleMessage] Exception in handler: Entity(168): Light not found
[14:06:58.390205] [E] [handleMessage] Exception in handler: Entity(170): Light not found
[14:06:58.390525] [I] FLR0026_CAMERA_APPLIED head=(5,0,-5) targetPresent=true target=(0,0,0) dolly=(5,0,5)
[14:06:58.491530] [I] FLR0026_MODEL_STAGE_COMPLETE asset=assets/models/sequoia_ngp.glb pending_models=0
[14:06:58.492077] [E] [handleMessage] Exception in handler: Entity(164): Light not found
[14:06:58.492214] [E] [handleMessage] Exception in handler: Entity(166): Light not found
[14:06:58.492293] [E] [handleMessage] Exception in handler: Entity(168): Light not found
[14:06:58.492365] [E] [handleMessage] Exception in handler: Entity(170): Light not found
[14:06:58.492661] [I] FLR0026_CAMERA_APPLIED head=(5,0,-5) targetPresent=true target=(0,0,0) dolly=(5,0,5)
[14:06:58.593609] [I] FLR0026_MODEL_STAGE_COMPLETE asset=assets/models/sequoia_ngp.glb pending_models=0
[14:06:58.594206] [E] [handleMessage] Exception in handler: Entity(164): Light not found
[14:06:58.594353] [E] [handleMessage] Exception in handler: Entity(166): Light not found
[14:06:58.594515] [E] [handleMessage] Exception in handler: Entity(168): Light not found
[14:06:58.594604] [E] [handleMessage] Exception in handler: Entity(170): Light not found
[14:06:58.594976] [I] FLR0026_CAMERA_APPLIED head=(5,0,-5) targetPresent=true target=(0,0,0) dolly=(5,0,5)
[14:06:58.695700] [I] FLR0026_MODEL_STAGE_COMPLETE asset=assets/models/sequoia_ngp.glb pending_models=0
[14:06:58.696263] [E] [handleMessage] Exception in handler: Entity(164): Light not found
[14:06:58.696379] [E] [handleMessage] Exception in handler: Entity(166): Light not found
[14:06:58.696456] [E] [handleMessage] Exception in handler: Entity(168): Light not found
[14:06:58.696530] [E] [handleMessage] Exception in handler: Entity(170): Light not found
[14:06:58.696871] [I] FLR0026_CAMERA_APPLIED head=(5,0,-5) targetPresent=true target=(0,0,0) dolly=(5,0,5)
[14:06:58.797644] [I] FLR0026_MODEL_STAGE_COMPLETE asset=assets/models/sequoia_ngp.glb pending_models=0
[14:06:58.798226] [E] [handleMessage] Exception in handler: Entity(164): Light not found
[14:06:58.798356] [E] [handleMessage] Exception in handler: Entity(166): Light not found
[14:06:58.798443] [E] [handleMessage] Exception in handler: Entity(168): Light not found
[14:06:58.798527] [E] [handleMessage] Exception in handler: Entity(170): Light not found
[14:06:58.798911] [I] FLR0026_CAMERA_APPLIED head=(5,0,-5) targetPresent=true target=(0,0,0) dolly=(5,0,5)
[14:06:58.899602] [I] FLR0026_MODEL_STAGE_COMPLETE asset=assets/models/sequoia_ngp.glb pending_models=0
[14:06:58.900051] [E] [handleMessage] Exception in handler: Entity(164): Light not found
[14:06:58.900151] [E] [handleMessage] Exception in handler: Entity(166): Light not found
[14:06:58.900220] [E] [handleMessage] Exception in handler: Entity(168): Light not found
[14:06:58.900284] [E] [handleMessage] Exception in handler: Entity(170): Light not found
[14:06:58.900567] [I] FLR0026_CAMERA_APPLIED head=(5,0,-5) targetPresent=true target=(0,0,0) dolly=(5,0,5)
[14:06:59.001540] [I] FLR0026_MODEL_STAGE_COMPLETE asset=assets/models/sequoia_ngp.glb pending_models=0
[14:06:59.002123] [E] [handleMessage] Exception in handler: Entity(164): Light not found
[14:06:59.002242] [E] [handleMessage] Exception in handler: Entity(166): Light not found
[14:06:59.002321] [E] [handleMessage] Exception in handler: Entity(168): Light not found
[14:06:59.002403] [E] [handleMessage] Exception in handler: Entity(170): Light not found
[14:06:59.002705] [I] FLR0026_CAMERA_APPLIED head=(5,0,-5) targetPresent=true target=(0,0,0) dolly=(5,0,5)
[14:06:59.003093] [I] FLR0026_FRAME_BEGIN seq=270 started=false
[14:06:59.103623] [I] FLR0026_MODEL_STAGE_COMPLETE asset=assets/models/sequoia_ngp.glb pending_models=0
[14:06:59.104132] [E] [handleMessage] Exception in handler: Entity(164): Light not found
[14:06:59.104245] [E] [handleMessage] Exception in handler: Entity(166): Light not found
[14:06:59.104325] [E] [handleMessage] Exception in handler: Entity(168): Light not found
[14:06:59.104402] [E] [handleMessage] Exception in handler: Entity(170): Light not found
[14:06:59.104694] [I] FLR0026_CAMERA_APPLIED head=(5,0,-5) targetPresent=true target=(0,0,0) dolly=(5,0,5)
[14:06:59.205593] [I] FLR0026_MODEL_STAGE_COMPLETE asset=assets/models/sequoia_ngp.glb pending_models=0
[14:06:59.206039] [E] [handleMessage] Exception in handler: Entity(164): Light not found
[14:06:59.206103] [E] [handleMessage] Exception in handler: Entity(166): Light not found
[14:06:59.206136] [E] [handleMessage] Exception in handler: Entity(168): Light not found
[14:06:59.206165] [E] [handleMessage] Exception in handler: Entity(170): Light not found
[14:06:59.206316] [I] FLR0026_CAMERA_APPLIED head=(5,0,-5) targetPresent=true target=(0,0,0) dolly=(5,0,5)
[14:06:59.307105] [I] FLR0026_MODEL_STAGE_COMPLETE asset=assets/models/sequoia_ngp.glb pending_models=0
[14:06:59.307493] [E] [handleMessage] Exception in handler: Entity(164): Light not found
[14:06:59.307660] [E] [handleMessage] Exception in handler: Entity(166): Light not found
[14:06:59.307745] [E] [handleMessage] Exception in handler: Entity(168): Light not found
[14:06:59.307806] [E] [handleMessage] Exception in handler: Entity(170): Light not found
[14:06:59.308049] [I] FLR0026_CAMERA_APPLIED head=(5,0,-5) targetPresent=true target=(0,0,0) dolly=(5,0,5)
[14:06:59.408708] [I] FLR0026_MODEL_STAGE_COMPLETE asset=assets/models/sequoia_ngp.glb pending_models=0
[14:06:59.409222] [E] [handleMessage] Exception in handler: Entity(164): Light not found
[14:06:59.409360] [E] [handleMessage] Exception in handler: Entity(166): Light not found
[14:06:59.409490] [E] [handleMessage] Exception in handler: Entity(168): Light not found
[14:06:59.409718] [E] [handleMessage] Exception in handler: Entity(170): Light not found
[14:06:59.410060] [I] FLR0026_CAMERA_APPLIED head=(5,0,-5) targetPresent=true target=(0,0,0) dolly=(5,0,5)
[14:06:59.510717] [I] FLR0026_MODEL_STAGE_COMPLETE asset=assets/models/sequoia_ngp.glb pending_models=0
[14:06:59.511042] [E] [handleMessage] Exception in handler: Entity(164): Light not found
[14:06:59.511098] [E] [handleMessage] Exception in handler: Entity(166): Light not found
[14:06:59.511131] [E] [handleMessage] Exception in handler: Entity(168): Light not found
[14:06:59.511160] [E] [handleMessage] Exception in handler: Entity(170): Light not found
[14:06:59.511310] [I] FLR0026_CAMERA_APPLIED head=(5,0,-5) targetPresent=true target=(0,0,0) dolly=(5,0,5)
[14:06:59.612027] [I] FLR0026_MODEL_STAGE_COMPLETE asset=assets/models/sequoia_ngp.glb pending_models=0
[14:06:59.612394] [E] [handleMessage] Exception in handler: Entity(164): Light not found
[14:06:59.612500] [E] [handleMessage] Exception in handler: Entity(166): Light not found
[14:06:59.612595] [E] [handleMessage] Exception in handler: Entity(168): Light not found
[14:06:59.612734] [E] [handleMessage] Exception in handler: Entity(170): Light not found
[14:06:59.613230] [I] FLR0026_CAMERA_APPLIED head=(5,0,-5) targetPresent=true target=(0,0,0) dolly=(5,0,5)
[14:06:59.714539] [I] FLR0026_MODEL_STAGE_COMPLETE asset=assets/models/sequoia_ngp.glb pending_models=0
[14:06:59.715081] [E] [handleMessage] Exception in handler: Entity(164): Light not found
[14:06:59.715200] [E] [handleMessage] Exception in handler: Entity(166): Light not found
[14:06:59.715280] [E] [handleMessage] Exception in handler: Entity(168): Light not found
[14:06:59.715351] [E] [handleMessage] Exception in handler: Entity(170): Light not found
[14:06:59.715642] [I] FLR0026_CAMERA_APPLIED head=(5,0,-5) targetPresent=true target=(0,0,0) dolly=(5,0,5)
[14:06:59.816304] [I] FLR0026_MODEL_STAGE_COMPLETE asset=assets/models/sequoia_ngp.glb pending_models=0
[14:06:59.816523] [E] [handleMessage] Exception in handler: Entity(164): Light not found
[14:06:59.816572] [E] [handleMessage] Exception in handler: Entity(166): Light not found
[14:06:59.816617] [E] [handleMessage] Exception in handler: Entity(168): Light not found
[14:06:59.816682] [E] [handleMessage] Exception in handler: Entity(170): Light not found
[14:06:59.817056] [I] FLR0026_CAMERA_APPLIED head=(5,0,-5) targetPresent=true target=(0,0,0) dolly=(5,0,5)
[14:06:59.917926] [I] FLR0026_MODEL_STAGE_COMPLETE asset=assets/models/sequoia_ngp.glb pending_models=0
[14:06:59.918229] [E] [handleMessage] Exception in handler: Entity(164): Light not found
[14:06:59.918281] [E] [handleMessage] Exception in handler: Entity(166): Light not found
[14:06:59.918329] [E] [handleMessage] Exception in handler: Entity(168): Light not found
[14:06:59.918358] [E] [handleMessage] Exception in handler: Entity(170): Light not found
[14:06:59.918511] [I] FLR0026_CAMERA_APPLIED head=(5,0,-5) targetPresent=true target=(0,0,0) dolly=(5,0,5)
[14:07:00.019061] [I] FLR0026_MODEL_STAGE_COMPLETE asset=assets/models/sequoia_ngp.glb pending_models=0
[14:07:00.019310] [E] [handleMessage] Exception in handler: Entity(164): Light not found
[14:07:00.019357] [E] [handleMessage] Exception in handler: Entity(166): Light not found
[14:07:00.019394] [E] [handleMessage] Exception in handler: Entity(168): Light not found
[14:07:00.019546] [E] [handleMessage] Exception in handler: Entity(170): Light not found
[14:07:00.020046] [I] FLR0026_CAMERA_APPLIED head=(5,0,-5) targetPresent=true target=(0,0,0) dolly=(5,0,5)
[14:07:00.020443] [I] FLR0026_FRAME_BEGIN seq=280 started=false
[14:07:00.120931] [I] FLR0026_MODEL_STAGE_COMPLETE asset=assets/models/sequoia_ngp.glb pending_models=0
[14:07:00.121182] [E] [handleMessage] Exception in handler: Entity(164): Light not found
[14:07:00.121230] [E] [handleMessage] Exception in handler: Entity(166): Light not found
[14:07:00.121261] [E] [handleMessage] Exception in handler: Entity(168): Light not found
[14:07:00.121292] [E] [handleMessage] Exception in handler: Entity(170): Light not found
[14:07:00.121444] [I] FLR0026_CAMERA_APPLIED head=(5,0,-5) targetPresent=true target=(0,0,0) dolly=(5,0,5)
[14:07:00.222130] [I] FLR0026_MODEL_STAGE_COMPLETE asset=assets/models/sequoia_ngp.glb pending_models=0
[14:07:00.222523] [E] [handleMessage] Exception in handler: Entity(164): Light not found
[14:07:00.222628] [E] [handleMessage] Exception in handler: Entity(166): Light not found
[14:07:00.222704] [E] [handleMessage] Exception in handler: Entity(168): Light not found
[14:07:00.222777] [E] [handleMessage] Exception in handler: Entity(170): Light not found
[14:07:00.223217] [I] FLR0026_CAMERA_APPLIED head=(5,0,-5) targetPresent=true target=(0,0,0) dolly=(5,0,5)
[14:07:00.324097] [I] FLR0026_MODEL_STAGE_COMPLETE asset=assets/models/sequoia_ngp.glb pending_models=0
[14:07:00.324499] [E] [handleMessage] Exception in handler: Entity(164): Light not found
[14:07:00.324606] [E] [handleMessage] Exception in handler: Entity(166): Light not found
[14:07:00.324684] [E] [handleMessage] Exception in handler: Entity(168): Light not found
[14:07:00.324758] [E] [handleMessage] Exception in handler: Entity(170): Light not found
[14:07:00.325212] [I] FLR0026_CAMERA_APPLIED head=(5,0,-5) targetPresent=true target=(0,0,0) dolly=(5,0,5)
[14:07:00.426086] [I] FLR0026_MODEL_STAGE_COMPLETE asset=assets/models/sequoia_ngp.glb pending_models=0
[14:07:00.426474] [E] [handleMessage] Exception in handler: Entity(164): Light not found
[14:07:00.426583] [E] [handleMessage] Exception in handler: Entity(166): Light not found
[14:07:00.426661] [E] [handleMessage] Exception in handler: Entity(168): Light not found
[14:07:00.426733] [E] [handleMessage] Exception in handler: Entity(170): Light not found
[14:07:00.427200] [I] FLR0026_CAMERA_APPLIED head=(5,0,-5) targetPresent=true target=(0,0,0) dolly=(5,0,5)
[14:07:00.528190] [I] FLR0026_MODEL_STAGE_COMPLETE asset=assets/models/sequoia_ngp.glb pending_models=0
[14:07:00.528431] [E] [handleMessage] Exception in handler: Entity(164): Light not found
[14:07:00.528480] [E] [handleMessage] Exception in handler: Entity(166): Light not found
[14:07:00.528512] [E] [handleMessage] Exception in handler: Entity(168): Light not found
[14:07:00.528541] [E] [handleMessage] Exception in handler: Entity(170): Light not found
[14:07:00.528691] [I] FLR0026_CAMERA_APPLIED head=(5,0,-5) targetPresent=true target=(0,0,0) dolly=(5,0,5)
[14:07:00.629440] [I] FLR0026_MODEL_STAGE_COMPLETE asset=assets/models/sequoia_ngp.glb pending_models=0
[14:07:00.629970] [E] [handleMessage] Exception in handler: Entity(164): Light not found
[14:07:00.630099] [E] [handleMessage] Exception in handler: Entity(166): Light not found
[14:07:00.630186] [E] [handleMessage] Exception in handler: Entity(168): Light not found
[14:07:00.630216] [E] [handleMessage] Exception in handler: Entity(170): Light not found
[14:07:00.630370] [I] FLR0026_CAMERA_APPLIED head=(5,0,-5) targetPresent=true target=(0,0,0) dolly=(5,0,5)
[14:07:00.731029] [I] FLR0026_MODEL_STAGE_COMPLETE asset=assets/models/sequoia_ngp.glb pending_models=0
[14:07:00.731416] [E] [handleMessage] Exception in handler: Entity(164): Light not found
[14:07:00.731522] [E] [handleMessage] Exception in handler: Entity(166): Light not found
[14:07:00.731684] [E] [handleMessage] Exception in handler: Entity(168): Light not found
[14:07:00.731768] [E] [handleMessage] Exception in handler: Entity(170): Light not found
[14:07:00.732223] [I] FLR0026_CAMERA_APPLIED head=(5,0,-5) targetPresent=true target=(0,0,0) dolly=(5,0,5)
[14:07:00.833169] [I] FLR0026_MODEL_STAGE_COMPLETE asset=assets/models/sequoia_ngp.glb pending_models=0
[14:07:00.833556] [E] [handleMessage] Exception in handler: Entity(164): Light not found
[14:07:00.833664] [E] [handleMessage] Exception in handler: Entity(166): Light not found
[14:07:00.833740] [E] [handleMessage] Exception in handler: Entity(168): Light not found
[14:07:00.833968] [E] [handleMessage] Exception in handler: Entity(170): Light not found
[14:07:00.834296] [I] FLR0026_CAMERA_APPLIED head=(5,0,-5) targetPresent=true target=(0,0,0) dolly=(5,0,5)
[14:07:00.935206] [I] FLR0026_MODEL_STAGE_COMPLETE asset=assets/models/sequoia_ngp.glb pending_models=0
[14:07:00.935587] [E] [handleMessage] Exception in handler: Entity(164): Light not found
[14:07:00.935692] [E] [handleMessage] Exception in handler: Entity(166): Light not found
[14:07:00.935773] [E] [handleMessage] Exception in handler: Entity(168): Light not found
[14:07:00.936060] [E] [handleMessage] Exception in handler: Entity(170): Light not found
[14:07:00.936375] [I] FLR0026_CAMERA_APPLIED head=(5,0,-5) targetPresent=true target=(0,0,0) dolly=(5,0,5)
[14:07:01.037361] [I] FLR0026_MODEL_STAGE_COMPLETE asset=assets/models/sequoia_ngp.glb pending_models=0
[14:07:01.037760] [E] [handleMessage] Exception in handler: Entity(164): Light not found
[14:07:01.038014] [E] [handleMessage] Exception in handler: Entity(166): Light not found
[14:07:01.038119] [E] [handleMessage] Exception in handler: Entity(168): Light not found
[14:07:01.038198] [E] [handleMessage] Exception in handler: Entity(170): Light not found
[14:07:01.038470] [I] FLR0026_CAMERA_APPLIED head=(5,0,-5) targetPresent=true target=(0,0,0) dolly=(5,0,5)
[14:07:01.038807] [I] FLR0026_FRAME_BEGIN seq=290 started=false
[14:07:01.139546] [I] FLR0026_MODEL_STAGE_COMPLETE asset=assets/models/sequoia_ngp.glb pending_models=0
[14:07:01.140148] [E] [handleMessage] Exception in handler: Entity(164): Light not found
[14:07:01.140289] [E] [handleMessage] Exception in handler: Entity(166): Light not found
[14:07:01.140363] [E] [handleMessage] Exception in handler: Entity(168): Light not found
[14:07:01.140427] [E] [handleMessage] Exception in handler: Entity(170): Light not found
[14:07:01.140703] [I] FLR0026_CAMERA_APPLIED head=(5,0,-5) targetPresent=true target=(0,0,0) dolly=(5,0,5)
[14:07:01.241709] [I] FLR0026_MODEL_STAGE_COMPLETE asset=assets/models/sequoia_ngp.glb pending_models=0
[14:07:01.242174] [E] [handleMessage] Exception in handler: Entity(164): Light not found
[14:07:01.242286] [E] [handleMessage] Exception in handler: Entity(166): Light not found
[14:07:01.242367] [E] [handleMessage] Exception in handler: Entity(168): Light not found
[14:07:01.242439] [E] [handleMessage] Exception in handler: Entity(170): Light not found
[14:07:01.242731] [I] FLR0026_CAMERA_APPLIED head=(5,0,-5) targetPresent=true target=(0,0,0) dolly=(5,0,5)
[14:07:01.343976] [I] FLR0026_MODEL_STAGE_COMPLETE asset=assets/models/sequoia_ngp.glb pending_models=0
[14:07:01.344374] [E] [handleMessage] Exception in handler: Entity(164): Light not found
[14:07:01.344473] [E] [handleMessage] Exception in handler: Entity(166): Light not found
[14:07:01.344544] [E] [handleMessage] Exception in handler: Entity(168): Light not found
[14:07:01.344610] [E] [handleMessage] Exception in handler: Entity(170): Light not found
[14:07:01.344938] [I] FLR0026_CAMERA_APPLIED head=(5,0,-5) targetPresent=true target=(0,0,0) dolly=(5,0,5)
[14:07:01.446016] [I] FLR0026_MODEL_STAGE_COMPLETE asset=assets/models/sequoia_ngp.glb pending_models=0
[14:07:01.446422] [E] [handleMessage] Exception in handler: Entity(164): Light not found
[14:07:01.446612] [E] [handleMessage] Exception in handler: Entity(166): Light not found
[14:07:01.446698] [E] [handleMessage] Exception in handler: Entity(168): Light not found
[14:07:01.446769] [E] [handleMessage] Exception in handler: Entity(170): Light not found
[14:07:01.447110] [I] FLR0026_CAMERA_APPLIED head=(5,0,-5) targetPresent=true target=(0,0,0) dolly=(5,0,5)
[14:07:01.548111] [I] FLR0026_MODEL_STAGE_COMPLETE asset=assets/models/sequoia_ngp.glb pending_models=0
[14:07:01.548532] [E] [handleMessage] Exception in handler: Entity(164): Light not found
[14:07:01.548644] [E] [handleMessage] Exception in handler: Entity(166): Light not found
[14:07:01.548728] [E] [handleMessage] Exception in handler: Entity(168): Light not found
[14:07:01.548806] [E] [handleMessage] Exception in handler: Entity(170): Light not found
[14:07:01.549185] [I] FLR0026_CAMERA_APPLIED head=(5,0,-5) targetPresent=true target=(0,0,0) dolly=(5,0,5)
[14:07:01.650130] [I] FLR0026_MODEL_STAGE_COMPLETE asset=assets/models/sequoia_ngp.glb pending_models=0
[14:07:01.650523] [E] [handleMessage] Exception in handler: Entity(164): Light not found
[14:07:01.650630] [E] [handleMessage] Exception in handler: Entity(166): Light not found
[14:07:01.650709] [E] [handleMessage] Exception in handler: Entity(168): Light not found
[14:07:01.650781] [E] [handleMessage] Exception in handler: Entity(170): Light not found
[14:07:01.651252] [I] FLR0026_CAMERA_APPLIED head=(5,0,-5) targetPresent=true target=(0,0,0) dolly=(5,0,5)
[14:07:01.752229] [I] FLR0026_MODEL_STAGE_COMPLETE asset=assets/models/sequoia_ngp.glb pending_models=0
[14:07:01.752605] [E] [handleMessage] Exception in handler: Entity(164): Light not found
[14:07:01.752705] [E] [handleMessage] Exception in handler: Entity(166): Light not found
[14:07:01.752782] [E] [handleMessage] Exception in handler: Entity(168): Light not found
[14:07:01.752972] [E] [handleMessage] Exception in handler: Entity(170): Light not found
[14:07:01.753278] [I] FLR0026_CAMERA_APPLIED head=(5,0,-5) targetPresent=true target=(0,0,0) dolly=(5,0,5)
[14:07:01.854236] [I] FLR0026_MODEL_STAGE_COMPLETE asset=assets/models/sequoia_ngp.glb pending_models=0
[14:07:01.854619] [E] [handleMessage] Exception in handler: Entity(164): Light not found
[14:07:01.854726] [E] [handleMessage] Exception in handler: Entity(166): Light not found
[14:07:01.854805] [E] [handleMessage] Exception in handler: Entity(168): Light not found
[14:07:01.855091] [E] [handleMessage] Exception in handler: Entity(170): Light not found
[14:07:01.855402] [I] FLR0026_CAMERA_APPLIED head=(5,0,-5) targetPresent=true target=(0,0,0) dolly=(5,0,5)
[14:07:01.956542] [I] FLR0026_MODEL_STAGE_COMPLETE asset=assets/models/sequoia_ngp.glb pending_models=0
[14:07:01.957151] [E] [handleMessage] Exception in handler: Entity(164): Light not found
[14:07:01.957279] [E] [handleMessage] Exception in handler: Entity(166): Light not found
[14:07:01.957366] [E] [handleMessage] Exception in handler: Entity(168): Light not found
[14:07:01.957437] [E] [handleMessage] Exception in handler: Entity(170): Light not found
[14:07:01.957725] [I] FLR0026_CAMERA_APPLIED head=(5,0,-5) targetPresent=true target=(0,0,0) dolly=(5,0,5)
[14:07:02.058709] [I] FLR0026_MODEL_STAGE_PROGRESS seq=300 progress=1 assets=1
[14:07:02.058948] [I] FLR0026_MODEL_STAGE_COMPLETE asset=assets/models/sequoia_ngp.glb pending_models=0
[14:07:02.059250] [E] [handleMessage] Exception in handler: Entity(164): Light not found
[14:07:02.059352] [E] [handleMessage] Exception in handler: Entity(166): Light not found
[14:07:02.059422] [E] [handleMessage] Exception in handler: Entity(168): Light not found
[14:07:02.059487] [E] [handleMessage] Exception in handler: Entity(170): Light not found
[14:07:02.059749] [I] FLR0026_CAMERA_APPLIED head=(5,0,-5) targetPresent=true target=(0,0,0) dolly=(5,0,5)
[14:07:02.060216] [I] FLR0026_FRAME_BEGIN seq=300 started=false
[14:07:02.160922] [I] FLR0026_MODEL_STAGE_COMPLETE asset=assets/models/sequoia_ngp.glb pending_models=0
[14:07:02.161203] [E] [handleMessage] Exception in handler: Entity(164): Light not found
[14:07:02.161253] [E] [handleMessage] Exception in handler: Entity(166): Light not found
[14:07:02.161286] [E] [handleMessage] Exception in handler: Entity(168): Light not found
[14:07:02.161316] [E] [handleMessage] Exception in handler: Entity(170): Light not found
[14:07:02.161476] [I] FLR0026_CAMERA_APPLIED head=(5,0,-5) targetPresent=true target=(0,0,0) dolly=(5,0,5)
[14:07:02.262167] [I] FLR0026_MODEL_STAGE_COMPLETE asset=assets/models/sequoia_ngp.glb pending_models=0
[14:07:02.262563] [E] [handleMessage] Exception in handler: Entity(164): Light not found
[14:07:02.262666] [E] [handleMessage] Exception in handler: Entity(166): Light not found
[14:07:02.262743] [E] [handleMessage] Exception in handler: Entity(168): Light not found
[14:07:02.262812] [E] [handleMessage] Exception in handler: Entity(170): Light not found
[14:07:02.263243] [I] FLR0026_CAMERA_APPLIED head=(5,0,-5) targetPresent=true target=(0,0,0) dolly=(5,0,5)
[14:07:02.364056] [I] FLR0026_MODEL_STAGE_COMPLETE asset=assets/models/sequoia_ngp.glb pending_models=0
[14:07:02.364494] [E] [handleMessage] Exception in handler: Entity(164): Light not found
[14:07:02.364602] [E] [handleMessage] Exception in handler: Entity(166): Light not found
[14:07:02.364684] [E] [handleMessage] Exception in handler: Entity(168): Light not found
[14:07:02.364759] [E] [handleMessage] Exception in handler: Entity(170): Light not found
[14:07:02.365131] [I] FLR0026_CAMERA_APPLIED head=(5,0,-5) targetPresent=true target=(0,0,0) dolly=(5,0,5)
[14:07:02.466064] [I] FLR0026_MODEL_STAGE_COMPLETE asset=assets/models/sequoia_ngp.glb pending_models=0
[14:07:02.466513] [E] [handleMessage] Exception in handler: Entity(164): Light not found
[14:07:02.466619] [E] [handleMessage] Exception in handler: Entity(166): Light not found
[14:07:02.466695] [E] [handleMessage] Exception in handler: Entity(168): Light not found
[14:07:02.466763] [E] [handleMessage] Exception in handler: Entity(170): Light not found
[14:07:02.467131] [I] FLR0026_CAMERA_APPLIED head=(5,0,-5) targetPresent=true target=(0,0,0) dolly=(5,0,5)
[14:07:02.568084] [I] FLR0026_MODEL_STAGE_COMPLETE asset=assets/models/sequoia_ngp.glb pending_models=0
[14:07:02.568479] [E] [handleMessage] Exception in handler: Entity(164): Light not found
[14:07:02.568581] [E] [handleMessage] Exception in handler: Entity(166): Light not found
[14:07:02.568655] [E] [handleMessage] Exception in handler: Entity(168): Light not found
[14:07:02.568725] [E] [handleMessage] Exception in handler: Entity(170): Light not found
[14:07:02.569064] [I] FLR0026_CAMERA_APPLIED head=(5,0,-5) targetPresent=true target=(0,0,0) dolly=(5,0,5)
[14:07:02.670097] [I] FLR0026_MODEL_STAGE_COMPLETE asset=assets/models/sequoia_ngp.glb pending_models=0
[14:07:02.670479] [E] [handleMessage] Exception in handler: Entity(164): Light not found
[14:07:02.670585] [E] [handleMessage] Exception in handler: Entity(166): Light not found
[14:07:02.670662] [E] [handleMessage] Exception in handler: Entity(168): Light not found
[14:07:02.670733] [E] [handleMessage] Exception in handler: Entity(170): Light not found
[14:07:02.671067] [I] FLR0026_CAMERA_APPLIED head=(5,0,-5) targetPresent=true target=(0,0,0) dolly=(5,0,5)
[14:07:02.772188] [I] FLR0026_MODEL_STAGE_COMPLETE asset=assets/models/sequoia_ngp.glb pending_models=0
[14:07:02.772605] [E] [handleMessage] Exception in handler: Entity(164): Light not found
[14:07:02.772719] [E] [handleMessage] Exception in handler: Entity(166): Light not found
[14:07:02.772802] [E] [handleMessage] Exception in handler: Entity(168): Light not found
[14:07:02.772943] [E] [handleMessage] Exception in handler: Entity(170): Light not found
[14:07:02.773260] [I] FLR0026_CAMERA_APPLIED head=(5,0,-5) targetPresent=true target=(0,0,0) dolly=(5,0,5)
[14:07:02.874245] [I] FLR0026_MODEL_STAGE_COMPLETE asset=assets/models/sequoia_ngp.glb pending_models=0
[14:07:02.874624] [E] [handleMessage] Exception in handler: Entity(164): Light not found
[14:07:02.874815] [E] [handleMessage] Exception in handler: Entity(166): Light not found
[14:07:02.875051] [E] [handleMessage] Exception in handler: Entity(168): Light not found
[14:07:02.875147] [E] [handleMessage] Exception in handler: Entity(170): Light not found
[14:07:02.875445] [I] FLR0026_CAMERA_APPLIED head=(5,0,-5) targetPresent=true target=(0,0,0) dolly=(5,0,5)
[14:07:02.976461] [I] FLR0026_MODEL_STAGE_COMPLETE asset=assets/models/sequoia_ngp.glb pending_models=0
[14:07:02.977040] [E] [handleMessage] Exception in handler: Entity(164): Light not found
[14:07:02.977186] [E] [handleMessage] Exception in handler: Entity(166): Light not found
[14:07:02.977271] [E] [handleMessage] Exception in handler: Entity(168): Light not found
[14:07:02.977351] [E] [handleMessage] Exception in handler: Entity(170): Light not found
[14:07:02.977511] [I] FLR0026_CAMERA_APPLIED head=(5,0,-5) targetPresent=true target=(0,0,0) dolly=(5,0,5)
[14:07:03.078230] [I] FLR0026_MODEL_STAGE_COMPLETE asset=assets/models/sequoia_ngp.glb pending_models=0
[14:07:03.078633] [E] [handleMessage] Exception in handler: Entity(164): Light not found
[14:07:03.078738] [E] [handleMessage] Exception in handler: Entity(166): Light not found
[14:07:03.078964] [E] [handleMessage] Exception in handler: Entity(168): Light not found
[14:07:03.079075] [E] [handleMessage] Exception in handler: Entity(170): Light not found
[14:07:03.079375] [I] FLR0026_CAMERA_APPLIED head=(5,0,-5) targetPresent=true target=(0,0,0) dolly=(5,0,5)
[14:07:03.079752] [I] FLR0026_FRAME_BEGIN seq=310 started=false
[14:07:03.180438] [I] FLR0026_MODEL_STAGE_COMPLETE asset=assets/models/sequoia_ngp.glb pending_models=0
[14:07:03.181000] [E] [handleMessage] Exception in handler: Entity(164): Light not found
[14:07:03.181140] [E] [handleMessage] Exception in handler: Entity(166): Light not found
[14:07:03.181228] [E] [handleMessage] Exception in handler: Entity(168): Light not found
[14:07:03.181310] [E] [handleMessage] Exception in handler: Entity(170): Light not found
[14:07:03.181603] [I] FLR0026_CAMERA_APPLIED head=(5,0,-5) targetPresent=true target=(0,0,0) dolly=(5,0,5)
[14:07:03.282595] [I] FLR0026_MODEL_STAGE_COMPLETE asset=assets/models/sequoia_ngp.glb pending_models=0
[14:07:03.283100] [E] [handleMessage] Exception in handler: Entity(164): Light not found
[14:07:03.283233] [E] [handleMessage] Exception in handler: Entity(166): Light not found
[14:07:03.283312] [E] [handleMessage] Exception in handler: Entity(168): Light not found
[14:07:03.283380] [E] [handleMessage] Exception in handler: Entity(170): Light not found
[14:07:03.283647] [I] FLR0026_CAMERA_APPLIED head=(5,0,-5) targetPresent=true target=(0,0,0) dolly=(5,0,5)
[14:07:03.384805] [I] FLR0026_MODEL_STAGE_COMPLETE asset=assets/models/sequoia_ngp.glb pending_models=0
[14:07:03.385499] [E] [handleMessage] Exception in handler: Entity(164): Light not found
[14:07:03.385615] [E] [handleMessage] Exception in handler: Entity(166): Light not found
[14:07:03.385708] [E] [handleMessage] Exception in handler: Entity(168): Light not found
[14:07:03.385808] [E] [handleMessage] Exception in handler: Entity(170): Light not found
[14:07:03.386288] [I] FLR0026_CAMERA_APPLIED head=(5,0,-5) targetPresent=true target=(0,0,0) dolly=(5,0,5)
[14:07:03.487636] [I] FLR0026_MODEL_STAGE_COMPLETE asset=assets/models/sequoia_ngp.glb pending_models=0
[14:07:03.488208] [E] [handleMessage] Exception in handler: Entity(164): Light not found
[14:07:03.488323] [E] [handleMessage] Exception in handler: Entity(166): Light not found
[14:07:03.488400] [E] [handleMessage] Exception in handler: Entity(168): Light not found
[14:07:03.488473] [E] [handleMessage] Exception in handler: Entity(170): Light not found
[14:07:03.488748] [I] FLR0026_CAMERA_APPLIED head=(5,0,-5) targetPresent=true target=(0,0,0) dolly=(5,0,5)
[14:07:03.589747] [I] FLR0026_MODEL_STAGE_COMPLETE asset=assets/models/sequoia_ngp.glb pending_models=0
[14:07:03.590391] [E] [handleMessage] Exception in handler: Entity(164): Light not found
[14:07:03.590510] [E] [handleMessage] Exception in handler: Entity(166): Light not found
[14:07:03.590585] [E] [handleMessage] Exception in handler: Entity(168): Light not found
[14:07:03.590651] [E] [handleMessage] Exception in handler: Entity(170): Light not found
[14:07:03.591007] [I] FLR0026_CAMERA_APPLIED head=(5,0,-5) targetPresent=true target=(0,0,0) dolly=(5,0,5)
[14:07:03.692056] [I] FLR0026_MODEL_STAGE_COMPLETE asset=assets/models/sequoia_ngp.glb pending_models=0
[14:07:03.692460] [E] [handleMessage] Exception in handler: Entity(164): Light not found
[14:07:03.692562] [E] [handleMessage] Exception in handler: Entity(166): Light not found
[14:07:03.692638] [E] [handleMessage] Exception in handler: Entity(168): Light not found
[14:07:03.692706] [E] [handleMessage] Exception in handler: Entity(170): Light not found
[14:07:03.693081] [I] FLR0026_CAMERA_APPLIED head=(5,0,-5) targetPresent=true target=(0,0,0) dolly=(5,0,5)
[14:07:03.794200] [I] FLR0026_MODEL_STAGE_COMPLETE asset=assets/models/sequoia_ngp.glb pending_models=0
[14:07:03.794581] [E] [handleMessage] Exception in handler: Entity(164): Light not found
[14:07:03.794631] [E] [handleMessage] Exception in handler: Entity(166): Light not found
[14:07:03.794663] [E] [handleMessage] Exception in handler: Entity(168): Light not found
[14:07:03.794693] [E] [handleMessage] Exception in handler: Entity(170): Light not found
[14:07:03.794902] [I] FLR0026_CAMERA_APPLIED head=(5,0,-5) targetPresent=true target=(0,0,0) dolly=(5,0,5)
[14:07:03.895647] [I] FLR0026_MODEL_STAGE_COMPLETE asset=assets/models/sequoia_ngp.glb pending_models=0
[14:07:03.896227] [E] [handleMessage] Exception in handler: Entity(164): Light not found
[14:07:03.896342] [E] [handleMessage] Exception in handler: Entity(166): Light not found
[14:07:03.896416] [E] [handleMessage] Exception in handler: Entity(168): Light not found
[14:07:03.896484] [E] [handleMessage] Exception in handler: Entity(170): Light not found
[14:07:03.896678] [I] FLR0026_CAMERA_APPLIED head=(5,0,-5) targetPresent=true target=(0,0,0) dolly=(5,0,5)
[14:07:03.997433] [I] FLR0026_MODEL_STAGE_COMPLETE asset=assets/models/sequoia_ngp.glb pending_models=0
[14:07:03.997970] [E] [handleMessage] Exception in handler: Entity(164): Light not found
[14:07:03.998099] [E] [handleMessage] Exception in handler: Entity(166): Light not found
[14:07:03.998194] [E] [handleMessage] Exception in handler: Entity(168): Light not found
[14:07:03.998272] [E] [handleMessage] Exception in handler: Entity(170): Light not found
[14:07:03.998617] [I] FLR0026_CAMERA_APPLIED head=(5,0,-5) targetPresent=true target=(0,0,0) dolly=(5,0,5)
[14:07:04.099369] [I] FLR0026_MODEL_STAGE_COMPLETE asset=assets/models/sequoia_ngp.glb pending_models=0
[14:07:04.099774] [E] [handleMessage] Exception in handler: Entity(164): Light not found
[14:07:04.100040] [E] [handleMessage] Exception in handler: Entity(166): Light not found
[14:07:04.100143] [E] [handleMessage] Exception in handler: Entity(168): Light not found
[14:07:04.100213] [E] [handleMessage] Exception in handler: Entity(170): Light not found
[14:07:04.100500] [I] FLR0026_CAMERA_APPLIED head=(5,0,-5) targetPresent=true target=(0,0,0) dolly=(5,0,5)
[14:07:04.100698] [I] FLR0026_FRAME_BEGIN seq=320 started=false
[14:07:04.201216] [I] FLR0026_MODEL_STAGE_COMPLETE asset=assets/models/sequoia_ngp.glb pending_models=0
[14:07:04.201612] [E] [handleMessage] Exception in handler: Entity(164): Light not found
[14:07:04.201715] [E] [handleMessage] Exception in handler: Entity(166): Light not found
[14:07:04.201787] [E] [handleMessage] Exception in handler: Entity(168): Light not found
[14:07:04.201978] [E] [handleMessage] Exception in handler: Entity(170): Light not found
[14:07:04.202300] [I] FLR0026_CAMERA_APPLIED head=(5,0,-5) targetPresent=true target=(0,0,0) dolly=(5,0,5)
[14:07:04.303143] [I] FLR0026_MODEL_STAGE_COMPLETE asset=assets/models/sequoia_ngp.glb pending_models=0
[14:07:04.303533] [E] [handleMessage] Exception in handler: Entity(164): Light not found
[14:07:04.303636] [E] [handleMessage] Exception in handler: Entity(166): Light not found
[14:07:04.303709] [E] [handleMessage] Exception in handler: Entity(168): Light not found
[14:07:04.303777] [E] [handleMessage] Exception in handler: Entity(170): Light not found
[14:07:04.304234] [I] FLR0026_CAMERA_APPLIED head=(5,0,-5) targetPresent=true target=(0,0,0) dolly=(5,0,5)
[14:07:04.405067] [I] FLR0026_MODEL_STAGE_COMPLETE asset=assets/models/sequoia_ngp.glb pending_models=0
[14:07:04.405401] [E] [handleMessage] Exception in handler: Entity(164): Light not found
[14:07:04.405447] [E] [handleMessage] Exception in handler: Entity(166): Light not found
[14:07:04.405477] [E] [handleMessage] Exception in handler: Entity(168): Light not found
[14:07:04.405504] [E] [handleMessage] Exception in handler: Entity(170): Light not found
[14:07:04.405653] [I] FLR0026_CAMERA_APPLIED head=(5,0,-5) targetPresent=true target=(0,0,0) dolly=(5,0,5)
[14:07:04.506381] [I] FLR0026_MODEL_STAGE_COMPLETE asset=assets/models/sequoia_ngp.glb pending_models=0
[14:07:04.506804] [E] [handleMessage] Exception in handler: Entity(164): Light not found
[14:07:04.507034] [E] [handleMessage] Exception in handler: Entity(166): Light not found
[14:07:04.507127] [E] [handleMessage] Exception in handler: Entity(168): Light not found
[14:07:04.507198] [E] [handleMessage] Exception in handler: Entity(170): Light not found
[14:07:04.507418] [I] FLR0026_CAMERA_APPLIED head=(5,0,-5) targetPresent=true target=(0,0,0) dolly=(5,0,5)
[14:07:04.608137] [I] FLR0026_MODEL_STAGE_COMPLETE asset=assets/models/sequoia_ngp.glb pending_models=0
[14:07:04.608527] [E] [handleMessage] Exception in handler: Entity(164): Light not found
[14:07:04.608629] [E] [handleMessage] Exception in handler: Entity(166): Light not found
[14:07:04.608701] [E] [handleMessage] Exception in handler: Entity(168): Light not found
[14:07:04.608770] [E] [handleMessage] Exception in handler: Entity(170): Light not found
[14:07:04.609232] [I] FLR0026_CAMERA_APPLIED head=(5,0,-5) targetPresent=true target=(0,0,0) dolly=(5,0,5)
[14:07:04.710199] [I] FLR0026_MODEL_STAGE_COMPLETE asset=assets/models/sequoia_ngp.glb pending_models=0
[14:07:04.710584] [E] [handleMessage] Exception in handler: Entity(164): Light not found
[14:07:04.710693] [E] [handleMessage] Exception in handler: Entity(166): Light not found
[14:07:04.710771] [E] [handleMessage] Exception in handler: Entity(168): Light not found
[14:07:04.711003] [E] [handleMessage] Exception in handler: Entity(170): Light not found
[14:07:04.711336] [I] FLR0026_CAMERA_APPLIED head=(5,0,-5) targetPresent=true target=(0,0,0) dolly=(5,0,5)
[14:07:04.812750] [I] FLR0026_MODEL_STAGE_COMPLETE asset=assets/models/sequoia_ngp.glb pending_models=0
[14:07:04.813302] [E] [handleMessage] Exception in handler: Entity(164): Light not found
[14:07:04.813408] [E] [handleMessage] Exception in handler: Entity(166): Light not found
[14:07:04.813484] [E] [handleMessage] Exception in handler: Entity(168): Light not found
[14:07:04.813557] [E] [handleMessage] Exception in handler: Entity(170): Light not found
[14:07:04.813937] [I] FLR0026_CAMERA_APPLIED head=(5,0,-5) targetPresent=true target=(0,0,0) dolly=(5,0,5)
[14:07:04.915055] [I] FLR0026_MODEL_STAGE_COMPLETE asset=assets/models/sequoia_ngp.glb pending_models=0
[14:07:04.915455] [E] [handleMessage] Exception in handler: Entity(164): Light not found
[14:07:04.915545] [E] [handleMessage] Exception in handler: Entity(166): Light not found
[14:07:04.915609] [E] [handleMessage] Exception in handler: Entity(168): Light not found
[14:07:04.915670] [E] [handleMessage] Exception in handler: Entity(170): Light not found
[14:07:04.916020] [I] FLR0026_CAMERA_APPLIED head=(5,0,-5) targetPresent=true target=(0,0,0) dolly=(5,0,5)
[14:07:05.017067] [I] FLR0026_MODEL_STAGE_COMPLETE asset=assets/models/sequoia_ngp.glb pending_models=0
[14:07:05.017440] [E] [handleMessage] Exception in handler: Entity(164): Light not found
[14:07:05.017612] [E] [handleMessage] Exception in handler: Entity(166): Light not found
[14:07:05.017687] [E] [handleMessage] Exception in handler: Entity(168): Light not found
[14:07:05.017750] [E] [handleMessage] Exception in handler: Entity(170): Light not found
[14:07:05.018082] [I] FLR0026_CAMERA_APPLIED head=(5,0,-5) targetPresent=true target=(0,0,0) dolly=(5,0,5)
[14:07:05.119097] [I] FLR0026_MODEL_STAGE_COMPLETE asset=assets/models/sequoia_ngp.glb pending_models=0
[14:07:05.119478] [E] [handleMessage] Exception in handler: Entity(164): Light not found
[14:07:05.119570] [E] [handleMessage] Exception in handler: Entity(166): Light not found
[14:07:05.119637] [E] [handleMessage] Exception in handler: Entity(168): Light not found
[14:07:05.119698] [E] [handleMessage] Exception in handler: Entity(170): Light not found
[14:07:05.120047] [I] FLR0026_CAMERA_APPLIED head=(5,0,-5) targetPresent=true target=(0,0,0) dolly=(5,0,5)
[14:07:05.120400] [I] FLR0026_FRAME_BEGIN seq=330 started=false
[14:07:05.221108] [I] FLR0026_MODEL_STAGE_COMPLETE asset=assets/models/sequoia_ngp.glb pending_models=0
[14:07:05.221504] [E] [handleMessage] Exception in handler: Entity(164): Light not found
[14:07:05.221605] [E] [handleMessage] Exception in handler: Entity(166): Light not found
[14:07:05.221679] [E] [handleMessage] Exception in handler: Entity(168): Light not found
[14:07:05.221748] [E] [handleMessage] Exception in handler: Entity(170): Light not found
[14:07:05.222224] [I] FLR0026_CAMERA_APPLIED head=(5,0,-5) targetPresent=true target=(0,0,0) dolly=(5,0,5)
[14:07:05.323186] [I] FLR0026_MODEL_STAGE_COMPLETE asset=assets/models/sequoia_ngp.glb pending_models=0
[14:07:05.323579] [E] [handleMessage] Exception in handler: Entity(164): Light not found
[14:07:05.323685] [E] [handleMessage] Exception in handler: Entity(166): Light not found
[14:07:05.323763] [E] [handleMessage] Exception in handler: Entity(168): Light not found
[14:07:05.324020] [E] [handleMessage] Exception in handler: Entity(170): Light not found
[14:07:05.324345] [I] FLR0026_CAMERA_APPLIED head=(5,0,-5) targetPresent=true target=(0,0,0) dolly=(5,0,5)
[14:07:05.425389] [I] FLR0026_MODEL_STAGE_COMPLETE asset=assets/models/sequoia_ngp.glb pending_models=0
[14:07:05.425784] [E] [handleMessage] Exception in handler: Entity(164): Light not found
[14:07:05.426089] [E] [handleMessage] Exception in handler: Entity(166): Light not found
[14:07:05.426195] [E] [handleMessage] Exception in handler: Entity(168): Light not found
[14:07:05.426277] [E] [handleMessage] Exception in handler: Entity(170): Light not found
[14:07:05.426576] [I] FLR0026_CAMERA_APPLIED head=(5,0,-5) targetPresent=true target=(0,0,0) dolly=(5,0,5)
[14:07:05.527638] [I] FLR0026_MODEL_STAGE_COMPLETE asset=assets/models/sequoia_ngp.glb pending_models=0
[14:07:05.528262] [E] [handleMessage] Exception in handler: Entity(164): Light not found
[14:07:05.528382] [E] [handleMessage] Exception in handler: Entity(166): Light not found
[14:07:05.528462] [E] [handleMessage] Exception in handler: Entity(168): Light not found
[14:07:05.528537] [E] [handleMessage] Exception in handler: Entity(170): Light not found
[14:07:05.528808] [I] FLR0026_CAMERA_APPLIED head=(5,0,-5) targetPresent=true target=(0,0,0) dolly=(5,0,5)
[14:07:05.629810] [I] FLR0026_MODEL_STAGE_COMPLETE asset=assets/models/sequoia_ngp.glb pending_models=0
[14:07:05.630355] [E] [handleMessage] Exception in handler: Entity(164): Light not found
[14:07:05.630458] [E] [handleMessage] Exception in handler: Entity(166): Light not found
[14:07:05.630537] [E] [handleMessage] Exception in handler: Entity(168): Light not found
[14:07:05.630602] [E] [handleMessage] Exception in handler: Entity(170): Light not found
[14:07:05.630913] [I] FLR0026_CAMERA_APPLIED head=(5,0,-5) targetPresent=true target=(0,0,0) dolly=(5,0,5)
[14:07:05.731800] [I] FLR0026_MODEL_STAGE_COMPLETE asset=assets/models/sequoia_ngp.glb pending_models=0
[14:07:05.732373] [E] [handleMessage] Exception in handler: Entity(164): Light not found
[14:07:05.732486] [E] [handleMessage] Exception in handler: Entity(166): Light not found
[14:07:05.732567] [E] [handleMessage] Exception in handler: Entity(168): Light not found
[14:07:05.732640] [E] [handleMessage] Exception in handler: Entity(170): Light not found
[14:07:05.732980] [I] FLR0026_CAMERA_APPLIED head=(5,0,-5) targetPresent=true target=(0,0,0) dolly=(5,0,5)
[14:07:05.834072] [I] FLR0026_MODEL_STAGE_COMPLETE asset=assets/models/sequoia_ngp.glb pending_models=0
[14:07:05.834475] [E] [handleMessage] Exception in handler: Entity(164): Light not found
[14:07:05.834575] [E] [handleMessage] Exception in handler: Entity(166): Light not found
[14:07:05.834648] [E] [handleMessage] Exception in handler: Entity(168): Light not found
[14:07:05.834714] [E] [handleMessage] Exception in handler: Entity(170): Light not found
[14:07:05.835026] [I] FLR0026_CAMERA_APPLIED head=(5,0,-5) targetPresent=true target=(0,0,0) dolly=(5,0,5)
[14:07:05.936147] [I] FLR0026_MODEL_STAGE_COMPLETE asset=assets/models/sequoia_ngp.glb pending_models=0
[14:07:05.936547] [E] [handleMessage] Exception in handler: Entity(164): Light not found
[14:07:05.936651] [E] [handleMessage] Exception in handler: Entity(166): Light not found
[14:07:05.936729] [E] [handleMessage] Exception in handler: Entity(168): Light not found
[14:07:05.936800] [E] [handleMessage] Exception in handler: Entity(170): Light not found
[14:07:05.937174] [I] FLR0026_CAMERA_APPLIED head=(5,0,-5) targetPresent=true target=(0,0,0) dolly=(5,0,5)
[14:07:06.038143] [I] FLR0026_MODEL_STAGE_COMPLETE asset=assets/models/sequoia_ngp.glb pending_models=0
[14:07:06.038567] [E] [handleMessage] Exception in handler: Entity(164): Light not found
[14:07:06.038670] [E] [handleMessage] Exception in handler: Entity(166): Light not found
[14:07:06.038743] [E] [handleMessage] Exception in handler: Entity(168): Light not found
[14:07:06.038812] [E] [handleMessage] Exception in handler: Entity(170): Light not found
[14:07:06.039297] [I] FLR0026_CAMERA_APPLIED head=(5,0,-5) targetPresent=true target=(0,0,0) dolly=(5,0,5)
[14:07:06.140459] [I] FLR0026_MODEL_STAGE_COMPLETE asset=assets/models/sequoia_ngp.glb pending_models=0
[14:07:06.141051] [E] [handleMessage] Exception in handler: Entity(164): Light not found
[14:07:06.141171] [E] [handleMessage] Exception in handler: Entity(166): Light not found
[14:07:06.141246] [E] [handleMessage] Exception in handler: Entity(168): Light not found
[14:07:06.141315] [E] [handleMessage] Exception in handler: Entity(170): Light not found
[14:07:06.141609] [I] FLR0026_CAMERA_APPLIED head=(5,0,-5) targetPresent=true target=(0,0,0) dolly=(5,0,5)
[14:07:06.141892] [I] FLR0026_FRAME_BEGIN seq=340 started=false
[14:07:06.242401] [I] FLR0026_MODEL_STAGE_COMPLETE asset=assets/models/sequoia_ngp.glb pending_models=0
[14:07:06.242793] [E] [handleMessage] Exception in handler: Entity(164): Light not found
[14:07:06.243041] [E] [handleMessage] Exception in handler: Entity(166): Light not found
[14:07:06.243138] [E] [handleMessage] Exception in handler: Entity(168): Light not found
[14:07:06.243208] [E] [handleMessage] Exception in handler: Entity(170): Light not found
[14:07:06.243503] [I] FLR0026_CAMERA_APPLIED head=(5,0,-5) targetPresent=true target=(0,0,0) dolly=(5,0,5)
[14:07:06.344394] [I] FLR0026_MODEL_STAGE_COMPLETE asset=assets/models/sequoia_ngp.glb pending_models=0
[14:07:06.344780] [E] [handleMessage] Exception in handler: Entity(164): Light not found
[14:07:06.345037] [E] [handleMessage] Exception in handler: Entity(166): Light not found
[14:07:06.345144] [E] [handleMessage] Exception in handler: Entity(168): Light not found
[14:07:06.345220] [E] [handleMessage] Exception in handler: Entity(170): Light not found
[14:07:06.345513] [I] FLR0026_CAMERA_APPLIED head=(5,0,-5) targetPresent=true target=(0,0,0) dolly=(5,0,5)
[14:07:06.446364] [I] FLR0026_MODEL_STAGE_COMPLETE asset=assets/models/sequoia_ngp.glb pending_models=0
[14:07:06.446753] [E] [handleMessage] Exception in handler: Entity(164): Light not found
[14:07:06.446963] [E] [handleMessage] Exception in handler: Entity(166): Light not found
[14:07:06.447060] [E] [handleMessage] Exception in handler: Entity(168): Light not found
[14:07:06.447133] [E] [handleMessage] Exception in handler: Entity(170): Light not found
[14:07:06.447428] [I] FLR0026_CAMERA_APPLIED head=(5,0,-5) targetPresent=true target=(0,0,0) dolly=(5,0,5)
[14:07:06.548435] [I] FLR0026_MODEL_STAGE_COMPLETE asset=assets/models/sequoia_ngp.glb pending_models=0
[14:07:06.549013] [E] [handleMessage] Exception in handler: Entity(164): Light not found
[14:07:06.549146] [E] [handleMessage] Exception in handler: Entity(166): Light not found
[14:07:06.549231] [E] [handleMessage] Exception in handler: Entity(168): Light not found
[14:07:06.549310] [E] [handleMessage] Exception in handler: Entity(170): Light not found
[14:07:06.549619] [I] FLR0026_CAMERA_APPLIED head=(5,0,-5) targetPresent=true target=(0,0,0) dolly=(5,0,5)
[14:07:06.650392] [I] FLR0026_MODEL_STAGE_COMPLETE asset=assets/models/sequoia_ngp.glb pending_models=0
[14:07:06.650750] [E] [handleMessage] Exception in handler: Entity(164): Light not found
[14:07:06.651003] [E] [handleMessage] Exception in handler: Entity(166): Light not found
[14:07:06.651102] [E] [handleMessage] Exception in handler: Entity(168): Light not found
[14:07:06.651175] [E] [handleMessage] Exception in handler: Entity(170): Light not found
[14:07:06.651474] [I] FLR0026_CAMERA_APPLIED head=(5,0,-5) targetPresent=true target=(0,0,0) dolly=(5,0,5)
FLR0026_VK_SWAPCHAIN_FLUSH_BEGIN\nFLR0026_VK_COMMAND_END_BEGIN buffer=0x7fe44c028190\nFLR0026_VK_COMMAND_END_DONE buffer=0x7fe44c028190\nFLR0026_VK_QUEUE_SUBMIT_BEGIN queue=0x7fe44c02c620 fence=0x7fe44c021400\nFLR0026_VK_QUEUE_SUBMIT_DONE result=0 queue=0x7fe44c02c620 fence=0x7fe44c021400\nFLR0026_VK_SWAPCHAIN_FLUSH_DONE flushed=true\nFLR0026_VK_FINISHED_SIGNAL_ACQUIRE_BEGIN\nFLR0026_VK_FINISHED_SIGNAL_ACQUIRE_DONE present=true\nFLR0026_VK_PRESENT_WAIT_SEMAPHORE enabled=true\nFLR0026_VK_QUEUE_PRESENT_BEGIN queue=0x7fe44c02c620 swapchain=0x7fe44dd4e910 index=0\n[14:07:06.752444] [I] FLR0026_MODEL_STAGE_COMPLETE asset=assets/models/sequoia_ngp.glb pending_models=0
[14:07:06.752945] [E] [handleMessage] Exception in handler: Entity(164): Light not found
[14:07:06.753086] [E] [handleMessage] Exception in handler: Entity(166): Light not found
[14:07:06.753162] [E] [handleMessage] Exception in handler: Entity(168): Light not found
[14:07:06.753230] [E] [handleMessage] Exception in handler: Entity(170): Light not found
[14:07:06.753520] [I] FLR0026_CAMERA_APPLIED head=(5,0,-5) targetPresent=true target=(0,0,0) dolly=(5,0,5)
[14:07:06.854560] [I] FLR0026_MODEL_STAGE_COMPLETE asset=assets/models/sequoia_ngp.glb pending_models=0
[14:07:06.855119] [E] [handleMessage] Exception in handler: Entity(164): Light not found
[14:07:06.855247] [E] [handleMessage] Exception in handler: Entity(166): Light not found
[14:07:06.855330] [E] [handleMessage] Exception in handler: Entity(168): Light not found
[14:07:06.855404] [E] [handleMessage] Exception in handler: Entity(170): Light not found
[14:07:06.855703] [I] FLR0026_CAMERA_APPLIED head=(5,0,-5) targetPresent=true target=(0,0,0) dolly=(5,0,5)
[14:07:06.956764] [I] FLR0026_MODEL_STAGE_COMPLETE asset=assets/models/sequoia_ngp.glb pending_models=0
[14:07:06.957364] [E] [handleMessage] Exception in handler: Entity(164): Light not found
[14:07:06.957470] [E] [handleMessage] Exception in handler: Entity(166): Light not found
[14:07:06.957546] [E] [handleMessage] Exception in handler: Entity(168): Light not found
[14:07:06.957617] [E] [handleMessage] Exception in handler: Entity(170): Light not found
[14:07:06.958037] [I] FLR0026_CAMERA_APPLIED head=(5,0,-5) targetPresent=true target=(0,0,0) dolly=(5,0,5)
[14:07:07.060060] [I] FLR0026_MODEL_STAGE_COMPLETE asset=assets/models/sequoia_ngp.glb pending_models=0
[14:07:07.060491] [E] [handleMessage] Exception in handler: Entity(164): Light not found
[14:07:07.060595] [E] [handleMessage] Exception in handler: Entity(166): Light not found
[14:07:07.060669] [E] [handleMessage] Exception in handler: Entity(168): Light not found
[14:07:07.060737] [E] [handleMessage] Exception in handler: Entity(170): Light not found
[14:07:07.061118] [I] FLR0026_CAMERA_APPLIED head=(5,0,-5) targetPresent=true target=(0,0,0) dolly=(5,0,5)
[14:07:07.162043] [I] FLR0026_MODEL_STAGE_COMPLETE asset=assets/models/sequoia_ngp.glb pending_models=0
[14:07:07.162406] [E] [handleMessage] Exception in handler: Entity(164): Light not found
[14:07:07.162496] [E] [handleMessage] Exception in handler: Entity(166): Light not found
[14:07:07.162562] [E] [handleMessage] Exception in handler: Entity(168): Light not found
[14:07:07.162624] [E] [handleMessage] Exception in handler: Entity(170): Light not found
[14:07:07.162942] [I] FLR0026_CAMERA_APPLIED head=(5,0,-5) targetPresent=true target=(0,0,0) dolly=(5,0,5)
[14:07:07.163134] [I] FLR0026_FRAME_BEGIN seq=350 started=false
[14:07:07.263461] [I] FLR0026_MODEL_STAGE_COMPLETE asset=assets/models/sequoia_ngp.glb pending_models=0
[14:07:07.263688] [E] [handleMessage] Exception in handler: Entity(164): Light not found
[14:07:07.263739] [E] [handleMessage] Exception in handler: Entity(166): Light not found
[14:07:07.263777] [E] [handleMessage] Exception in handler: Entity(168): Light not found
[14:07:07.263876] [E] [handleMessage] Exception in handler: Entity(170): Light not found
[14:07:07.264043] [I] FLR0026_CAMERA_APPLIED head=(5,0,-5) targetPresent=true target=(0,0,0) dolly=(5,0,5)
[14:07:07.364627] [I] FLR0026_MODEL_STAGE_COMPLETE asset=assets/models/sequoia_ngp.glb pending_models=0
[14:07:07.365096] [E] [handleMessage] Exception in handler: Entity(164): Light not found
[14:07:07.365198] [E] [handleMessage] Exception in handler: Entity(166): Light not found
[14:07:07.365266] [E] [handleMessage] Exception in handler: Entity(168): Light not found
[14:07:07.365328] [E] [handleMessage] Exception in handler: Entity(170): Light not found
[14:07:07.365592] [I] FLR0026_CAMERA_APPLIED head=(5,0,-5) targetPresent=true target=(0,0,0) dolly=(5,0,5)
[14:07:07.466557] [I] FLR0026_MODEL_STAGE_COMPLETE asset=assets/models/sequoia_ngp.glb pending_models=0
[14:07:07.467091] [E] [handleMessage] Exception in handler: Entity(164): Light not found
[14:07:07.467225] [E] [handleMessage] Exception in handler: Entity(166): Light not found
[14:07:07.467298] [E] [handleMessage] Exception in handler: Entity(168): Light not found
[14:07:07.467365] [E] [handleMessage] Exception in handler: Entity(170): Light not found
[14:07:07.467647] [I] FLR0026_CAMERA_APPLIED head=(5,0,-5) targetPresent=true target=(0,0,0) dolly=(5,0,5)
[14:07:07.568362] [I] FLR0026_MODEL_STAGE_COMPLETE asset=assets/models/sequoia_ngp.glb pending_models=0
[14:07:07.568722] [E] [handleMessage] Exception in handler: Entity(164): Light not found
[14:07:07.568817] [E] [handleMessage] Exception in handler: Entity(166): Light not found
[14:07:07.569031] [E] [handleMessage] Exception in handler: Entity(168): Light not found
[14:07:07.569105] [E] [handleMessage] Exception in handler: Entity(170): Light not found
[14:07:07.569368] [I] FLR0026_CAMERA_APPLIED head=(5,0,-5) targetPresent=true target=(0,0,0) dolly=(5,0,5)
[14:07:07.670956] [I] FLR0026_MODEL_STAGE_COMPLETE asset=assets/models/sequoia_ngp.glb pending_models=0
[14:07:07.671203] [E] [handleMessage] Exception in handler: Entity(164): Light not found
[14:07:07.671256] [E] [handleMessage] Exception in handler: Entity(166): Light not found
[14:07:07.671292] [E] [handleMessage] Exception in handler: Entity(168): Light not found
[14:07:07.671325] [E] [handleMessage] Exception in handler: Entity(170): Light not found
[14:07:07.671487] [I] FLR0026_CAMERA_APPLIED head=(5,0,-5) targetPresent=true target=(0,0,0) dolly=(5,0,5)
[14:07:07.772409] [I] FLR0026_MODEL_STAGE_COMPLETE asset=assets/models/sequoia_ngp.glb pending_models=0
[14:07:07.772989] [E] [handleMessage] Exception in handler: Entity(164): Light not found
[14:07:07.773119] [E] [handleMessage] Exception in handler: Entity(166): Light not found
[14:07:07.773223] [E] [handleMessage] Exception in handler: Entity(168): Light not found
[14:07:07.773308] [E] [handleMessage] Exception in handler: Entity(170): Light not found
[14:07:07.773623] [I] FLR0026_CAMERA_APPLIED head=(5,0,-5) targetPresent=true target=(0,0,0) dolly=(5,0,5)
[14:07:07.874409] [I] FLR0026_MODEL_STAGE_COMPLETE asset=assets/models/sequoia_ngp.glb pending_models=0
[14:07:07.874801] [E] [handleMessage] Exception in handler: Entity(164): Light not found
[14:07:07.875037] [E] [handleMessage] Exception in handler: Entity(166): Light not found
[14:07:07.875133] [E] [handleMessage] Exception in handler: Entity(168): Light not found
[14:07:07.875205] [E] [handleMessage] Exception in handler: Entity(170): Light not found
[14:07:07.875503] [I] FLR0026_CAMERA_APPLIED head=(5,0,-5) targetPresent=true target=(0,0,0) dolly=(5,0,5)
[14:07:07.976394] [I] FLR0026_MODEL_STAGE_COMPLETE asset=assets/models/sequoia_ngp.glb pending_models=0
[14:07:07.976799] [E] [handleMessage] Exception in handler: Entity(164): Light not found
[14:07:07.977060] [E] [handleMessage] Exception in handler: Entity(166): Light not found
[14:07:07.977157] [E] [handleMessage] Exception in handler: Entity(168): Light not found
[14:07:07.977332] [E] [handleMessage] Exception in handler: Entity(170): Light not found
[14:07:07.977668] [I] FLR0026_CAMERA_APPLIED head=(5,0,-5) targetPresent=true target=(0,0,0) dolly=(5,0,5)
[14:07:08.078236] [I] FLR0026_MODEL_STAGE_COMPLETE asset=assets/models/sequoia_ngp.glb pending_models=0
[14:07:08.078482] [E] [handleMessage] Exception in handler: Entity(164): Light not found
[14:07:08.078531] [E] [handleMessage] Exception in handler: Entity(166): Light not found
[14:07:08.078562] [E] [handleMessage] Exception in handler: Entity(168): Light not found
[14:07:08.078595] [E] [handleMessage] Exception in handler: Entity(170): Light not found
[14:07:08.078747] [I] FLR0026_CAMERA_APPLIED head=(5,0,-5) targetPresent=true target=(0,0,0) dolly=(5,0,5)
[14:07:08.181014] [I] FLR0026_MODEL_STAGE_PROGRESS seq=360 progress=1 assets=1
[14:07:08.181145] [I] FLR0026_MODEL_STAGE_COMPLETE asset=assets/models/sequoia_ngp.glb pending_models=0
[14:07:08.181406] [E] [handleMessage] Exception in handler: Entity(164): Light not found
[14:07:08.181462] [E] [handleMessage] Exception in handler: Entity(166): Light not found
[14:07:08.181495] [E] [handleMessage] Exception in handler: Entity(168): Light not found
[14:07:08.181526] [E] [handleMessage] Exception in handler: Entity(170): Light not found
[14:07:08.181764] [I] FLR0026_CAMERA_APPLIED head=(5,0,-5) targetPresent=true target=(0,0,0) dolly=(5,0,5)
[14:07:08.182124] [I] FLR0026_FRAME_BEGIN seq=360 started=false
[14:07:08.282514] [I] FLR0026_MODEL_STAGE_COMPLETE asset=assets/models/sequoia_ngp.glb pending_models=0
[14:07:08.282753] [E] [handleMessage] Exception in handler: Entity(164): Light not found
[14:07:08.282805] [E] [handleMessage] Exception in handler: Entity(166): Light not found
[14:07:08.282902] [E] [handleMessage] Exception in handler: Entity(168): Light not found
[14:07:08.282932] [E] [handleMessage] Exception in handler: Entity(170): Light not found
[14:07:08.283087] [I] FLR0026_CAMERA_APPLIED head=(5,0,-5) targetPresent=true target=(0,0,0) dolly=(5,0,5)
[14:07:08.385945] [I] FLR0026_MODEL_STAGE_COMPLETE asset=assets/models/sequoia_ngp.glb pending_models=0
[14:07:08.386185] [E] [handleMessage] Exception in handler: Entity(164): Light not found
[14:07:08.386235] [E] [handleMessage] Exception in handler: Entity(166): Light not found
[14:07:08.386267] [E] [handleMessage] Exception in handler: Entity(168): Light not found
[14:07:08.386338] [E] [handleMessage] Exception in handler: Entity(170): Light not found
[14:07:08.386503] [I] FLR0026_CAMERA_APPLIED head=(5,0,-5) targetPresent=true target=(0,0,0) dolly=(5,0,5)
[14:07:08.487048] [I] FLR0026_MODEL_STAGE_COMPLETE asset=assets/models/sequoia_ngp.glb pending_models=0
[14:07:08.487291] [E] [handleMessage] Exception in handler: Entity(164): Light not found
[14:07:08.487339] [E] [handleMessage] Exception in handler: Entity(166): Light not found
[14:07:08.487371] [E] [handleMessage] Exception in handler: Entity(168): Light not found
[14:07:08.487402] [E] [handleMessage] Exception in handler: Entity(170): Light not found
[14:07:08.487558] [I] FLR0026_CAMERA_APPLIED head=(5,0,-5) targetPresent=true target=(0,0,0) dolly=(5,0,5)
[14:07:08.588078] [I] FLR0026_MODEL_STAGE_COMPLETE asset=assets/models/sequoia_ngp.glb pending_models=0
[14:07:08.588354] [E] [handleMessage] Exception in handler: Entity(164): Light not found
[14:07:08.588406] [E] [handleMessage] Exception in handler: Entity(166): Light not found
[14:07:08.588439] [E] [handleMessage] Exception in handler: Entity(168): Light not found
[14:07:08.588470] [E] [handleMessage] Exception in handler: Entity(170): Light not found
[14:07:08.588632] [I] FLR0026_CAMERA_APPLIED head=(5,0,-5) targetPresent=true target=(0,0,0) dolly=(5,0,5)
[14:07:08.695080] [I] FLR0026_MODEL_STAGE_COMPLETE asset=assets/models/sequoia_ngp.glb pending_models=0
[14:07:08.695326] [E] [handleMessage] Exception in handler: Entity(164): Light not found
[14:07:08.695375] [E] [handleMessage] Exception in handler: Entity(166): Light not found
[14:07:08.695408] [E] [handleMessage] Exception in handler: Entity(168): Light not found
[14:07:08.695438] [E] [handleMessage] Exception in handler: Entity(170): Light not found
[14:07:08.695596] [I] FLR0026_CAMERA_APPLIED head=(5,0,-5) targetPresent=true target=(0,0,0) dolly=(5,0,5)
[14:07:08.796132] [I] FLR0026_MODEL_STAGE_COMPLETE asset=assets/models/sequoia_ngp.glb pending_models=0
[14:07:08.796376] [E] [handleMessage] Exception in handler: Entity(164): Light not found
[14:07:08.796427] [E] [handleMessage] Exception in handler: Entity(166): Light not found
[14:07:08.796459] [E] [handleMessage] Exception in handler: Entity(168): Light not found
[14:07:08.796494] [E] [handleMessage] Exception in handler: Entity(170): Light not found
[14:07:08.796654] [I] FLR0026_CAMERA_APPLIED head=(5,0,-5) targetPresent=true target=(0,0,0) dolly=(5,0,5)
[14:07:08.897161] [I] FLR0026_MODEL_STAGE_COMPLETE asset=assets/models/sequoia_ngp.glb pending_models=0
[14:07:08.897400] [E] [handleMessage] Exception in handler: Entity(164): Light not found
[14:07:08.897448] [E] [handleMessage] Exception in handler: Entity(166): Light not found
[14:07:08.897480] [E] [handleMessage] Exception in handler: Entity(168): Light not found
[14:07:08.897509] [E] [handleMessage] Exception in handler: Entity(170): Light not found
[14:07:08.897663] [I] FLR0026_CAMERA_APPLIED head=(5,0,-5) targetPresent=true target=(0,0,0) dolly=(5,0,5)
[14:07:09.001231] [I] FLR0026_MODEL_STAGE_COMPLETE asset=assets/models/sequoia_ngp.glb pending_models=0
[14:07:09.001555] [E] [handleMessage] Exception in handler: Entity(164): Light not found
[14:07:09.001604] [E] [handleMessage] Exception in handler: Entity(166): Light not found
[14:07:09.001636] [E] [handleMessage] Exception in handler: Entity(168): Light not found
[14:07:09.001675] [E] [handleMessage] Exception in handler: Entity(170): Light not found
[14:07:09.001886] [I] FLR0026_CAMERA_APPLIED head=(5,0,-5) targetPresent=true target=(0,0,0) dolly=(5,0,5)
[14:07:09.102578] [I] FLR0026_MODEL_STAGE_COMPLETE asset=assets/models/sequoia_ngp.glb pending_models=0
[14:07:09.102849] [E] [handleMessage] Exception in handler: Entity(164): Light not found
[14:07:09.102908] [E] [handleMessage] Exception in handler: Entity(166): Light not found
[14:07:09.102944] [E] [handleMessage] Exception in handler: Entity(168): Light not found
[14:07:09.102975] [E] [handleMessage] Exception in handler: Entity(170): Light not found
[14:07:09.103134] [I] FLR0026_CAMERA_APPLIED head=(5,0,-5) targetPresent=true target=(0,0,0) dolly=(5,0,5)
[14:07:09.207076] [I] FLR0026_MODEL_STAGE_COMPLETE asset=assets/models/sequoia_ngp.glb pending_models=0
[14:07:09.207457] [E] [handleMessage] Exception in handler: Entity(164): Light not found
[14:07:09.207550] [E] [handleMessage] Exception in handler: Entity(166): Light not found
[14:07:09.207619] [E] [handleMessage] Exception in handler: Entity(168): Light not found
[14:07:09.207680] [E] [handleMessage] Exception in handler: Entity(170): Light not found
[14:07:09.208139] [I] FLR0026_CAMERA_APPLIED head=(5,0,-5) targetPresent=true target=(0,0,0) dolly=(5,0,5)
[14:07:09.208321] [I] FLR0026_FRAME_BEGIN seq=370 started=false
[14:07:09.310956] [I] FLR0026_MODEL_STAGE_COMPLETE asset=assets/models/sequoia_ngp.glb pending_models=0
[14:07:09.311201] [E] [handleMessage] Exception in handler: Entity(164): Light not found
[14:07:09.311257] [E] [handleMessage] Exception in handler: Entity(166): Light not found
[14:07:09.311291] [E] [handleMessage] Exception in handler: Entity(168): Light not found
[14:07:09.311323] [E] [handleMessage] Exception in handler: Entity(170): Light not found
[14:07:09.311481] [I] FLR0026_CAMERA_APPLIED head=(5,0,-5) targetPresent=true target=(0,0,0) dolly=(5,0,5)
[14:07:09.412005] [I] FLR0026_MODEL_STAGE_COMPLETE asset=assets/models/sequoia_ngp.glb pending_models=0
[14:07:09.412258] [E] [handleMessage] Exception in handler: Entity(164): Light not found
[14:07:09.412313] [E] [handleMessage] Exception in handler: Entity(166): Light not found
[14:07:09.412346] [E] [handleMessage] Exception in handler: Entity(168): Light not found
[14:07:09.412378] [E] [handleMessage] Exception in handler: Entity(170): Light not found
[14:07:09.412537] [I] FLR0026_CAMERA_APPLIED head=(5,0,-5) targetPresent=true target=(0,0,0) dolly=(5,0,5)
[14:07:09.515013] [I] FLR0026_MODEL_STAGE_COMPLETE asset=assets/models/sequoia_ngp.glb pending_models=0
[14:07:09.515257] [E] [handleMessage] Exception in handler: Entity(164): Light not found
[14:07:09.515313] [E] [handleMessage] Exception in handler: Entity(166): Light not found
[14:07:09.515346] [E] [handleMessage] Exception in handler: Entity(168): Light not found
[14:07:09.515380] [E] [handleMessage] Exception in handler: Entity(170): Light not found
[14:07:09.515547] [I] FLR0026_CAMERA_APPLIED head=(5,0,-5) targetPresent=true target=(0,0,0) dolly=(5,0,5)
[14:07:09.616045] [I] FLR0026_MODEL_STAGE_COMPLETE asset=assets/models/sequoia_ngp.glb pending_models=0
[14:07:09.616291] [E] [handleMessage] Exception in handler: Entity(164): Light not found
[14:07:09.616359] [E] [handleMessage] Exception in handler: Entity(166): Light not found
[14:07:09.616393] [E] [handleMessage] Exception in handler: Entity(168): Light not found
[14:07:09.616424] [E] [handleMessage] Exception in handler: Entity(170): Light not found
[14:07:09.616584] [I] FLR0026_CAMERA_APPLIED head=(5,0,-5) targetPresent=true target=(0,0,0) dolly=(5,0,5)
[14:07:09.719512] [I] FLR0026_MODEL_STAGE_COMPLETE asset=assets/models/sequoia_ngp.glb pending_models=0
[14:07:09.719759] [E] [handleMessage] Exception in handler: Entity(164): Light not found
[14:07:09.719816] [E] [handleMessage] Exception in handler: Entity(166): Light not found
[14:07:09.719906] [E] [handleMessage] Exception in handler: Entity(168): Light not found
[14:07:09.719942] [E] [handleMessage] Exception in handler: Entity(170): Light not found
[14:07:09.720313] [I] FLR0026_CAMERA_APPLIED head=(5,0,-5) targetPresent=true target=(0,0,0) dolly=(5,0,5)
[14:07:09.822981] [I] FLR0026_MODEL_STAGE_COMPLETE asset=assets/models/sequoia_ngp.glb pending_models=0
[14:07:09.823230] [E] [handleMessage] Exception in handler: Entity(164): Light not found
[14:07:09.823282] [E] [handleMessage] Exception in handler: Entity(166): Light not found
[14:07:09.823319] [E] [handleMessage] Exception in handler: Entity(168): Light not found
[14:07:09.823355] [E] [handleMessage] Exception in handler: Entity(170): Light not found
[14:07:09.823554] [I] FLR0026_CAMERA_APPLIED head=(5,0,-5) targetPresent=true target=(0,0,0) dolly=(5,0,5)
[14:07:09.924322] [I] FLR0026_MODEL_STAGE_COMPLETE asset=assets/models/sequoia_ngp.glb pending_models=0
[14:07:09.924793] [E] [handleMessage] Exception in handler: Entity(164): Light not found
[14:07:09.925075] [E] [handleMessage] Exception in handler: Entity(166): Light not found
[14:07:09.925163] [E] [handleMessage] Exception in handler: Entity(168): Light not found
[14:07:09.925236] [E] [handleMessage] Exception in handler: Entity(170): Light not found
[14:07:09.925415] [I] FLR0026_CAMERA_APPLIED head=(5,0,-5) targetPresent=true target=(0,0,0) dolly=(5,0,5)
[14:07:10.029013] [I] FLR0026_MODEL_STAGE_COMPLETE asset=assets/models/sequoia_ngp.glb pending_models=0
[14:07:10.029276] [E] [handleMessage] Exception in handler: Entity(164): Light not found
[14:07:10.029349] [E] [handleMessage] Exception in handler: Entity(166): Light not found
[14:07:10.029384] [E] [handleMessage] Exception in handler: Entity(168): Light not found
[14:07:10.029416] [E] [handleMessage] Exception in handler: Entity(170): Light not found
[14:07:10.029584] [I] FLR0026_CAMERA_APPLIED head=(5,0,-5) targetPresent=true target=(0,0,0) dolly=(5,0,5)
[14:07:10.130131] [I] FLR0026_MODEL_STAGE_COMPLETE asset=assets/models/sequoia_ngp.glb pending_models=0
[14:07:10.130372] [E] [handleMessage] Exception in handler: Entity(164): Light not found
[14:07:10.130423] [E] [handleMessage] Exception in handler: Entity(166): Light not found
[14:07:10.130456] [E] [handleMessage] Exception in handler: Entity(168): Light not found
[14:07:10.130488] [E] [handleMessage] Exception in handler: Entity(170): Light not found
[14:07:10.130645] [I] FLR0026_CAMERA_APPLIED head=(5,0,-5) targetPresent=true target=(0,0,0) dolly=(5,0,5)
[14:07:10.231180] [I] FLR0026_MODEL_STAGE_COMPLETE asset=assets/models/sequoia_ngp.glb pending_models=0
[14:07:10.231436] [E] [handleMessage] Exception in handler: Entity(164): Light not found
[14:07:10.231489] [E] [handleMessage] Exception in handler: Entity(166): Light not found
[14:07:10.231523] [E] [handleMessage] Exception in handler: Entity(168): Light not found
[14:07:10.231554] [E] [handleMessage] Exception in handler: Entity(170): Light not found
[14:07:10.231716] [I] FLR0026_CAMERA_APPLIED head=(5,0,-5) targetPresent=true target=(0,0,0) dolly=(5,0,5)
[14:07:10.231953] [I] FLR0026_FRAME_BEGIN seq=380 started=false
[14:07:10.336439] [I] FLR0026_MODEL_STAGE_COMPLETE asset=assets/models/sequoia_ngp.glb pending_models=0
[14:07:10.336697] [E] [handleMessage] Exception in handler: Entity(164): Light not found
[14:07:10.336751] [E] [handleMessage] Exception in handler: Entity(166): Light not found
[14:07:10.336783] [E] [handleMessage] Exception in handler: Entity(168): Light not found
[14:07:10.336814] [E] [handleMessage] Exception in handler: Entity(170): Light not found
[14:07:10.337031] [I] FLR0026_CAMERA_APPLIED head=(5,0,-5) targetPresent=true target=(0,0,0) dolly=(5,0,5)
[14:07:10.441444] [I] FLR0026_MODEL_STAGE_COMPLETE asset=assets/models/sequoia_ngp.glb pending_models=0
[14:07:10.441703] [E] [handleMessage] Exception in handler: Entity(164): Light not found
[14:07:10.441756] [E] [handleMessage] Exception in handler: Entity(166): Light not found
[14:07:10.441790] [E] [handleMessage] Exception in handler: Entity(168): Light not found
[14:07:10.441866] [E] [handleMessage] Exception in handler: Entity(170): Light not found
[14:07:10.442043] [I] FLR0026_CAMERA_APPLIED head=(5,0,-5) targetPresent=true target=(0,0,0) dolly=(5,0,5)
[14:07:10.546093] [I] FLR0026_MODEL_STAGE_COMPLETE asset=assets/models/sequoia_ngp.glb pending_models=0
[14:07:10.546346] [E] [handleMessage] Exception in handler: Entity(164): Light not found
[14:07:10.546397] [E] [handleMessage] Exception in handler: Entity(166): Light not found
[14:07:10.546431] [E] [handleMessage] Exception in handler: Entity(168): Light not found
[14:07:10.546514] [E] [handleMessage] Exception in handler: Entity(170): Light not found
[14:07:10.546684] [I] FLR0026_CAMERA_APPLIED head=(5,0,-5) targetPresent=true target=(0,0,0) dolly=(5,0,5)
[14:07:10.647733] [I] FLR0026_MODEL_STAGE_COMPLETE asset=assets/models/sequoia_ngp.glb pending_models=0
[14:07:10.648062] [E] [handleMessage] Exception in handler: Entity(164): Light not found
[14:07:10.648120] [E] [handleMessage] Exception in handler: Entity(166): Light not found
[14:07:10.648154] [E] [handleMessage] Exception in handler: Entity(168): Light not found
[14:07:10.648185] [E] [handleMessage] Exception in handler: Entity(170): Light not found
[14:07:10.648347] [I] FLR0026_CAMERA_APPLIED head=(5,0,-5) targetPresent=true target=(0,0,0) dolly=(5,0,5)
FLR0026_VK_QUEUE_PRESENT result=0 surface=7fe44ddffc80 swapchain=7fe44dd4e910 index=0
[14:07:10.751119] [I] FLR0026_MODEL_STAGE_COMPLETE asset=assets/models/sequoia_ngp.glb pending_models=0
[14:07:10.751365] [E] [handleMessage] Exception in handler: Entity(164): Light not found
[14:07:10.751416] [E] [handleMessage] Exception in handler: Entity(166): Light not found
[14:07:10.751450] [E] [handleMessage] Exception in handler: Entity(168): Light not found
[14:07:10.751481] [E] [handleMessage] Exception in handler: Entity(170): Light not found
[14:07:10.751640] [I] FLR0026_CAMERA_APPLIED head=(5,0,-5) targetPresent=true target=(0,0,0) dolly=(5,0,5)
FLR0026_VK_SWAPCHAIN_FLUSH_BEGIN\nFLR0026_VK_COMMAND_END_BEGIN buffer=0x7fe44c025290\nFLR0026_VK_COMMAND_END_DONE buffer=0x7fe44c025290\nFLR0026_VK_QUEUE_SUBMIT_BEGIN queue=0x7fe44c02c620 fence=0x7fe44db00930\nFLR0026_VK_QUEUE_SUBMIT_DONE result=0 queue=0x7fe44c02c620 fence=0x7fe44db00930\nFLR0026_VK_SWAPCHAIN_FLUSH_DONE flushed=true\nFLR0026_VK_FINISHED_SIGNAL_ACQUIRE_BEGIN\nFLR0026_VK_FINISHED_SIGNAL_ACQUIRE_DONE present=true\nFLR0026_VK_PRESENT_WAIT_SEMAPHORE enabled=true\nFLR0026_VK_QUEUE_PRESENT_BEGIN queue=0x7fe44c02c620 swapchain=0x7fe44dd4e910 index=1\n[14:07:17.155158] [I] FLR0026_MODEL_STAGE_COMPLETE asset=assets/models/sequoia_ngp.glb pending_models=0
[14:07:17.155583] [E] [handleMessage] Exception in handler: Entity(164): Light not found
[14:07:17.155704] [E] [handleMessage] Exception in handler: Entity(166): Light not found
[14:07:17.155785] [E] [handleMessage] Exception in handler: Entity(168): Light not found
[14:07:17.156023] [E] [handleMessage] Exception in handler: Entity(170): Light not found
[14:07:17.156373] [I] FLR0026_CAMERA_APPLIED head=(5,0,-5) targetPresent=true target=(0,0,0) dolly=(5,0,5)
[14:07:17.257400] [I] FLR0026_MODEL_STAGE_COMPLETE asset=assets/models/sequoia_ngp.glb pending_models=0
[14:07:17.257777] [E] [handleMessage] Exception in handler: Entity(164): Light not found
[14:07:17.258028] [E] [handleMessage] Exception in handler: Entity(166): Light not found
[14:07:17.258133] [E] [handleMessage] Exception in handler: Entity(168): Light not found
[14:07:17.258204] [E] [handleMessage] Exception in handler: Entity(170): Light not found
[14:07:17.258458] [I] FLR0026_CAMERA_APPLIED head=(5,0,-5) targetPresent=true target=(0,0,0) dolly=(5,0,5)
[14:07:17.359144] [I] FLR0026_MODEL_STAGE_COMPLETE asset=assets/models/sequoia_ngp.glb pending_models=0
[14:07:17.359544] [E] [handleMessage] Exception in handler: Entity(164): Light not found
[14:07:17.359652] [E] [handleMessage] Exception in handler: Entity(166): Light not found
[14:07:17.359739] [E] [handleMessage] Exception in handler: Entity(168): Light not found
[14:07:17.359927] [E] [handleMessage] Exception in handler: Entity(170): Light not found
[14:07:17.360341] [I] FLR0026_CAMERA_APPLIED head=(5,0,-5) targetPresent=true target=(0,0,0) dolly=(5,0,5)
[14:07:17.461029] [I] FLR0026_MODEL_STAGE_COMPLETE asset=assets/models/sequoia_ngp.glb pending_models=0
[14:07:17.461411] [E] [handleMessage] Exception in handler: Entity(164): Light not found
[14:07:17.461516] [E] [handleMessage] Exception in handler: Entity(166): Light not found
[14:07:17.461590] [E] [handleMessage] Exception in handler: Entity(168): Light not found
[14:07:17.461660] [E] [handleMessage] Exception in handler: Entity(170): Light not found
[14:07:17.462095] [I] FLR0026_CAMERA_APPLIED head=(5,0,-5) targetPresent=true target=(0,0,0) dolly=(5,0,5)
[14:07:17.563047] [I] FLR0026_MODEL_STAGE_COMPLETE asset=assets/models/sequoia_ngp.glb pending_models=0
[14:07:17.563445] [E] [handleMessage] Exception in handler: Entity(164): Light not found
[14:07:17.563552] [E] [handleMessage] Exception in handler: Entity(166): Light not found
[14:07:17.563628] [E] [handleMessage] Exception in handler: Entity(168): Light not found
[14:07:17.563711] [E] [handleMessage] Exception in handler: Entity(170): Light not found
[14:07:17.564063] [I] FLR0026_CAMERA_APPLIED head=(5,0,-5) targetPresent=true target=(0,0,0) dolly=(5,0,5)
[14:07:17.564428] [I] FLR0026_FRAME_BEGIN seq=390 started=false
[14:07:17.665099] [I] FLR0026_MODEL_STAGE_COMPLETE asset=assets/models/sequoia_ngp.glb pending_models=0
[14:07:17.665469] [E] [handleMessage] Exception in handler: Entity(164): Light not found
[14:07:17.665570] [E] [handleMessage] Exception in handler: Entity(166): Light not found
[14:07:17.665641] [E] [handleMessage] Exception in handler: Entity(168): Light not found
[14:07:17.665709] [E] [handleMessage] Exception in handler: Entity(170): Light not found
[14:07:17.666135] [I] FLR0026_CAMERA_APPLIED head=(5,0,-5) targetPresent=true target=(0,0,0) dolly=(5,0,5)
[14:07:17.767111] [I] FLR0026_MODEL_STAGE_COMPLETE asset=assets/models/sequoia_ngp.glb pending_models=0
[14:07:17.767506] [E] [handleMessage] Exception in handler: Entity(164): Light not found
[14:07:17.767614] [E] [handleMessage] Exception in handler: Entity(166): Light not found
[14:07:17.767702] [E] [handleMessage] Exception in handler: Entity(168): Light not found
[14:07:17.767777] [E] [handleMessage] Exception in handler: Entity(170): Light not found
[14:07:17.768145] [I] FLR0026_CAMERA_APPLIED head=(5,0,-5) targetPresent=true target=(0,0,0) dolly=(5,0,5)
[14:07:17.868926] [I] FLR0026_MODEL_STAGE_COMPLETE asset=assets/models/sequoia_ngp.glb pending_models=0
[14:07:17.869192] [E] [handleMessage] Exception in handler: Entity(164): Light not found
[14:07:17.869291] [E] [handleMessage] Exception in handler: Entity(166): Light not found
[14:07:17.869363] [E] [handleMessage] Exception in handler: Entity(168): Light not found
[14:07:17.869430] [E] [handleMessage] Exception in handler: Entity(170): Light not found
[14:07:17.869718] [I] FLR0026_CAMERA_APPLIED head=(5,0,-5) targetPresent=true target=(0,0,0) dolly=(5,0,5)
[14:07:17.970717] [I] FLR0026_MODEL_STAGE_COMPLETE asset=assets/models/sequoia_ngp.glb pending_models=0
[14:07:17.971255] [E] [handleMessage] Exception in handler: Entity(164): Light not found
[14:07:17.971357] [E] [handleMessage] Exception in handler: Entity(166): Light not found
[14:07:17.971427] [E] [handleMessage] Exception in handler: Entity(168): Light not found
[14:07:17.971494] [E] [handleMessage] Exception in handler: Entity(170): Light not found
[14:07:17.971786] [I] FLR0026_CAMERA_APPLIED head=(5,0,-5) targetPresent=true target=(0,0,0) dolly=(5,0,5)
[14:07:18.072763] [I] FLR0026_MODEL_STAGE_COMPLETE asset=assets/models/sequoia_ngp.glb pending_models=0
[14:07:18.073261] [E] [handleMessage] Exception in handler: Entity(164): Light not found
[14:07:18.073356] [E] [handleMessage] Exception in handler: Entity(166): Light not found
[14:07:18.073420] [E] [handleMessage] Exception in handler: Entity(168): Light not found
[14:07:18.073480] [E] [handleMessage] Exception in handler: Entity(170): Light not found
[14:07:18.073903] [I] FLR0026_CAMERA_APPLIED head=(5,0,-5) targetPresent=true target=(0,0,0) dolly=(5,0,5)
[14:07:18.174788] [I] FLR0026_MODEL_STAGE_COMPLETE asset=assets/models/sequoia_ngp.glb pending_models=0
[14:07:18.175302] [E] [handleMessage] Exception in handler: Entity(164): Light not found
[14:07:18.175400] [E] [handleMessage] Exception in handler: Entity(166): Light not found
[14:07:18.175470] [E] [handleMessage] Exception in handler: Entity(168): Light not found
[14:07:18.175535] [E] [handleMessage] Exception in handler: Entity(170): Light not found
[14:07:18.175883] [I] FLR0026_CAMERA_APPLIED head=(5,0,-5) targetPresent=true target=(0,0,0) dolly=(5,0,5)
[14:07:18.276778] [I] FLR0026_MODEL_STAGE_COMPLETE asset=assets/models/sequoia_ngp.glb pending_models=0
[14:07:18.277254] [E] [handleMessage] Exception in handler: Entity(164): Light not found
[14:07:18.277354] [E] [handleMessage] Exception in handler: Entity(166): Light not found
[14:07:18.277426] [E] [handleMessage] Exception in handler: Entity(168): Light not found
[14:07:18.277494] [E] [handleMessage] Exception in handler: Entity(170): Light not found
[14:07:18.277786] [I] FLR0026_CAMERA_APPLIED head=(5,0,-5) targetPresent=true target=(0,0,0) dolly=(5,0,5)
[14:07:18.381137] [I] FLR0026_MODEL_STAGE_COMPLETE asset=assets/models/sequoia_ngp.glb pending_models=0
[14:07:18.381533] [E] [handleMessage] Exception in handler: Entity(164): Light not found
[14:07:18.381642] [E] [handleMessage] Exception in handler: Entity(166): Light not found
[14:07:18.381719] [E] [handleMessage] Exception in handler: Entity(168): Light not found
[14:07:18.381791] [E] [handleMessage] Exception in handler: Entity(170): Light not found
[14:07:18.382183] [I] FLR0026_CAMERA_APPLIED head=(5,0,-5) targetPresent=true target=(0,0,0) dolly=(5,0,5)
[14:07:18.483413] [I] FLR0026_MODEL_STAGE_COMPLETE asset=assets/models/sequoia_ngp.glb pending_models=0
[14:07:18.483804] [E] [handleMessage] Exception in handler: Entity(164): Light not found
[14:07:18.484047] [E] [handleMessage] Exception in handler: Entity(166): Light not found
[14:07:18.484142] [E] [handleMessage] Exception in handler: Entity(168): Light not found
[14:07:18.484210] [E] [handleMessage] Exception in handler: Entity(170): Light not found
[14:07:18.484500] [I] FLR0026_CAMERA_APPLIED head=(5,0,-5) targetPresent=true target=(0,0,0) dolly=(5,0,5)
[14:07:18.585507] [I] FLR0026_MODEL_STAGE_COMPLETE asset=assets/models/sequoia_ngp.glb pending_models=0
[14:07:18.586050] [E] [handleMessage] Exception in handler: Entity(164): Light not found
[14:07:18.586168] [E] [handleMessage] Exception in handler: Entity(166): Light not found
[14:07:18.586249] [E] [handleMessage] Exception in handler: Entity(168): Light not found
[14:07:18.586325] [E] [handleMessage] Exception in handler: Entity(170): Light not found
[14:07:18.586644] [I] FLR0026_CAMERA_APPLIED head=(5,0,-5) targetPresent=true target=(0,0,0) dolly=(5,0,5)
[14:07:18.587063] [I] FLR0026_FRAME_BEGIN seq=400 started=false
[14:07:18.687639] [I] FLR0026_MODEL_STAGE_COMPLETE asset=assets/models/sequoia_ngp.glb pending_models=0
[14:07:18.688176] [E] [handleMessage] Exception in handler: Entity(164): Light not found
[14:07:18.688287] [E] [handleMessage] Exception in handler: Entity(166): Light not found
[14:07:18.688364] [E] [handleMessage] Exception in handler: Entity(168): Light not found
[14:07:18.688433] [E] [handleMessage] Exception in handler: Entity(170): Light not found
[14:07:18.688726] [I] FLR0026_CAMERA_APPLIED head=(5,0,-5) targetPresent=true target=(0,0,0) dolly=(5,0,5)
[14:07:18.789706] [I] FLR0026_MODEL_STAGE_COMPLETE asset=assets/models/sequoia_ngp.glb pending_models=0
[14:07:18.790223] [E] [handleMessage] Exception in handler: Entity(164): Light not found
[14:07:18.790340] [E] [handleMessage] Exception in handler: Entity(166): Light not found
[14:07:18.790426] [E] [handleMessage] Exception in handler: Entity(168): Light not found
[14:07:18.790582] [E] [handleMessage] Exception in handler: Entity(170): Light not found
[14:07:18.790934] [I] FLR0026_CAMERA_APPLIED head=(5,0,-5) targetPresent=true target=(0,0,0) dolly=(5,0,5)
[14:07:18.891945] [I] FLR0026_MODEL_STAGE_COMPLETE asset=assets/models/sequoia_ngp.glb pending_models=0
[14:07:18.892355] [E] [handleMessage] Exception in handler: Entity(164): Light not found
[14:07:18.892457] [E] [handleMessage] Exception in handler: Entity(166): Light not found
[14:07:18.892530] [E] [handleMessage] Exception in handler: Entity(168): Light not found
[14:07:18.892599] [E] [handleMessage] Exception in handler: Entity(170): Light not found
[14:07:18.892906] [I] FLR0026_CAMERA_APPLIED head=(5,0,-5) targetPresent=true target=(0,0,0) dolly=(5,0,5)
[14:07:18.993606] [I] FLR0026_MODEL_STAGE_COMPLETE asset=assets/models/sequoia_ngp.glb pending_models=0
[14:07:18.994152] [E] [handleMessage] Exception in handler: Entity(164): Light not found
[14:07:18.994266] [E] [handleMessage] Exception in handler: Entity(166): Light not found
[14:07:18.994344] [E] [handleMessage] Exception in handler: Entity(168): Light not found
[14:07:18.994416] [E] [handleMessage] Exception in handler: Entity(170): Light not found
[14:07:18.994719] [I] FLR0026_CAMERA_APPLIED head=(5,0,-5) targetPresent=true target=(0,0,0) dolly=(5,0,5)
[14:07:19.095473] [I] FLR0026_MODEL_STAGE_COMPLETE asset=assets/models/sequoia_ngp.glb pending_models=0
[14:07:19.096028] [E] [handleMessage] Exception in handler: Entity(164): Light not found
[14:07:19.096164] [E] [handleMessage] Exception in handler: Entity(166): Light not found
[14:07:19.096241] [E] [handleMessage] Exception in handler: Entity(168): Light not found
[14:07:19.096311] [E] [handleMessage] Exception in handler: Entity(170): Light not found
[14:07:19.096653] [I] FLR0026_CAMERA_APPLIED head=(5,0,-5) targetPresent=true target=(0,0,0) dolly=(5,0,5)
[14:07:19.197491] [I] FLR0026_MODEL_STAGE_COMPLETE asset=assets/models/sequoia_ngp.glb pending_models=0
[14:07:19.198024] [E] [handleMessage] Exception in handler: Entity(164): Light not found
[14:07:19.198138] [E] [handleMessage] Exception in handler: Entity(166): Light not found
[14:07:19.198219] [E] [handleMessage] Exception in handler: Entity(168): Light not found
[14:07:19.198290] [E] [handleMessage] Exception in handler: Entity(170): Light not found
[14:07:19.198585] [I] FLR0026_CAMERA_APPLIED head=(5,0,-5) targetPresent=true target=(0,0,0) dolly=(5,0,5)
[14:07:19.299257] [I] FLR0026_MODEL_STAGE_COMPLETE asset=assets/models/sequoia_ngp.glb pending_models=0
[14:07:19.299494] [E] [handleMessage] Exception in handler: Entity(164): Light not found
[14:07:19.299542] [E] [handleMessage] Exception in handler: Entity(166): Light not found
[14:07:19.299617] [E] [handleMessage] Exception in handler: Entity(168): Light not found
[14:07:19.299741] [E] [handleMessage] Exception in handler: Entity(170): Light not found
[14:07:19.300201] [I] FLR0026_CAMERA_APPLIED head=(5,0,-5) targetPresent=true target=(0,0,0) dolly=(5,0,5)
[14:07:19.401167] [I] FLR0026_MODEL_STAGE_COMPLETE asset=assets/models/sequoia_ngp.glb pending_models=0
[14:07:19.401543] [E] [handleMessage] Exception in handler: Entity(164): Light not found
[14:07:19.401596] [E] [handleMessage] Exception in handler: Entity(166): Light not found
[14:07:19.401626] [E] [handleMessage] Exception in handler: Entity(168): Light not found
[14:07:19.401654] [E] [handleMessage] Exception in handler: Entity(170): Light not found
[14:07:19.401803] [I] FLR0026_CAMERA_APPLIED head=(5,0,-5) targetPresent=true target=(0,0,0) dolly=(5,0,5)
[14:07:19.504967] [I] FLR0026_MODEL_STAGE_COMPLETE asset=assets/models/sequoia_ngp.glb pending_models=0
[14:07:19.505218] [E] [handleMessage] Exception in handler: Entity(164): Light not found
[14:07:19.505270] [E] [handleMessage] Exception in handler: Entity(166): Light not found
[14:07:19.505301] [E] [handleMessage] Exception in handler: Entity(168): Light not found
[14:07:19.505331] [E] [handleMessage] Exception in handler: Entity(170): Light not found
[14:07:19.505540] [I] FLR0026_CAMERA_APPLIED head=(5,0,-5) targetPresent=true target=(0,0,0) dolly=(5,0,5)
[14:07:19.606127] [I] FLR0026_MODEL_STAGE_COMPLETE asset=assets/models/sequoia_ngp.glb pending_models=0
[14:07:19.606380] [E] [handleMessage] Exception in handler: Entity(164): Light not found
[14:07:19.606431] [E] [handleMessage] Exception in handler: Entity(166): Light not found
[14:07:19.606464] [E] [handleMessage] Exception in handler: Entity(168): Light not found
[14:07:19.606493] [E] [handleMessage] Exception in handler: Entity(170): Light not found
[14:07:19.606653] [I] FLR0026_CAMERA_APPLIED head=(5,0,-5) targetPresent=true target=(0,0,0) dolly=(5,0,5)
[14:07:19.606876] [I] FLR0026_FRAME_BEGIN seq=410 started=false
[14:07:19.712353] [I] FLR0026_MODEL_STAGE_COMPLETE asset=assets/models/sequoia_ngp.glb pending_models=0
[14:07:19.712860] [E] [handleMessage] Exception in handler: Entity(164): Light not found
[14:07:19.712938] [E] [handleMessage] Exception in handler: Entity(166): Light not found
[14:07:19.712972] [E] [handleMessage] Exception in handler: Entity(168): Light not found
[14:07:19.713002] [E] [handleMessage] Exception in handler: Entity(170): Light not found
[14:07:19.713163] [I] FLR0026_CAMERA_APPLIED head=(5,0,-5) targetPresent=true target=(0,0,0) dolly=(5,0,5)
[14:07:19.814750] [I] FLR0026_MODEL_STAGE_COMPLETE asset=assets/models/sequoia_ngp.glb pending_models=0
[14:07:19.815088] [E] [handleMessage] Exception in handler: Entity(164): Light not found
[14:07:19.815141] [E] [handleMessage] Exception in handler: Entity(166): Light not found
[14:07:19.815174] [E] [handleMessage] Exception in handler: Entity(168): Light not found
[14:07:19.815204] [E] [handleMessage] Exception in handler: Entity(170): Light not found
[14:07:19.815365] [I] FLR0026_CAMERA_APPLIED head=(5,0,-5) targetPresent=true target=(0,0,0) dolly=(5,0,5)
[14:07:19.920292] [I] FLR0026_MODEL_STAGE_COMPLETE asset=assets/models/sequoia_ngp.glb pending_models=0
[14:07:19.920531] [E] [handleMessage] Exception in handler: Entity(164): Light not found
[14:07:19.920582] [E] [handleMessage] Exception in handler: Entity(166): Light not found
[14:07:19.920615] [E] [handleMessage] Exception in handler: Entity(168): Light not found
[14:07:19.920645] [E] [handleMessage] Exception in handler: Entity(170): Light not found
[14:07:19.920806] [I] FLR0026_CAMERA_APPLIED head=(5,0,-5) targetPresent=true target=(0,0,0) dolly=(5,0,5)
[14:07:20.023968] [I] FLR0026_MODEL_STAGE_COMPLETE asset=assets/models/sequoia_ngp.glb pending_models=0
[14:07:20.024231] [E] [handleMessage] Exception in handler: Entity(164): Light not found
[14:07:20.024280] [E] [handleMessage] Exception in handler: Entity(166): Light not found
[14:07:20.024313] [E] [handleMessage] Exception in handler: Entity(168): Light not found
[14:07:20.024346] [E] [handleMessage] Exception in handler: Entity(170): Light not found
[14:07:20.024509] [I] FLR0026_CAMERA_APPLIED head=(5,0,-5) targetPresent=true target=(0,0,0) dolly=(5,0,5)
[14:07:20.125253] [I] FLR0026_MODEL_STAGE_COMPLETE asset=assets/models/sequoia_ngp.glb pending_models=0
[14:07:20.125511] [E] [handleMessage] Exception in handler: Entity(164): Light not found
[14:07:20.125560] [E] [handleMessage] Exception in handler: Entity(166): Light not found
[14:07:20.125591] [E] [handleMessage] Exception in handler: Entity(168): Light not found
[14:07:20.125621] [E] [handleMessage] Exception in handler: Entity(170): Light not found
[14:07:20.125783] [I] FLR0026_CAMERA_APPLIED head=(5,0,-5) targetPresent=true target=(0,0,0) dolly=(5,0,5)
[14:07:20.228971] [I] FLR0026_MODEL_STAGE_COMPLETE asset=assets/models/sequoia_ngp.glb pending_models=0
[14:07:20.229226] [E] [handleMessage] Exception in handler: Entity(164): Light not found
[14:07:20.229278] [E] [handleMessage] Exception in handler: Entity(166): Light not found
[14:07:20.229310] [E] [handleMessage] Exception in handler: Entity(168): Light not found
[14:07:20.229407] [E] [handleMessage] Exception in handler: Entity(170): Light not found
[14:07:20.229584] [I] FLR0026_CAMERA_APPLIED head=(5,0,-5) targetPresent=true target=(0,0,0) dolly=(5,0,5)
[14:07:20.330171] [I] FLR0026_MODEL_STAGE_COMPLETE asset=assets/models/sequoia_ngp.glb pending_models=0
[14:07:20.330417] [E] [handleMessage] Exception in handler: Entity(164): Light not found
[14:07:20.330471] [E] [handleMessage] Exception in handler: Entity(166): Light not found
[14:07:20.330503] [E] [handleMessage] Exception in handler: Entity(168): Light not found
[14:07:20.330534] [E] [handleMessage] Exception in handler: Entity(170): Light not found
[14:07:20.330693] [I] FLR0026_CAMERA_APPLIED head=(5,0,-5) targetPresent=true target=(0,0,0) dolly=(5,0,5)
[14:07:20.432955] [I] FLR0026_MODEL_STAGE_COMPLETE asset=assets/models/sequoia_ngp.glb pending_models=0
[14:07:20.433190] [E] [handleMessage] Exception in handler: Entity(164): Light not found
[14:07:20.433243] [E] [handleMessage] Exception in handler: Entity(166): Light not found
[14:07:20.433276] [E] [handleMessage] Exception in handler: Entity(168): Light not found
[14:07:20.433308] [E] [handleMessage] Exception in handler: Entity(170): Light not found
[14:07:20.433469] [I] FLR0026_CAMERA_APPLIED head=(5,0,-5) targetPresent=true target=(0,0,0) dolly=(5,0,5)
[14:07:20.537106] [I] FLR0026_MODEL_STAGE_COMPLETE asset=assets/models/sequoia_ngp.glb pending_models=0
[14:07:20.537361] [E] [handleMessage] Exception in handler: Entity(164): Light not found
[14:07:20.537413] [E] [handleMessage] Exception in handler: Entity(166): Light not found
[14:07:20.537446] [E] [handleMessage] Exception in handler: Entity(168): Light not found
[14:07:20.537477] [E] [handleMessage] Exception in handler: Entity(170): Light not found
[14:07:20.537641] [I] FLR0026_CAMERA_APPLIED head=(5,0,-5) targetPresent=true target=(0,0,0) dolly=(5,0,5)
[14:07:20.638278] [I] FLR0026_MODEL_STAGE_PROGRESS seq=420 progress=1 assets=1
[14:07:20.638358] [I] FLR0026_MODEL_STAGE_COMPLETE asset=assets/models/sequoia_ngp.glb pending_models=0
[14:07:20.638536] [E] [handleMessage] Exception in handler: Entity(164): Light not found
[14:07:20.638584] [E] [handleMessage] Exception in handler: Entity(166): Light not found
[14:07:20.638617] [E] [handleMessage] Exception in handler: Entity(168): Light not found
[14:07:20.638647] [E] [handleMessage] Exception in handler: Entity(170): Light not found
[14:07:20.638800] [I] FLR0026_CAMERA_APPLIED head=(5,0,-5) targetPresent=true target=(0,0,0) dolly=(5,0,5)
[14:07:20.639028] [I] FLR0026_FRAME_BEGIN seq=420 started=false
[14:07:20.743970] [I] FLR0026_MODEL_STAGE_COMPLETE asset=assets/models/sequoia_ngp.glb pending_models=0
[14:07:20.744217] [E] [handleMessage] Exception in handler: Entity(164): Light not found
[14:07:20.744269] [E] [handleMessage] Exception in handler: Entity(166): Light not found
[14:07:20.744301] [E] [handleMessage] Exception in handler: Entity(168): Light not found
[14:07:20.744332] [E] [handleMessage] Exception in handler: Entity(170): Light not found
[14:07:20.744493] [I] FLR0026_CAMERA_APPLIED head=(5,0,-5) targetPresent=true target=(0,0,0) dolly=(5,0,5)
[14:07:20.844992] [I] FLR0026_MODEL_STAGE_COMPLETE asset=assets/models/sequoia_ngp.glb pending_models=0
[14:07:20.845247] [E] [handleMessage] Exception in handler: Entity(164): Light not found
[14:07:20.845301] [E] [handleMessage] Exception in handler: Entity(166): Light not found
[14:07:20.845336] [E] [handleMessage] Exception in handler: Entity(168): Light not found
[14:07:20.845367] [E] [handleMessage] Exception in handler: Entity(170): Light not found
[14:07:20.845532] [I] FLR0026_CAMERA_APPLIED head=(5,0,-5) targetPresent=true target=(0,0,0) dolly=(5,0,5)
[14:07:20.949805] [I] FLR0026_MODEL_STAGE_COMPLETE asset=assets/models/sequoia_ngp.glb pending_models=0
[14:07:20.950088] [E] [handleMessage] Exception in handler: Entity(164): Light not found
[14:07:20.950140] [E] [handleMessage] Exception in handler: Entity(166): Light not found
[14:07:20.950256] [E] [handleMessage] Exception in handler: Entity(168): Light not found
[14:07:20.950296] [E] [handleMessage] Exception in handler: Entity(170): Light not found
[14:07:20.950462] [I] FLR0026_CAMERA_APPLIED head=(5,0,-5) targetPresent=true target=(0,0,0) dolly=(5,0,5)
[14:07:21.054095] [I] FLR0026_MODEL_STAGE_COMPLETE asset=assets/models/sequoia_ngp.glb pending_models=0
[14:07:21.054367] [E] [handleMessage] Exception in handler: Entity(164): Light not found
[14:07:21.054417] [E] [handleMessage] Exception in handler: Entity(166): Light not found
[14:07:21.054450] [E] [handleMessage] Exception in handler: Entity(168): Light not found
[14:07:21.054480] [E] [handleMessage] Exception in handler: Entity(170): Light not found
[14:07:21.054644] [I] FLR0026_CAMERA_APPLIED head=(5,0,-5) targetPresent=true target=(0,0,0) dolly=(5,0,5)
[14:07:21.156295] [I] FLR0026_MODEL_STAGE_COMPLETE asset=assets/models/sequoia_ngp.glb pending_models=0
[14:07:21.156718] [E] [handleMessage] Exception in handler: Entity(164): Light not found
[14:07:21.156947] [E] [handleMessage] Exception in handler: Entity(166): Light not found
[14:07:21.157048] [E] [handleMessage] Exception in handler: Entity(168): Light not found
[14:07:21.157131] [E] [handleMessage] Exception in handler: Entity(170): Light not found
[14:07:21.157315] [I] FLR0026_CAMERA_APPLIED head=(5,0,-5) targetPresent=true target=(0,0,0) dolly=(5,0,5)
[14:07:21.258103] [I] FLR0026_MODEL_STAGE_COMPLETE asset=assets/models/sequoia_ngp.glb pending_models=0
[14:07:21.258487] [E] [handleMessage] Exception in handler: Entity(164): Light not found
[14:07:21.258591] [E] [handleMessage] Exception in handler: Entity(166): Light not found
[14:07:21.258667] [E] [handleMessage] Exception in handler: Entity(168): Light not found
[14:07:21.258738] [E] [handleMessage] Exception in handler: Entity(170): Light not found
[14:07:21.259123] [I] FLR0026_CAMERA_APPLIED head=(5,0,-5) targetPresent=true target=(0,0,0) dolly=(5,0,5)
[14:07:21.359946] [I] FLR0026_MODEL_STAGE_COMPLETE asset=assets/models/sequoia_ngp.glb pending_models=0
[14:07:21.360199] [E] [handleMessage] Exception in handler: Entity(164): Light not found
[14:07:21.360251] [E] [handleMessage] Exception in handler: Entity(166): Light not found
[14:07:21.360286] [E] [handleMessage] Exception in handler: Entity(168): Light not found
[14:07:21.360317] [E] [handleMessage] Exception in handler: Entity(170): Light not found
[14:07:21.360480] [I] FLR0026_CAMERA_APPLIED head=(5,0,-5) targetPresent=true target=(0,0,0) dolly=(5,0,5)
[14:07:21.461163] [I] FLR0026_MODEL_STAGE_COMPLETE asset=assets/models/sequoia_ngp.glb pending_models=0
[14:07:21.461551] [E] [handleMessage] Exception in handler: Entity(164): Light not found
[14:07:21.461656] [E] [handleMessage] Exception in handler: Entity(166): Light not found
[14:07:21.461733] [E] [handleMessage] Exception in handler: Entity(168): Light not found
[14:07:21.461804] [E] [handleMessage] Exception in handler: Entity(170): Light not found
[14:07:21.462088] [I] FLR0026_CAMERA_APPLIED head=(5,0,-5) targetPresent=true target=(0,0,0) dolly=(5,0,5)
[14:07:21.565703] [I] FLR0026_MODEL_STAGE_COMPLETE asset=assets/models/sequoia_ngp.glb pending_models=0
[14:07:21.565980] [E] [handleMessage] Exception in handler: Entity(164): Light not found
[14:07:21.566034] [E] [handleMessage] Exception in handler: Entity(166): Light not found
[14:07:21.566068] [E] [handleMessage] Exception in handler: Entity(168): Light not found
[14:07:21.566099] [E] [handleMessage] Exception in handler: Entity(170): Light not found
[14:07:21.566262] [I] FLR0026_CAMERA_APPLIED head=(5,0,-5) targetPresent=true target=(0,0,0) dolly=(5,0,5)
[14:07:21.666755] [I] FLR0026_MODEL_STAGE_COMPLETE asset=assets/models/sequoia_ngp.glb pending_models=0
[14:07:21.667050] [E] [handleMessage] Exception in handler: Entity(164): Light not found
[14:07:21.667105] [E] [handleMessage] Exception in handler: Entity(166): Light not found
[14:07:21.667142] [E] [handleMessage] Exception in handler: Entity(168): Light not found
[14:07:21.667209] [E] [handleMessage] Exception in handler: Entity(170): Light not found
[14:07:21.667376] [I] FLR0026_CAMERA_APPLIED head=(5,0,-5) targetPresent=true target=(0,0,0) dolly=(5,0,5)
[14:07:21.667554] [I] FLR0026_FRAME_BEGIN seq=430 started=false
FLR0026_VK_QUEUE_PRESENT result=0 surface=7fe44ddffc80 swapchain=7fe44dd4e910 index=1
FLR0026_VK_SWAPCHAIN_FLUSH_BEGIN\nFLR0026_VK_COMMAND_END_BEGIN buffer=0x7fe44c025290\nFLR0026_VK_COMMAND_END_DONE buffer=0x7fe44c025290\nFLR0026_VK_QUEUE_SUBMIT_BEGIN queue=0x7fe44c02c620 fence=0x7fe44db00930\nFLR0026_VK_QUEUE_SUBMIT_DONE result=0 queue=0x7fe44c02c620 fence=0x7fe44db00930\nFLR0026_VK_SWAPCHAIN_FLUSH_DONE flushed=true\nFLR0026_VK_FINISHED_SIGNAL_ACQUIRE_BEGIN\nFLR0026_VK_FINISHED_SIGNAL_ACQUIRE_DONE present=true\nFLR0026_VK_PRESENT_WAIT_SEMAPHORE enabled=true\nFLR0026_VK_QUEUE_PRESENT_BEGIN queue=0x7fe44c02c620 swapchain=0x7fe44dd4e910 index=0\nFLR0026_VK_END_FRAME_BEGIN
[14:07:21.780977] [I] FLR0026_MODEL_STAGE_COMPLETE asset=assets/models/sequoia_ngp.glb pending_models=0
[14:07:21.781216] [E] [handleMessage] Exception in handler: Entity(164): Light not found
[14:07:21.781268] [E] [handleMessage] Exception in handler: Entity(166): Light not found
[14:07:21.781301] [E] [handleMessage] Exception in handler: Entity(168): Light not found
[14:07:21.781332] [E] [handleMessage] Exception in handler: Entity(170): Light not found
[14:07:21.781492] [I] FLR0026_CAMERA_APPLIED head=(5,0,-5) targetPresent=true target=(0,0,0) dolly=(5,0,5)
