[13:12:12.456647] [I] FLR0026_MODEL_LOAD_PLAN total=60 limit=0 match= inspected=1 queued=0
[13:12:12.457655] [I] FLR0026_LIGHT_SETUP_PLAN total=13 limit=0 type_filter= skip_guid_filter= trace_guid_filter= position_override_guid=0 position_override_enabled=false selected=0
[13:12:12.457856] [I] FLR0027_NATIVE_SKIP_SHAPES enabled=true shapes=37
FLR0026_VK_END_FRAME_BEGIN
[13:12:18.521681] [I] FLR0026_NATIVE_MINIMAL_GEOMETRY_IN_PRODUCTION enabled=true
[13:12:18.629817] [I] FLR0026_FRAME_BEGIN seq=1 started=true
[13:12:18.746298] [I] FLR0026_FRAME_BEGIN seq=2 started=true
[13:12:18.851086] [I] FLR0026_FRAME_BEGIN seq=3 started=false
FLR0026_VK_PRESENT_BOUNDARY_BEGIN index=0
FLR0026_VK_SWAPCHAIN_FLUSH_DONE flushed=true\nFLR0026_VK_FINISHED_SIGNAL_ACQUIRE_BEGIN\nFLR0026_VK_FINISHED_SIGNAL_ACQUIRE_DONE present=true\nFLR0026_VK_PRESENT_WAIT_SEMAPHORE enabled=true\nFLR0026_VK_QUEUE_PRESENT_BEGIN queue=0x7fc26c02c5e0 swapchain=0x7fc26de32320 index=0\n[13:12:19.587771] [E] [handleMessage] Exception in handler: Entity(164): Light not found
[13:12:19.588342] [I] FLR0026_FRAME_BEGIN seq=10 started=false
FLR0026_VK_QUEUE_PRESENT result=0 surface=7fc26dc7b880 swapchain=7fc26de32320 index=0
FLR0026_VK_PRESENT_BOUNDARY_RETURN result=0
FLR0026_VK_PRESENT_BOUNDARY_DONE
FLR0026_VK_COMMIT_DONE
FLR0026_VK_END_FRAME_BEGIN
FLR0026_VK_PRESENT_BOUNDARY_BEGIN index=1
FLR0026_VK_SWAPCHAIN_FLUSH_DONE flushed=true\nFLR0026_VK_FINISHED_SIGNAL_ACQUIRE_BEGIN\nFLR0026_VK_FINISHED_SIGNAL_ACQUIRE_DONE present=true\nFLR0026_VK_PRESENT_WAIT_SEMAPHORE enabled=true\nFLR0026_VK_QUEUE_PRESENT_BEGIN queue=0x7fc26c02c5e0 swapchain=0x7fc26de32320 index=1\nFLR0026_RENDERER_COMMIT_ENQUEUE
[13:12:20.639053] [I] FLR0026_FRAME_BEGIN seq=20 started=false
FLR0026_VK_QUEUE_PRESENT result=0 surface=7fc26dc7b880 swapchain=7fc26de32320 index=1
FLR0026_VK_PRESENT_BOUNDARY_RETURN result=0
FLR0026_VK_PRESENT_BOUNDARY_DONE
FLR0026_VK_COMMIT_DONE
FLR0026_VK_PRESENT_BOUNDARY_BEGIN index=0
FLR0026_VK_SWAPCHAIN_FLUSH_DONE flushed=true\nFLR0026_VK_FINISHED_SIGNAL_ACQUIRE_BEGIN\nFLR0026_VK_FINISHED_SIGNAL_ACQUIRE_DONE present=true\nFLR0026_VK_PRESENT_WAIT_SEMAPHORE enabled=true\nFLR0026_VK_QUEUE_PRESENT_BEGIN queue=0x7fc26c02c5e0 swapchain=0x7fc26de32320 index=0\nFLR0026_VK_END_FRAME_BEGIN
FLR0026_VK_QUEUE_PRESENT result=0 surface=7fc26dc7b880 swapchain=7fc26de32320 index=0
FLR0026_VK_PRESENT_BOUNDARY_RETURN result=0
FLR0026_VK_PRESENT_BOUNDARY_DONE
FLR0026_VK_COMMIT_DONE
FLR0026_VK_PRESENT_BOUNDARY_BEGIN index=1
FLR0026_VK_SWAPCHAIN_FLUSH_DONE flushed=true\nFLR0026_VK_FINISHED_SIGNAL_ACQUIRE_BEGIN\nFLR0026_VK_FINISHED_SIGNAL_ACQUIRE_DONE present=true\nFLR0026_VK_PRESENT_WAIT_SEMAPHORE enabled=true\nFLR0026_VK_QUEUE_PRESENT_BEGIN queue=0x7fc26c02c5e0 swapchain=0x7fc26de32320 index=1\nFLR0026_VK_END_FRAME_BEGIN
FLR0026_VK_QUEUE_PRESENT result=0 surface=7fc26dc7b880 swapchain=7fc26de32320 index=1
FLR0026_VK_PRESENT_BOUNDARY_RETURN result=0
FLR0026_VK_PRESENT_BOUNDARY_DONE
FLR0026_VK_COMMIT_DONE
FLR0026_VK_PRESENT_BOUNDARY_BEGIN index=0
FLR0026_VK_SWAPCHAIN_FLUSH_DONE flushed=true\nFLR0026_VK_FINISHED_SIGNAL_ACQUIRE_BEGIN\nFLR0026_VK_FINISHED_SIGNAL_ACQUIRE_DONE present=true\nFLR0026_VK_PRESENT_WAIT_SEMAPHORE enabled=true\nFLR0026_VK_QUEUE_PRESENT_BEGIN queue=0x7fc26c02c5e0 swapchain=0x7fc26de32320 index=0\nFLR0026_VK_END_FRAME_BEGIN
FLR0026_VK_QUEUE_PRESENT result=0 surface=7fc26dc7b880 swapchain=7fc26de32320 index=0
FLR0026_VK_PRESENT_BOUNDARY_RETURN result=0
FLR0026_VK_PRESENT_BOUNDARY_DONE
FLR0026_VK_COMMIT_DONE
FLR0026_VK_PRESENT_BOUNDARY_BEGIN index=1
FLR0026_VK_SWAPCHAIN_FLUSH_DONE flushed=true\nFLR0026_VK_FINISHED_SIGNAL_ACQUIRE_BEGIN\nFLR0026_VK_FINISHED_SIGNAL_ACQUIRE_DONE present=true\nFLR0026_VK_PRESENT_WAIT_SEMAPHORE enabled=true\nFLR0026_VK_QUEUE_PRESENT_BEGIN queue=0x7fc26c02c5e0 swapchain=0x7fc26de32320 index=1\nFLR0026_VK_END_FRAME_BEGIN
FLR0026_VK_QUEUE_PRESENT result=0 surface=7fc26dc7b880 swapchain=7fc26de32320 index=1
FLR0026_VK_PRESENT_BOUNDARY_RETURN result=0
FLR0026_VK_PRESENT_BOUNDARY_DONE
FLR0026_VK_COMMIT_DONE
FLR0026_VK_PRESENT_BOUNDARY_BEGIN index=0
FLR0026_VK_SWAPCHAIN_FLUSH_DONE flushed=true\nFLR0026_VK_FINISHED_SIGNAL_ACQUIRE_BEGIN\nFLR0026_VK_FINISHED_SIGNAL_ACQUIRE_DONE present=true\nFLR0026_VK_PRESENT_WAIT_SEMAPHORE enabled=true\nFLR0026_VK_QUEUE_PRESENT_BEGIN queue=0x7fc26c02c5e0 swapchain=0x7fc26de32320 index=0\nFLR0026_VK_END_FRAME_BEGIN
FLR0026_VK_QUEUE_PRESENT result=0 surface=7fc26dc7b880 swapchain=7fc26de32320 index=0
FLR0026_VK_PRESENT_BOUNDARY_RETURN result=0
FLR0026_VK_PRESENT_BOUNDARY_DONE
FLR0026_VK_COMMIT_DONE
FLR0026_VK_PRESENT_BOUNDARY_BEGIN index=1
FLR0026_VK_SWAPCHAIN_FLUSH_DONE flushed=true\nFLR0026_VK_FINISHED_SIGNAL_ACQUIRE_BEGIN\nFLR0026_VK_FINISHED_SIGNAL_ACQUIRE_DONE present=true\nFLR0026_VK_PRESENT_WAIT_SEMAPHORE enabled=true\nFLR0026_VK_QUEUE_PRESENT_BEGIN queue=0x7fc26c02c5e0 swapchain=0x7fc26de32320 index=1\nFLR0026_VK_END_FRAME_BEGIN
FLR0026_VK_QUEUE_PRESENT result=0 surface=7fc26dc7b880 swapchain=7fc26de32320 index=1
FLR0026_VK_PRESENT_BOUNDARY_RETURN result=0
FLR0026_VK_PRESENT_BOUNDARY_DONE
FLR0026_VK_COMMIT_DONE
FLR0026_VK_PRESENT_BOUNDARY_BEGIN index=0
FLR0026_VK_SWAPCHAIN_FLUSH_DONE flushed=true\nFLR0026_VK_FINISHED_SIGNAL_ACQUIRE_BEGIN\nFLR0026_VK_FINISHED_SIGNAL_ACQUIRE_DONE present=true\nFLR0026_VK_PRESENT_WAIT_SEMAPHORE enabled=true\nFLR0026_VK_QUEUE_PRESENT_BEGIN queue=0x7fc26c02c5e0 swapchain=0x7fc26de32320 index=0\nFLR0026_VK_END_FRAME_BEGIN
FLR0026_VK_QUEUE_PRESENT result=0 surface=7fc26dc7b880 swapchain=7fc26de32320 index=0
FLR0026_VK_PRESENT_BOUNDARY_RETURN result=0
FLR0026_VK_PRESENT_BOUNDARY_DONE
FLR0026_VK_COMMIT_DONE
FLR0026_VK_PRESENT_BOUNDARY_BEGIN index=1
FLR0026_VK_SWAPCHAIN_FLUSH_DONE flushed=true\nFLR0026_VK_FINISHED_SIGNAL_ACQUIRE_BEGIN\nFLR0026_VK_FINISHED_SIGNAL_ACQUIRE_DONE present=true\nFLR0026_VK_PRESENT_WAIT_SEMAPHORE enabled=true\nFLR0026_VK_QUEUE_PRESENT_BEGIN queue=0x7fc26c02c5e0 swapchain=0x7fc26de32320 index=1\nFLR0026_VK_END_FRAME_BEGIN
FLR0026_VK_QUEUE_PRESENT result=0 surface=7fc26dc7b880 swapchain=7fc26de32320 index=1
FLR0026_VK_PRESENT_BOUNDARY_RETURN result=0
FLR0026_VK_PRESENT_BOUNDARY_DONE
FLR0026_VK_COMMIT_DONE
FLR0026_VK_PRESENT_BOUNDARY_BEGIN index=0
FLR0026_VK_SWAPCHAIN_FLUSH_DONE flushed=true\nFLR0026_VK_FINISHED_SIGNAL_ACQUIRE_BEGIN\nFLR0026_VK_FINISHED_SIGNAL_ACQUIRE_DONE present=true\nFLR0026_VK_PRESENT_WAIT_SEMAPHORE enabled=true\nFLR0026_VK_QUEUE_PRESENT_BEGIN queue=0x7fc26c02c5e0 swapchain=0x7fc26de32320 index=0\nFLR0026_VK_END_FRAME_BEGIN
FLR0026_VK_QUEUE_PRESENT result=0 surface=7fc26dc7b880 swapchain=7fc26de32320 index=0
FLR0026_VK_PRESENT_BOUNDARY_RETURN result=0
FLR0026_VK_PRESENT_BOUNDARY_DONE
FLR0026_VK_COMMIT_DONE
FLR0026_VK_PRESENT_BOUNDARY_BEGIN index=1
FLR0026_VK_SWAPCHAIN_FLUSH_DONE flushed=true\nFLR0026_VK_FINISHED_SIGNAL_ACQUIRE_BEGIN\nFLR0026_VK_FINISHED_SIGNAL_ACQUIRE_DONE present=true\nFLR0026_VK_PRESENT_WAIT_SEMAPHORE enabled=true\nFLR0026_VK_QUEUE_PRESENT_BEGIN queue=0x7fc26c02c5e0 swapchain=0x7fc26de32320 index=1\nFLR0026_VK_END_FRAME_BEGIN
[13:12:22.812073] [I] FLR0026_FRAME_BEGIN seq=30 started=false
FLR0026_VK_QUEUE_PRESENT result=0 surface=7fc26dc7b880 swapchain=7fc26de32320 index=1
FLR0026_VK_PRESENT_BOUNDARY_RETURN result=0
FLR0026_VK_PRESENT_BOUNDARY_DONE
FLR0026_VK_COMMIT_DONE
FLR0026_VK_END_FRAME_BEGIN
FLR0026_VK_PRESENT_BOUNDARY_BEGIN index=0
FLR0026_VK_SWAPCHAIN_FLUSH_DONE flushed=true\nFLR0026_VK_FINISHED_SIGNAL_ACQUIRE_BEGIN\nFLR0026_VK_FINISHED_SIGNAL_ACQUIRE_DONE present=true\nFLR0026_VK_PRESENT_WAIT_SEMAPHORE enabled=true\nFLR0026_VK_QUEUE_PRESENT_BEGIN queue=0x7fc26c02c5e0 swapchain=0x7fc26de32320 index=0\n[13:12:23.047667] [E] [handleMessage] Exception in handler: Entity(164): Light not found
FLR0026_VK_QUEUE_PRESENT result=0 surface=7fc26dc7b880 swapchain=7fc26de32320 index=0
FLR0026_VK_PRESENT_BOUNDARY_RETURN result=0
FLR0026_VK_PRESENT_BOUNDARY_DONE
FLR0026_VK_COMMIT_DONE
FLR0026_VK_PRESENT_BOUNDARY_BEGIN index=1
FLR0026_VK_SWAPCHAIN_FLUSH_DONE flushed=true\nFLR0026_VK_FINISHED_SIGNAL_ACQUIRE_BEGIN\nFLR0026_VK_FINISHED_SIGNAL_ACQUIRE_DONE present=true\nFLR0026_VK_PRESENT_WAIT_SEMAPHORE enabled=true\nFLR0026_VK_QUEUE_PRESENT_BEGIN queue=0x7fc26c02c5e0 swapchain=0x7fc26de32320 index=1\nFLR0026_VK_END_FRAME_BEGIN
FLR0026_VK_QUEUE_PRESENT result=0 surface=7fc26dc7b880 swapchain=7fc26de32320 index=1
FLR0026_VK_PRESENT_BOUNDARY_RETURN result=0
FLR0026_VK_PRESENT_BOUNDARY_DONE
FLR0026_VK_COMMIT_DONE
FLR0026_VK_PRESENT_BOUNDARY_BEGIN index=0
FLR0026_VK_SWAPCHAIN_FLUSH_DONE flushed=true\nFLR0026_VK_FINISHED_SIGNAL_ACQUIRE_BEGIN\nFLR0026_VK_FINISHED_SIGNAL_ACQUIRE_DONE present=true\nFLR0026_VK_PRESENT_WAIT_SEMAPHORE enabled=true\nFLR0026_VK_QUEUE_PRESENT_BEGIN queue=0x7fc26c02c5e0 swapchain=0x7fc26de32320 index=0\nFLR0026_VK_END_FRAME_BEGIN
FLR0026_VK_QUEUE_PRESENT result=0 surface=7fc26dc7b880 swapchain=7fc26de32320 index=0
FLR0026_VK_PRESENT_BOUNDARY_RETURN result=0
FLR0026_VK_PRESENT_BOUNDARY_DONE
FLR0026_VK_COMMIT_DONE
FLR0026_VK_PRESENT_BOUNDARY_BEGIN index=1
FLR0026_VK_SWAPCHAIN_FLUSH_DONE flushed=true\nFLR0026_VK_FINISHED_SIGNAL_ACQUIRE_BEGIN\nFLR0026_VK_FINISHED_SIGNAL_ACQUIRE_DONE present=true\nFLR0026_VK_PRESENT_WAIT_SEMAPHORE enabled=true\nFLR0026_VK_QUEUE_PRESENT_BEGIN queue=0x7fc26c02c5e0 swapchain=0x7fc26de32320 index=1\nFLR0026_VK_END_FRAME_BEGIN
FLR0026_VK_QUEUE_PRESENT result=0 surface=7fc26dc7b880 swapchain=7fc26de32320 index=1
FLR0026_VK_PRESENT_BOUNDARY_RETURN result=0
FLR0026_VK_PRESENT_BOUNDARY_DONE
FLR0026_VK_COMMIT_DONE
FLR0026_VK_PRESENT_BOUNDARY_BEGIN index=0
FLR0026_VK_SWAPCHAIN_FLUSH_DONE flushed=true\nFLR0026_VK_FINISHED_SIGNAL_ACQUIRE_BEGIN\nFLR0026_VK_FINISHED_SIGNAL_ACQUIRE_DONE present=true\nFLR0026_VK_PRESENT_WAIT_SEMAPHORE enabled=true\nFLR0026_VK_QUEUE_PRESENT_BEGIN queue=0x7fc26c02c5e0 swapchain=0x7fc26de32320 index=0\nFLR0026_VK_END_FRAME_BEGIN
FLR0026_VK_QUEUE_PRESENT result=0 surface=7fc26dc7b880 swapchain=7fc26de32320 index=0
FLR0026_VK_PRESENT_BOUNDARY_RETURN result=0
FLR0026_VK_PRESENT_BOUNDARY_DONE
FLR0026_VK_COMMIT_DONE
FLR0026_VK_PRESENT_BOUNDARY_BEGIN index=1
FLR0026_VK_SWAPCHAIN_FLUSH_DONE flushed=true\nFLR0026_VK_FINISHED_SIGNAL_ACQUIRE_BEGIN\nFLR0026_VK_FINISHED_SIGNAL_ACQUIRE_DONE present=true\nFLR0026_VK_PRESENT_WAIT_SEMAPHORE enabled=true\nFLR0026_VK_QUEUE_PRESENT_BEGIN queue=0x7fc26c02c5e0 swapchain=0x7fc26de32320 index=1\nFLR0026_VK_END_FRAME_BEGIN
FLR0026_VK_QUEUE_PRESENT result=0 surface=7fc26dc7b880 swapchain=7fc26de32320 index=1
FLR0026_VK_PRESENT_BOUNDARY_RETURN result=0
FLR0026_VK_PRESENT_BOUNDARY_DONE
FLR0026_VK_COMMIT_DONE
FLR0026_VK_PRESENT_BOUNDARY_BEGIN index=0
FLR0026_VK_SWAPCHAIN_FLUSH_DONE flushed=true\nFLR0026_VK_FINISHED_SIGNAL_ACQUIRE_BEGIN\nFLR0026_VK_FINISHED_SIGNAL_ACQUIRE_DONE present=true\nFLR0026_VK_PRESENT_WAIT_SEMAPHORE enabled=true\nFLR0026_VK_QUEUE_PRESENT_BEGIN queue=0x7fc26c02c5e0 swapchain=0x7fc26de32320 index=0\nFLR0026_VK_END_FRAME_BEGIN
FLR0026_VK_QUEUE_PRESENT result=0 surface=7fc26dc7b880 swapchain=7fc26de32320 index=0
FLR0026_VK_PRESENT_BOUNDARY_RETURN result=0
FLR0026_VK_PRESENT_BOUNDARY_DONE
FLR0026_VK_COMMIT_DONE
FLR0026_VK_PRESENT_BOUNDARY_BEGIN index=1
FLR0026_VK_SWAPCHAIN_FLUSH_DONE flushed=true\nFLR0026_VK_FINISHED_SIGNAL_ACQUIRE_BEGIN\nFLR0026_VK_FINISHED_SIGNAL_ACQUIRE_DONE present=true\nFLR0026_VK_PRESENT_WAIT_SEMAPHORE enabled=true\nFLR0026_VK_QUEUE_PRESENT_BEGIN queue=0x7fc26c02c5e0 swapchain=0x7fc26de32320 index=1\nFLR0026_VK_END_FRAME_BEGIN
FLR0026_VK_QUEUE_PRESENT result=0 surface=7fc26dc7b880 swapchain=7fc26de32320 index=1
FLR0026_VK_PRESENT_BOUNDARY_RETURN result=0
FLR0026_VK_PRESENT_BOUNDARY_DONE
FLR0026_VK_COMMIT_DONE
FLR0026_VK_PRESENT_BOUNDARY_BEGIN index=0
FLR0026_VK_SWAPCHAIN_FLUSH_DONE flushed=true\nFLR0026_VK_FINISHED_SIGNAL_ACQUIRE_BEGIN\nFLR0026_VK_FINISHED_SIGNAL_ACQUIRE_DONE present=true\nFLR0026_VK_PRESENT_WAIT_SEMAPHORE enabled=true\nFLR0026_VK_QUEUE_PRESENT_BEGIN queue=0x7fc26c02c5e0 swapchain=0x7fc26de32320 index=0\nFLR0026_VK_END_FRAME_BEGIN
FLR0026_VK_QUEUE_PRESENT result=0 surface=7fc26dc7b880 swapchain=7fc26de32320 index=0
FLR0026_VK_PRESENT_BOUNDARY_RETURN result=0
FLR0026_VK_PRESENT_BOUNDARY_DONE
FLR0026_VK_COMMIT_DONE
FLR0026_VK_PRESENT_BOUNDARY_BEGIN index=1
FLR0026_VK_SWAPCHAIN_FLUSH_DONE flushed=true\nFLR0026_VK_FINISHED_SIGNAL_ACQUIRE_BEGIN\nFLR0026_VK_FINISHED_SIGNAL_ACQUIRE_DONE present=true\nFLR0026_VK_PRESENT_WAIT_SEMAPHORE enabled=true\nFLR0026_VK_QUEUE_PRESENT_BEGIN queue=0x7fc26c02c5e0 swapchain=0x7fc26de32320 index=1\nFLR0026_VK_END_FRAME_BEGIN
[13:12:25.033124] [I] FLR0026_FRAME_BEGIN seq=40 started=false
FLR0026_VK_QUEUE_PRESENT result=0 surface=7fc26dc7b880 swapchain=7fc26de32320 index=1
FLR0026_VK_PRESENT_BOUNDARY_RETURN result=0
FLR0026_VK_PRESENT_BOUNDARY_DONE
FLR0026_VK_COMMIT_DONE
FLR0026_VK_PRESENT_BOUNDARY_BEGIN index=0
FLR0026_VK_END_FRAME_BEGIN
FLR0026_VK_SWAPCHAIN_FLUSH_DONE flushed=true\nFLR0026_VK_FINISHED_SIGNAL_ACQUIRE_BEGIN\nFLR0026_VK_FINISHED_SIGNAL_ACQUIRE_DONE present=true\nFLR0026_VK_PRESENT_WAIT_SEMAPHORE enabled=true\nFLR0026_VK_QUEUE_PRESENT_BEGIN queue=0x7fc26c02c5e0 swapchain=0x7fc26de32320 index=0\n[13:12:25.253659] [E] [handleMessage] Exception in handler: Entity(164): Light not found
FLR0026_VK_QUEUE_PRESENT result=0 surface=7fc26dc7b880 swapchain=7fc26de32320 index=0
FLR0026_VK_PRESENT_BOUNDARY_RETURN result=0
FLR0026_VK_PRESENT_BOUNDARY_DONE
FLR0026_VK_COMMIT_DONE
FLR0026_VK_PRESENT_BOUNDARY_BEGIN index=1
FLR0026_VK_SWAPCHAIN_FLUSH_DONE flushed=true\nFLR0026_VK_FINISHED_SIGNAL_ACQUIRE_BEGIN\nFLR0026_VK_FINISHED_SIGNAL_ACQUIRE_DONE present=true\nFLR0026_VK_PRESENT_WAIT_SEMAPHORE enabled=true\nFLR0026_VK_QUEUE_PRESENT_BEGIN queue=0x7fc26c02c5e0 swapchain=0x7fc26de32320 index=1\nFLR0026_VK_END_FRAME_BEGIN
FLR0026_VK_QUEUE_PRESENT result=0 surface=7fc26dc7b880 swapchain=7fc26de32320 index=1
FLR0026_VK_PRESENT_BOUNDARY_RETURN result=0
FLR0026_VK_PRESENT_BOUNDARY_DONE
FLR0026_VK_COMMIT_DONE
FLR0026_VK_PRESENT_BOUNDARY_BEGIN index=0
FLR0026_VK_SWAPCHAIN_FLUSH_DONE flushed=true\nFLR0026_VK_FINISHED_SIGNAL_ACQUIRE_BEGIN\nFLR0026_VK_FINISHED_SIGNAL_ACQUIRE_DONE present=true\nFLR0026_VK_PRESENT_WAIT_SEMAPHORE enabled=true\nFLR0026_VK_QUEUE_PRESENT_BEGIN queue=0x7fc26c02c5e0 swapchain=0x7fc26de32320 index=0\nFLR0026_VK_END_FRAME_BEGIN
FLR0026_VK_QUEUE_PRESENT result=0 surface=7fc26dc7b880 swapchain=7fc26de32320 index=0
FLR0026_VK_PRESENT_BOUNDARY_RETURN result=0
FLR0026_VK_PRESENT_BOUNDARY_DONE
FLR0026_VK_COMMIT_DONE
FLR0026_VK_PRESENT_BOUNDARY_BEGIN index=1
FLR0026_VK_SWAPCHAIN_FLUSH_DONE flushed=true\nFLR0026_VK_FINISHED_SIGNAL_ACQUIRE_BEGIN\nFLR0026_VK_FINISHED_SIGNAL_ACQUIRE_DONE present=true\nFLR0026_VK_PRESENT_WAIT_SEMAPHORE enabled=true\nFLR0026_VK_QUEUE_PRESENT_BEGIN queue=0x7fc26c02c5e0 swapchain=0x7fc26de32320 index=1\nFLR0026_VK_END_FRAME_BEGIN
FLR0026_VK_QUEUE_PRESENT result=0 surface=7fc26dc7b880 swapchain=7fc26de32320 index=1
FLR0026_VK_PRESENT_BOUNDARY_RETURN result=0
FLR0026_VK_PRESENT_BOUNDARY_DONE
FLR0026_VK_COMMIT_DONE
FLR0026_VK_PRESENT_BOUNDARY_BEGIN index=0
FLR0026_VK_SWAPCHAIN_FLUSH_DONE flushed=true\nFLR0026_VK_FINISHED_SIGNAL_ACQUIRE_BEGIN\nFLR0026_VK_FINISHED_SIGNAL_ACQUIRE_DONE present=true\nFLR0026_VK_PRESENT_WAIT_SEMAPHORE enabled=true\nFLR0026_VK_QUEUE_PRESENT_BEGIN queue=0x7fc26c02c5e0 swapchain=0x7fc26de32320 index=0\nFLR0026_VK_END_FRAME_BEGIN
FLR0026_VK_QUEUE_PRESENT result=0 surface=7fc26dc7b880 swapchain=7fc26de32320 index=0
FLR0026_VK_PRESENT_BOUNDARY_RETURN result=0
FLR0026_VK_PRESENT_BOUNDARY_DONE
FLR0026_VK_COMMIT_DONE
FLR0026_VK_PRESENT_BOUNDARY_BEGIN index=1
FLR0026_VK_SWAPCHAIN_FLUSH_DONE flushed=true\nFLR0026_VK_FINISHED_SIGNAL_ACQUIRE_BEGIN\nFLR0026_VK_FINISHED_SIGNAL_ACQUIRE_DONE present=true\nFLR0026_VK_PRESENT_WAIT_SEMAPHORE enabled=true\nFLR0026_VK_QUEUE_PRESENT_BEGIN queue=0x7fc26c02c5e0 swapchain=0x7fc26de32320 index=1\nFLR0026_VK_END_FRAME_BEGIN
FLR0026_VK_QUEUE_PRESENT result=0 surface=7fc26dc7b880 swapchain=7fc26de32320 index=1
FLR0026_VK_PRESENT_BOUNDARY_RETURN result=0
FLR0026_VK_PRESENT_BOUNDARY_DONE
FLR0026_VK_COMMIT_DONE
FLR0026_VK_PRESENT_BOUNDARY_BEGIN index=0
FLR0026_VK_SWAPCHAIN_FLUSH_DONE flushed=true\nFLR0026_VK_FINISHED_SIGNAL_ACQUIRE_BEGIN\nFLR0026_VK_FINISHED_SIGNAL_ACQUIRE_DONE present=true\nFLR0026_VK_PRESENT_WAIT_SEMAPHORE enabled=true\nFLR0026_VK_QUEUE_PRESENT_BEGIN queue=0x7fc26c02c5e0 swapchain=0x7fc26de32320 index=0\nFLR0026_VK_END_FRAME_BEGIN
FLR0026_VK_QUEUE_PRESENT result=0 surface=7fc26dc7b880 swapchain=7fc26de32320 index=0
FLR0026_VK_PRESENT_BOUNDARY_RETURN result=0
FLR0026_VK_PRESENT_BOUNDARY_DONE
FLR0026_VK_COMMIT_DONE
FLR0026_VK_PRESENT_BOUNDARY_BEGIN index=1
FLR0026_VK_SWAPCHAIN_FLUSH_DONE flushed=true\nFLR0026_VK_FINISHED_SIGNAL_ACQUIRE_BEGIN\nFLR0026_VK_FINISHED_SIGNAL_ACQUIRE_DONE present=true\nFLR0026_VK_PRESENT_WAIT_SEMAPHORE enabled=true\nFLR0026_VK_QUEUE_PRESENT_BEGIN queue=0x7fc26c02c5e0 swapchain=0x7fc26de32320 index=1\nFLR0026_VK_END_FRAME_BEGIN
FLR0026_VK_QUEUE_PRESENT result=0 surface=7fc26dc7b880 swapchain=7fc26de32320 index=1
FLR0026_VK_PRESENT_BOUNDARY_RETURN result=0
FLR0026_VK_PRESENT_BOUNDARY_DONE
FLR0026_VK_COMMIT_DONE
FLR0026_VK_PRESENT_BOUNDARY_BEGIN index=0
FLR0026_VK_SWAPCHAIN_FLUSH_DONE flushed=true\nFLR0026_VK_FINISHED_SIGNAL_ACQUIRE_BEGIN\nFLR0026_VK_FINISHED_SIGNAL_ACQUIRE_DONE present=true\nFLR0026_VK_PRESENT_WAIT_SEMAPHORE enabled=true\nFLR0026_VK_QUEUE_PRESENT_BEGIN queue=0x7fc26c02c5e0 swapchain=0x7fc26de32320 index=0\nFLR0026_VK_END_FRAME_BEGIN
FLR0026_VK_QUEUE_PRESENT result=0 surface=7fc26dc7b880 swapchain=7fc26de32320 index=0
FLR0026_VK_PRESENT_BOUNDARY_RETURN result=0
FLR0026_VK_PRESENT_BOUNDARY_DONE
FLR0026_VK_COMMIT_DONE
FLR0026_VK_PRESENT_BOUNDARY_BEGIN index=1
FLR0026_VK_SWAPCHAIN_FLUSH_DONE flushed=true\nFLR0026_VK_FINISHED_SIGNAL_ACQUIRE_BEGIN\nFLR0026_VK_FINISHED_SIGNAL_ACQUIRE_DONE present=true\nFLR0026_VK_PRESENT_WAIT_SEMAPHORE enabled=true\nFLR0026_VK_QUEUE_PRESENT_BEGIN queue=0x7fc26c02c5e0 swapchain=0x7fc26de32320 index=1\nFLR0026_VK_END_FRAME_BEGIN
[13:12:27.256036] [I] FLR0026_FRAME_BEGIN seq=50 started=false
FLR0026_VK_QUEUE_PRESENT result=0 surface=7fc26dc7b880 swapchain=7fc26de32320 index=1
FLR0026_VK_PRESENT_BOUNDARY_RETURN result=0
FLR0026_VK_PRESENT_BOUNDARY_DONE
FLR0026_VK_COMMIT_DONE
FLR0026_VK_END_FRAME_BEGIN
FLR0026_VK_PRESENT_BOUNDARY_BEGIN index=0
FLR0026_VK_SWAPCHAIN_FLUSH_DONE flushed=true\nFLR0026_VK_FINISHED_SIGNAL_ACQUIRE_BEGIN\nFLR0026_VK_FINISHED_SIGNAL_ACQUIRE_DONE present=true\nFLR0026_VK_PRESENT_WAIT_SEMAPHORE enabled=true\nFLR0026_VK_QUEUE_PRESENT_BEGIN queue=0x7fc26c02c5e0 swapchain=0x7fc26de32320 index=0\n[13:12:27.480652] [E] [handleMessage] Exception in handler: Entity(164): Light not found
FLR0026_VK_QUEUE_PRESENT result=0 surface=7fc26dc7b880 swapchain=7fc26de32320 index=0
FLR0026_VK_PRESENT_BOUNDARY_RETURN result=0
FLR0026_VK_PRESENT_BOUNDARY_DONE
FLR0026_VK_COMMIT_DONE
FLR0026_VK_PRESENT_BOUNDARY_BEGIN index=1
FLR0026_VK_SWAPCHAIN_FLUSH_DONE flushed=true\nFLR0026_VK_FINISHED_SIGNAL_ACQUIRE_BEGIN\nFLR0026_VK_FINISHED_SIGNAL_ACQUIRE_DONE present=true\nFLR0026_VK_PRESENT_WAIT_SEMAPHORE enabled=true\nFLR0026_VK_QUEUE_PRESENT_BEGIN queue=0x7fc26c02c5e0 swapchain=0x7fc26de32320 index=1\nFLR0026_VK_END_FRAME_BEGIN
FLR0026_VK_QUEUE_PRESENT result=0 surface=7fc26dc7b880 swapchain=7fc26de32320 index=1
FLR0026_VK_PRESENT_BOUNDARY_RETURN result=0
FLR0026_VK_PRESENT_BOUNDARY_DONE
FLR0026_VK_COMMIT_DONE
FLR0026_VK_PRESENT_BOUNDARY_BEGIN index=0
FLR0026_VK_SWAPCHAIN_FLUSH_DONE flushed=true\nFLR0026_VK_FINISHED_SIGNAL_ACQUIRE_BEGIN\nFLR0026_VK_FINISHED_SIGNAL_ACQUIRE_DONE present=true\nFLR0026_VK_PRESENT_WAIT_SEMAPHORE enabled=true\nFLR0026_VK_QUEUE_PRESENT_BEGIN queue=0x7fc26c02c5e0 swapchain=0x7fc26de32320 index=0\nFLR0026_VK_END_FRAME_BEGIN
FLR0026_VK_QUEUE_PRESENT result=0 surface=7fc26dc7b880 swapchain=7fc26de32320 index=0
FLR0026_VK_PRESENT_BOUNDARY_RETURN result=0
FLR0026_VK_PRESENT_BOUNDARY_DONE
FLR0026_VK_COMMIT_DONE
FLR0026_VK_PRESENT_BOUNDARY_BEGIN index=1
FLR0026_VK_SWAPCHAIN_FLUSH_DONE flushed=true\nFLR0026_VK_FINISHED_SIGNAL_ACQUIRE_BEGIN\nFLR0026_VK_FINISHED_SIGNAL_ACQUIRE_DONE present=true\nFLR0026_VK_PRESENT_WAIT_SEMAPHORE enabled=true\nFLR0026_VK_QUEUE_PRESENT_BEGIN queue=0x7fc26c02c5e0 swapchain=0x7fc26de32320 index=1\nFLR0026_VK_END_FRAME_BEGIN
FLR0026_VK_QUEUE_PRESENT result=0 surface=7fc26dc7b880 swapchain=7fc26de32320 index=1
FLR0026_VK_PRESENT_BOUNDARY_RETURN result=0
FLR0026_VK_PRESENT_BOUNDARY_DONE
FLR0026_VK_COMMIT_DONE
FLR0026_VK_PRESENT_BOUNDARY_BEGIN index=0
FLR0026_VK_SWAPCHAIN_FLUSH_DONE flushed=true\nFLR0026_VK_FINISHED_SIGNAL_ACQUIRE_BEGIN\nFLR0026_VK_FINISHED_SIGNAL_ACQUIRE_DONE present=true\nFLR0026_VK_PRESENT_WAIT_SEMAPHORE enabled=true\nFLR0026_VK_QUEUE_PRESENT_BEGIN queue=0x7fc26c02c5e0 swapchain=0x7fc26de32320 index=0\nFLR0026_VK_END_FRAME_BEGIN
FLR0026_VK_QUEUE_PRESENT result=0 surface=7fc26dc7b880 swapchain=7fc26de32320 index=0
FLR0026_VK_PRESENT_BOUNDARY_RETURN result=0
FLR0026_VK_PRESENT_BOUNDARY_DONE
FLR0026_VK_COMMIT_DONE
FLR0026_VK_PRESENT_BOUNDARY_BEGIN index=1
FLR0026_VK_SWAPCHAIN_FLUSH_DONE flushed=true\nFLR0026_VK_FINISHED_SIGNAL_ACQUIRE_BEGIN\nFLR0026_VK_FINISHED_SIGNAL_ACQUIRE_DONE present=true\nFLR0026_VK_PRESENT_WAIT_SEMAPHORE enabled=true\nFLR0026_VK_QUEUE_PRESENT_BEGIN queue=0x7fc26c02c5e0 swapchain=0x7fc26de32320 index=1\nFLR0026_VK_END_FRAME_BEGIN
FLR0026_VK_QUEUE_PRESENT result=0 surface=7fc26dc7b880 swapchain=7fc26de32320 index=1
FLR0026_VK_PRESENT_BOUNDARY_RETURN result=0
FLR0026_VK_PRESENT_BOUNDARY_DONE
FLR0026_VK_COMMIT_DONE
FLR0026_VK_PRESENT_BOUNDARY_BEGIN index=0
FLR0026_VK_SWAPCHAIN_FLUSH_DONE flushed=true\nFLR0026_VK_FINISHED_SIGNAL_ACQUIRE_BEGIN\nFLR0026_VK_FINISHED_SIGNAL_ACQUIRE_DONE present=true\nFLR0026_VK_PRESENT_WAIT_SEMAPHORE enabled=true\nFLR0026_VK_QUEUE_PRESENT_BEGIN queue=0x7fc26c02c5e0 swapchain=0x7fc26de32320 index=0\nFLR0026_VK_END_FRAME_BEGIN
FLR0026_VK_QUEUE_PRESENT result=0 surface=7fc26dc7b880 swapchain=7fc26de32320 index=0
FLR0026_VK_PRESENT_BOUNDARY_RETURN result=0
FLR0026_VK_PRESENT_BOUNDARY_DONE
FLR0026_VK_COMMIT_DONE
FLR0026_VK_PRESENT_BOUNDARY_BEGIN index=1
FLR0026_VK_SWAPCHAIN_FLUSH_DONE flushed=true\nFLR0026_VK_FINISHED_SIGNAL_ACQUIRE_BEGIN\nFLR0026_VK_FINISHED_SIGNAL_ACQUIRE_DONE present=true\nFLR0026_VK_PRESENT_WAIT_SEMAPHORE enabled=true\nFLR0026_VK_QUEUE_PRESENT_BEGIN queue=0x7fc26c02c5e0 swapchain=0x7fc26de32320 index=1\nFLR0026_VK_END_FRAME_BEGIN
FLR0026_VK_QUEUE_PRESENT result=0 surface=7fc26dc7b880 swapchain=7fc26de32320 index=1
FLR0026_VK_PRESENT_BOUNDARY_RETURN result=0
FLR0026_VK_PRESENT_BOUNDARY_DONE
FLR0026_VK_COMMIT_DONE
FLR0026_VK_PRESENT_BOUNDARY_BEGIN index=0
FLR0026_VK_SWAPCHAIN_FLUSH_DONE flushed=true\nFLR0026_VK_FINISHED_SIGNAL_ACQUIRE_BEGIN\nFLR0026_VK_FINISHED_SIGNAL_ACQUIRE_DONE present=true\nFLR0026_VK_PRESENT_WAIT_SEMAPHORE enabled=true\nFLR0026_VK_QUEUE_PRESENT_BEGIN queue=0x7fc26c02c5e0 swapchain=0x7fc26de32320 index=0\nFLR0026_VK_END_FRAME_BEGIN
FLR0026_VK_QUEUE_PRESENT result=0 surface=7fc26dc7b880 swapchain=7fc26de32320 index=0
FLR0026_VK_PRESENT_BOUNDARY_RETURN result=0
FLR0026_VK_PRESENT_BOUNDARY_DONE
FLR0026_VK_COMMIT_DONE
FLR0026_VK_PRESENT_BOUNDARY_BEGIN index=1
FLR0026_VK_SWAPCHAIN_FLUSH_DONE flushed=true\nFLR0026_VK_FINISHED_SIGNAL_ACQUIRE_BEGIN\nFLR0026_VK_FINISHED_SIGNAL_ACQUIRE_DONE present=true\nFLR0026_VK_PRESENT_WAIT_SEMAPHORE enabled=true\nFLR0026_VK_QUEUE_PRESENT_BEGIN queue=0x7fc26c02c5e0 swapchain=0x7fc26de32320 index=1\nFLR0026_RENDERER_COMMIT_ENQUEUE
FLR0026_VK_END_FRAME_BEGIN
[13:12:29.499276] [I] FLR0026_FRAME_BEGIN seq=60 started=false
FLR0026_VK_QUEUE_PRESENT result=0 surface=7fc26dc7b880 swapchain=7fc26de32320 index=1
FLR0026_VK_PRESENT_BOUNDARY_RETURN result=0
FLR0026_VK_PRESENT_BOUNDARY_DONE
FLR0026_VK_COMMIT_DONE
FLR0026_VK_PRESENT_BOUNDARY_BEGIN index=0
FLR0026_VK_SWAPCHAIN_FLUSH_DONE flushed=true\nFLR0026_VK_FINISHED_SIGNAL_ACQUIRE_BEGIN\nFLR0026_VK_FINISHED_SIGNAL_ACQUIRE_DONE present=true\nFLR0026_VK_PRESENT_WAIT_SEMAPHORE enabled=true\nFLR0026_VK_QUEUE_PRESENT_BEGIN queue=0x7fc26c02c5e0 swapchain=0x7fc26de32320 index=0\nFLR0026_VK_END_FRAME_BEGIN
FLR0026_VK_QUEUE_PRESENT result=0 surface=7fc26dc7b880 swapchain=7fc26de32320 index=0
FLR0026_VK_PRESENT_BOUNDARY_RETURN result=0
FLR0026_VK_PRESENT_BOUNDARY_DONE
FLR0026_VK_COMMIT_DONE
FLR0026_VK_PRESENT_BOUNDARY_BEGIN index=1
FLR0026_VK_SWAPCHAIN_FLUSH_DONE flushed=true\nFLR0026_VK_FINISHED_SIGNAL_ACQUIRE_BEGIN\nFLR0026_VK_FINISHED_SIGNAL_ACQUIRE_DONE present=true\nFLR0026_VK_PRESENT_WAIT_SEMAPHORE enabled=true\nFLR0026_VK_QUEUE_PRESENT_BEGIN queue=0x7fc26c02c5e0 swapchain=0x7fc26de32320 index=1\nFLR0026_VK_END_FRAME_BEGIN
FLR0026_VK_QUEUE_PRESENT result=0 surface=7fc26dc7b880 swapchain=7fc26de32320 index=1
FLR0026_VK_PRESENT_BOUNDARY_RETURN result=0
FLR0026_VK_PRESENT_BOUNDARY_DONE
FLR0026_VK_COMMIT_DONE
FLR0026_VK_PRESENT_BOUNDARY_BEGIN index=0
FLR0026_VK_SWAPCHAIN_FLUSH_DONE flushed=true\nFLR0026_VK_FINISHED_SIGNAL_ACQUIRE_BEGIN\nFLR0026_VK_FINISHED_SIGNAL_ACQUIRE_DONE present=true\nFLR0026_VK_PRESENT_WAIT_SEMAPHORE enabled=true\nFLR0026_VK_QUEUE_PRESENT_BEGIN queue=0x7fc26c02c5e0 swapchain=0x7fc26de32320 index=0\nFLR0026_VK_END_FRAME_BEGIN
FLR0026_VK_QUEUE_PRESENT result=0 surface=7fc26dc7b880 swapchain=7fc26de32320 index=0
FLR0026_VK_PRESENT_BOUNDARY_RETURN result=0
FLR0026_VK_PRESENT_BOUNDARY_DONE
FLR0026_VK_COMMIT_DONE
FLR0026_VK_PRESENT_BOUNDARY_BEGIN index=1
FLR0026_VK_SWAPCHAIN_FLUSH_DONE flushed=true\nFLR0026_VK_FINISHED_SIGNAL_ACQUIRE_BEGIN\nFLR0026_VK_FINISHED_SIGNAL_ACQUIRE_DONE present=true\nFLR0026_VK_PRESENT_WAIT_SEMAPHORE enabled=true\nFLR0026_VK_QUEUE_PRESENT_BEGIN queue=0x7fc26c02c5e0 swapchain=0x7fc26de32320 index=1\nFLR0026_VK_END_FRAME_BEGIN
FLR0026_VK_QUEUE_PRESENT result=0 surface=7fc26dc7b880 swapchain=7fc26de32320 index=1
FLR0026_VK_PRESENT_BOUNDARY_RETURN result=0
FLR0026_VK_PRESENT_BOUNDARY_DONE
FLR0026_VK_COMMIT_DONE
FLR0026_VK_PRESENT_BOUNDARY_BEGIN index=0
FLR0026_VK_SWAPCHAIN_FLUSH_DONE flushed=true\nFLR0026_VK_FINISHED_SIGNAL_ACQUIRE_BEGIN\nFLR0026_VK_FINISHED_SIGNAL_ACQUIRE_DONE present=true\nFLR0026_VK_PRESENT_WAIT_SEMAPHORE enabled=true\nFLR0026_VK_QUEUE_PRESENT_BEGIN queue=0x7fc26c02c5e0 swapchain=0x7fc26de32320 index=0\nFLR0026_VK_END_FRAME_BEGIN
FLR0026_VK_QUEUE_PRESENT result=0 surface=7fc26dc7b880 swapchain=7fc26de32320 index=0
FLR0026_VK_PRESENT_BOUNDARY_RETURN result=0
FLR0026_VK_PRESENT_BOUNDARY_DONE
FLR0026_VK_COMMIT_DONE
FLR0026_VK_PRESENT_BOUNDARY_BEGIN index=1
FLR0026_VK_SWAPCHAIN_FLUSH_DONE flushed=true\nFLR0026_VK_FINISHED_SIGNAL_ACQUIRE_BEGIN\nFLR0026_VK_FINISHED_SIGNAL_ACQUIRE_DONE present=true\nFLR0026_VK_PRESENT_WAIT_SEMAPHORE enabled=true\nFLR0026_VK_QUEUE_PRESENT_BEGIN queue=0x7fc26c02c5e0 swapchain=0x7fc26de32320 index=1\nFLR0026_VK_END_FRAME_BEGIN
FLR0026_VK_QUEUE_PRESENT result=0 surface=7fc26dc7b880 swapchain=7fc26de32320 index=1
FLR0026_VK_PRESENT_BOUNDARY_RETURN result=0
FLR0026_VK_PRESENT_BOUNDARY_DONE
FLR0026_VK_COMMIT_DONE
FLR0026_VK_PRESENT_BOUNDARY_BEGIN index=0
FLR0026_VK_SWAPCHAIN_FLUSH_DONE flushed=true\nFLR0026_VK_FINISHED_SIGNAL_ACQUIRE_BEGIN\nFLR0026_VK_FINISHED_SIGNAL_ACQUIRE_DONE present=true\nFLR0026_VK_PRESENT_WAIT_SEMAPHORE enabled=true\nFLR0026_VK_QUEUE_PRESENT_BEGIN queue=0x7fc26c02c5e0 swapchain=0x7fc26de32320 index=0\nFLR0026_VK_END_FRAME_BEGIN
FLR0026_VK_QUEUE_PRESENT result=0 surface=7fc26dc7b880 swapchain=7fc26de32320 index=0
FLR0026_VK_PRESENT_BOUNDARY_RETURN result=0
FLR0026_VK_PRESENT_BOUNDARY_DONE
FLR0026_VK_COMMIT_DONE
FLR0026_VK_PRESENT_BOUNDARY_BEGIN index=1
FLR0026_VK_SWAPCHAIN_FLUSH_DONE flushed=true\nFLR0026_VK_FINISHED_SIGNAL_ACQUIRE_BEGIN\nFLR0026_VK_FINISHED_SIGNAL_ACQUIRE_DONE present=true\nFLR0026_VK_PRESENT_WAIT_SEMAPHORE enabled=true\nFLR0026_VK_QUEUE_PRESENT_BEGIN queue=0x7fc26c02c5e0 swapchain=0x7fc26de32320 index=1\nFLR0026_VK_END_FRAME_BEGIN
FLR0026_VK_QUEUE_PRESENT result=0 surface=7fc26dc7b880 swapchain=7fc26de32320 index=1
FLR0026_VK_PRESENT_BOUNDARY_RETURN result=0
FLR0026_VK_PRESENT_BOUNDARY_DONE
FLR0026_VK_COMMIT_DONE
FLR0026_VK_PRESENT_BOUNDARY_BEGIN index=0
FLR0026_VK_SWAPCHAIN_FLUSH_DONE flushed=true\nFLR0026_VK_FINISHED_SIGNAL_ACQUIRE_BEGIN\nFLR0026_VK_FINISHED_SIGNAL_ACQUIRE_DONE present=true\nFLR0026_VK_PRESENT_WAIT_SEMAPHORE enabled=true\nFLR0026_VK_QUEUE_PRESENT_BEGIN queue=0x7fc26c02c5e0 swapchain=0x7fc26de32320 index=0\nFLR0026_VK_END_FRAME_BEGIN
FLR0026_VK_QUEUE_PRESENT result=0 surface=7fc26dc7b880 swapchain=7fc26de32320 index=0
FLR0026_VK_PRESENT_BOUNDARY_RETURN result=0
FLR0026_VK_PRESENT_BOUNDARY_DONE
FLR0026_VK_COMMIT_DONE
FLR0026_VK_PRESENT_BOUNDARY_BEGIN index=1
FLR0026_VK_SWAPCHAIN_FLUSH_DONE flushed=true\nFLR0026_VK_FINISHED_SIGNAL_ACQUIRE_BEGIN\nFLR0026_VK_FINISHED_SIGNAL_ACQUIRE_DONE present=true\nFLR0026_VK_PRESENT_WAIT_SEMAPHORE enabled=true\nFLR0026_VK_QUEUE_PRESENT_BEGIN queue=0x7fc26c02c5e0 swapchain=0x7fc26de32320 index=1\nFLR0026_VK_END_FRAME_BEGIN
[13:12:31.739139] [I] FLR0026_FRAME_BEGIN seq=70 started=false
FLR0026_VK_QUEUE_PRESENT result=0 surface=7fc26dc7b880 swapchain=7fc26de32320 index=1
FLR0026_VK_PRESENT_BOUNDARY_RETURN result=0
FLR0026_VK_PRESENT_BOUNDARY_DONE
FLR0026_VK_COMMIT_DONE
FLR0026_VK_END_FRAME_BEGIN
FLR0026_VK_PRESENT_BOUNDARY_BEGIN index=0
FLR0026_VK_SWAPCHAIN_FLUSH_DONE flushed=true\nFLR0026_VK_FINISHED_SIGNAL_ACQUIRE_BEGIN\nFLR0026_VK_FINISHED_SIGNAL_ACQUIRE_DONE present=true\nFLR0026_VK_PRESENT_WAIT_SEMAPHORE enabled=true\nFLR0026_VK_QUEUE_PRESENT_BEGIN queue=0x7fc26c02c5e0 swapchain=0x7fc26de32320 index=0\n[13:12:31.975052] [E] [handleMessage] Exception in handler: Entity(164): Light not found
FLR0026_VK_QUEUE_PRESENT result=0 surface=7fc26dc7b880 swapchain=7fc26de32320 index=0
FLR0026_VK_PRESENT_BOUNDARY_RETURN result=0
FLR0026_VK_PRESENT_BOUNDARY_DONE
FLR0026_VK_COMMIT_DONE
FLR0026_VK_PRESENT_BOUNDARY_BEGIN index=1
FLR0026_VK_SWAPCHAIN_FLUSH_DONE flushed=true\nFLR0026_VK_FINISHED_SIGNAL_ACQUIRE_BEGIN\nFLR0026_VK_FINISHED_SIGNAL_ACQUIRE_DONE present=true\nFLR0026_VK_PRESENT_WAIT_SEMAPHORE enabled=true\nFLR0026_VK_QUEUE_PRESENT_BEGIN queue=0x7fc26c02c5e0 swapchain=0x7fc26de32320 index=1\nFLR0026_VK_END_FRAME_BEGIN
FLR0026_VK_QUEUE_PRESENT result=0 surface=7fc26dc7b880 swapchain=7fc26de32320 index=1
FLR0026_VK_PRESENT_BOUNDARY_RETURN result=0
FLR0026_VK_PRESENT_BOUNDARY_DONE
FLR0026_VK_COMMIT_DONE
FLR0026_VK_PRESENT_BOUNDARY_BEGIN index=0
FLR0026_VK_SWAPCHAIN_FLUSH_DONE flushed=true\nFLR0026_VK_FINISHED_SIGNAL_ACQUIRE_BEGIN\nFLR0026_VK_FINISHED_SIGNAL_ACQUIRE_DONE present=true\nFLR0026_VK_PRESENT_WAIT_SEMAPHORE enabled=true\nFLR0026_VK_QUEUE_PRESENT_BEGIN queue=0x7fc26c02c5e0 swapchain=0x7fc26de32320 index=0\nFLR0026_VK_END_FRAME_BEGIN
FLR0026_VK_QUEUE_PRESENT result=0 surface=7fc26dc7b880 swapchain=7fc26de32320 index=0
FLR0026_VK_PRESENT_BOUNDARY_RETURN result=0
FLR0026_VK_PRESENT_BOUNDARY_DONE
FLR0026_VK_COMMIT_DONE
FLR0026_VK_PRESENT_BOUNDARY_BEGIN index=1
FLR0026_VK_SWAPCHAIN_FLUSH_DONE flushed=true\nFLR0026_VK_FINISHED_SIGNAL_ACQUIRE_BEGIN\nFLR0026_VK_FINISHED_SIGNAL_ACQUIRE_DONE present=true\nFLR0026_VK_PRESENT_WAIT_SEMAPHORE enabled=true\nFLR0026_VK_QUEUE_PRESENT_BEGIN queue=0x7fc26c02c5e0 swapchain=0x7fc26de32320 index=1\nFLR0026_VK_END_FRAME_BEGIN
FLR0026_VK_QUEUE_PRESENT result=0 surface=7fc26dc7b880 swapchain=7fc26de32320 index=1
FLR0026_VK_PRESENT_BOUNDARY_RETURN result=0
FLR0026_VK_PRESENT_BOUNDARY_DONE
FLR0026_VK_COMMIT_DONE
FLR0026_VK_PRESENT_BOUNDARY_BEGIN index=0
FLR0026_VK_SWAPCHAIN_FLUSH_DONE flushed=true\nFLR0026_VK_FINISHED_SIGNAL_ACQUIRE_BEGIN\nFLR0026_VK_FINISHED_SIGNAL_ACQUIRE_DONE present=true\nFLR0026_VK_PRESENT_WAIT_SEMAPHORE enabled=true\nFLR0026_VK_QUEUE_PRESENT_BEGIN queue=0x7fc26c02c5e0 swapchain=0x7fc26de32320 index=0\nFLR0026_VK_END_FRAME_BEGIN
FLR0026_VK_QUEUE_PRESENT result=0 surface=7fc26dc7b880 swapchain=7fc26de32320 index=0
FLR0026_VK_PRESENT_BOUNDARY_RETURN result=0
FLR0026_VK_PRESENT_BOUNDARY_DONE
FLR0026_VK_COMMIT_DONE
FLR0026_VK_PRESENT_BOUNDARY_BEGIN index=1
FLR0026_VK_SWAPCHAIN_FLUSH_DONE flushed=true\nFLR0026_VK_FINISHED_SIGNAL_ACQUIRE_BEGIN\nFLR0026_VK_FINISHED_SIGNAL_ACQUIRE_DONE present=true\nFLR0026_VK_PRESENT_WAIT_SEMAPHORE enabled=true\nFLR0026_VK_QUEUE_PRESENT_BEGIN queue=0x7fc26c02c5e0 swapchain=0x7fc26de32320 index=1\nFLR0026_VK_END_FRAME_BEGIN
FLR0026_VK_QUEUE_PRESENT result=0 surface=7fc26dc7b880 swapchain=7fc26de32320 index=1
FLR0026_VK_PRESENT_BOUNDARY_RETURN result=0
FLR0026_VK_PRESENT_BOUNDARY_DONE
FLR0026_VK_COMMIT_DONE
FLR0026_VK_PRESENT_BOUNDARY_BEGIN index=0
FLR0026_VK_SWAPCHAIN_FLUSH_DONE flushed=true\nFLR0026_VK_FINISHED_SIGNAL_ACQUIRE_BEGIN\nFLR0026_VK_FINISHED_SIGNAL_ACQUIRE_DONE present=true\nFLR0026_VK_PRESENT_WAIT_SEMAPHORE enabled=true\nFLR0026_VK_QUEUE_PRESENT_BEGIN queue=0x7fc26c02c5e0 swapchain=0x7fc26de32320 index=0\nFLR0026_VK_END_FRAME_BEGIN
FLR0026_VK_QUEUE_PRESENT result=0 surface=7fc26dc7b880 swapchain=7fc26de32320 index=0
FLR0026_VK_PRESENT_BOUNDARY_RETURN result=0
FLR0026_VK_PRESENT_BOUNDARY_DONE
FLR0026_VK_COMMIT_DONE
FLR0026_VK_PRESENT_BOUNDARY_BEGIN index=1
FLR0026_VK_SWAPCHAIN_FLUSH_DONE flushed=true\nFLR0026_VK_FINISHED_SIGNAL_ACQUIRE_BEGIN\nFLR0026_VK_FINISHED_SIGNAL_ACQUIRE_DONE present=true\nFLR0026_VK_PRESENT_WAIT_SEMAPHORE enabled=true\nFLR0026_VK_QUEUE_PRESENT_BEGIN queue=0x7fc26c02c5e0 swapchain=0x7fc26de32320 index=1\nFLR0026_VK_END_FRAME_BEGIN
FLR0026_VK_QUEUE_PRESENT result=0 surface=7fc26dc7b880 swapchain=7fc26de32320 index=1
FLR0026_VK_PRESENT_BOUNDARY_RETURN result=0
FLR0026_VK_PRESENT_BOUNDARY_DONE
FLR0026_VK_COMMIT_DONE
FLR0026_VK_PRESENT_BOUNDARY_BEGIN index=0
FLR0026_VK_SWAPCHAIN_FLUSH_DONE flushed=true\nFLR0026_VK_FINISHED_SIGNAL_ACQUIRE_BEGIN\nFLR0026_VK_FINISHED_SIGNAL_ACQUIRE_DONE present=true\nFLR0026_VK_PRESENT_WAIT_SEMAPHORE enabled=true\nFLR0026_VK_QUEUE_PRESENT_BEGIN queue=0x7fc26c02c5e0 swapchain=0x7fc26de32320 index=0\nFLR0026_VK_END_FRAME_BEGIN
FLR0026_VK_QUEUE_PRESENT result=0 surface=7fc26dc7b880 swapchain=7fc26de32320 index=0
FLR0026_VK_PRESENT_BOUNDARY_RETURN result=0
FLR0026_VK_PRESENT_BOUNDARY_DONE
FLR0026_VK_COMMIT_DONE
FLR0026_VK_PRESENT_BOUNDARY_BEGIN index=1
FLR0026_VK_SWAPCHAIN_FLUSH_DONE flushed=true\nFLR0026_VK_FINISHED_SIGNAL_ACQUIRE_BEGIN\nFLR0026_VK_FINISHED_SIGNAL_ACQUIRE_DONE present=true\nFLR0026_VK_PRESENT_WAIT_SEMAPHORE enabled=true\nFLR0026_VK_QUEUE_PRESENT_BEGIN queue=0x7fc26c02c5e0 swapchain=0x7fc26de32320 index=1\nFLR0026_VK_END_FRAME_BEGIN
[13:12:33.974781] [I] FLR0026_FRAME_BEGIN seq=80 started=false
FLR0026_VK_QUEUE_PRESENT result=0 surface=7fc26dc7b880 swapchain=7fc26de32320 index=1
FLR0026_VK_PRESENT_BOUNDARY_RETURN result=0
FLR0026_VK_PRESENT_BOUNDARY_DONE
FLR0026_VK_COMMIT_DONE
FLR0026_VK_END_FRAME_BEGIN
FLR0026_VK_PRESENT_BOUNDARY_BEGIN index=0
FLR0026_VK_SWAPCHAIN_FLUSH_DONE flushed=true\nFLR0026_VK_FINISHED_SIGNAL_ACQUIRE_BEGIN\nFLR0026_VK_FINISHED_SIGNAL_ACQUIRE_DONE present=true\nFLR0026_VK_PRESENT_WAIT_SEMAPHORE enabled=true\nFLR0026_VK_QUEUE_PRESENT_BEGIN queue=0x7fc26c02c5e0 swapchain=0x7fc26de32320 index=0\n[13:12:34.205682] [E] [handleMessage] Exception in handler: Entity(164): Light not found
FLR0026_VK_QUEUE_PRESENT result=0 surface=7fc26dc7b880 swapchain=7fc26de32320 index=0
FLR0026_VK_PRESENT_BOUNDARY_RETURN result=0
FLR0026_VK_PRESENT_BOUNDARY_DONE
FLR0026_VK_COMMIT_DONE
FLR0026_VK_PRESENT_BOUNDARY_BEGIN index=1
FLR0026_VK_SWAPCHAIN_FLUSH_DONE flushed=true\nFLR0026_VK_FINISHED_SIGNAL_ACQUIRE_BEGIN\nFLR0026_VK_FINISHED_SIGNAL_ACQUIRE_DONE present=true\nFLR0026_VK_PRESENT_WAIT_SEMAPHORE enabled=true\nFLR0026_VK_QUEUE_PRESENT_BEGIN queue=0x7fc26c02c5e0 swapchain=0x7fc26de32320 index=1\nFLR0026_VK_END_FRAME_BEGIN
FLR0026_VK_QUEUE_PRESENT result=0 surface=7fc26dc7b880 swapchain=7fc26de32320 index=1
FLR0026_VK_PRESENT_BOUNDARY_RETURN result=0
FLR0026_VK_PRESENT_BOUNDARY_DONE
FLR0026_VK_COMMIT_DONE
FLR0026_VK_PRESENT_BOUNDARY_BEGIN index=0
FLR0026_VK_PRESENT_WAIT_SEMAPHORE enabled=true\nFLR0026_VK_QUEUE_PRESENT_BEGIN queue=0x7fc26c02c5e0 swapchain=0x7fc26de32320 index=0\nFLR0026_VK_END_FRAME_BEGIN
FLR0026_VK_QUEUE_PRESENT result=0 surface=7fc26dc7b880 swapchain=7fc26de32320 index=0
FLR0026_VK_PRESENT_BOUNDARY_RETURN result=0
FLR0026_VK_PRESENT_BOUNDARY_DONE
FLR0026_VK_COMMIT_DONE
FLR0026_VK_PRESENT_BOUNDARY_BEGIN index=1
FLR0026_VK_SWAPCHAIN_FLUSH_DONE flushed=true\nFLR0026_VK_FINISHED_SIGNAL_ACQUIRE_BEGIN\nFLR0026_VK_FINISHED_SIGNAL_ACQUIRE_DONE present=true\nFLR0026_VK_PRESENT_WAIT_SEMAPHORE enabled=true\nFLR0026_VK_QUEUE_PRESENT_BEGIN queue=0x7fc26c02c5e0 swapchain=0x7fc26de32320 index=1\nFLR0026_VK_END_FRAME_BEGIN
FLR0026_VK_QUEUE_PRESENT result=0 surface=7fc26dc7b880 swapchain=7fc26de32320 index=1
FLR0026_VK_PRESENT_BOUNDARY_RETURN result=0
FLR0026_VK_PRESENT_BOUNDARY_DONE
FLR0026_VK_COMMIT_DONE
FLR0026_VK_PRESENT_BOUNDARY_BEGIN index=0
FLR0026_VK_SWAPCHAIN_FLUSH_DONE flushed=true\nFLR0026_VK_FINISHED_SIGNAL_ACQUIRE_BEGIN\nFLR0026_VK_FINISHED_SIGNAL_ACQUIRE_DONE present=true\nFLR0026_VK_PRESENT_WAIT_SEMAPHORE enabled=true\nFLR0026_VK_QUEUE_PRESENT_BEGIN queue=0x7fc26c02c5e0 swapchain=0x7fc26de32320 index=0\nFLR0026_VK_END_FRAME_BEGIN
FLR0026_VK_QUEUE_PRESENT result=0 surface=7fc26dc7b880 swapchain=7fc26de32320 index=0
FLR0026_VK_PRESENT_BOUNDARY_RETURN result=0
FLR0026_VK_PRESENT_BOUNDARY_DONE
FLR0026_VK_COMMIT_DONE
FLR0026_VK_PRESENT_BOUNDARY_BEGIN index=1
FLR0026_VK_SWAPCHAIN_FLUSH_DONE flushed=true\nFLR0026_VK_FINISHED_SIGNAL_ACQUIRE_BEGIN\nFLR0026_VK_FINISHED_SIGNAL_ACQUIRE_DONE present=true\nFLR0026_VK_PRESENT_WAIT_SEMAPHORE enabled=true\nFLR0026_VK_QUEUE_PRESENT_BEGIN queue=0x7fc26c02c5e0 swapchain=0x7fc26de32320 index=1\nFLR0026_VK_END_FRAME_BEGIN
FLR0026_VK_QUEUE_PRESENT result=0 surface=7fc26dc7b880 swapchain=7fc26de32320 index=1
FLR0026_VK_PRESENT_BOUNDARY_RETURN result=0
FLR0026_VK_PRESENT_BOUNDARY_DONE
FLR0026_VK_COMMIT_DONE
FLR0026_VK_PRESENT_BOUNDARY_BEGIN index=0
FLR0026_VK_SWAPCHAIN_FLUSH_DONE flushed=true\nFLR0026_VK_FINISHED_SIGNAL_ACQUIRE_BEGIN\nFLR0026_VK_FINISHED_SIGNAL_ACQUIRE_DONE present=true\nFLR0026_VK_PRESENT_WAIT_SEMAPHORE enabled=true\nFLR0026_VK_QUEUE_PRESENT_BEGIN queue=0x7fc26c02c5e0 swapchain=0x7fc26de32320 index=0\nFLR0026_VK_END_FRAME_BEGIN
FLR0026_VK_QUEUE_PRESENT result=0 surface=7fc26dc7b880 swapchain=7fc26de32320 index=0
FLR0026_VK_PRESENT_BOUNDARY_RETURN result=0
FLR0026_VK_PRESENT_BOUNDARY_DONE
FLR0026_VK_COMMIT_DONE
FLR0026_VK_PRESENT_BOUNDARY_BEGIN index=1
FLR0026_VK_SWAPCHAIN_FLUSH_DONE flushed=true\nFLR0026_VK_FINISHED_SIGNAL_ACQUIRE_BEGIN\nFLR0026_VK_FINISHED_SIGNAL_ACQUIRE_DONE present=true\nFLR0026_VK_PRESENT_WAIT_SEMAPHORE enabled=true\nFLR0026_VK_QUEUE_PRESENT_BEGIN queue=0x7fc26c02c5e0 swapchain=0x7fc26de32320 index=1\nFLR0026_VK_END_FRAME_BEGIN
FLR0026_VK_QUEUE_PRESENT result=0 surface=7fc26dc7b880 swapchain=7fc26de32320 index=1
FLR0026_VK_PRESENT_BOUNDARY_RETURN result=0
FLR0026_VK_PRESENT_BOUNDARY_DONE
FLR0026_VK_COMMIT_DONE
FLR0026_VK_PRESENT_BOUNDARY_BEGIN index=0
FLR0026_VK_SWAPCHAIN_FLUSH_DONE flushed=true\nFLR0026_VK_FINISHED_SIGNAL_ACQUIRE_BEGIN\nFLR0026_VK_FINISHED_SIGNAL_ACQUIRE_DONE present=true\nFLR0026_VK_PRESENT_WAIT_SEMAPHORE enabled=true\nFLR0026_VK_QUEUE_PRESENT_BEGIN queue=0x7fc26c02c5e0 swapchain=0x7fc26de32320 index=0\nFLR0026_VK_END_FRAME_BEGIN
FLR0026_VK_QUEUE_PRESENT result=0 surface=7fc26dc7b880 swapchain=7fc26de32320 index=0
FLR0026_VK_PRESENT_BOUNDARY_RETURN result=0
FLR0026_VK_PRESENT_BOUNDARY_DONE
FLR0026_VK_COMMIT_DONE
FLR0026_VK_PRESENT_BOUNDARY_BEGIN index=1
FLR0026_VK_PRESENT_WAIT_SEMAPHORE enabled=true\nFLR0026_VK_QUEUE_PRESENT_BEGIN queue=0x7fc26c02c5e0 swapchain=0x7fc26de32320 index=1\nFLR0026_VK_END_FRAME_BEGIN
[13:12:36.227082] [I] FLR0026_FRAME_BEGIN seq=90 started=false
FLR0026_VK_QUEUE_PRESENT result=0 surface=7fc26dc7b880 swapchain=7fc26de32320 index=1
FLR0026_VK_PRESENT_BOUNDARY_RETURN result=0
FLR0026_VK_PRESENT_BOUNDARY_DONE
FLR0026_VK_COMMIT_DONE
FLR0026_VK_PRESENT_BOUNDARY_BEGIN index=0
FLR0026_VK_SWAPCHAIN_FLUSH_DONE flushed=true\nFLR0026_VK_FINISHED_SIGNAL_ACQUIRE_BEGIN\nFLR0026_VK_FINISHED_SIGNAL_ACQUIRE_DONE present=true\nFLR0026_VK_PRESENT_WAIT_SEMAPHORE enabled=true\nFLR0026_VK_QUEUE_PRESENT_BEGIN queue=0x7fc26c02c5e0 swapchain=0x7fc26de32320 index=0\nFLR0026_VK_END_FRAME_BEGIN
FLR0026_VK_QUEUE_PRESENT result=0 surface=7fc26dc7b880 swapchain=7fc26de32320 index=0
FLR0026_VK_PRESENT_BOUNDARY_RETURN result=0
FLR0026_VK_PRESENT_BOUNDARY_DONE
FLR0026_VK_COMMIT_DONE
FLR0026_VK_PRESENT_BOUNDARY_BEGIN index=1
FLR0026_VK_SWAPCHAIN_FLUSH_DONE flushed=true\nFLR0026_VK_FINISHED_SIGNAL_ACQUIRE_BEGIN\nFLR0026_VK_FINISHED_SIGNAL_ACQUIRE_DONE present=true\nFLR0026_VK_PRESENT_WAIT_SEMAPHORE enabled=true\nFLR0026_VK_QUEUE_PRESENT_BEGIN queue=0x7fc26c02c5e0 swapchain=0x7fc26de32320 index=1\nFLR0026_VK_END_FRAME_BEGIN
FLR0026_VK_QUEUE_PRESENT result=0 surface=7fc26dc7b880 swapchain=7fc26de32320 index=1
FLR0026_VK_PRESENT_BOUNDARY_RETURN result=0
FLR0026_VK_PRESENT_BOUNDARY_DONE
FLR0026_VK_COMMIT_DONE
FLR0026_VK_PRESENT_BOUNDARY_BEGIN index=0
FLR0026_VK_SWAPCHAIN_FLUSH_DONE flushed=true\nFLR0026_VK_FINISHED_SIGNAL_ACQUIRE_BEGIN\nFLR0026_VK_FINISHED_SIGNAL_ACQUIRE_DONE present=true\nFLR0026_VK_PRESENT_WAIT_SEMAPHORE enabled=true\nFLR0026_VK_QUEUE_PRESENT_BEGIN queue=0x7fc26c02c5e0 swapchain=0x7fc26de32320 index=0\nFLR0026_RENDERER_COMMIT_ENQUEUE
FLR0026_VK_END_FRAME_BEGIN
FLR0026_VK_QUEUE_PRESENT result=0 surface=7fc26dc7b880 swapchain=7fc26de32320 index=0
FLR0026_VK_PRESENT_BOUNDARY_RETURN result=0
FLR0026_VK_PRESENT_BOUNDARY_DONE
FLR0026_VK_COMMIT_DONE
FLR0026_VK_PRESENT_BOUNDARY_BEGIN index=1
FLR0026_VK_SWAPCHAIN_FLUSH_DONE flushed=true\nFLR0026_VK_FINISHED_SIGNAL_ACQUIRE_BEGIN\nFLR0026_VK_FINISHED_SIGNAL_ACQUIRE_DONE present=true\nFLR0026_VK_PRESENT_WAIT_SEMAPHORE enabled=true\nFLR0026_VK_QUEUE_PRESENT_BEGIN queue=0x7fc26c02c5e0 swapchain=0x7fc26de32320 index=1\nFLR0026_VK_END_FRAME_BEGIN
FLR0026_VK_QUEUE_PRESENT result=0 surface=7fc26dc7b880 swapchain=7fc26de32320 index=1
FLR0026_VK_PRESENT_BOUNDARY_RETURN result=0
FLR0026_VK_PRESENT_BOUNDARY_DONE
FLR0026_VK_COMMIT_DONE
FLR0026_VK_PRESENT_BOUNDARY_BEGIN index=0
FLR0026_VK_SWAPCHAIN_FLUSH_DONE flushed=true\nFLR0026_VK_FINISHED_SIGNAL_ACQUIRE_BEGIN\nFLR0026_VK_FINISHED_SIGNAL_ACQUIRE_DONE present=true\nFLR0026_VK_PRESENT_WAIT_SEMAPHORE enabled=true\nFLR0026_VK_QUEUE_PRESENT_BEGIN queue=0x7fc26c02c5e0 swapchain=0x7fc26de32320 index=0\nFLR0026_VK_END_FRAME_BEGIN
FLR0026_VK_QUEUE_PRESENT result=0 surface=7fc26dc7b880 swapchain=7fc26de32320 index=0
FLR0026_VK_PRESENT_BOUNDARY_RETURN result=0
FLR0026_VK_PRESENT_BOUNDARY_DONE
FLR0026_VK_COMMIT_DONE
FLR0026_VK_PRESENT_BOUNDARY_BEGIN index=1
FLR0026_VK_SWAPCHAIN_FLUSH_DONE flushed=true\nFLR0026_VK_FINISHED_SIGNAL_ACQUIRE_BEGIN\nFLR0026_VK_FINISHED_SIGNAL_ACQUIRE_DONE present=true\nFLR0026_VK_PRESENT_WAIT_SEMAPHORE enabled=true\nFLR0026_VK_QUEUE_PRESENT_BEGIN queue=0x7fc26c02c5e0 swapchain=0x7fc26de32320 index=1\nFLR0026_VK_END_FRAME_BEGIN
FLR0026_VK_QUEUE_PRESENT result=0 surface=7fc26dc7b880 swapchain=7fc26de32320 index=1
FLR0026_VK_PRESENT_BOUNDARY_RETURN result=0
FLR0026_VK_PRESENT_BOUNDARY_DONE
FLR0026_VK_COMMIT_DONE
FLR0026_VK_PRESENT_BOUNDARY_BEGIN index=0
FLR0026_VK_SWAPCHAIN_FLUSH_DONE flushed=true\nFLR0026_VK_FINISHED_SIGNAL_ACQUIRE_BEGIN\nFLR0026_VK_FINISHED_SIGNAL_ACQUIRE_DONE present=true\nFLR0026_VK_PRESENT_WAIT_SEMAPHORE enabled=true\nFLR0026_VK_QUEUE_PRESENT_BEGIN queue=0x7fc26c02c5e0 swapchain=0x7fc26de32320 index=0\nFLR0026_VK_END_FRAME_BEGIN
FLR0026_VK_QUEUE_PRESENT result=0 surface=7fc26dc7b880 swapchain=7fc26de32320 index=0
FLR0026_VK_PRESENT_BOUNDARY_RETURN result=0
FLR0026_VK_PRESENT_BOUNDARY_DONE
FLR0026_VK_COMMIT_DONE
FLR0026_VK_PRESENT_BOUNDARY_BEGIN index=1
FLR0026_VK_SWAPCHAIN_FLUSH_DONE flushed=true\nFLR0026_VK_FINISHED_SIGNAL_ACQUIRE_BEGIN\nFLR0026_VK_FINISHED_SIGNAL_ACQUIRE_DONE present=true\nFLR0026_VK_PRESENT_WAIT_SEMAPHORE enabled=true\nFLR0026_VK_QUEUE_PRESENT_BEGIN queue=0x7fc26c02c5e0 swapchain=0x7fc26de32320 index=1\nFLR0026_VK_END_FRAME_BEGIN
FLR0026_VK_QUEUE_PRESENT result=0 surface=7fc26dc7b880 swapchain=7fc26de32320 index=1
FLR0026_VK_PRESENT_BOUNDARY_RETURN result=0
FLR0026_VK_PRESENT_BOUNDARY_DONE
FLR0026_VK_COMMIT_DONE
FLR0026_VK_PRESENT_BOUNDARY_BEGIN index=0
FLR0026_VK_SWAPCHAIN_FLUSH_DONE flushed=true\nFLR0026_VK_FINISHED_SIGNAL_ACQUIRE_BEGIN\nFLR0026_VK_FINISHED_SIGNAL_ACQUIRE_DONE present=true\nFLR0026_VK_PRESENT_WAIT_SEMAPHORE enabled=true\nFLR0026_VK_QUEUE_PRESENT_BEGIN queue=0x7fc26c02c5e0 swapchain=0x7fc26de32320 index=0\nFLR0026_FRAME_FENCE_CREATE_REQUEST
FLR0026_VK_END_FRAME_BEGIN
FLR0026_VK_QUEUE_PRESENT result=0 surface=7fc26dc7b880 swapchain=7fc26de32320 index=0
FLR0026_VK_PRESENT_BOUNDARY_RETURN result=0
FLR0026_VK_PRESENT_BOUNDARY_DONE
FLR0026_VK_COMMIT_DONE
FLR0026_VK_PRESENT_BOUNDARY_BEGIN index=1
FLR0026_VK_SWAPCHAIN_FLUSH_DONE flushed=true\nFLR0026_VK_FINISHED_SIGNAL_ACQUIRE_BEGIN\nFLR0026_VK_FINISHED_SIGNAL_ACQUIRE_DONE present=true\nFLR0026_VK_PRESENT_WAIT_SEMAPHORE enabled=true\nFLR0026_VK_QUEUE_PRESENT_BEGIN queue=0x7fc26c02c5e0 swapchain=0x7fc26de32320 index=1\nFLR0026_VK_END_FRAME_BEGIN
[13:12:38.475059] [I] FLR0026_FRAME_BEGIN seq=100 started=false
FLR0026_VK_QUEUE_PRESENT result=0 surface=7fc26dc7b880 swapchain=7fc26de32320 index=1
FLR0026_VK_PRESENT_BOUNDARY_RETURN result=0
FLR0026_VK_PRESENT_BOUNDARY_DONE
FLR0026_VK_COMMIT_DONE
FLR0026_VK_END_FRAME_BEGIN
FLR0026_VK_PRESENT_BOUNDARY_BEGIN index=0
FLR0026_VK_SWAPCHAIN_FLUSH_DONE flushed=true\nFLR0026_VK_FINISHED_SIGNAL_ACQUIRE_BEGIN\nFLR0026_VK_FINISHED_SIGNAL_ACQUIRE_DONE present=true\nFLR0026_VK_PRESENT_WAIT_SEMAPHORE enabled=true\nFLR0026_VK_QUEUE_PRESENT_BEGIN queue=0x7fc26c02c5e0 swapchain=0x7fc26de32320 index=0\n[13:12:38.714682] [E] [handleMessage] Exception in handler: Entity(164): Light not found
FLR0026_VK_QUEUE_PRESENT result=0 surface=7fc26dc7b880 swapchain=7fc26de32320 index=0
FLR0026_VK_PRESENT_BOUNDARY_RETURN result=0
FLR0026_VK_PRESENT_BOUNDARY_DONE
FLR0026_VK_COMMIT_DONE
FLR0026_VK_PRESENT_BOUNDARY_BEGIN index=1
FLR0026_VK_SWAPCHAIN_FLUSH_DONE flushed=true\nFLR0026_VK_FINISHED_SIGNAL_ACQUIRE_BEGIN\nFLR0026_VK_FINISHED_SIGNAL_ACQUIRE_DONE present=true\nFLR0026_VK_PRESENT_WAIT_SEMAPHORE enabled=true\nFLR0026_VK_QUEUE_PRESENT_BEGIN queue=0x7fc26c02c5e0 swapchain=0x7fc26de32320 index=1\nFLR0026_VK_END_FRAME_BEGIN
FLR0026_VK_QUEUE_PRESENT result=0 surface=7fc26dc7b880 swapchain=7fc26de32320 index=1
FLR0026_VK_PRESENT_BOUNDARY_RETURN result=0
FLR0026_VK_PRESENT_BOUNDARY_DONE
FLR0026_VK_COMMIT_DONE
FLR0026_VK_PRESENT_BOUNDARY_BEGIN index=0
FLR0026_VK_SWAPCHAIN_FLUSH_DONE flushed=true\nFLR0026_VK_FINISHED_SIGNAL_ACQUIRE_BEGIN\nFLR0026_VK_FINISHED_SIGNAL_ACQUIRE_DONE present=true\nFLR0026_VK_PRESENT_WAIT_SEMAPHORE enabled=true\nFLR0026_VK_QUEUE_PRESENT_BEGIN queue=0x7fc26c02c5e0 swapchain=0x7fc26de32320 index=0\nFLR0026_VK_END_FRAME_BEGIN
FLR0026_VK_QUEUE_PRESENT result=0 surface=7fc26dc7b880 swapchain=7fc26de32320 index=0
FLR0026_VK_PRESENT_BOUNDARY_RETURN result=0
FLR0026_VK_PRESENT_BOUNDARY_DONE
FLR0026_VK_COMMIT_DONE
FLR0026_VK_PRESENT_BOUNDARY_BEGIN index=1
FLR0026_VK_SWAPCHAIN_FLUSH_DONE flushed=true\nFLR0026_VK_FINISHED_SIGNAL_ACQUIRE_BEGIN\nFLR0026_VK_FINISHED_SIGNAL_ACQUIRE_DONE present=true\nFLR0026_VK_PRESENT_WAIT_SEMAPHORE enabled=true\nFLR0026_VK_QUEUE_PRESENT_BEGIN queue=0x7fc26c02c5e0 swapchain=0x7fc26de32320 index=1\nFLR0026_VK_END_FRAME_BEGIN
FLR0026_VK_QUEUE_PRESENT result=0 surface=7fc26dc7b880 swapchain=7fc26de32320 index=1
FLR0026_VK_PRESENT_BOUNDARY_RETURN result=0
FLR0026_VK_PRESENT_BOUNDARY_DONE
FLR0026_VK_COMMIT_DONE
FLR0026_VK_PRESENT_BOUNDARY_BEGIN index=0
FLR0026_VK_SWAPCHAIN_FLUSH_DONE flushed=true\nFLR0026_VK_FINISHED_SIGNAL_ACQUIRE_BEGIN\nFLR0026_VK_FINISHED_SIGNAL_ACQUIRE_DONE present=true\nFLR0026_VK_PRESENT_WAIT_SEMAPHORE enabled=true\nFLR0026_VK_QUEUE_PRESENT_BEGIN queue=0x7fc26c02c5e0 swapchain=0x7fc26de32320 index=0\nFLR0026_VK_END_FRAME_BEGIN
FLR0026_VK_QUEUE_PRESENT result=0 surface=7fc26dc7b880 swapchain=7fc26de32320 index=0
FLR0026_VK_PRESENT_BOUNDARY_RETURN result=0
FLR0026_VK_PRESENT_BOUNDARY_DONE
FLR0026_VK_COMMIT_DONE
FLR0026_VK_PRESENT_BOUNDARY_BEGIN index=1
FLR0026_VK_SWAPCHAIN_FLUSH_DONE flushed=true\nFLR0026_VK_FINISHED_SIGNAL_ACQUIRE_BEGIN\nFLR0026_VK_FINISHED_SIGNAL_ACQUIRE_DONE present=true\nFLR0026_VK_PRESENT_WAIT_SEMAPHORE enabled=true\nFLR0026_VK_QUEUE_PRESENT_BEGIN queue=0x7fc26c02c5e0 swapchain=0x7fc26de32320 index=1\nFLR0026_VK_END_FRAME_BEGIN
FLR0026_VK_QUEUE_PRESENT result=0 surface=7fc26dc7b880 swapchain=7fc26de32320 index=1
FLR0026_VK_PRESENT_BOUNDARY_RETURN result=0
FLR0026_VK_PRESENT_BOUNDARY_DONE
FLR0026_VK_COMMIT_DONE
FLR0026_VK_PRESENT_BOUNDARY_BEGIN index=0
FLR0026_VK_SWAPCHAIN_FLUSH_DONE flushed=true\nFLR0026_VK_FINISHED_SIGNAL_ACQUIRE_BEGIN\nFLR0026_VK_FINISHED_SIGNAL_ACQUIRE_DONE present=true\nFLR0026_VK_PRESENT_WAIT_SEMAPHORE enabled=true\nFLR0026_VK_QUEUE_PRESENT_BEGIN queue=0x7fc26c02c5e0 swapchain=0x7fc26de32320 index=0\nFLR0026_VK_END_FRAME_BEGIN
FLR0026_VK_QUEUE_PRESENT result=0 surface=7fc26dc7b880 swapchain=7fc26de32320 index=0
FLR0026_VK_PRESENT_BOUNDARY_RETURN result=0
FLR0026_VK_PRESENT_BOUNDARY_DONE
FLR0026_VK_COMMIT_DONE
FLR0026_VK_PRESENT_BOUNDARY_BEGIN index=1
FLR0026_VK_SWAPCHAIN_FLUSH_DONE flushed=true\nFLR0026_VK_FINISHED_SIGNAL_ACQUIRE_BEGIN\nFLR0026_VK_FINISHED_SIGNAL_ACQUIRE_DONE present=true\nFLR0026_VK_PRESENT_WAIT_SEMAPHORE enabled=true\nFLR0026_VK_QUEUE_PRESENT_BEGIN queue=0x7fc26c02c5e0 swapchain=0x7fc26de32320 index=1\nFLR0026_VK_END_FRAME_BEGIN
FLR0026_VK_QUEUE_PRESENT result=0 surface=7fc26dc7b880 swapchain=7fc26de32320 index=1
FLR0026_VK_PRESENT_BOUNDARY_RETURN result=0
FLR0026_VK_PRESENT_BOUNDARY_DONE
FLR0026_VK_COMMIT_DONE
FLR0026_VK_PRESENT_BOUNDARY_BEGIN index=0
FLR0026_VK_SWAPCHAIN_FLUSH_DONE flushed=true\nFLR0026_VK_FINISHED_SIGNAL_ACQUIRE_BEGIN\nFLR0026_VK_FINISHED_SIGNAL_ACQUIRE_DONE present=true\nFLR0026_VK_PRESENT_WAIT_SEMAPHORE enabled=true\nFLR0026_VK_QUEUE_PRESENT_BEGIN queue=0x7fc26c02c5e0 swapchain=0x7fc26de32320 index=0\nFLR0026_VK_END_FRAME_BEGIN
FLR0026_VK_QUEUE_PRESENT result=0 surface=7fc26dc7b880 swapchain=7fc26de32320 index=0
FLR0026_VK_PRESENT_BOUNDARY_RETURN result=0
FLR0026_VK_PRESENT_BOUNDARY_DONE
FLR0026_VK_COMMIT_DONE
FLR0026_VK_PRESENT_BOUNDARY_BEGIN index=1
FLR0026_VK_SWAPCHAIN_FLUSH_DONE flushed=true\nFLR0026_VK_FINISHED_SIGNAL_ACQUIRE_BEGIN\nFLR0026_VK_FINISHED_SIGNAL_ACQUIRE_DONE present=true\nFLR0026_VK_PRESENT_WAIT_SEMAPHORE enabled=true\nFLR0026_VK_QUEUE_PRESENT_BEGIN queue=0x7fc26c02c5e0 swapchain=0x7fc26de32320 index=1\nFLR0026_VK_END_FRAME_BEGIN
[13:12:40.745210] [I] FLR0026_FRAME_BEGIN seq=110 started=false
FLR0026_VK_QUEUE_PRESENT result=0 surface=7fc26dc7b880 swapchain=7fc26de32320 index=1
FLR0026_VK_PRESENT_BOUNDARY_RETURN result=0
FLR0026_VK_PRESENT_BOUNDARY_DONE
FLR0026_VK_COMMIT_DONE
FLR0026_VK_PRESENT_BOUNDARY_BEGIN index=0
FLR0026_VK_SWAPCHAIN_FLUSH_DONE flushed=true\nFLR0026_VK_FINISHED_SIGNAL_ACQUIRE_BEGIN\nFLR0026_VK_FINISHED_SIGNAL_ACQUIRE_DONE present=true\nFLR0026_VK_PRESENT_WAIT_SEMAPHORE enabled=true\nFLR0026_VK_QUEUE_PRESENT_BEGIN queue=0x7fc26c02c5e0 swapchain=0x7fc26de32320 index=0\nFLR0026_RENDERER_COMMIT_ENQUEUE
FLR0026_VK_END_FRAME_BEGIN
FLR0026_VK_QUEUE_PRESENT result=0 surface=7fc26dc7b880 swapchain=7fc26de32320 index=0
FLR0026_VK_PRESENT_BOUNDARY_RETURN result=0
FLR0026_VK_PRESENT_BOUNDARY_DONE
FLR0026_VK_COMMIT_DONE
FLR0026_VK_PRESENT_BOUNDARY_BEGIN index=1
FLR0026_VK_SWAPCHAIN_FLUSH_DONE flushed=true\nFLR0026_VK_FINISHED_SIGNAL_ACQUIRE_BEGIN\nFLR0026_VK_FINISHED_SIGNAL_ACQUIRE_DONE present=true\nFLR0026_VK_PRESENT_WAIT_SEMAPHORE enabled=true\nFLR0026_VK_QUEUE_PRESENT_BEGIN queue=0x7fc26c02c5e0 swapchain=0x7fc26de32320 index=1\nFLR0026_VK_END_FRAME_BEGIN
FLR0026_VK_QUEUE_PRESENT result=0 surface=7fc26dc7b880 swapchain=7fc26de32320 index=1
FLR0026_VK_PRESENT_BOUNDARY_RETURN result=0
FLR0026_VK_PRESENT_BOUNDARY_DONE
FLR0026_VK_COMMIT_DONE
FLR0026_VK_PRESENT_BOUNDARY_BEGIN index=0
FLR0026_VK_SWAPCHAIN_FLUSH_DONE flushed=true\nFLR0026_VK_FINISHED_SIGNAL_ACQUIRE_BEGIN\nFLR0026_VK_FINISHED_SIGNAL_ACQUIRE_DONE present=true\nFLR0026_VK_PRESENT_WAIT_SEMAPHORE enabled=true\nFLR0026_VK_QUEUE_PRESENT_BEGIN queue=0x7fc26c02c5e0 swapchain=0x7fc26de32320 index=0\nFLR0026_VK_END_FRAME_BEGIN
FLR0026_VK_QUEUE_PRESENT result=0 surface=7fc26dc7b880 swapchain=7fc26de32320 index=0
FLR0026_VK_PRESENT_BOUNDARY_RETURN result=0
FLR0026_VK_PRESENT_BOUNDARY_DONE
FLR0026_VK_COMMIT_DONE
FLR0026_VK_PRESENT_BOUNDARY_BEGIN index=1
FLR0026_VK_SWAPCHAIN_FLUSH_DONE flushed=true\nFLR0026_VK_FINISHED_SIGNAL_ACQUIRE_BEGIN\nFLR0026_VK_FINISHED_SIGNAL_ACQUIRE_DONE present=true\nFLR0026_VK_PRESENT_WAIT_SEMAPHORE enabled=true\nFLR0026_VK_QUEUE_PRESENT_BEGIN queue=0x7fc26c02c5e0 swapchain=0x7fc26de32320 index=1\nFLR0026_VK_END_FRAME_BEGIN
FLR0026_VK_QUEUE_PRESENT result=0 surface=7fc26dc7b880 swapchain=7fc26de32320 index=1
FLR0026_VK_PRESENT_BOUNDARY_RETURN result=0
FLR0026_VK_PRESENT_BOUNDARY_DONE
FLR0026_VK_COMMIT_DONE
FLR0026_VK_PRESENT_BOUNDARY_BEGIN index=0
FLR0026_VK_SWAPCHAIN_FLUSH_DONE flushed=true\nFLR0026_VK_FINISHED_SIGNAL_ACQUIRE_BEGIN\nFLR0026_VK_FINISHED_SIGNAL_ACQUIRE_DONE present=true\nFLR0026_VK_PRESENT_WAIT_SEMAPHORE enabled=true\nFLR0026_VK_QUEUE_PRESENT_BEGIN queue=0x7fc26c02c5e0 swapchain=0x7fc26de32320 index=0\nFLR0026_VK_END_FRAME_BEGIN
FLR0026_VK_QUEUE_PRESENT result=0 surface=7fc26dc7b880 swapchain=7fc26de32320 index=0
FLR0026_VK_PRESENT_BOUNDARY_RETURN result=0
FLR0026_VK_PRESENT_BOUNDARY_DONE
FLR0026_VK_COMMIT_DONE
FLR0026_VK_PRESENT_BOUNDARY_BEGIN index=1
FLR0026_VK_SWAPCHAIN_FLUSH_DONE flushed=true\nFLR0026_VK_FINISHED_SIGNAL_ACQUIRE_BEGIN\nFLR0026_VK_FINISHED_SIGNAL_ACQUIRE_DONE present=true\nFLR0026_VK_PRESENT_WAIT_SEMAPHORE enabled=true\nFLR0026_VK_QUEUE_PRESENT_BEGIN queue=0x7fc26c02c5e0 swapchain=0x7fc26de32320 index=1\nFLR0026_VK_END_FRAME_BEGIN
FLR0026_VK_QUEUE_PRESENT result=0 surface=7fc26dc7b880 swapchain=7fc26de32320 index=1
FLR0026_VK_PRESENT_BOUNDARY_RETURN result=0
FLR0026_VK_PRESENT_BOUNDARY_DONE
FLR0026_VK_COMMIT_DONE
FLR0026_VK_PRESENT_BOUNDARY_BEGIN index=0
FLR0026_VK_SWAPCHAIN_FLUSH_DONE flushed=true\nFLR0026_VK_FINISHED_SIGNAL_ACQUIRE_BEGIN\nFLR0026_VK_FINISHED_SIGNAL_ACQUIRE_DONE present=true\nFLR0026_VK_PRESENT_WAIT_SEMAPHORE enabled=true\nFLR0026_VK_QUEUE_PRESENT_BEGIN queue=0x7fc26c02c5e0 swapchain=0x7fc26de32320 index=0\nFLR0026_VK_END_FRAME_BEGIN
FLR0026_VK_QUEUE_PRESENT result=0 surface=7fc26dc7b880 swapchain=7fc26de32320 index=0
FLR0026_VK_PRESENT_BOUNDARY_RETURN result=0
FLR0026_VK_PRESENT_BOUNDARY_DONE
FLR0026_VK_COMMIT_DONE
FLR0026_VK_PRESENT_BOUNDARY_BEGIN index=1
FLR0026_VK_SWAPCHAIN_FLUSH_DONE flushed=true\nFLR0026_VK_FINISHED_SIGNAL_ACQUIRE_BEGIN\nFLR0026_VK_FINISHED_SIGNAL_ACQUIRE_DONE present=true\nFLR0026_VK_PRESENT_WAIT_SEMAPHORE enabled=true\nFLR0026_VK_QUEUE_PRESENT_BEGIN queue=0x7fc26c02c5e0 swapchain=0x7fc26de32320 index=1\nFLR0026_VK_END_FRAME_BEGIN
[13:12:42.599107] [I] FLR0026_FRAME_BEGIN seq=120 started=false
FLR0026_VK_QUEUE_PRESENT result=0 surface=7fc26dc7b880 swapchain=7fc26de32320 index=1
FLR0026_VK_PRESENT_BOUNDARY_RETURN result=0
FLR0026_VK_PRESENT_BOUNDARY_DONE
FLR0026_VK_COMMIT_DONE
FLR0026_VK_END_FRAME_BEGIN
FLR0026_VK_PRESENT_BOUNDARY_BEGIN index=0
FLR0026_VK_SWAPCHAIN_FLUSH_DONE flushed=true\nFLR0026_VK_FINISHED_SIGNAL_ACQUIRE_BEGIN\nFLR0026_VK_FINISHED_SIGNAL_ACQUIRE_DONE present=true\nFLR0026_VK_PRESENT_WAIT_SEMAPHORE enabled=true\nFLR0026_VK_QUEUE_PRESENT_BEGIN queue=0x7fc26c02c5e0 swapchain=0x7fc26de32320 index=0\nFLR0026_VK_END_FRAME_COMMANDS_RECORDED
FLR0026_VK_QUEUE_PRESENT result=0 surface=7fc26dc7b880 swapchain=7fc26de32320 index=0
FLR0026_VK_PRESENT_BOUNDARY_RETURN result=0
FLR0026_VK_PRESENT_BOUNDARY_DONE
FLR0026_VK_COMMIT_DONE
FLR0026_VK_PRESENT_BOUNDARY_BEGIN index=1
FLR0026_VK_SWAPCHAIN_FLUSH_DONE flushed=true\nFLR0026_VK_FINISHED_SIGNAL_ACQUIRE_BEGIN\nFLR0026_VK_FINISHED_SIGNAL_ACQUIRE_DONE present=true\nFLR0026_VK_PRESENT_WAIT_SEMAPHORE enabled=true\nFLR0026_VK_QUEUE_PRESENT_BEGIN queue=0x7fc26c02c5e0 swapchain=0x7fc26de32320 index=1\nFLR0026_VK_END_FRAME_BEGIN
FLR0026_VK_QUEUE_PRESENT result=0 surface=7fc26dc7b880 swapchain=7fc26de32320 index=1
FLR0026_VK_PRESENT_BOUNDARY_RETURN result=0
FLR0026_VK_PRESENT_BOUNDARY_DONE
FLR0026_VK_COMMIT_DONE
FLR0026_VK_PRESENT_BOUNDARY_BEGIN index=0
FLR0026_VK_SWAPCHAIN_FLUSH_DONE flushed=true\nFLR0026_VK_FINISHED_SIGNAL_ACQUIRE_BEGIN\nFLR0026_VK_FINISHED_SIGNAL_ACQUIRE_DONE present=true\nFLR0026_VK_PRESENT_WAIT_SEMAPHORE enabled=true\nFLR0026_VK_QUEUE_PRESENT_BEGIN queue=0x7fc26c02c5e0 swapchain=0x7fc26de32320 index=0\nFLR0026_VK_END_FRAME_BEGIN
FLR0026_VK_QUEUE_PRESENT result=0 surface=7fc26dc7b880 swapchain=7fc26de32320 index=0
FLR0026_VK_PRESENT_BOUNDARY_RETURN result=0
FLR0026_VK_PRESENT_BOUNDARY_DONE
FLR0026_VK_COMMIT_DONE
FLR0026_VK_PRESENT_BOUNDARY_BEGIN index=1
FLR0026_VK_SWAPCHAIN_FLUSH_DONE flushed=true\nFLR0026_VK_FINISHED_SIGNAL_ACQUIRE_BEGIN\nFLR0026_VK_FINISHED_SIGNAL_ACQUIRE_DONE present=true\nFLR0026_VK_PRESENT_WAIT_SEMAPHORE enabled=true\nFLR0026_VK_QUEUE_PRESENT_BEGIN queue=0x7fc26c02c5e0 swapchain=0x7fc26de32320 index=1\nFLR0026_VK_END_FRAME_BEGIN
FLR0026_VK_QUEUE_PRESENT result=0 surface=7fc26dc7b880 swapchain=7fc26de32320 index=1
FLR0026_VK_PRESENT_BOUNDARY_RETURN result=0
FLR0026_VK_PRESENT_BOUNDARY_DONE
FLR0026_VK_COMMIT_DONE
FLR0026_VK_PRESENT_BOUNDARY_BEGIN index=0
FLR0026_VK_SWAPCHAIN_FLUSH_DONE flushed=true\nFLR0026_VK_FINISHED_SIGNAL_ACQUIRE_BEGIN\nFLR0026_VK_FINISHED_SIGNAL_ACQUIRE_DONE present=true\nFLR0026_VK_PRESENT_WAIT_SEMAPHORE enabled=true\nFLR0026_VK_QUEUE_PRESENT_BEGIN queue=0x7fc26c02c5e0 swapchain=0x7fc26de32320 index=0\nFLR0026_VK_END_FRAME_BEGIN
FLR0026_VK_QUEUE_PRESENT result=0 surface=7fc26dc7b880 swapchain=7fc26de32320 index=0
FLR0026_VK_PRESENT_BOUNDARY_RETURN result=0
FLR0026_VK_PRESENT_BOUNDARY_DONE
FLR0026_VK_COMMIT_DONE
FLR0026_VK_PRESENT_BOUNDARY_BEGIN index=1
FLR0026_VK_SWAPCHAIN_FLUSH_DONE flushed=true\nFLR0026_VK_FINISHED_SIGNAL_ACQUIRE_BEGIN\nFLR0026_VK_FINISHED_SIGNAL_ACQUIRE_DONE present=true\nFLR0026_VK_PRESENT_WAIT_SEMAPHORE enabled=true\nFLR0026_VK_QUEUE_PRESENT_BEGIN queue=0x7fc26c02c5e0 swapchain=0x7fc26de32320 index=1\nFLR0026_VK_END_FRAME_BEGIN
FLR0026_VK_QUEUE_PRESENT result=0 surface=7fc26dc7b880 swapchain=7fc26de32320 index=1
FLR0026_VK_PRESENT_BOUNDARY_RETURN result=0
FLR0026_VK_PRESENT_BOUNDARY_DONE
FLR0026_VK_COMMIT_DONE
FLR0026_VK_PRESENT_BOUNDARY_BEGIN index=0
FLR0026_VK_SWAPCHAIN_FLUSH_DONE flushed=true\nFLR0026_VK_FINISHED_SIGNAL_ACQUIRE_BEGIN\nFLR0026_VK_FINISHED_SIGNAL_ACQUIRE_DONE present=true\nFLR0026_VK_PRESENT_WAIT_SEMAPHORE enabled=true\nFLR0026_VK_QUEUE_PRESENT_BEGIN queue=0x7fc26c02c5e0 swapchain=0x7fc26de32320 index=0\nFLR0026_VK_END_FRAME_BEGIN
FLR0026_VK_QUEUE_PRESENT result=0 surface=7fc26dc7b880 swapchain=7fc26de32320 index=0
FLR0026_VK_PRESENT_BOUNDARY_RETURN result=0
FLR0026_VK_PRESENT_BOUNDARY_DONE
FLR0026_VK_COMMIT_DONE
FLR0026_VK_PRESENT_BOUNDARY_BEGIN index=1
FLR0026_VK_SWAPCHAIN_FLUSH_DONE flushed=true\nFLR0026_VK_FINISHED_SIGNAL_ACQUIRE_BEGIN\nFLR0026_VK_FINISHED_SIGNAL_ACQUIRE_DONE present=true\nFLR0026_VK_PRESENT_WAIT_SEMAPHORE enabled=true\nFLR0026_VK_QUEUE_PRESENT_BEGIN queue=0x7fc26c02c5e0 swapchain=0x7fc26de32320 index=1\nFLR0026_VK_END_FRAME_BEGIN
FLR0026_VK_QUEUE_PRESENT result=0 surface=7fc26dc7b880 swapchain=7fc26de32320 index=1
FLR0026_VK_PRESENT_BOUNDARY_RETURN result=0
FLR0026_VK_PRESENT_BOUNDARY_DONE
FLR0026_VK_COMMIT_DONE
FLR0026_VK_PRESENT_BOUNDARY_BEGIN index=0
FLR0026_VK_SWAPCHAIN_FLUSH_DONE flushed=true\nFLR0026_VK_FINISHED_SIGNAL_ACQUIRE_BEGIN\nFLR0026_VK_FINISHED_SIGNAL_ACQUIRE_DONE present=true\nFLR0026_VK_PRESENT_WAIT_SEMAPHORE enabled=true\nFLR0026_VK_QUEUE_PRESENT_BEGIN queue=0x7fc26c02c5e0 swapchain=0x7fc26de32320 index=0\nFLR0026_VK_END_FRAME_BEGIN
FLR0026_VK_QUEUE_PRESENT result=0 surface=7fc26dc7b880 swapchain=7fc26de32320 index=0
FLR0026_VK_PRESENT_BOUNDARY_RETURN result=0
FLR0026_VK_PRESENT_BOUNDARY_DONE
FLR0026_VK_COMMIT_DONE
FLR0026_VK_PRESENT_BOUNDARY_BEGIN index=1
FLR0026_VK_SWAPCHAIN_FLUSH_DONE flushed=true\nFLR0026_VK_FINISHED_SIGNAL_ACQUIRE_BEGIN\nFLR0026_VK_FINISHED_SIGNAL_ACQUIRE_DONE present=true\nFLR0026_VK_PRESENT_WAIT_SEMAPHORE enabled=true\nFLR0026_VK_QUEUE_PRESENT_BEGIN queue=0x7fc26c02c5e0 swapchain=0x7fc26de32320 index=1\nFLR0026_VK_END_FRAME_BEGIN
[13:12:44.877134] [I] FLR0026_FRAME_BEGIN seq=130 started=false
FLR0026_VK_QUEUE_PRESENT result=0 surface=7fc26dc7b880 swapchain=7fc26de32320 index=1
FLR0026_VK_PRESENT_BOUNDARY_RETURN result=0
FLR0026_VK_PRESENT_BOUNDARY_DONE
FLR0026_VK_COMMIT_DONE
FLR0026_VK_PRESENT_BOUNDARY_BEGIN index=0
FLR0026_VK_SWAPCHAIN_FLUSH_DONE flushed=true\nFLR0026_VK_FINISHED_SIGNAL_ACQUIRE_BEGIN\nFLR0026_VK_FINISHED_SIGNAL_ACQUIRE_DONE present=true\nFLR0026_VK_PRESENT_WAIT_SEMAPHORE enabled=true\nFLR0026_VK_QUEUE_PRESENT_BEGIN queue=0x7fc26c02c5e0 swapchain=0x7fc26de32320 index=0\nFLR0026_VK_END_FRAME_BEGIN
FLR0026_VK_QUEUE_PRESENT result=0 surface=7fc26dc7b880 swapchain=7fc26de32320 index=0
FLR0026_VK_PRESENT_BOUNDARY_RETURN result=0
FLR0026_VK_PRESENT_BOUNDARY_DONE
FLR0026_VK_COMMIT_DONE
FLR0026_VK_PRESENT_BOUNDARY_BEGIN index=1
FLR0026_VK_SWAPCHAIN_FLUSH_DONE flushed=true\nFLR0026_VK_FINISHED_SIGNAL_ACQUIRE_BEGIN\nFLR0026_VK_FINISHED_SIGNAL_ACQUIRE_DONE present=true\nFLR0026_VK_PRESENT_WAIT_SEMAPHORE enabled=true\nFLR0026_VK_QUEUE_PRESENT_BEGIN queue=0x7fc26c02c5e0 swapchain=0x7fc26de32320 index=1\nFLR0026_VK_END_FRAME_BEGIN
FLR0026_VK_QUEUE_PRESENT result=0 surface=7fc26dc7b880 swapchain=7fc26de32320 index=1
FLR0026_VK_PRESENT_BOUNDARY_RETURN result=0
FLR0026_VK_PRESENT_BOUNDARY_DONE
FLR0026_VK_COMMIT_DONE
FLR0026_VK_PRESENT_BOUNDARY_BEGIN index=0
FLR0026_VK_SWAPCHAIN_FLUSH_DONE flushed=true\nFLR0026_VK_FINISHED_SIGNAL_ACQUIRE_BEGIN\nFLR0026_VK_FINISHED_SIGNAL_ACQUIRE_DONE present=true\nFLR0026_VK_PRESENT_WAIT_SEMAPHORE enabled=true\nFLR0026_VK_QUEUE_PRESENT_BEGIN queue=0x7fc26c02c5e0 swapchain=0x7fc26de32320 index=0\nFLR0026_RENDERER_COMMIT_ENQUEUE
FLR0026_VK_END_FRAME_BEGIN
FLR0026_VK_QUEUE_PRESENT result=0 surface=7fc26dc7b880 swapchain=7fc26de32320 index=0
FLR0026_VK_PRESENT_BOUNDARY_RETURN result=0
FLR0026_VK_PRESENT_BOUNDARY_DONE
FLR0026_VK_COMMIT_DONE
FLR0026_VK_PRESENT_BOUNDARY_BEGIN index=1
FLR0026_VK_SWAPCHAIN_FLUSH_DONE flushed=true\nFLR0026_VK_FINISHED_SIGNAL_ACQUIRE_BEGIN\nFLR0026_VK_FINISHED_SIGNAL_ACQUIRE_DONE present=true\nFLR0026_VK_PRESENT_WAIT_SEMAPHORE enabled=true\nFLR0026_VK_QUEUE_PRESENT_BEGIN queue=0x7fc26c02c5e0 swapchain=0x7fc26de32320 index=1\nFLR0026_VK_END_FRAME_BEGIN
FLR0026_VK_QUEUE_PRESENT result=0 surface=7fc26dc7b880 swapchain=7fc26de32320 index=1
FLR0026_VK_PRESENT_BOUNDARY_RETURN result=0
FLR0026_VK_PRESENT_BOUNDARY_DONE
FLR0026_VK_COMMIT_DONE
FLR0026_VK_PRESENT_BOUNDARY_BEGIN index=0
FLR0026_VK_SWAPCHAIN_FLUSH_DONE flushed=true\nFLR0026_VK_FINISHED_SIGNAL_ACQUIRE_BEGIN\nFLR0026_VK_FINISHED_SIGNAL_ACQUIRE_DONE present=true\nFLR0026_VK_PRESENT_WAIT_SEMAPHORE enabled=true\nFLR0026_VK_QUEUE_PRESENT_BEGIN queue=0x7fc26c02c5e0 swapchain=0x7fc26de32320 index=0\nFLR0026_VK_END_FRAME_BEGIN
FLR0026_VK_QUEUE_PRESENT result=0 surface=7fc26dc7b880 swapchain=7fc26de32320 index=0
FLR0026_VK_PRESENT_BOUNDARY_RETURN result=0
FLR0026_VK_PRESENT_BOUNDARY_DONE
FLR0026_VK_COMMIT_DONE
FLR0026_VK_PRESENT_BOUNDARY_BEGIN index=1
FLR0026_VK_SWAPCHAIN_FLUSH_DONE flushed=true\nFLR0026_VK_FINISHED_SIGNAL_ACQUIRE_BEGIN\nFLR0026_VK_FINISHED_SIGNAL_ACQUIRE_DONE present=true\nFLR0026_VK_PRESENT_WAIT_SEMAPHORE enabled=true\nFLR0026_VK_QUEUE_PRESENT_BEGIN queue=0x7fc26c02c5e0 swapchain=0x7fc26de32320 index=1\nFLR0026_VK_END_FRAME_BEGIN
FLR0026_VK_QUEUE_PRESENT result=0 surface=7fc26dc7b880 swapchain=7fc26de32320 index=1
FLR0026_VK_PRESENT_BOUNDARY_RETURN result=0
FLR0026_VK_PRESENT_BOUNDARY_DONE
FLR0026_VK_COMMIT_DONE
FLR0026_VK_PRESENT_BOUNDARY_BEGIN index=0
FLR0026_VK_SWAPCHAIN_FLUSH_DONE flushed=true\nFLR0026_VK_FINISHED_SIGNAL_ACQUIRE_BEGIN\nFLR0026_VK_FINISHED_SIGNAL_ACQUIRE_DONE present=true\nFLR0026_VK_PRESENT_WAIT_SEMAPHORE enabled=true\nFLR0026_VK_QUEUE_PRESENT_BEGIN queue=0x7fc26c02c5e0 swapchain=0x7fc26de32320 index=0\nFLR0026_VK_END_FRAME_BEGIN
FLR0026_VK_QUEUE_PRESENT result=0 surface=7fc26dc7b880 swapchain=7fc26de32320 index=0
FLR0026_VK_PRESENT_BOUNDARY_RETURN result=0
FLR0026_VK_PRESENT_BOUNDARY_DONE
FLR0026_VK_COMMIT_DONE
FLR0026_VK_PRESENT_BOUNDARY_BEGIN index=1
FLR0026_VK_SWAPCHAIN_FLUSH_DONE flushed=true\nFLR0026_VK_FINISHED_SIGNAL_ACQUIRE_BEGIN\nFLR0026_VK_FINISHED_SIGNAL_ACQUIRE_DONE present=true\nFLR0026_VK_PRESENT_WAIT_SEMAPHORE enabled=true\nFLR0026_VK_QUEUE_PRESENT_BEGIN queue=0x7fc26c02c5e0 swapchain=0x7fc26de32320 index=1\nFLR0026_VK_END_FRAME_BEGIN
FLR0026_VK_QUEUE_PRESENT result=0 surface=7fc26dc7b880 swapchain=7fc26de32320 index=1
FLR0026_VK_PRESENT_BOUNDARY_RETURN result=0
FLR0026_VK_PRESENT_BOUNDARY_DONE
FLR0026_VK_COMMIT_DONE
FLR0026_VK_PRESENT_BOUNDARY_BEGIN index=0
FLR0026_VK_SWAPCHAIN_FLUSH_DONE flushed=true\nFLR0026_VK_FINISHED_SIGNAL_ACQUIRE_BEGIN\nFLR0026_VK_FINISHED_SIGNAL_ACQUIRE_DONE present=true\nFLR0026_VK_PRESENT_WAIT_SEMAPHORE enabled=true\nFLR0026_VK_QUEUE_PRESENT_BEGIN queue=0x7fc26c02c5e0 swapchain=0x7fc26de32320 index=0\nFLR0026_VK_END_FRAME_BEGIN
FLR0026_VK_QUEUE_PRESENT result=0 surface=7fc26dc7b880 swapchain=7fc26de32320 index=0
FLR0026_VK_PRESENT_BOUNDARY_RETURN result=0
FLR0026_VK_PRESENT_BOUNDARY_DONE
FLR0026_VK_COMMIT_DONE
FLR0026_VK_PRESENT_BOUNDARY_BEGIN index=1
FLR0026_VK_SWAPCHAIN_FLUSH_DONE flushed=true\nFLR0026_VK_FINISHED_SIGNAL_ACQUIRE_BEGIN\nFLR0026_VK_FINISHED_SIGNAL_ACQUIRE_DONE present=true\nFLR0026_VK_PRESENT_WAIT_SEMAPHORE enabled=true\nFLR0026_VK_QUEUE_PRESENT_BEGIN queue=0x7fc26c02c5e0 swapchain=0x7fc26de32320 index=1\nFLR0026_VK_END_FRAME_BEGIN
[13:12:47.153576] [I] FLR0026_FRAME_BEGIN seq=140 started=false
FLR0026_VK_QUEUE_PRESENT result=0 surface=7fc26dc7b880 swapchain=7fc26de32320 index=1
FLR0026_VK_PRESENT_BOUNDARY_RETURN result=0
FLR0026_VK_PRESENT_BOUNDARY_DONE
FLR0026_VK_COMMIT_DONE
FLR0026_VK_END_FRAME_BEGIN
FLR0026_VK_PRESENT_BOUNDARY_BEGIN index=0
FLR0026_VK_SWAPCHAIN_FLUSH_DONE flushed=true\nFLR0026_VK_FINISHED_SIGNAL_ACQUIRE_BEGIN\nFLR0026_VK_FINISHED_SIGNAL_ACQUIRE_DONE present=true\nFLR0026_VK_PRESENT_WAIT_SEMAPHORE enabled=true\nFLR0026_VK_QUEUE_PRESENT_BEGIN queue=0x7fc26c02c5e0 swapchain=0x7fc26de32320 index=0\n[13:12:47.382850] [E] [handleMessage] Exception in handler: Entity(164): Light not found
FLR0026_VK_QUEUE_PRESENT result=0 surface=7fc26dc7b880 swapchain=7fc26de32320 index=0
FLR0026_VK_PRESENT_BOUNDARY_RETURN result=0
FLR0026_VK_PRESENT_BOUNDARY_DONE
FLR0026_VK_COMMIT_DONE
FLR0026_VK_PRESENT_BOUNDARY_BEGIN index=1
FLR0026_VK_SWAPCHAIN_FLUSH_DONE flushed=true\nFLR0026_VK_FINISHED_SIGNAL_ACQUIRE_BEGIN\nFLR0026_VK_FINISHED_SIGNAL_ACQUIRE_DONE present=true\nFLR0026_VK_PRESENT_WAIT_SEMAPHORE enabled=true\nFLR0026_VK_QUEUE_PRESENT_BEGIN queue=0x7fc26c02c5e0 swapchain=0x7fc26de32320 index=1\nFLR0026_VK_END_FRAME_BEGIN
FLR0026_VK_QUEUE_PRESENT result=0 surface=7fc26dc7b880 swapchain=7fc26de32320 index=1
FLR0026_VK_PRESENT_BOUNDARY_RETURN result=0
FLR0026_VK_PRESENT_BOUNDARY_DONE
FLR0026_VK_COMMIT_DONE
FLR0026_VK_PRESENT_BOUNDARY_BEGIN index=0
FLR0026_VK_SWAPCHAIN_FLUSH_DONE flushed=true\nFLR0026_VK_FINISHED_SIGNAL_ACQUIRE_BEGIN\nFLR0026_VK_FINISHED_SIGNAL_ACQUIRE_DONE present=true\nFLR0026_VK_PRESENT_WAIT_SEMAPHORE enabled=true\nFLR0026_VK_QUEUE_PRESENT_BEGIN queue=0x7fc26c02c5e0 swapchain=0x7fc26de32320 index=0\nFLR0026_VK_END_FRAME_BEGIN
FLR0026_VK_QUEUE_PRESENT result=0 surface=7fc26dc7b880 swapchain=7fc26de32320 index=0
FLR0026_VK_PRESENT_BOUNDARY_RETURN result=0
FLR0026_VK_PRESENT_BOUNDARY_DONE
FLR0026_VK_COMMIT_DONE
FLR0026_VK_PRESENT_BOUNDARY_BEGIN index=1
FLR0026_VK_SWAPCHAIN_FLUSH_DONE flushed=true\nFLR0026_VK_FINISHED_SIGNAL_ACQUIRE_BEGIN\nFLR0026_VK_FINISHED_SIGNAL_ACQUIRE_DONE present=true\nFLR0026_VK_PRESENT_WAIT_SEMAPHORE enabled=true\nFLR0026_VK_QUEUE_PRESENT_BEGIN queue=0x7fc26c02c5e0 swapchain=0x7fc26de32320 index=1\nFLR0026_VK_END_FRAME_BEGIN
FLR0026_VK_QUEUE_PRESENT result=0 surface=7fc26dc7b880 swapchain=7fc26de32320 index=1
FLR0026_VK_PRESENT_BOUNDARY_RETURN result=0
FLR0026_VK_PRESENT_BOUNDARY_DONE
FLR0026_VK_COMMIT_DONE
FLR0026_VK_PRESENT_BOUNDARY_BEGIN index=0
FLR0026_VK_SWAPCHAIN_FLUSH_DONE flushed=true\nFLR0026_VK_FINISHED_SIGNAL_ACQUIRE_BEGIN\nFLR0026_VK_FINISHED_SIGNAL_ACQUIRE_DONE present=true\nFLR0026_VK_PRESENT_WAIT_SEMAPHORE enabled=true\nFLR0026_VK_QUEUE_PRESENT_BEGIN queue=0x7fc26c02c5e0 swapchain=0x7fc26de32320 index=0\nFLR0026_VK_END_FRAME_BEGIN
FLR0026_VK_QUEUE_PRESENT result=0 surface=7fc26dc7b880 swapchain=7fc26de32320 index=0
FLR0026_VK_PRESENT_BOUNDARY_RETURN result=0
FLR0026_VK_PRESENT_BOUNDARY_DONE
FLR0026_VK_COMMIT_DONE
FLR0026_VK_PRESENT_BOUNDARY_BEGIN index=1
FLR0026_VK_SWAPCHAIN_FLUSH_DONE flushed=true\nFLR0026_VK_FINISHED_SIGNAL_ACQUIRE_BEGIN\nFLR0026_VK_FINISHED_SIGNAL_ACQUIRE_DONE present=true\nFLR0026_VK_PRESENT_WAIT_SEMAPHORE enabled=true\nFLR0026_VK_QUEUE_PRESENT_BEGIN queue=0x7fc26c02c5e0 swapchain=0x7fc26de32320 index=1\nFLR0026_VK_END_FRAME_BEGIN
FLR0026_VK_QUEUE_PRESENT result=0 surface=7fc26dc7b880 swapchain=7fc26de32320 index=1
FLR0026_VK_PRESENT_BOUNDARY_RETURN result=0
FLR0026_VK_PRESENT_BOUNDARY_DONE
FLR0026_VK_COMMIT_DONE
FLR0026_VK_PRESENT_BOUNDARY_BEGIN index=0
FLR0026_VK_SWAPCHAIN_FLUSH_DONE flushed=true\nFLR0026_VK_FINISHED_SIGNAL_ACQUIRE_BEGIN\nFLR0026_VK_FINISHED_SIGNAL_ACQUIRE_DONE present=true\nFLR0026_VK_PRESENT_WAIT_SEMAPHORE enabled=true\nFLR0026_VK_QUEUE_PRESENT_BEGIN queue=0x7fc26c02c5e0 swapchain=0x7fc26de32320 index=0\nFLR0026_VK_END_FRAME_BEGIN
FLR0026_VK_QUEUE_PRESENT result=0 surface=7fc26dc7b880 swapchain=7fc26de32320 index=0
FLR0026_VK_PRESENT_BOUNDARY_RETURN result=0
FLR0026_VK_PRESENT_BOUNDARY_DONE
FLR0026_VK_COMMIT_DONE
FLR0026_VK_PRESENT_BOUNDARY_BEGIN index=1
FLR0026_VK_SWAPCHAIN_FLUSH_DONE flushed=true\nFLR0026_VK_FINISHED_SIGNAL_ACQUIRE_BEGIN\nFLR0026_VK_FINISHED_SIGNAL_ACQUIRE_DONE present=true\nFLR0026_VK_PRESENT_WAIT_SEMAPHORE enabled=true\nFLR0026_VK_QUEUE_PRESENT_BEGIN queue=0x7fc26c02c5e0 swapchain=0x7fc26de32320 index=1\nFLR0026_VK_END_FRAME_BEGIN
FLR0026_VK_QUEUE_PRESENT result=0 surface=7fc26dc7b880 swapchain=7fc26de32320 index=1
FLR0026_VK_PRESENT_BOUNDARY_RETURN result=0
FLR0026_VK_PRESENT_BOUNDARY_DONE
FLR0026_VK_COMMIT_DONE
FLR0026_VK_PRESENT_BOUNDARY_BEGIN index=0
FLR0026_VK_SWAPCHAIN_FLUSH_DONE flushed=true\nFLR0026_VK_FINISHED_SIGNAL_ACQUIRE_BEGIN\nFLR0026_VK_FINISHED_SIGNAL_ACQUIRE_DONE present=true\nFLR0026_VK_PRESENT_WAIT_SEMAPHORE enabled=true\nFLR0026_VK_QUEUE_PRESENT_BEGIN queue=0x7fc26c02c5e0 swapchain=0x7fc26de32320 index=0\nFLR0026_VK_END_FRAME_BEGIN
FLR0026_VK_QUEUE_PRESENT result=0 surface=7fc26dc7b880 swapchain=7fc26de32320 index=0
FLR0026_VK_PRESENT_BOUNDARY_RETURN result=0
FLR0026_VK_PRESENT_BOUNDARY_DONE
FLR0026_VK_COMMIT_DONE
FLR0026_VK_PRESENT_BOUNDARY_BEGIN index=1
FLR0026_VK_SWAPCHAIN_FLUSH_DONE flushed=true\nFLR0026_VK_FINISHED_SIGNAL_ACQUIRE_BEGIN\nFLR0026_VK_FINISHED_SIGNAL_ACQUIRE_DONE present=true\nFLR0026_VK_PRESENT_WAIT_SEMAPHORE enabled=true\nFLR0026_VK_QUEUE_PRESENT_BEGIN queue=0x7fc26c02c5e0 swapchain=0x7fc26de32320 index=1\nFLR0026_VK_END_FRAME_BEGIN
[13:12:49.429132] [I] FLR0026_FRAME_BEGIN seq=150 started=false
FLR0026_VK_QUEUE_PRESENT result=0 surface=7fc26dc7b880 swapchain=7fc26de32320 index=1
FLR0026_VK_PRESENT_BOUNDARY_RETURN result=0
FLR0026_VK_PRESENT_BOUNDARY_DONE
FLR0026_VK_COMMIT_DONE
FLR0026_VK_PRESENT_BOUNDARY_BEGIN index=0
FLR0026_VK_SWAPCHAIN_FLUSH_DONE flushed=true\nFLR0026_VK_FINISHED_SIGNAL_ACQUIRE_BEGIN\nFLR0026_VK_FINISHED_SIGNAL_ACQUIRE_DONE present=true\nFLR0026_VK_PRESENT_WAIT_SEMAPHORE enabled=true\nFLR0026_VK_QUEUE_PRESENT_BEGIN queue=0x7fc26c02c5e0 swapchain=0x7fc26de32320 index=0\nFLR0026_VK_END_FRAME_BEGIN
FLR0026_VK_QUEUE_PRESENT result=0 surface=7fc26dc7b880 swapchain=7fc26de32320 index=0
FLR0026_VK_PRESENT_BOUNDARY_RETURN result=0
FLR0026_VK_PRESENT_BOUNDARY_DONE
FLR0026_VK_COMMIT_DONE
FLR0026_VK_PRESENT_BOUNDARY_BEGIN index=1
FLR0026_VK_SWAPCHAIN_FLUSH_DONE flushed=true\nFLR0026_VK_FINISHED_SIGNAL_ACQUIRE_BEGIN\nFLR0026_VK_FINISHED_SIGNAL_ACQUIRE_DONE present=true\nFLR0026_VK_PRESENT_WAIT_SEMAPHORE enabled=true\nFLR0026_VK_QUEUE_PRESENT_BEGIN queue=0x7fc26c02c5e0 swapchain=0x7fc26de32320 index=1\nFLR0026_VK_END_FRAME_BEGIN
FLR0026_VK_QUEUE_PRESENT result=0 surface=7fc26dc7b880 swapchain=7fc26de32320 index=1
FLR0026_VK_PRESENT_BOUNDARY_RETURN result=0
FLR0026_VK_PRESENT_BOUNDARY_DONE
FLR0026_VK_COMMIT_DONE
FLR0026_VK_PRESENT_BOUNDARY_BEGIN index=0
FLR0026_VK_SWAPCHAIN_FLUSH_DONE flushed=true\nFLR0026_VK_FINISHED_SIGNAL_ACQUIRE_BEGIN\nFLR0026_VK_FINISHED_SIGNAL_ACQUIRE_DONE present=true\nFLR0026_VK_PRESENT_WAIT_SEMAPHORE enabled=true\nFLR0026_VK_QUEUE_PRESENT_BEGIN queue=0x7fc26c02c5e0 swapchain=0x7fc26de32320 index=0\nFLR0026_VK_END_FRAME_BEGIN
FLR0026_VK_QUEUE_PRESENT result=0 surface=7fc26dc7b880 swapchain=7fc26de32320 index=0
FLR0026_VK_PRESENT_BOUNDARY_RETURN result=0
FLR0026_VK_PRESENT_BOUNDARY_DONE
FLR0026_VK_COMMIT_DONE
FLR0026_VK_PRESENT_BOUNDARY_BEGIN index=1
FLR0026_VK_SWAPCHAIN_FLUSH_DONE flushed=true\nFLR0026_VK_FINISHED_SIGNAL_ACQUIRE_BEGIN\nFLR0026_VK_FINISHED_SIGNAL_ACQUIRE_DONE present=true\nFLR0026_VK_PRESENT_WAIT_SEMAPHORE enabled=true\nFLR0026_VK_QUEUE_PRESENT_BEGIN queue=0x7fc26c02c5e0 swapchain=0x7fc26de32320 index=1\nFLR0026_VK_END_FRAME_BEGIN
FLR0026_VK_QUEUE_PRESENT result=0 surface=7fc26dc7b880 swapchain=7fc26de32320 index=1
FLR0026_VK_PRESENT_BOUNDARY_RETURN result=0
FLR0026_VK_PRESENT_BOUNDARY_DONE
FLR0026_VK_COMMIT_DONE
FLR0026_VK_PRESENT_BOUNDARY_BEGIN index=0
FLR0026_VK_SWAPCHAIN_FLUSH_DONE flushed=true\nFLR0026_VK_FINISHED_SIGNAL_ACQUIRE_BEGIN\nFLR0026_VK_FINISHED_SIGNAL_ACQUIRE_DONE present=true\nFLR0026_VK_PRESENT_WAIT_SEMAPHORE enabled=true\nFLR0026_VK_QUEUE_PRESENT_BEGIN queue=0x7fc26c02c5e0 swapchain=0x7fc26de32320 index=0\nFLR0026_VK_END_FRAME_BEGIN
FLR0026_VK_QUEUE_PRESENT result=0 surface=7fc26dc7b880 swapchain=7fc26de32320 index=0
FLR0026_VK_PRESENT_BOUNDARY_RETURN result=0
FLR0026_VK_PRESENT_BOUNDARY_DONE
FLR0026_VK_COMMIT_DONE
FLR0026_VK_PRESENT_BOUNDARY_BEGIN index=1
FLR0026_VK_SWAPCHAIN_FLUSH_DONE flushed=true\nFLR0026_VK_FINISHED_SIGNAL_ACQUIRE_BEGIN\nFLR0026_VK_FINISHED_SIGNAL_ACQUIRE_DONE present=true\nFLR0026_VK_PRESENT_WAIT_SEMAPHORE enabled=true\nFLR0026_VK_QUEUE_PRESENT_BEGIN queue=0x7fc26c02c5e0 swapchain=0x7fc26de32320 index=1\nFLR0026_RENDERER_COMMIT_ENQUEUE
FLR0026_VK_END_FRAME_BEGIN
FLR0026_VK_QUEUE_PRESENT result=0 surface=7fc26dc7b880 swapchain=7fc26de32320 index=1
FLR0026_VK_PRESENT_BOUNDARY_RETURN result=0
FLR0026_VK_PRESENT_BOUNDARY_DONE
FLR0026_VK_COMMIT_DONE
FLR0026_VK_PRESENT_BOUNDARY_BEGIN index=0
FLR0026_VK_SWAPCHAIN_FLUSH_DONE flushed=true\nFLR0026_VK_FINISHED_SIGNAL_ACQUIRE_BEGIN\nFLR0026_VK_FINISHED_SIGNAL_ACQUIRE_DONE present=true\nFLR0026_VK_PRESENT_WAIT_SEMAPHORE enabled=true\nFLR0026_VK_QUEUE_PRESENT_BEGIN queue=0x7fc26c02c5e0 swapchain=0x7fc26de32320 index=0\nFLR0026_VK_END_FRAME_BEGIN
FLR0026_VK_QUEUE_PRESENT result=0 surface=7fc26dc7b880 swapchain=7fc26de32320 index=0
FLR0026_VK_PRESENT_BOUNDARY_RETURN result=0
FLR0026_VK_PRESENT_BOUNDARY_DONE
FLR0026_VK_COMMIT_DONE
FLR0026_VK_PRESENT_BOUNDARY_BEGIN index=1
FLR0026_VK_SWAPCHAIN_FLUSH_DONE flushed=true\nFLR0026_VK_FINISHED_SIGNAL_ACQUIRE_BEGIN\nFLR0026_VK_FINISHED_SIGNAL_ACQUIRE_DONE present=true\nFLR0026_VK_PRESENT_WAIT_SEMAPHORE enabled=true\nFLR0026_VK_QUEUE_PRESENT_BEGIN queue=0x7fc26c02c5e0 swapchain=0x7fc26de32320 index=1\nFLR0026_VK_END_FRAME_BEGIN
FLR0026_VK_QUEUE_PRESENT result=0 surface=7fc26dc7b880 swapchain=7fc26de32320 index=1
FLR0026_VK_PRESENT_BOUNDARY_RETURN result=0
FLR0026_VK_PRESENT_BOUNDARY_DONE
FLR0026_VK_COMMIT_DONE
FLR0026_VK_PRESENT_BOUNDARY_BEGIN index=0
FLR0026_VK_SWAPCHAIN_FLUSH_DONE flushed=true\nFLR0026_VK_FINISHED_SIGNAL_ACQUIRE_BEGIN\nFLR0026_VK_FINISHED_SIGNAL_ACQUIRE_DONE present=true\nFLR0026_VK_PRESENT_WAIT_SEMAPHORE enabled=true\nFLR0026_VK_QUEUE_PRESENT_BEGIN queue=0x7fc26c02c5e0 swapchain=0x7fc26de32320 index=0\nFLR0026_VK_END_FRAME_BEGIN
FLR0026_VK_QUEUE_PRESENT result=0 surface=7fc26dc7b880 swapchain=7fc26de32320 index=0
FLR0026_VK_PRESENT_BOUNDARY_RETURN result=0
FLR0026_VK_PRESENT_BOUNDARY_DONE
FLR0026_VK_COMMIT_DONE
FLR0026_VK_PRESENT_BOUNDARY_BEGIN index=1
FLR0026_VK_SWAPCHAIN_FLUSH_DONE flushed=true\nFLR0026_VK_FINISHED_SIGNAL_ACQUIRE_BEGIN\nFLR0026_VK_FINISHED_SIGNAL_ACQUIRE_DONE present=true\nFLR0026_VK_PRESENT_WAIT_SEMAPHORE enabled=true\nFLR0026_VK_QUEUE_PRESENT_BEGIN queue=0x7fc26c02c5e0 swapchain=0x7fc26de32320 index=1\nFLR0026_RENDERER_COMMIT_ENQUEUE
FLR0026_VK_END_FRAME_BEGIN
[13:12:51.774711] [I] FLR0026_FRAME_BEGIN seq=160 started=false
FLR0026_VK_QUEUE_PRESENT result=0 surface=7fc26dc7b880 swapchain=7fc26de32320 index=1
FLR0026_VK_PRESENT_BOUNDARY_RETURN result=0
FLR0026_VK_PRESENT_BOUNDARY_DONE
FLR0026_VK_COMMIT_DONE
FLR0026_VK_END_FRAME_BEGIN
FLR0026_VK_PRESENT_BOUNDARY_BEGIN index=0
FLR0026_VK_SWAPCHAIN_FLUSH_DONE flushed=true\nFLR0026_VK_FINISHED_SIGNAL_ACQUIRE_BEGIN\nFLR0026_VK_FINISHED_SIGNAL_ACQUIRE_DONE present=true\nFLR0026_VK_PRESENT_WAIT_SEMAPHORE enabled=true\nFLR0026_VK_QUEUE_PRESENT_BEGIN queue=0x7fc26c02c5e0 swapchain=0x7fc26de32320 index=0\n[13:12:52.011739] [E] [handleMessage] Exception in handler: Entity(164): Light not found
FLR0026_VK_QUEUE_PRESENT result=0 surface=7fc26dc7b880 swapchain=7fc26de32320 index=0
FLR0026_VK_PRESENT_BOUNDARY_RETURN result=0
FLR0026_VK_PRESENT_BOUNDARY_DONE
FLR0026_VK_COMMIT_DONE
FLR0026_VK_PRESENT_BOUNDARY_BEGIN index=1
FLR0026_VK_SWAPCHAIN_FLUSH_DONE flushed=true\nFLR0026_VK_FINISHED_SIGNAL_ACQUIRE_BEGIN\nFLR0026_VK_FINISHED_SIGNAL_ACQUIRE_DONE present=true\nFLR0026_VK_PRESENT_WAIT_SEMAPHORE enabled=true\nFLR0026_VK_QUEUE_PRESENT_BEGIN queue=0x7fc26c02c5e0 swapchain=0x7fc26de32320 index=1\nFLR0026_VK_END_FRAME_BEGIN
FLR0026_VK_QUEUE_PRESENT result=0 surface=7fc26dc7b880 swapchain=7fc26de32320 index=1
FLR0026_VK_PRESENT_BOUNDARY_RETURN result=0
FLR0026_VK_PRESENT_BOUNDARY_DONE
FLR0026_VK_COMMIT_DONE
FLR0026_VK_PRESENT_BOUNDARY_BEGIN index=0
FLR0026_VK_SWAPCHAIN_FLUSH_DONE flushed=true\nFLR0026_VK_FINISHED_SIGNAL_ACQUIRE_BEGIN\nFLR0026_VK_FINISHED_SIGNAL_ACQUIRE_DONE present=true\nFLR0026_VK_PRESENT_WAIT_SEMAPHORE enabled=true\nFLR0026_VK_QUEUE_PRESENT_BEGIN queue=0x7fc26c02c5e0 swapchain=0x7fc26de32320 index=0\nFLR0026_VK_END_FRAME_BEGIN
FLR0026_VK_QUEUE_PRESENT result=0 surface=7fc26dc7b880 swapchain=7fc26de32320 index=0
FLR0026_VK_PRESENT_BOUNDARY_RETURN result=0
FLR0026_VK_PRESENT_BOUNDARY_DONE
FLR0026_VK_COMMIT_DONE
FLR0026_VK_PRESENT_BOUNDARY_BEGIN index=1
FLR0026_VK_SWAPCHAIN_FLUSH_DONE flushed=true\nFLR0026_VK_FINISHED_SIGNAL_ACQUIRE_BEGIN\nFLR0026_VK_FINISHED_SIGNAL_ACQUIRE_DONE present=true\nFLR0026_VK_PRESENT_WAIT_SEMAPHORE enabled=true\nFLR0026_VK_QUEUE_PRESENT_BEGIN queue=0x7fc26c02c5e0 swapchain=0x7fc26de32320 index=1\nFLR0026_VK_END_FRAME_BEGIN
FLR0026_VK_QUEUE_PRESENT result=0 surface=7fc26dc7b880 swapchain=7fc26de32320 index=1
FLR0026_VK_PRESENT_BOUNDARY_RETURN result=0
FLR0026_VK_PRESENT_BOUNDARY_DONE
FLR0026_VK_COMMIT_DONE
FLR0026_VK_PRESENT_BOUNDARY_BEGIN index=0
FLR0026_VK_SWAPCHAIN_FLUSH_DONE flushed=true\nFLR0026_VK_FINISHED_SIGNAL_ACQUIRE_BEGIN\nFLR0026_VK_FINISHED_SIGNAL_ACQUIRE_DONE present=true\nFLR0026_VK_PRESENT_WAIT_SEMAPHORE enabled=true\nFLR0026_VK_QUEUE_PRESENT_BEGIN queue=0x7fc26c02c5e0 swapchain=0x7fc26de32320 index=0\nFLR0026_VK_END_FRAME_BEGIN
FLR0026_VK_QUEUE_PRESENT result=0 surface=7fc26dc7b880 swapchain=7fc26de32320 index=0
FLR0026_VK_PRESENT_BOUNDARY_RETURN result=0
FLR0026_VK_PRESENT_BOUNDARY_DONE
FLR0026_VK_COMMIT_DONE
FLR0026_VK_PRESENT_BOUNDARY_BEGIN index=1
FLR0026_VK_SWAPCHAIN_FLUSH_DONE flushed=true\nFLR0026_VK_FINISHED_SIGNAL_ACQUIRE_BEGIN\nFLR0026_VK_FINISHED_SIGNAL_ACQUIRE_DONE present=true\nFLR0026_VK_PRESENT_WAIT_SEMAPHORE enabled=true\nFLR0026_VK_QUEUE_PRESENT_BEGIN queue=0x7fc26c02c5e0 swapchain=0x7fc26de32320 index=1\nFLR0026_VK_END_FRAME_BEGIN
FLR0026_VK_QUEUE_PRESENT result=0 surface=7fc26dc7b880 swapchain=7fc26de32320 index=1
FLR0026_VK_PRESENT_BOUNDARY_RETURN result=0
FLR0026_VK_PRESENT_BOUNDARY_DONE
FLR0026_VK_COMMIT_DONE
FLR0026_VK_PRESENT_BOUNDARY_BEGIN index=0
FLR0026_VK_SWAPCHAIN_FLUSH_DONE flushed=true\nFLR0026_VK_FINISHED_SIGNAL_ACQUIRE_BEGIN\nFLR0026_VK_FINISHED_SIGNAL_ACQUIRE_DONE present=true\nFLR0026_VK_PRESENT_WAIT_SEMAPHORE enabled=true\nFLR0026_VK_QUEUE_PRESENT_BEGIN queue=0x7fc26c02c5e0 swapchain=0x7fc26de32320 index=0\nFLR0026_VK_END_FRAME_BEGIN
FLR0026_VK_QUEUE_PRESENT result=0 surface=7fc26dc7b880 swapchain=7fc26de32320 index=0
FLR0026_VK_PRESENT_BOUNDARY_RETURN result=0
FLR0026_VK_PRESENT_BOUNDARY_DONE
FLR0026_VK_COMMIT_DONE
FLR0026_VK_PRESENT_BOUNDARY_BEGIN index=1
FLR0026_VK_SWAPCHAIN_FLUSH_DONE flushed=true\nFLR0026_VK_FINISHED_SIGNAL_ACQUIRE_BEGIN\nFLR0026_VK_FINISHED_SIGNAL_ACQUIRE_DONE present=true\nFLR0026_VK_PRESENT_WAIT_SEMAPHORE enabled=true\nFLR0026_VK_QUEUE_PRESENT_BEGIN queue=0x7fc26c02c5e0 swapchain=0x7fc26de32320 index=1\nFLR0026_VK_END_FRAME_BEGIN
FLR0026_VK_QUEUE_PRESENT result=0 surface=7fc26dc7b880 swapchain=7fc26de32320 index=1
FLR0026_VK_PRESENT_BOUNDARY_RETURN result=0
FLR0026_VK_PRESENT_BOUNDARY_DONE
FLR0026_VK_COMMIT_DONE
FLR0026_VK_PRESENT_BOUNDARY_BEGIN index=0
FLR0026_VK_SWAPCHAIN_FLUSH_DONE flushed=true\nFLR0026_VK_FINISHED_SIGNAL_ACQUIRE_BEGIN\nFLR0026_VK_FINISHED_SIGNAL_ACQUIRE_DONE present=true\nFLR0026_VK_PRESENT_WAIT_SEMAPHORE enabled=true\nFLR0026_VK_QUEUE_PRESENT_BEGIN queue=0x7fc26c02c5e0 swapchain=0x7fc26de32320 index=0\nFLR0026_RENDERER_COMMIT_ENQUEUE
FLR0026_VK_END_FRAME_BEGIN
FLR0026_VK_QUEUE_PRESENT result=0 surface=7fc26dc7b880 swapchain=7fc26de32320 index=0
FLR0026_VK_PRESENT_BOUNDARY_RETURN result=0
FLR0026_VK_PRESENT_BOUNDARY_DONE
FLR0026_VK_COMMIT_DONE
FLR0026_VK_PRESENT_BOUNDARY_BEGIN index=1
FLR0026_VK_SWAPCHAIN_FLUSH_DONE flushed=true\nFLR0026_VK_FINISHED_SIGNAL_ACQUIRE_BEGIN\nFLR0026_VK_FINISHED_SIGNAL_ACQUIRE_DONE present=true\nFLR0026_VK_PRESENT_WAIT_SEMAPHORE enabled=true\nFLR0026_VK_QUEUE_PRESENT_BEGIN queue=0x7fc26c02c5e0 swapchain=0x7fc26de32320 index=1\nFLR0026_VK_END_FRAME_BEGIN
[13:12:54.095487] [I] FLR0026_FRAME_BEGIN seq=170 started=false
FLR0026_VK_QUEUE_PRESENT result=0 surface=7fc26dc7b880 swapchain=7fc26de32320 index=1
FLR0026_VK_PRESENT_BOUNDARY_RETURN result=0
FLR0026_VK_PRESENT_BOUNDARY_DONE
FLR0026_VK_COMMIT_DONE
FLR0026_VK_END_FRAME_BEGIN
FLR0026_VK_PRESENT_BOUNDARY_BEGIN index=0
FLR0026_VK_SWAPCHAIN_FLUSH_DONE flushed=true\nFLR0026_VK_FINISHED_SIGNAL_ACQUIRE_BEGIN\nFLR0026_VK_FINISHED_SIGNAL_ACQUIRE_DONE present=true\nFLR0026_VK_PRESENT_WAIT_SEMAPHORE enabled=true\nFLR0026_VK_QUEUE_PRESENT_BEGIN queue=0x7fc26c02c5e0 swapchain=0x7fc26de32320 index=0\n[13:12:54.220873] [I] FLR0026_FRAME_EVENT_RETURNED seq=170
FLR0026_VK_QUEUE_PRESENT result=0 surface=7fc26dc7b880 swapchain=7fc26de32320 index=0
FLR0026_VK_PRESENT_BOUNDARY_RETURN result=0
FLR0026_VK_PRESENT_BOUNDARY_DONE
FLR0026_VK_COMMIT_DONE
FLR0026_VK_PRESENT_BOUNDARY_BEGIN index=1
FLR0026_VK_SWAPCHAIN_FLUSH_DONE flushed=true\nFLR0026_VK_FINISHED_SIGNAL_ACQUIRE_BEGIN\nFLR0026_VK_FINISHED_SIGNAL_ACQUIRE_DONE present=true\nFLR0026_VK_PRESENT_WAIT_SEMAPHORE enabled=true\nFLR0026_VK_QUEUE_PRESENT_BEGIN queue=0x7fc26c02c5e0 swapchain=0x7fc26de32320 index=1\nFLR0026_VK_END_FRAME_BEGIN
FLR0026_VK_QUEUE_PRESENT result=0 surface=7fc26dc7b880 swapchain=7fc26de32320 index=1
FLR0026_VK_PRESENT_BOUNDARY_RETURN result=0
FLR0026_VK_PRESENT_BOUNDARY_DONE
FLR0026_VK_COMMIT_DONE
FLR0026_VK_PRESENT_BOUNDARY_BEGIN index=0
FLR0026_VK_SWAPCHAIN_FLUSH_DONE flushed=true\nFLR0026_VK_FINISHED_SIGNAL_ACQUIRE_BEGIN\nFLR0026_VK_FINISHED_SIGNAL_ACQUIRE_DONE present=true\nFLR0026_VK_PRESENT_WAIT_SEMAPHORE enabled=true\nFLR0026_VK_QUEUE_PRESENT_BEGIN queue=0x7fc26c02c5e0 swapchain=0x7fc26de32320 index=0\nFLR0026_FRAME_FENCE_CREATE_REQUEST
FLR0026_VK_END_FRAME_BEGIN
FLR0026_VK_QUEUE_PRESENT result=0 surface=7fc26dc7b880 swapchain=7fc26de32320 index=0
FLR0026_VK_PRESENT_BOUNDARY_RETURN result=0
FLR0026_VK_PRESENT_BOUNDARY_DONE
FLR0026_VK_COMMIT_DONE
FLR0026_VK_PRESENT_BOUNDARY_BEGIN index=1
FLR0026_VK_SWAPCHAIN_FLUSH_DONE flushed=true\nFLR0026_VK_FINISHED_SIGNAL_ACQUIRE_BEGIN\nFLR0026_VK_FINISHED_SIGNAL_ACQUIRE_DONE present=true\nFLR0026_VK_PRESENT_WAIT_SEMAPHORE enabled=true\nFLR0026_VK_QUEUE_PRESENT_BEGIN queue=0x7fc26c02c5e0 swapchain=0x7fc26de32320 index=1\nFLR0026_VK_END_FRAME_BEGIN
FLR0026_VK_QUEUE_PRESENT result=0 surface=7fc26dc7b880 swapchain=7fc26de32320 index=1
FLR0026_VK_PRESENT_BOUNDARY_RETURN result=0
FLR0026_VK_PRESENT_BOUNDARY_DONE
FLR0026_VK_COMMIT_DONE
FLR0026_VK_PRESENT_BOUNDARY_BEGIN index=0
FLR0026_VK_SWAPCHAIN_FLUSH_DONE flushed=true\nFLR0026_VK_FINISHED_SIGNAL_ACQUIRE_BEGIN\nFLR0026_VK_FINISHED_SIGNAL_ACQUIRE_DONE present=true\nFLR0026_VK_PRESENT_WAIT_SEMAPHORE enabled=true\nFLR0026_VK_QUEUE_PRESENT_BEGIN queue=0x7fc26c02c5e0 swapchain=0x7fc26de32320 index=0\nFLR0026_VK_END_FRAME_BEGIN
FLR0026_VK_QUEUE_PRESENT result=0 surface=7fc26dc7b880 swapchain=7fc26de32320 index=0
FLR0026_VK_PRESENT_BOUNDARY_RETURN result=0
FLR0026_VK_PRESENT_BOUNDARY_DONE
FLR0026_VK_COMMIT_DONE
FLR0026_VK_PRESENT_BOUNDARY_BEGIN index=1
FLR0026_VK_SWAPCHAIN_FLUSH_DONE flushed=true\nFLR0026_VK_FINISHED_SIGNAL_ACQUIRE_BEGIN\nFLR0026_VK_FINISHED_SIGNAL_ACQUIRE_DONE present=true\nFLR0026_VK_PRESENT_WAIT_SEMAPHORE enabled=true\nFLR0026_VK_QUEUE_PRESENT_BEGIN queue=0x7fc26c02c5e0 swapchain=0x7fc26de32320 index=1\nFLR0026_VK_END_FRAME_BEGIN
FLR0026_VK_QUEUE_PRESENT result=0 surface=7fc26dc7b880 swapchain=7fc26de32320 index=1
FLR0026_VK_PRESENT_BOUNDARY_RETURN result=0
FLR0026_VK_PRESENT_BOUNDARY_DONE
FLR0026_VK_COMMIT_DONE
FLR0026_VK_PRESENT_BOUNDARY_BEGIN index=0
FLR0026_VK_SWAPCHAIN_FLUSH_DONE flushed=true\nFLR0026_VK_FINISHED_SIGNAL_ACQUIRE_BEGIN\nFLR0026_VK_FINISHED_SIGNAL_ACQUIRE_DONE present=true\nFLR0026_VK_PRESENT_WAIT_SEMAPHORE enabled=true\nFLR0026_VK_QUEUE_PRESENT_BEGIN queue=0x7fc26c02c5e0 swapchain=0x7fc26de32320 index=0\nFLR0026_VK_END_FRAME_BEGIN
FLR0026_VK_QUEUE_PRESENT result=0 surface=7fc26dc7b880 swapchain=7fc26de32320 index=0
FLR0026_VK_PRESENT_BOUNDARY_RETURN result=0
FLR0026_VK_PRESENT_BOUNDARY_DONE
FLR0026_VK_COMMIT_DONE
FLR0026_VK_PRESENT_BOUNDARY_BEGIN index=1
FLR0026_VK_SWAPCHAIN_FLUSH_DONE flushed=true\nFLR0026_VK_FINISHED_SIGNAL_ACQUIRE_BEGIN\nFLR0026_VK_FINISHED_SIGNAL_ACQUIRE_DONE present=true\nFLR0026_VK_PRESENT_WAIT_SEMAPHORE enabled=true\nFLR0026_VK_QUEUE_PRESENT_BEGIN queue=0x7fc26c02c5e0 swapchain=0x7fc26de32320 index=1\nFLR0026_VK_END_FRAME_BEGIN
FLR0026_VK_QUEUE_PRESENT result=0 surface=7fc26dc7b880 swapchain=7fc26de32320 index=1
FLR0026_VK_PRESENT_BOUNDARY_RETURN result=0
FLR0026_VK_PRESENT_BOUNDARY_DONE
FLR0026_VK_COMMIT_DONE
FLR0026_VK_PRESENT_BOUNDARY_BEGIN index=0
FLR0026_VK_SWAPCHAIN_FLUSH_DONE flushed=true\nFLR0026_VK_FINISHED_SIGNAL_ACQUIRE_BEGIN\nFLR0026_VK_FINISHED_SIGNAL_ACQUIRE_DONE present=true\nFLR0026_VK_PRESENT_WAIT_SEMAPHORE enabled=true\nFLR0026_VK_QUEUE_PRESENT_BEGIN queue=0x7fc26c02c5e0 swapchain=0x7fc26de32320 index=0\nFLR0026_VK_END_FRAME_BEGIN
FLR0026_VK_QUEUE_PRESENT result=0 surface=7fc26dc7b880 swapchain=7fc26de32320 index=0
FLR0026_VK_PRESENT_BOUNDARY_RETURN result=0
FLR0026_VK_PRESENT_BOUNDARY_DONE
FLR0026_VK_COMMIT_DONE
FLR0026_VK_PRESENT_BOUNDARY_BEGIN index=1
FLR0026_VK_SWAPCHAIN_FLUSH_DONE flushed=true\nFLR0026_VK_FINISHED_SIGNAL_ACQUIRE_BEGIN\nFLR0026_VK_FINISHED_SIGNAL_ACQUIRE_DONE present=true\nFLR0026_VK_PRESENT_WAIT_SEMAPHORE enabled=true\nFLR0026_VK_QUEUE_PRESENT_BEGIN queue=0x7fc26c02c5e0 swapchain=0x7fc26de32320 index=1\nFLR0026_VK_END_FRAME_BEGIN
[13:12:56.368233] [I] FLR0026_FRAME_BEGIN seq=180 started=false
FLR0026_VK_QUEUE_PRESENT result=0 surface=7fc26dc7b880 swapchain=7fc26de32320 index=1
FLR0026_VK_PRESENT_BOUNDARY_RETURN result=0
FLR0026_VK_PRESENT_BOUNDARY_DONE
FLR0026_VK_COMMIT_DONE
FLR0026_VK_END_FRAME_BEGIN
FLR0026_VK_PRESENT_BOUNDARY_BEGIN index=0
FLR0026_VK_SWAPCHAIN_FLUSH_DONE flushed=true\nFLR0026_VK_FINISHED_SIGNAL_ACQUIRE_BEGIN\nFLR0026_VK_FINISHED_SIGNAL_ACQUIRE_DONE present=true\nFLR0026_VK_PRESENT_WAIT_SEMAPHORE enabled=true\nFLR0026_VK_QUEUE_PRESENT_BEGIN queue=0x7fc26c02c5e0 swapchain=0x7fc26de32320 index=0\n[13:12:56.592820] [E] [handleMessage] Exception in handler: Entity(164): Light not found
FLR0026_VK_QUEUE_PRESENT result=0 surface=7fc26dc7b880 swapchain=7fc26de32320 index=0
FLR0026_VK_PRESENT_BOUNDARY_RETURN result=0
FLR0026_VK_PRESENT_BOUNDARY_DONE
FLR0026_VK_COMMIT_DONE
FLR0026_VK_PRESENT_BOUNDARY_BEGIN index=1
FLR0026_VK_SWAPCHAIN_FLUSH_DONE flushed=true\nFLR0026_VK_FINISHED_SIGNAL_ACQUIRE_BEGIN\nFLR0026_VK_FINISHED_SIGNAL_ACQUIRE_DONE present=true\nFLR0026_VK_PRESENT_WAIT_SEMAPHORE enabled=true\nFLR0026_VK_QUEUE_PRESENT_BEGIN queue=0x7fc26c02c5e0 swapchain=0x7fc26de32320 index=1\nFLR0026_VK_END_FRAME_BEGIN
FLR0026_VK_QUEUE_PRESENT result=0 surface=7fc26dc7b880 swapchain=7fc26de32320 index=1
FLR0026_VK_PRESENT_BOUNDARY_RETURN result=0
FLR0026_VK_PRESENT_BOUNDARY_DONE
FLR0026_VK_COMMIT_DONE
FLR0026_VK_PRESENT_BOUNDARY_BEGIN index=0
FLR0026_VK_SWAPCHAIN_FLUSH_DONE flushed=true\nFLR0026_VK_FINISHED_SIGNAL_ACQUIRE_BEGIN\nFLR0026_VK_FINISHED_SIGNAL_ACQUIRE_DONE present=true\nFLR0026_VK_PRESENT_WAIT_SEMAPHORE enabled=true\nFLR0026_VK_QUEUE_PRESENT_BEGIN queue=0x7fc26c02c5e0 swapchain=0x7fc26de32320 index=0\nFLR0026_VK_END_FRAME_BEGIN
FLR0026_VK_QUEUE_PRESENT result=0 surface=7fc26dc7b880 swapchain=7fc26de32320 index=0
FLR0026_VK_PRESENT_BOUNDARY_RETURN result=0
FLR0026_VK_PRESENT_BOUNDARY_DONE
FLR0026_VK_COMMIT_DONE
FLR0026_VK_PRESENT_BOUNDARY_BEGIN index=1
FLR0026_VK_SWAPCHAIN_FLUSH_DONE flushed=true\nFLR0026_VK_FINISHED_SIGNAL_ACQUIRE_BEGIN\nFLR0026_VK_FINISHED_SIGNAL_ACQUIRE_DONE present=true\nFLR0026_VK_PRESENT_WAIT_SEMAPHORE enabled=true\nFLR0026_VK_QUEUE_PRESENT_BEGIN queue=0x7fc26c02c5e0 swapchain=0x7fc26de32320 index=1\nFLR0026_VK_END_FRAME_BEGIN
FLR0026_VK_QUEUE_PRESENT result=0 surface=7fc26dc7b880 swapchain=7fc26de32320 index=1
FLR0026_VK_PRESENT_BOUNDARY_RETURN result=0
FLR0026_VK_PRESENT_BOUNDARY_DONE
FLR0026_VK_COMMIT_DONE
FLR0026_VK_PRESENT_BOUNDARY_BEGIN index=0
FLR0026_VK_SWAPCHAIN_FLUSH_DONE flushed=true\nFLR0026_VK_FINISHED_SIGNAL_ACQUIRE_BEGIN\nFLR0026_VK_FINISHED_SIGNAL_ACQUIRE_DONE present=true\nFLR0026_VK_PRESENT_WAIT_SEMAPHORE enabled=true\nFLR0026_VK_QUEUE_PRESENT_BEGIN queue=0x7fc26c02c5e0 swapchain=0x7fc26de32320 index=0\nFLR0026_VK_END_FRAME_BEGIN
FLR0026_VK_QUEUE_PRESENT result=0 surface=7fc26dc7b880 swapchain=7fc26de32320 index=0
FLR0026_VK_PRESENT_BOUNDARY_RETURN result=0
FLR0026_VK_PRESENT_BOUNDARY_DONE
FLR0026_VK_COMMIT_DONE
FLR0026_VK_PRESENT_BOUNDARY_BEGIN index=1
FLR0026_VK_SWAPCHAIN_FLUSH_DONE flushed=true\nFLR0026_VK_FINISHED_SIGNAL_ACQUIRE_BEGIN\nFLR0026_VK_FINISHED_SIGNAL_ACQUIRE_DONE present=true\nFLR0026_VK_PRESENT_WAIT_SEMAPHORE enabled=true\nFLR0026_VK_QUEUE_PRESENT_BEGIN queue=0x7fc26c02c5e0 swapchain=0x7fc26de32320 index=1\nFLR0026_VK_END_FRAME_BEGIN
FLR0026_VK_QUEUE_PRESENT result=0 surface=7fc26dc7b880 swapchain=7fc26de32320 index=1
FLR0026_VK_PRESENT_BOUNDARY_RETURN result=0
FLR0026_VK_PRESENT_BOUNDARY_DONE
FLR0026_VK_COMMIT_DONE
FLR0026_VK_PRESENT_BOUNDARY_BEGIN index=0
FLR0026_VK_SWAPCHAIN_FLUSH_DONE flushed=true\nFLR0026_VK_FINISHED_SIGNAL_ACQUIRE_BEGIN\nFLR0026_VK_FINISHED_SIGNAL_ACQUIRE_DONE present=true\nFLR0026_VK_PRESENT_WAIT_SEMAPHORE enabled=true\nFLR0026_VK_QUEUE_PRESENT_BEGIN queue=0x7fc26c02c5e0 swapchain=0x7fc26de32320 index=0\nFLR0026_VK_END_FRAME_BEGIN
FLR0026_VK_QUEUE_PRESENT result=0 surface=7fc26dc7b880 swapchain=7fc26de32320 index=0
FLR0026_VK_PRESENT_BOUNDARY_RETURN result=0
FLR0026_VK_PRESENT_BOUNDARY_DONE
FLR0026_VK_COMMIT_DONE
FLR0026_VK_PRESENT_BOUNDARY_BEGIN index=1
FLR0026_VK_SWAPCHAIN_FLUSH_DONE flushed=true\nFLR0026_VK_FINISHED_SIGNAL_ACQUIRE_BEGIN\nFLR0026_VK_FINISHED_SIGNAL_ACQUIRE_DONE present=true\nFLR0026_VK_PRESENT_WAIT_SEMAPHORE enabled=true\nFLR0026_VK_QUEUE_PRESENT_BEGIN queue=0x7fc26c02c5e0 swapchain=0x7fc26de32320 index=1\nFLR0026_VK_END_FRAME_BEGIN
FLR0026_VK_QUEUE_PRESENT result=0 surface=7fc26dc7b880 swapchain=7fc26de32320 index=1
FLR0026_VK_PRESENT_BOUNDARY_RETURN result=0
FLR0026_VK_PRESENT_BOUNDARY_DONE
FLR0026_VK_COMMIT_DONE
FLR0026_VK_PRESENT_BOUNDARY_BEGIN index=0
FLR0026_VK_SWAPCHAIN_FLUSH_DONE flushed=true\nFLR0026_VK_FINISHED_SIGNAL_ACQUIRE_BEGIN\nFLR0026_VK_FINISHED_SIGNAL_ACQUIRE_DONE present=true\nFLR0026_VK_PRESENT_WAIT_SEMAPHORE enabled=true\nFLR0026_VK_QUEUE_PRESENT_BEGIN queue=0x7fc26c02c5e0 swapchain=0x7fc26de32320 index=0\nFLR0026_VK_END_FRAME_BEGIN
FLR0026_VK_QUEUE_PRESENT result=0 surface=7fc26dc7b880 swapchain=7fc26de32320 index=0
FLR0026_VK_PRESENT_BOUNDARY_RETURN result=0
FLR0026_VK_PRESENT_BOUNDARY_DONE
FLR0026_VK_COMMIT_DONE
FLR0026_VK_PRESENT_BOUNDARY_BEGIN index=1
FLR0026_VK_SWAPCHAIN_FLUSH_DONE flushed=true\nFLR0026_VK_FINISHED_SIGNAL_ACQUIRE_BEGIN\nFLR0026_VK_FINISHED_SIGNAL_ACQUIRE_DONE present=true\nFLR0026_VK_PRESENT_WAIT_SEMAPHORE enabled=true\nFLR0026_VK_QUEUE_PRESENT_BEGIN queue=0x7fc26c02c5e0 swapchain=0x7fc26de32320 index=1\nFLR0026_VK_END_FRAME_BEGIN
[13:12:58.631620] [I] FLR0026_FRAME_BEGIN seq=190 started=false
FLR0026_VK_QUEUE_PRESENT result=0 surface=7fc26dc7b880 swapchain=7fc26de32320 index=1
FLR0026_VK_PRESENT_BOUNDARY_RETURN result=0
FLR0026_VK_PRESENT_BOUNDARY_DONE
FLR0026_VK_COMMIT_DONE
FLR0026_VK_END_FRAME_BEGIN
FLR0026_VK_PRESENT_BOUNDARY_BEGIN index=0
FLR0026_VK_SWAPCHAIN_FLUSH_DONE flushed=true\nFLR0026_VK_FINISHED_SIGNAL_ACQUIRE_BEGIN\nFLR0026_VK_FINISHED_SIGNAL_ACQUIRE_DONE present=true\nFLR0026_VK_PRESENT_WAIT_SEMAPHORE enabled=true\nFLR0026_VK_QUEUE_PRESENT_BEGIN queue=0x7fc26c02c5e0 swapchain=0x7fc26de32320 index=0\n[13:12:58.859670] [E] [handleMessage] Exception in handler: Entity(164): Light not found
FLR0026_VK_QUEUE_PRESENT result=0 surface=7fc26dc7b880 swapchain=7fc26de32320 index=0
FLR0026_VK_PRESENT_BOUNDARY_RETURN result=0
FLR0026_VK_PRESENT_BOUNDARY_DONE
FLR0026_VK_COMMIT_DONE
FLR0026_VK_PRESENT_BOUNDARY_BEGIN index=1
FLR0026_VK_SWAPCHAIN_FLUSH_DONE flushed=true\nFLR0026_VK_FINISHED_SIGNAL_ACQUIRE_BEGIN\nFLR0026_VK_FINISHED_SIGNAL_ACQUIRE_DONE present=true\nFLR0026_VK_PRESENT_WAIT_SEMAPHORE enabled=true\nFLR0026_VK_QUEUE_PRESENT_BEGIN queue=0x7fc26c02c5e0 swapchain=0x7fc26de32320 index=1\nFLR0026_VK_END_FRAME_BEGIN
FLR0026_VK_QUEUE_PRESENT result=0 surface=7fc26dc7b880 swapchain=7fc26de32320 index=1
FLR0026_VK_PRESENT_BOUNDARY_RETURN result=0
FLR0026_VK_PRESENT_BOUNDARY_DONE
FLR0026_VK_COMMIT_DONE
FLR0026_VK_PRESENT_BOUNDARY_BEGIN index=0
FLR0026_VK_SWAPCHAIN_FLUSH_DONE flushed=true\nFLR0026_VK_FINISHED_SIGNAL_ACQUIRE_BEGIN\nFLR0026_VK_FINISHED_SIGNAL_ACQUIRE_DONE present=true\nFLR0026_VK_PRESENT_WAIT_SEMAPHORE enabled=true\nFLR0026_VK_QUEUE_PRESENT_BEGIN queue=0x7fc26c02c5e0 swapchain=0x7fc26de32320 index=0\nFLR0026_VK_END_FRAME_BEGIN
FLR0026_VK_QUEUE_PRESENT result=0 surface=7fc26dc7b880 swapchain=7fc26de32320 index=0
FLR0026_VK_PRESENT_BOUNDARY_RETURN result=0
FLR0026_VK_PRESENT_BOUNDARY_DONE
FLR0026_VK_COMMIT_DONE
FLR0026_VK_PRESENT_BOUNDARY_BEGIN index=1
FLR0026_VK_SWAPCHAIN_FLUSH_DONE flushed=true\nFLR0026_VK_FINISHED_SIGNAL_ACQUIRE_BEGIN\nFLR0026_VK_FINISHED_SIGNAL_ACQUIRE_DONE present=true\nFLR0026_VK_PRESENT_WAIT_SEMAPHORE enabled=true\nFLR0026_VK_QUEUE_PRESENT_BEGIN queue=0x7fc26c02c5e0 swapchain=0x7fc26de32320 index=1\nFLR0026_VK_END_FRAME_BEGIN
FLR0026_VK_QUEUE_PRESENT result=0 surface=7fc26dc7b880 swapchain=7fc26de32320 index=1
FLR0026_VK_PRESENT_BOUNDARY_RETURN result=0
FLR0026_VK_PRESENT_BOUNDARY_DONE
FLR0026_VK_COMMIT_DONE
FLR0026_VK_PRESENT_BOUNDARY_BEGIN index=0
FLR0026_VK_SWAPCHAIN_FLUSH_DONE flushed=true\nFLR0026_VK_FINISHED_SIGNAL_ACQUIRE_BEGIN\nFLR0026_VK_FINISHED_SIGNAL_ACQUIRE_DONE present=true\nFLR0026_VK_PRESENT_WAIT_SEMAPHORE enabled=true\nFLR0026_VK_QUEUE_PRESENT_BEGIN queue=0x7fc26c02c5e0 swapchain=0x7fc26de32320 index=0\nFLR0026_VK_END_FRAME_BEGIN
FLR0026_VK_QUEUE_PRESENT result=0 surface=7fc26dc7b880 swapchain=7fc26de32320 index=0
FLR0026_VK_PRESENT_BOUNDARY_RETURN result=0
FLR0026_VK_PRESENT_BOUNDARY_DONE
FLR0026_VK_COMMIT_DONE
FLR0026_VK_PRESENT_BOUNDARY_BEGIN index=1
FLR0026_VK_SWAPCHAIN_FLUSH_DONE flushed=true\nFLR0026_VK_FINISHED_SIGNAL_ACQUIRE_BEGIN\nFLR0026_VK_FINISHED_SIGNAL_ACQUIRE_DONE present=true\nFLR0026_VK_PRESENT_WAIT_SEMAPHORE enabled=true\nFLR0026_VK_QUEUE_PRESENT_BEGIN queue=0x7fc26c02c5e0 swapchain=0x7fc26de32320 index=1\nFLR0026_VK_END_FRAME_BEGIN
FLR0026_VK_QUEUE_PRESENT result=0 surface=7fc26dc7b880 swapchain=7fc26de32320 index=1
FLR0026_VK_PRESENT_BOUNDARY_RETURN result=0
FLR0026_VK_PRESENT_BOUNDARY_DONE
FLR0026_VK_COMMIT_DONE
FLR0026_VK_PRESENT_BOUNDARY_BEGIN index=0
FLR0026_VK_SWAPCHAIN_FLUSH_DONE flushed=true\nFLR0026_VK_FINISHED_SIGNAL_ACQUIRE_BEGIN\nFLR0026_VK_FINISHED_SIGNAL_ACQUIRE_DONE present=true\nFLR0026_VK_PRESENT_WAIT_SEMAPHORE enabled=true\nFLR0026_VK_QUEUE_PRESENT_BEGIN queue=0x7fc26c02c5e0 swapchain=0x7fc26de32320 index=0\nFLR0026_VK_END_FRAME_BEGIN
FLR0026_VK_QUEUE_PRESENT result=0 surface=7fc26dc7b880 swapchain=7fc26de32320 index=0
FLR0026_VK_PRESENT_BOUNDARY_RETURN result=0
FLR0026_VK_PRESENT_BOUNDARY_DONE
FLR0026_VK_COMMIT_DONE
FLR0026_VK_PRESENT_BOUNDARY_BEGIN index=1
FLR0026_VK_SWAPCHAIN_FLUSH_DONE flushed=true\nFLR0026_VK_FINISHED_SIGNAL_ACQUIRE_BEGIN\nFLR0026_VK_FINISHED_SIGNAL_ACQUIRE_DONE present=true\nFLR0026_VK_PRESENT_WAIT_SEMAPHORE enabled=true\nFLR0026_VK_QUEUE_PRESENT_BEGIN queue=0x7fc26c02c5e0 swapchain=0x7fc26de32320 index=1\nFLR0026_VK_END_FRAME_BEGIN
FLR0026_VK_QUEUE_PRESENT result=0 surface=7fc26dc7b880 swapchain=7fc26de32320 index=1
FLR0026_VK_PRESENT_BOUNDARY_RETURN result=0
FLR0026_VK_PRESENT_BOUNDARY_DONE
FLR0026_VK_COMMIT_DONE
FLR0026_VK_PRESENT_BOUNDARY_BEGIN index=0
FLR0026_VK_SWAPCHAIN_FLUSH_DONE flushed=true\nFLR0026_VK_FINISHED_SIGNAL_ACQUIRE_BEGIN\nFLR0026_VK_FINISHED_SIGNAL_ACQUIRE_DONE present=true\nFLR0026_VK_PRESENT_WAIT_SEMAPHORE enabled=true\nFLR0026_VK_QUEUE_PRESENT_BEGIN queue=0x7fc26c02c5e0 swapchain=0x7fc26de32320 index=0\nFLR0026_VK_END_FRAME_BEGIN
FLR0026_VK_QUEUE_PRESENT result=0 surface=7fc26dc7b880 swapchain=7fc26de32320 index=0
FLR0026_VK_PRESENT_BOUNDARY_RETURN result=0
FLR0026_VK_PRESENT_BOUNDARY_DONE
FLR0026_VK_COMMIT_DONE
FLR0026_VK_PRESENT_BOUNDARY_BEGIN index=1
FLR0026_VK_SWAPCHAIN_FLUSH_DONE flushed=true\nFLR0026_VK_FINISHED_SIGNAL_ACQUIRE_BEGIN\nFLR0026_VK_FINISHED_SIGNAL_ACQUIRE_DONE present=true\nFLR0026_VK_PRESENT_WAIT_SEMAPHORE enabled=true\nFLR0026_VK_QUEUE_PRESENT_BEGIN queue=0x7fc26c02c5e0 swapchain=0x7fc26de32320 index=1\nFLR0026_VK_END_FRAME_BEGIN
[13:13:00.906838] [I] FLR0026_FRAME_BEGIN seq=200 started=false
FLR0026_VK_QUEUE_PRESENT result=0 surface=7fc26dc7b880 swapchain=7fc26de32320 index=1
FLR0026_VK_PRESENT_BOUNDARY_RETURN result=0
FLR0026_VK_PRESENT_BOUNDARY_DONE
FLR0026_VK_COMMIT_DONE
FLR0026_VK_END_FRAME_BEGIN
FLR0026_VK_PRESENT_BOUNDARY_BEGIN index=0
FLR0026_VK_SWAPCHAIN_FLUSH_DONE flushed=true\nFLR0026_VK_FINISHED_SIGNAL_ACQUIRE_BEGIN\nFLR0026_VK_FINISHED_SIGNAL_ACQUIRE_DONE present=true\nFLR0026_VK_PRESENT_WAIT_SEMAPHORE enabled=true\nFLR0026_VK_QUEUE_PRESENT_BEGIN queue=0x7fc26c02c5e0 swapchain=0x7fc26de32320 index=0\n[13:13:01.135687] [E] [handleMessage] Exception in handler: Entity(164): Light not found
FLR0026_VK_QUEUE_PRESENT result=0 surface=7fc26dc7b880 swapchain=7fc26de32320 index=0
FLR0026_VK_PRESENT_BOUNDARY_RETURN result=0
FLR0026_VK_PRESENT_BOUNDARY_DONE
FLR0026_VK_COMMIT_DONE
FLR0026_VK_PRESENT_BOUNDARY_BEGIN index=1
FLR0026_VK_SWAPCHAIN_FLUSH_DONE flushed=true\nFLR0026_VK_FINISHED_SIGNAL_ACQUIRE_BEGIN\nFLR0026_VK_FINISHED_SIGNAL_ACQUIRE_DONE present=true\nFLR0026_VK_PRESENT_WAIT_SEMAPHORE enabled=true\nFLR0026_VK_QUEUE_PRESENT_BEGIN queue=0x7fc26c02c5e0 swapchain=0x7fc26de32320 index=1\nFLR0026_VK_END_FRAME_BEGIN
FLR0026_VK_QUEUE_PRESENT result=0 surface=7fc26dc7b880 swapchain=7fc26de32320 index=1
FLR0026_VK_PRESENT_BOUNDARY_RETURN result=0
FLR0026_VK_PRESENT_BOUNDARY_DONE
FLR0026_VK_COMMIT_DONE
FLR0026_VK_PRESENT_BOUNDARY_BEGIN index=0
FLR0026_VK_SWAPCHAIN_FLUSH_DONE flushed=true\nFLR0026_VK_FINISHED_SIGNAL_ACQUIRE_BEGIN\nFLR0026_VK_FINISHED_SIGNAL_ACQUIRE_DONE present=true\nFLR0026_VK_PRESENT_WAIT_SEMAPHORE enabled=true\nFLR0026_VK_QUEUE_PRESENT_BEGIN queue=0x7fc26c02c5e0 swapchain=0x7fc26de32320 index=0\nFLR0026_VK_END_FRAME_BEGIN
FLR0026_VK_QUEUE_PRESENT result=0 surface=7fc26dc7b880 swapchain=7fc26de32320 index=0
FLR0026_VK_PRESENT_BOUNDARY_RETURN result=0
FLR0026_VK_PRESENT_BOUNDARY_DONE
FLR0026_VK_COMMIT_DONE
FLR0026_VK_PRESENT_BOUNDARY_BEGIN index=1
FLR0026_VK_SWAPCHAIN_FLUSH_DONE flushed=true\nFLR0026_VK_FINISHED_SIGNAL_ACQUIRE_BEGIN\nFLR0026_VK_FINISHED_SIGNAL_ACQUIRE_DONE present=true\nFLR0026_VK_PRESENT_WAIT_SEMAPHORE enabled=true\nFLR0026_VK_QUEUE_PRESENT_BEGIN queue=0x7fc26c02c5e0 swapchain=0x7fc26de32320 index=1\nFLR0026_VK_END_FRAME_BEGIN
FLR0026_VK_QUEUE_PRESENT result=0 surface=7fc26dc7b880 swapchain=7fc26de32320 index=1
FLR0026_VK_PRESENT_BOUNDARY_RETURN result=0
FLR0026_VK_PRESENT_BOUNDARY_DONE
FLR0026_VK_COMMIT_DONE
FLR0026_VK_PRESENT_BOUNDARY_BEGIN index=0
FLR0026_VK_SWAPCHAIN_FLUSH_DONE flushed=true\nFLR0026_VK_FINISHED_SIGNAL_ACQUIRE_BEGIN\nFLR0026_VK_FINISHED_SIGNAL_ACQUIRE_DONE present=true\nFLR0026_VK_PRESENT_WAIT_SEMAPHORE enabled=true\nFLR0026_VK_QUEUE_PRESENT_BEGIN queue=0x7fc26c02c5e0 swapchain=0x7fc26de32320 index=0\nFLR0026_VK_END_FRAME_BEGIN
FLR0026_VK_QUEUE_PRESENT result=0 surface=7fc26dc7b880 swapchain=7fc26de32320 index=0
FLR0026_VK_PRESENT_BOUNDARY_RETURN result=0
FLR0026_VK_PRESENT_BOUNDARY_DONE
FLR0026_VK_COMMIT_DONE
FLR0026_VK_PRESENT_BOUNDARY_BEGIN index=1
FLR0026_VK_SWAPCHAIN_FLUSH_DONE flushed=true\nFLR0026_VK_FINISHED_SIGNAL_ACQUIRE_BEGIN\nFLR0026_VK_FINISHED_SIGNAL_ACQUIRE_DONE present=true\nFLR0026_VK_PRESENT_WAIT_SEMAPHORE enabled=true\nFLR0026_VK_QUEUE_PRESENT_BEGIN queue=0x7fc26c02c5e0 swapchain=0x7fc26de32320 index=1\nFLR0026_VK_END_FRAME_BEGIN
FLR0026_VK_QUEUE_PRESENT result=0 surface=7fc26dc7b880 swapchain=7fc26de32320 index=1
FLR0026_VK_PRESENT_BOUNDARY_RETURN result=0
FLR0026_VK_PRESENT_BOUNDARY_DONE
FLR0026_VK_COMMIT_DONE
FLR0026_VK_PRESENT_BOUNDARY_BEGIN index=0
FLR0026_VK_PRESENT_WAIT_SEMAPHORE enabled=true\nFLR0026_VK_QUEUE_PRESENT_BEGIN queue=0x7fc26c02c5e0 swapchain=0x7fc26de32320 index=0\nFLR0026_RENDERER_ENDFRAME_ENQUEUE
FLR0026_VK_END_FRAME_BEGIN
FLR0026_VK_QUEUE_PRESENT result=0 surface=7fc26dc7b880 swapchain=7fc26de32320 index=0
FLR0026_VK_PRESENT_BOUNDARY_RETURN result=0
FLR0026_VK_PRESENT_BOUNDARY_DONE
FLR0026_VK_COMMIT_DONE
FLR0026_VK_PRESENT_BOUNDARY_BEGIN index=1
FLR0026_VK_SWAPCHAIN_FLUSH_DONE flushed=true\nFLR0026_VK_FINISHED_SIGNAL_ACQUIRE_BEGIN\nFLR0026_VK_FINISHED_SIGNAL_ACQUIRE_DONE present=true\nFLR0026_VK_PRESENT_WAIT_SEMAPHORE enabled=true\nFLR0026_VK_QUEUE_PRESENT_BEGIN queue=0x7fc26c02c5e0 swapchain=0x7fc26de32320 index=1\nFLR0026_VK_END_FRAME_BEGIN
FLR0026_VK_QUEUE_PRESENT result=0 surface=7fc26dc7b880 swapchain=7fc26de32320 index=1
FLR0026_VK_PRESENT_BOUNDARY_RETURN result=0
FLR0026_VK_PRESENT_BOUNDARY_DONE
FLR0026_VK_COMMIT_DONE
FLR0026_VK_PRESENT_BOUNDARY_BEGIN index=0
FLR0026_VK_SWAPCHAIN_FLUSH_DONE flushed=true\nFLR0026_VK_FINISHED_SIGNAL_ACQUIRE_BEGIN\nFLR0026_VK_FINISHED_SIGNAL_ACQUIRE_DONE present=true\nFLR0026_VK_PRESENT_WAIT_SEMAPHORE enabled=true\nFLR0026_VK_QUEUE_PRESENT_BEGIN queue=0x7fc26c02c5e0 swapchain=0x7fc26de32320 index=0\nFLR0026_VK_END_FRAME_BEGIN
FLR0026_VK_QUEUE_PRESENT result=0 surface=7fc26dc7b880 swapchain=7fc26de32320 index=0
FLR0026_VK_PRESENT_BOUNDARY_RETURN result=0
FLR0026_VK_PRESENT_BOUNDARY_DONE
FLR0026_VK_COMMIT_DONE
FLR0026_VK_PRESENT_BOUNDARY_BEGIN index=1
FLR0026_VK_SWAPCHAIN_FLUSH_DONE flushed=true\nFLR0026_VK_FINISHED_SIGNAL_ACQUIRE_BEGIN\nFLR0026_VK_FINISHED_SIGNAL_ACQUIRE_DONE present=true\nFLR0026_VK_PRESENT_WAIT_SEMAPHORE enabled=true\nFLR0026_VK_QUEUE_PRESENT_BEGIN queue=0x7fc26c02c5e0 swapchain=0x7fc26de32320 index=1\nFLR0026_VK_END_FRAME_BEGIN
[13:13:03.185470] [I] FLR0026_FRAME_BEGIN seq=210 started=false
FLR0026_VK_QUEUE_PRESENT result=0 surface=7fc26dc7b880 swapchain=7fc26de32320 index=1
FLR0026_VK_PRESENT_BOUNDARY_RETURN result=0
FLR0026_VK_PRESENT_BOUNDARY_DONE
FLR0026_VK_COMMIT_DONE
FLR0026_VK_PRESENT_BOUNDARY_BEGIN index=0
FLR0026_VK_SWAPCHAIN_FLUSH_DONE flushed=true\nFLR0026_VK_FINISHED_SIGNAL_ACQUIRE_BEGIN\nFLR0026_VK_FINISHED_SIGNAL_ACQUIRE_DONE present=true\nFLR0026_VK_PRESENT_WAIT_SEMAPHORE enabled=true\nFLR0026_VK_QUEUE_PRESENT_BEGIN queue=0x7fc26c02c5e0 swapchain=0x7fc26de32320 index=0\nFLR0026_VK_END_FRAME_BEGIN
FLR0026_VK_QUEUE_PRESENT result=0 surface=7fc26dc7b880 swapchain=7fc26de32320 index=0
FLR0026_VK_PRESENT_BOUNDARY_RETURN result=0
FLR0026_VK_PRESENT_BOUNDARY_DONE
FLR0026_VK_COMMIT_DONE
FLR0026_VK_PRESENT_BOUNDARY_BEGIN index=1
FLR0026_VK_SWAPCHAIN_FLUSH_DONE flushed=true\nFLR0026_VK_FINISHED_SIGNAL_ACQUIRE_BEGIN\nFLR0026_VK_FINISHED_SIGNAL_ACQUIRE_DONE present=true\nFLR0026_VK_PRESENT_WAIT_SEMAPHORE enabled=true\nFLR0026_VK_QUEUE_PRESENT_BEGIN queue=0x7fc26c02c5e0 swapchain=0x7fc26de32320 index=1\nFLR0026_VK_END_FRAME_BEGIN
FLR0026_VK_QUEUE_PRESENT result=0 surface=7fc26dc7b880 swapchain=7fc26de32320 index=1
FLR0026_VK_PRESENT_BOUNDARY_RETURN result=0
FLR0026_VK_PRESENT_BOUNDARY_DONE
FLR0026_VK_COMMIT_DONE
FLR0026_VK_PRESENT_BOUNDARY_BEGIN index=0
FLR0026_VK_SWAPCHAIN_FLUSH_DONE flushed=true\nFLR0026_VK_FINISHED_SIGNAL_ACQUIRE_BEGIN\nFLR0026_VK_FINISHED_SIGNAL_ACQUIRE_DONE present=true\nFLR0026_VK_PRESENT_WAIT_SEMAPHORE enabled=true\nFLR0026_VK_QUEUE_PRESENT_BEGIN queue=0x7fc26c02c5e0 swapchain=0x7fc26de32320 index=0\nFLR0026_VK_END_FRAME_BEGIN
FLR0026_VK_QUEUE_PRESENT result=0 surface=7fc26dc7b880 swapchain=7fc26de32320 index=0
FLR0026_VK_PRESENT_BOUNDARY_RETURN result=0
FLR0026_VK_PRESENT_BOUNDARY_DONE
FLR0026_VK_COMMIT_DONE
FLR0026_VK_PRESENT_BOUNDARY_BEGIN index=1
FLR0026_VK_SWAPCHAIN_FLUSH_DONE flushed=true\nFLR0026_VK_FINISHED_SIGNAL_ACQUIRE_BEGIN\nFLR0026_VK_FINISHED_SIGNAL_ACQUIRE_DONE present=true\nFLR0026_VK_PRESENT_WAIT_SEMAPHORE enabled=true\nFLR0026_VK_QUEUE_PRESENT_BEGIN queue=0x7fc26c02c5e0 swapchain=0x7fc26de32320 index=1\nFLR0026_VK_END_FRAME_BEGIN
FLR0026_VK_QUEUE_PRESENT result=0 surface=7fc26dc7b880 swapchain=7fc26de32320 index=1
FLR0026_VK_PRESENT_BOUNDARY_RETURN result=0
FLR0026_VK_PRESENT_BOUNDARY_DONE
FLR0026_VK_COMMIT_DONE
FLR0026_VK_PRESENT_BOUNDARY_BEGIN index=0
FLR0026_VK_SWAPCHAIN_FLUSH_DONE flushed=true\nFLR0026_VK_FINISHED_SIGNAL_ACQUIRE_BEGIN\nFLR0026_VK_FINISHED_SIGNAL_ACQUIRE_DONE present=true\nFLR0026_VK_PRESENT_WAIT_SEMAPHORE enabled=true\nFLR0026_VK_QUEUE_PRESENT_BEGIN queue=0x7fc26c02c5e0 swapchain=0x7fc26de32320 index=0\nFLR0026_VK_END_FRAME_BEGIN
FLR0026_VK_QUEUE_PRESENT result=0 surface=7fc26dc7b880 swapchain=7fc26de32320 index=0
FLR0026_VK_PRESENT_BOUNDARY_RETURN result=0
FLR0026_VK_PRESENT_BOUNDARY_DONE
FLR0026_VK_COMMIT_DONE
FLR0026_VK_PRESENT_BOUNDARY_BEGIN index=1
FLR0026_VK_SWAPCHAIN_FLUSH_DONE flushed=true\nFLR0026_VK_FINISHED_SIGNAL_ACQUIRE_BEGIN\nFLR0026_VK_FINISHED_SIGNAL_ACQUIRE_DONE present=true\nFLR0026_VK_PRESENT_WAIT_SEMAPHORE enabled=true\nFLR0026_VK_QUEUE_PRESENT_BEGIN queue=0x7fc26c02c5e0 swapchain=0x7fc26de32320 index=1\nFLR0026_VK_END_FRAME_BEGIN
FLR0026_VK_QUEUE_PRESENT result=0 surface=7fc26dc7b880 swapchain=7fc26de32320 index=1
FLR0026_VK_PRESENT_BOUNDARY_RETURN result=0
FLR0026_VK_PRESENT_BOUNDARY_DONE
FLR0026_VK_COMMIT_DONE
FLR0026_VK_PRESENT_BOUNDARY_BEGIN index=0
FLR0026_VK_SWAPCHAIN_FLUSH_DONE flushed=true\nFLR0026_VK_FINISHED_SIGNAL_ACQUIRE_BEGIN\nFLR0026_VK_FINISHED_SIGNAL_ACQUIRE_DONE present=true\nFLR0026_VK_PRESENT_WAIT_SEMAPHORE enabled=true\nFLR0026_VK_QUEUE_PRESENT_BEGIN queue=0x7fc26c02c5e0 swapchain=0x7fc26de32320 index=0\nFLR0026_VK_END_FRAME_BEGIN
FLR0026_VK_QUEUE_PRESENT result=0 surface=7fc26dc7b880 swapchain=7fc26de32320 index=0
FLR0026_VK_PRESENT_BOUNDARY_RETURN result=0
FLR0026_VK_PRESENT_BOUNDARY_DONE
FLR0026_VK_COMMIT_DONE
FLR0026_VK_PRESENT_BOUNDARY_BEGIN index=1
FLR0026_VK_SWAPCHAIN_FLUSH_DONE flushed=true\nFLR0026_VK_FINISHED_SIGNAL_ACQUIRE_BEGIN\nFLR0026_VK_FINISHED_SIGNAL_ACQUIRE_DONE present=true\nFLR0026_VK_PRESENT_WAIT_SEMAPHORE enabled=true\nFLR0026_VK_QUEUE_PRESENT_BEGIN queue=0x7fc26c02c5e0 swapchain=0x7fc26de32320 index=1\nFLR0026_VK_END_FRAME_BEGIN
FLR0026_VK_QUEUE_PRESENT result=0 surface=7fc26dc7b880 swapchain=7fc26de32320 index=1
FLR0026_VK_PRESENT_BOUNDARY_RETURN result=0
FLR0026_VK_PRESENT_BOUNDARY_DONE
FLR0026_VK_COMMIT_DONE
FLR0026_VK_PRESENT_BOUNDARY_BEGIN index=0
FLR0026_VK_SWAPCHAIN_FLUSH_DONE flushed=true\nFLR0026_VK_FINISHED_SIGNAL_ACQUIRE_BEGIN\nFLR0026_VK_FINISHED_SIGNAL_ACQUIRE_DONE present=true\nFLR0026_VK_PRESENT_WAIT_SEMAPHORE enabled=true\nFLR0026_VK_QUEUE_PRESENT_BEGIN queue=0x7fc26c02c5e0 swapchain=0x7fc26de32320 index=0\nFLR0026_VK_END_FRAME_BEGIN
FLR0026_VK_QUEUE_PRESENT result=0 surface=7fc26dc7b880 swapchain=7fc26de32320 index=0
FLR0026_VK_PRESENT_BOUNDARY_RETURN result=0
FLR0026_VK_PRESENT_BOUNDARY_DONE
FLR0026_VK_COMMIT_DONE
FLR0026_VK_PRESENT_BOUNDARY_BEGIN index=1
FLR0026_VK_SWAPCHAIN_FLUSH_DONE flushed=true\nFLR0026_VK_FINISHED_SIGNAL_ACQUIRE_BEGIN\nFLR0026_VK_FINISHED_SIGNAL_ACQUIRE_DONE present=true\nFLR0026_VK_PRESENT_WAIT_SEMAPHORE enabled=true\nFLR0026_VK_QUEUE_PRESENT_BEGIN queue=0x7fc26c02c5e0 swapchain=0x7fc26de32320 index=1\nFLR0026_VK_END_FRAME_BEGIN
[13:13:05.455108] [I] FLR0026_FRAME_BEGIN seq=220 started=false
FLR0026_VK_QUEUE_PRESENT result=0 surface=7fc26dc7b880 swapchain=7fc26de32320 index=1
FLR0026_VK_PRESENT_BOUNDARY_RETURN result=0
FLR0026_VK_PRESENT_BOUNDARY_DONE
FLR0026_VK_COMMIT_DONE
FLR0026_VK_PRESENT_BOUNDARY_BEGIN index=0
FLR0026_VK_SWAPCHAIN_FLUSH_DONE flushed=true\nFLR0026_VK_FINISHED_SIGNAL_ACQUIRE_BEGIN\nFLR0026_VK_FINISHED_SIGNAL_ACQUIRE_DONE present=true\nFLR0026_VK_PRESENT_WAIT_SEMAPHORE enabled=true\nFLR0026_VK_QUEUE_PRESENT_BEGIN queue=0x7fc26c02c5e0 swapchain=0x7fc26de32320 index=0\nFLR0026_VK_END_FRAME_BEGIN
FLR0026_VK_QUEUE_PRESENT result=0 surface=7fc26dc7b880 swapchain=7fc26de32320 index=0
FLR0026_VK_PRESENT_BOUNDARY_RETURN result=0
FLR0026_VK_PRESENT_BOUNDARY_DONE
FLR0026_VK_COMMIT_DONE
FLR0026_VK_PRESENT_BOUNDARY_BEGIN index=1
FLR0026_VK_SWAPCHAIN_FLUSH_DONE flushed=true\nFLR0026_VK_FINISHED_SIGNAL_ACQUIRE_BEGIN\nFLR0026_VK_FINISHED_SIGNAL_ACQUIRE_DONE present=true\nFLR0026_VK_PRESENT_WAIT_SEMAPHORE enabled=true\nFLR0026_VK_QUEUE_PRESENT_BEGIN queue=0x7fc26c02c5e0 swapchain=0x7fc26de32320 index=1\nFLR0026_VK_END_FRAME_BEGIN
FLR0026_VK_QUEUE_PRESENT result=0 surface=7fc26dc7b880 swapchain=7fc26de32320 index=1
FLR0026_VK_PRESENT_BOUNDARY_RETURN result=0
FLR0026_VK_PRESENT_BOUNDARY_DONE
FLR0026_VK_COMMIT_DONE
FLR0026_VK_PRESENT_BOUNDARY_BEGIN index=0
FLR0026_VK_SWAPCHAIN_FLUSH_DONE flushed=true\nFLR0026_VK_FINISHED_SIGNAL_ACQUIRE_BEGIN\nFLR0026_VK_FINISHED_SIGNAL_ACQUIRE_DONE present=true\nFLR0026_VK_PRESENT_WAIT_SEMAPHORE enabled=true\nFLR0026_VK_QUEUE_PRESENT_BEGIN queue=0x7fc26c02c5e0 swapchain=0x7fc26de32320 index=0\nFLR0026_VK_END_FRAME_BEGIN
FLR0026_VK_QUEUE_PRESENT result=0 surface=7fc26dc7b880 swapchain=7fc26de32320 index=0
FLR0026_VK_PRESENT_BOUNDARY_RETURN result=0
FLR0026_VK_PRESENT_BOUNDARY_DONE
FLR0026_VK_COMMIT_DONE
FLR0026_VK_PRESENT_BOUNDARY_BEGIN index=1
FLR0026_VK_SWAPCHAIN_FLUSH_DONE flushed=true\nFLR0026_VK_FINISHED_SIGNAL_ACQUIRE_BEGIN\nFLR0026_VK_FINISHED_SIGNAL_ACQUIRE_DONE present=true\nFLR0026_VK_PRESENT_WAIT_SEMAPHORE enabled=true\nFLR0026_VK_QUEUE_PRESENT_BEGIN queue=0x7fc26c02c5e0 swapchain=0x7fc26de32320 index=1\nFLR0026_VK_END_FRAME_BEGIN
FLR0026_VK_QUEUE_PRESENT result=0 surface=7fc26dc7b880 swapchain=7fc26de32320 index=1
FLR0026_VK_PRESENT_BOUNDARY_RETURN result=0
FLR0026_VK_PRESENT_BOUNDARY_DONE
FLR0026_VK_COMMIT_DONE
FLR0026_VK_PRESENT_BOUNDARY_BEGIN index=0
FLR0026_VK_SWAPCHAIN_FLUSH_DONE flushed=true\nFLR0026_VK_FINISHED_SIGNAL_ACQUIRE_BEGIN\nFLR0026_VK_FINISHED_SIGNAL_ACQUIRE_DONE present=true\nFLR0026_VK_PRESENT_WAIT_SEMAPHORE enabled=true\nFLR0026_VK_QUEUE_PRESENT_BEGIN queue=0x7fc26c02c5e0 swapchain=0x7fc26de32320 index=0\nFLR0026_VK_END_FRAME_BEGIN
FLR0026_VK_QUEUE_PRESENT result=0 surface=7fc26dc7b880 swapchain=7fc26de32320 index=0
FLR0026_VK_PRESENT_BOUNDARY_RETURN result=0
FLR0026_VK_PRESENT_BOUNDARY_DONE
FLR0026_VK_COMMIT_DONE
FLR0026_VK_PRESENT_BOUNDARY_BEGIN index=1
FLR0026_VK_SWAPCHAIN_FLUSH_DONE flushed=true\nFLR0026_VK_FINISHED_SIGNAL_ACQUIRE_BEGIN\nFLR0026_VK_FINISHED_SIGNAL_ACQUIRE_DONE present=true\nFLR0026_VK_PRESENT_WAIT_SEMAPHORE enabled=true\nFLR0026_VK_QUEUE_PRESENT_BEGIN queue=0x7fc26c02c5e0 swapchain=0x7fc26de32320 index=1\nFLR0026_VK_END_FRAME_BEGIN
FLR0026_VK_QUEUE_PRESENT result=0 surface=7fc26dc7b880 swapchain=7fc26de32320 index=1
FLR0026_VK_PRESENT_BOUNDARY_RETURN result=0
FLR0026_VK_PRESENT_BOUNDARY_DONE
FLR0026_VK_COMMIT_DONE
FLR0026_VK_PRESENT_BOUNDARY_BEGIN index=0
FLR0026_VK_SWAPCHAIN_FLUSH_DONE flushed=true\nFLR0026_VK_FINISHED_SIGNAL_ACQUIRE_BEGIN\nFLR0026_VK_FINISHED_SIGNAL_ACQUIRE_DONE present=true\nFLR0026_VK_PRESENT_WAIT_SEMAPHORE enabled=true\nFLR0026_VK_QUEUE_PRESENT_BEGIN queue=0x7fc26c02c5e0 swapchain=0x7fc26de32320 index=0\nFLR0026_VK_END_FRAME_BEGIN
FLR0026_VK_QUEUE_PRESENT result=0 surface=7fc26dc7b880 swapchain=7fc26de32320 index=0
FLR0026_VK_PRESENT_BOUNDARY_RETURN result=0
FLR0026_VK_PRESENT_BOUNDARY_DONE
FLR0026_VK_COMMIT_DONE
FLR0026_VK_PRESENT_BOUNDARY_BEGIN index=1
FLR0026_VK_SWAPCHAIN_FLUSH_DONE flushed=true\nFLR0026_VK_FINISHED_SIGNAL_ACQUIRE_BEGIN\nFLR0026_VK_FINISHED_SIGNAL_ACQUIRE_DONE present=true\nFLR0026_VK_PRESENT_WAIT_SEMAPHORE enabled=true\nFLR0026_VK_QUEUE_PRESENT_BEGIN queue=0x7fc26c02c5e0 swapchain=0x7fc26de32320 index=1\nFLR0026_VK_END_FRAME_BEGIN
FLR0026_VK_QUEUE_PRESENT result=0 surface=7fc26dc7b880 swapchain=7fc26de32320 index=1
FLR0026_VK_PRESENT_BOUNDARY_RETURN result=0
FLR0026_VK_PRESENT_BOUNDARY_DONE
FLR0026_VK_COMMIT_DONE
FLR0026_VK_PRESENT_BOUNDARY_BEGIN index=0
FLR0026_VK_SWAPCHAIN_FLUSH_DONE flushed=true\nFLR0026_VK_FINISHED_SIGNAL_ACQUIRE_BEGIN\nFLR0026_VK_FINISHED_SIGNAL_ACQUIRE_DONE present=true\nFLR0026_VK_PRESENT_WAIT_SEMAPHORE enabled=true\nFLR0026_VK_QUEUE_PRESENT_BEGIN queue=0x7fc26c02c5e0 swapchain=0x7fc26de32320 index=0\nFLR0026_VK_END_FRAME_BEGIN
FLR0026_VK_QUEUE_PRESENT result=0 surface=7fc26dc7b880 swapchain=7fc26de32320 index=0
FLR0026_VK_PRESENT_BOUNDARY_RETURN result=0
FLR0026_VK_PRESENT_BOUNDARY_DONE
FLR0026_VK_COMMIT_DONE
FLR0026_VK_PRESENT_BOUNDARY_BEGIN index=1
FLR0026_VK_SWAPCHAIN_FLUSH_DONE flushed=true\nFLR0026_VK_FINISHED_SIGNAL_ACQUIRE_BEGIN\nFLR0026_VK_FINISHED_SIGNAL_ACQUIRE_DONE present=true\nFLR0026_VK_PRESENT_WAIT_SEMAPHORE enabled=true\nFLR0026_VK_QUEUE_PRESENT_BEGIN queue=0x7fc26c02c5e0 swapchain=0x7fc26de32320 index=1\nFLR0026_VK_END_FRAME_BEGIN
[13:13:07.716295] [I] FLR0026_FRAME_BEGIN seq=230 started=false
FLR0026_VK_QUEUE_PRESENT result=0 surface=7fc26dc7b880 swapchain=7fc26de32320 index=1
FLR0026_VK_PRESENT_BOUNDARY_RETURN result=0
FLR0026_VK_PRESENT_BOUNDARY_DONE
FLR0026_VK_COMMIT_DONE
FLR0026_VK_PRESENT_BOUNDARY_BEGIN index=0
FLR0026_VK_SWAPCHAIN_FLUSH_DONE flushed=true\nFLR0026_VK_FINISHED_SIGNAL_ACQUIRE_BEGIN\nFLR0026_VK_FINISHED_SIGNAL_ACQUIRE_DONE present=true\nFLR0026_VK_PRESENT_WAIT_SEMAPHORE enabled=true\nFLR0026_VK_QUEUE_PRESENT_BEGIN queue=0x7fc26c02c5e0 swapchain=0x7fc26de32320 index=0\nFLR0026_VK_END_FRAME_BEGIN
FLR0026_VK_QUEUE_PRESENT result=0 surface=7fc26dc7b880 swapchain=7fc26de32320 index=0
FLR0026_VK_PRESENT_BOUNDARY_RETURN result=0
FLR0026_VK_PRESENT_BOUNDARY_DONE
FLR0026_VK_COMMIT_DONE
FLR0026_VK_PRESENT_BOUNDARY_BEGIN index=1
FLR0026_VK_SWAPCHAIN_FLUSH_DONE flushed=true\nFLR0026_VK_FINISHED_SIGNAL_ACQUIRE_BEGIN\nFLR0026_VK_FINISHED_SIGNAL_ACQUIRE_DONE present=true\nFLR0026_VK_PRESENT_WAIT_SEMAPHORE enabled=true\nFLR0026_VK_QUEUE_PRESENT_BEGIN queue=0x7fc26c02c5e0 swapchain=0x7fc26de32320 index=1\nFLR0026_VK_END_FRAME_BEGIN
FLR0026_VK_QUEUE_PRESENT result=0 surface=7fc26dc7b880 swapchain=7fc26de32320 index=1
FLR0026_VK_PRESENT_BOUNDARY_RETURN result=0
FLR0026_VK_PRESENT_BOUNDARY_DONE
FLR0026_VK_COMMIT_DONE
FLR0026_VK_PRESENT_BOUNDARY_BEGIN index=0
FLR0026_VK_SWAPCHAIN_FLUSH_DONE flushed=true\nFLR0026_VK_FINISHED_SIGNAL_ACQUIRE_BEGIN\nFLR0026_VK_FINISHED_SIGNAL_ACQUIRE_DONE present=true\nFLR0026_VK_PRESENT_WAIT_SEMAPHORE enabled=true\nFLR0026_VK_QUEUE_PRESENT_BEGIN queue=0x7fc26c02c5e0 swapchain=0x7fc26de32320 index=0\nFLR0026_VK_END_FRAME_BEGIN
FLR0026_VK_QUEUE_PRESENT result=0 surface=7fc26dc7b880 swapchain=7fc26de32320 index=0
FLR0026_VK_PRESENT_BOUNDARY_RETURN result=0
FLR0026_VK_PRESENT_BOUNDARY_DONE
FLR0026_VK_COMMIT_DONE
FLR0026_VK_PRESENT_BOUNDARY_BEGIN index=1
FLR0026_VK_SWAPCHAIN_FLUSH_DONE flushed=true\nFLR0026_VK_FINISHED_SIGNAL_ACQUIRE_BEGIN\nFLR0026_VK_FINISHED_SIGNAL_ACQUIRE_DONE present=true\nFLR0026_VK_PRESENT_WAIT_SEMAPHORE enabled=true\nFLR0026_VK_QUEUE_PRESENT_BEGIN queue=0x7fc26c02c5e0 swapchain=0x7fc26de32320 index=1\nFLR0026_VK_END_FRAME_BEGIN
FLR0026_VK_QUEUE_PRESENT result=0 surface=7fc26dc7b880 swapchain=7fc26de32320 index=1
FLR0026_VK_PRESENT_BOUNDARY_RETURN result=0
FLR0026_VK_PRESENT_BOUNDARY_DONE
FLR0026_VK_COMMIT_DONE
FLR0026_VK_PRESENT_BOUNDARY_BEGIN index=0
FLR0026_VK_SWAPCHAIN_FLUSH_DONE flushed=true\nFLR0026_VK_FINISHED_SIGNAL_ACQUIRE_BEGIN\nFLR0026_VK_FINISHED_SIGNAL_ACQUIRE_DONE present=true\nFLR0026_VK_PRESENT_WAIT_SEMAPHORE enabled=true\nFLR0026_VK_QUEUE_PRESENT_BEGIN queue=0x7fc26c02c5e0 swapchain=0x7fc26de32320 index=0\nFLR0026_VK_END_FRAME_BEGIN
FLR0026_VK_QUEUE_PRESENT result=0 surface=7fc26dc7b880 swapchain=7fc26de32320 index=0
FLR0026_VK_PRESENT_BOUNDARY_RETURN result=0
FLR0026_VK_PRESENT_BOUNDARY_DONE
FLR0026_VK_COMMIT_DONE
FLR0026_VK_PRESENT_BOUNDARY_BEGIN index=1
FLR0026_VK_SWAPCHAIN_FLUSH_DONE flushed=true\nFLR0026_VK_FINISHED_SIGNAL_ACQUIRE_BEGIN\nFLR0026_VK_FINISHED_SIGNAL_ACQUIRE_DONE present=true\nFLR0026_VK_PRESENT_WAIT_SEMAPHORE enabled=true\nFLR0026_VK_QUEUE_PRESENT_BEGIN queue=0x7fc26c02c5e0 swapchain=0x7fc26de32320 index=1\nFLR0026_VK_END_FRAME_BEGIN
FLR0026_VK_QUEUE_PRESENT result=0 surface=7fc26dc7b880 swapchain=7fc26de32320 index=1
FLR0026_VK_PRESENT_BOUNDARY_RETURN result=0
FLR0026_VK_PRESENT_BOUNDARY_DONE
FLR0026_VK_COMMIT_DONE
FLR0026_VK_PRESENT_BOUNDARY_BEGIN index=0
FLR0026_VK_SWAPCHAIN_FLUSH_DONE flushed=true\nFLR0026_VK_FINISHED_SIGNAL_ACQUIRE_BEGIN\nFLR0026_VK_FINISHED_SIGNAL_ACQUIRE_DONE present=true\nFLR0026_VK_PRESENT_WAIT_SEMAPHORE enabled=true\nFLR0026_VK_QUEUE_PRESENT_BEGIN queue=0x7fc26c02c5e0 swapchain=0x7fc26de32320 index=0\nFLR0026_VK_END_FRAME_BEGIN
FLR0026_VK_QUEUE_PRESENT result=0 surface=7fc26dc7b880 swapchain=7fc26de32320 index=0
FLR0026_VK_PRESENT_BOUNDARY_RETURN result=0
FLR0026_VK_PRESENT_BOUNDARY_DONE
FLR0026_VK_COMMIT_DONE
FLR0026_VK_PRESENT_BOUNDARY_BEGIN index=1
FLR0026_VK_SWAPCHAIN_FLUSH_DONE flushed=true\nFLR0026_VK_FINISHED_SIGNAL_ACQUIRE_BEGIN\nFLR0026_VK_FINISHED_SIGNAL_ACQUIRE_DONE present=true\nFLR0026_VK_PRESENT_WAIT_SEMAPHORE enabled=true\nFLR0026_VK_QUEUE_PRESENT_BEGIN queue=0x7fc26c02c5e0 swapchain=0x7fc26de32320 index=1\nFLR0026_VK_END_FRAME_BEGIN
FLR0026_VK_QUEUE_PRESENT result=0 surface=7fc26dc7b880 swapchain=7fc26de32320 index=1
FLR0026_VK_PRESENT_BOUNDARY_RETURN result=0
FLR0026_VK_PRESENT_BOUNDARY_DONE
FLR0026_VK_COMMIT_DONE
FLR0026_VK_PRESENT_BOUNDARY_BEGIN index=0
FLR0026_VK_SWAPCHAIN_FLUSH_DONE flushed=true\nFLR0026_VK_FINISHED_SIGNAL_ACQUIRE_BEGIN\nFLR0026_VK_FINISHED_SIGNAL_ACQUIRE_DONE present=true\nFLR0026_VK_PRESENT_WAIT_SEMAPHORE enabled=true\nFLR0026_VK_QUEUE_PRESENT_BEGIN queue=0x7fc26c02c5e0 swapchain=0x7fc26de32320 index=0\nFLR0026_RENDERER_COMMIT_ENQUEUE
FLR0026_VK_END_FRAME_BEGIN
FLR0026_VK_QUEUE_PRESENT result=0 surface=7fc26dc7b880 swapchain=7fc26de32320 index=0
FLR0026_VK_PRESENT_BOUNDARY_RETURN result=0
FLR0026_VK_PRESENT_BOUNDARY_DONE
FLR0026_VK_COMMIT_DONE
FLR0026_VK_PRESENT_BOUNDARY_BEGIN index=1
FLR0026_VK_SWAPCHAIN_FLUSH_DONE flushed=true\nFLR0026_VK_FINISHED_SIGNAL_ACQUIRE_BEGIN\nFLR0026_VK_FINISHED_SIGNAL_ACQUIRE_DONE present=true\nFLR0026_VK_PRESENT_WAIT_SEMAPHORE enabled=true\nFLR0026_VK_QUEUE_PRESENT_BEGIN queue=0x7fc26c02c5e0 swapchain=0x7fc26de32320 index=1\nFLR0026_VK_END_FRAME_BEGIN
[13:13:09.987465] [I] FLR0026_FRAME_BEGIN seq=240 started=false
FLR0026_VK_QUEUE_PRESENT result=0 surface=7fc26dc7b880 swapchain=7fc26de32320 index=1
FLR0026_VK_PRESENT_BOUNDARY_RETURN result=0
FLR0026_VK_PRESENT_BOUNDARY_DONE
FLR0026_VK_COMMIT_DONE
FLR0026_VK_END_FRAME_BEGIN
FLR0026_VK_PRESENT_BOUNDARY_BEGIN index=0
FLR0026_VK_SWAPCHAIN_FLUSH_DONE flushed=true\nFLR0026_VK_FINISHED_SIGNAL_ACQUIRE_BEGIN\nFLR0026_VK_FINISHED_SIGNAL_ACQUIRE_DONE present=true\nFLR0026_VK_PRESENT_WAIT_SEMAPHORE enabled=true\nFLR0026_VK_QUEUE_PRESENT_BEGIN queue=0x7fc26c02c5e0 swapchain=0x7fc26de32320 index=0\n[13:13:10.221684] [E] [handleMessage] Exception in handler: Entity(164): Light not found
FLR0026_VK_QUEUE_PRESENT result=0 surface=7fc26dc7b880 swapchain=7fc26de32320 index=0
FLR0026_VK_PRESENT_BOUNDARY_RETURN result=0
FLR0026_VK_PRESENT_BOUNDARY_DONE
FLR0026_VK_COMMIT_DONE
FLR0026_VK_PRESENT_BOUNDARY_BEGIN index=1
FLR0026_VK_SWAPCHAIN_FLUSH_DONE flushed=true\nFLR0026_VK_FINISHED_SIGNAL_ACQUIRE_BEGIN\nFLR0026_VK_FINISHED_SIGNAL_ACQUIRE_DONE present=true\nFLR0026_VK_PRESENT_WAIT_SEMAPHORE enabled=true\nFLR0026_VK_QUEUE_PRESENT_BEGIN queue=0x7fc26c02c5e0 swapchain=0x7fc26de32320 index=1\nFLR0026_VK_END_FRAME_BEGIN
FLR0026_VK_QUEUE_PRESENT result=0 surface=7fc26dc7b880 swapchain=7fc26de32320 index=1
FLR0026_VK_PRESENT_BOUNDARY_RETURN result=0
FLR0026_VK_PRESENT_BOUNDARY_DONE
FLR0026_VK_COMMIT_DONE
FLR0026_VK_PRESENT_BOUNDARY_BEGIN index=0
FLR0026_VK_SWAPCHAIN_FLUSH_DONE flushed=true\nFLR0026_VK_FINISHED_SIGNAL_ACQUIRE_BEGIN\nFLR0026_VK_FINISHED_SIGNAL_ACQUIRE_DONE present=true\nFLR0026_VK_PRESENT_WAIT_SEMAPHORE enabled=true\nFLR0026_VK_QUEUE_PRESENT_BEGIN queue=0x7fc26c02c5e0 swapchain=0x7fc26de32320 index=0\nFLR0026_VK_END_FRAME_BEGIN
FLR0026_VK_QUEUE_PRESENT result=0 surface=7fc26dc7b880 swapchain=7fc26de32320 index=0
FLR0026_VK_PRESENT_BOUNDARY_RETURN result=0
FLR0026_VK_PRESENT_BOUNDARY_DONE
FLR0026_VK_COMMIT_DONE
FLR0026_VK_PRESENT_BOUNDARY_BEGIN index=1
FLR0026_VK_SWAPCHAIN_FLUSH_DONE flushed=true\nFLR0026_VK_FINISHED_SIGNAL_ACQUIRE_BEGIN\nFLR0026_VK_FINISHED_SIGNAL_ACQUIRE_DONE present=true\nFLR0026_VK_PRESENT_WAIT_SEMAPHORE enabled=true\nFLR0026_VK_QUEUE_PRESENT_BEGIN queue=0x7fc26c02c5e0 swapchain=0x7fc26de32320 index=1\nFLR0026_VK_END_FRAME_BEGIN
FLR0026_VK_QUEUE_PRESENT result=0 surface=7fc26dc7b880 swapchain=7fc26de32320 index=1
FLR0026_VK_PRESENT_BOUNDARY_RETURN result=0
FLR0026_VK_PRESENT_BOUNDARY_DONE
FLR0026_VK_COMMIT_DONE
FLR0026_VK_PRESENT_BOUNDARY_BEGIN index=0
FLR0026_VK_SWAPCHAIN_FLUSH_DONE flushed=true\nFLR0026_VK_FINISHED_SIGNAL_ACQUIRE_BEGIN\nFLR0026_VK_FINISHED_SIGNAL_ACQUIRE_DONE present=true\nFLR0026_VK_PRESENT_WAIT_SEMAPHORE enabled=true\nFLR0026_VK_QUEUE_PRESENT_BEGIN queue=0x7fc26c02c5e0 swapchain=0x7fc26de32320 index=0\nFLR0026_VK_END_FRAME_BEGIN
FLR0026_VK_QUEUE_PRESENT result=0 surface=7fc26dc7b880 swapchain=7fc26de32320 index=0
FLR0026_VK_PRESENT_BOUNDARY_RETURN result=0
FLR0026_VK_PRESENT_BOUNDARY_DONE
FLR0026_VK_COMMIT_DONE
FLR0026_VK_PRESENT_BOUNDARY_BEGIN index=1
FLR0026_VK_SWAPCHAIN_FLUSH_DONE flushed=true\nFLR0026_VK_FINISHED_SIGNAL_ACQUIRE_BEGIN\nFLR0026_VK_FINISHED_SIGNAL_ACQUIRE_DONE present=true\nFLR0026_VK_PRESENT_WAIT_SEMAPHORE enabled=true\nFLR0026_VK_QUEUE_PRESENT_BEGIN queue=0x7fc26c02c5e0 swapchain=0x7fc26de32320 index=1\nFLR0026_VK_END_FRAME_BEGIN
FLR0026_VK_QUEUE_PRESENT result=0 surface=7fc26dc7b880 swapchain=7fc26de32320 index=1
FLR0026_VK_PRESENT_BOUNDARY_RETURN result=0
FLR0026_VK_PRESENT_BOUNDARY_DONE
FLR0026_VK_COMMIT_DONE
FLR0026_VK_PRESENT_BOUNDARY_BEGIN index=0
FLR0026_VK_SWAPCHAIN_FLUSH_DONE flushed=true\nFLR0026_VK_FINISHED_SIGNAL_ACQUIRE_BEGIN\nFLR0026_VK_FINISHED_SIGNAL_ACQUIRE_DONE present=true\nFLR0026_VK_PRESENT_WAIT_SEMAPHORE enabled=true\nFLR0026_VK_QUEUE_PRESENT_BEGIN queue=0x7fc26c02c5e0 swapchain=0x7fc26de32320 index=0\nFLR0026_VK_END_FRAME_BEGIN
FLR0026_VK_QUEUE_PRESENT result=0 surface=7fc26dc7b880 swapchain=7fc26de32320 index=0
FLR0026_VK_PRESENT_BOUNDARY_RETURN result=0
FLR0026_VK_PRESENT_BOUNDARY_DONE
FLR0026_VK_COMMIT_DONE
FLR0026_VK_PRESENT_BOUNDARY_BEGIN index=1
FLR0026_VK_SWAPCHAIN_FLUSH_DONE flushed=true\nFLR0026_VK_FINISHED_SIGNAL_ACQUIRE_BEGIN\nFLR0026_VK_FINISHED_SIGNAL_ACQUIRE_DONE present=true\nFLR0026_VK_PRESENT_WAIT_SEMAPHORE enabled=true\nFLR0026_VK_QUEUE_PRESENT_BEGIN queue=0x7fc26c02c5e0 swapchain=0x7fc26de32320 index=1\nFLR0026_VK_END_FRAME_BEGIN
FLR0026_VK_QUEUE_PRESENT result=0 surface=7fc26dc7b880 swapchain=7fc26de32320 index=1
FLR0026_VK_PRESENT_BOUNDARY_RETURN result=0
FLR0026_VK_PRESENT_BOUNDARY_DONE
FLR0026_VK_COMMIT_DONE
FLR0026_VK_PRESENT_BOUNDARY_BEGIN index=0
FLR0026_VK_SWAPCHAIN_FLUSH_DONE flushed=true\nFLR0026_VK_FINISHED_SIGNAL_ACQUIRE_BEGIN\nFLR0026_VK_FINISHED_SIGNAL_ACQUIRE_DONE present=true\nFLR0026_VK_PRESENT_WAIT_SEMAPHORE enabled=true\nFLR0026_VK_QUEUE_PRESENT_BEGIN queue=0x7fc26c02c5e0 swapchain=0x7fc26de32320 index=0\nFLR0026_VK_END_FRAME_BEGIN
FLR0026_VK_QUEUE_PRESENT result=0 surface=7fc26dc7b880 swapchain=7fc26de32320 index=0
FLR0026_VK_PRESENT_BOUNDARY_RETURN result=0
FLR0026_VK_PRESENT_BOUNDARY_DONE
FLR0026_VK_COMMIT_DONE
FLR0026_VK_PRESENT_BOUNDARY_BEGIN index=1
FLR0026_VK_SWAPCHAIN_FLUSH_DONE flushed=true\nFLR0026_VK_FINISHED_SIGNAL_ACQUIRE_BEGIN\nFLR0026_VK_FINISHED_SIGNAL_ACQUIRE_DONE present=true\nFLR0026_VK_PRESENT_WAIT_SEMAPHORE enabled=true\nFLR0026_VK_QUEUE_PRESENT_BEGIN queue=0x7fc26c02c5e0 swapchain=0x7fc26de32320 index=1\nFLR0026_VK_END_FRAME_BEGIN
[13:13:12.262154] [I] FLR0026_FRAME_BEGIN seq=250 started=false
FLR0026_VK_QUEUE_PRESENT result=0 surface=7fc26dc7b880 swapchain=7fc26de32320 index=1
FLR0026_VK_PRESENT_BOUNDARY_RETURN result=0
FLR0026_VK_PRESENT_BOUNDARY_DONE
FLR0026_VK_COMMIT_DONE
FLR0026_VK_PRESENT_BOUNDARY_BEGIN index=0
FLR0026_VK_SWAPCHAIN_FLUSH_DONE flushed=true\nFLR0026_VK_FINISHED_SIGNAL_ACQUIRE_BEGIN\nFLR0026_VK_FINISHED_SIGNAL_ACQUIRE_DONE present=true\nFLR0026_VK_PRESENT_WAIT_SEMAPHORE enabled=true\nFLR0026_VK_QUEUE_PRESENT_BEGIN queue=0x7fc26c02c5e0 swapchain=0x7fc26de32320 index=0\nFLR0026_RENDERER_ENDFRAME_ENQUEUE
FLR0026_VK_END_FRAME_BEGIN
FLR0026_VK_QUEUE_PRESENT result=0 surface=7fc26dc7b880 swapchain=7fc26de32320 index=0
FLR0026_VK_PRESENT_BOUNDARY_RETURN result=0
FLR0026_VK_PRESENT_BOUNDARY_DONE
FLR0026_VK_COMMIT_DONE
FLR0026_VK_PRESENT_BOUNDARY_BEGIN index=1
FLR0026_VK_SWAPCHAIN_FLUSH_DONE flushed=true\nFLR0026_VK_FINISHED_SIGNAL_ACQUIRE_BEGIN\nFLR0026_VK_FINISHED_SIGNAL_ACQUIRE_DONE present=true\nFLR0026_VK_PRESENT_WAIT_SEMAPHORE enabled=true\nFLR0026_VK_QUEUE_PRESENT_BEGIN queue=0x7fc26c02c5e0 swapchain=0x7fc26de32320 index=1\nFLR0026_VK_END_FRAME_BEGIN
FLR0026_VK_QUEUE_PRESENT result=0 surface=7fc26dc7b880 swapchain=7fc26de32320 index=1
FLR0026_VK_PRESENT_BOUNDARY_RETURN result=0
FLR0026_VK_PRESENT_BOUNDARY_DONE
FLR0026_VK_COMMIT_DONE
FLR0026_VK_PRESENT_BOUNDARY_BEGIN index=0
FLR0026_VK_SWAPCHAIN_FLUSH_DONE flushed=true\nFLR0026_VK_FINISHED_SIGNAL_ACQUIRE_BEGIN\nFLR0026_VK_FINISHED_SIGNAL_ACQUIRE_DONE present=true\nFLR0026_VK_PRESENT_WAIT_SEMAPHORE enabled=true\nFLR0026_VK_QUEUE_PRESENT_BEGIN queue=0x7fc26c02c5e0 swapchain=0x7fc26de32320 index=0\nFLR0026_VK_END_FRAME_BEGIN
FLR0026_VK_QUEUE_PRESENT result=0 surface=7fc26dc7b880 swapchain=7fc26de32320 index=0
FLR0026_VK_PRESENT_BOUNDARY_RETURN result=0
FLR0026_VK_PRESENT_BOUNDARY_DONE
FLR0026_VK_COMMIT_DONE
FLR0026_VK_PRESENT_BOUNDARY_BEGIN index=1
FLR0026_VK_SWAPCHAIN_FLUSH_DONE flushed=true\nFLR0026_VK_FINISHED_SIGNAL_ACQUIRE_BEGIN\nFLR0026_VK_FINISHED_SIGNAL_ACQUIRE_DONE present=true\nFLR0026_VK_PRESENT_WAIT_SEMAPHORE enabled=true\nFLR0026_VK_QUEUE_PRESENT_BEGIN queue=0x7fc26c02c5e0 swapchain=0x7fc26de32320 index=1\nFLR0026_VK_END_FRAME_BEGIN
FLR0026_VK_QUEUE_PRESENT result=0 surface=7fc26dc7b880 swapchain=7fc26de32320 index=1
FLR0026_VK_PRESENT_BOUNDARY_RETURN result=0
FLR0026_VK_PRESENT_BOUNDARY_DONE
FLR0026_VK_COMMIT_DONE
FLR0026_VK_PRESENT_BOUNDARY_BEGIN index=0
FLR0026_VK_SWAPCHAIN_FLUSH_DONE flushed=true\nFLR0026_VK_FINISHED_SIGNAL_ACQUIRE_BEGIN\nFLR0026_VK_FINISHED_SIGNAL_ACQUIRE_DONE present=true\nFLR0026_VK_PRESENT_WAIT_SEMAPHORE enabled=true\nFLR0026_VK_QUEUE_PRESENT_BEGIN queue=0x7fc26c02c5e0 swapchain=0x7fc26de32320 index=0\nFLR0026_VK_END_FRAME_BEGIN
FLR0026_VK_QUEUE_PRESENT result=0 surface=7fc26dc7b880 swapchain=7fc26de32320 index=0
FLR0026_VK_PRESENT_BOUNDARY_RETURN result=0
FLR0026_VK_PRESENT_BOUNDARY_DONE
FLR0026_VK_COMMIT_DONE
FLR0026_VK_PRESENT_BOUNDARY_BEGIN index=1
FLR0026_VK_SWAPCHAIN_FLUSH_DONE flushed=true\nFLR0026_VK_FINISHED_SIGNAL_ACQUIRE_BEGIN\nFLR0026_VK_FINISHED_SIGNAL_ACQUIRE_DONE present=true\nFLR0026_VK_PRESENT_WAIT_SEMAPHORE enabled=true\nFLR0026_VK_QUEUE_PRESENT_BEGIN queue=0x7fc26c02c5e0 swapchain=0x7fc26de32320 index=1\nFLR0026_VK_END_FRAME_BEGIN
FLR0026_VK_QUEUE_PRESENT result=0 surface=7fc26dc7b880 swapchain=7fc26de32320 index=1
FLR0026_VK_PRESENT_BOUNDARY_RETURN result=0
FLR0026_VK_PRESENT_BOUNDARY_DONE
FLR0026_VK_COMMIT_DONE
FLR0026_VK_PRESENT_BOUNDARY_BEGIN index=0
FLR0026_VK_SWAPCHAIN_FLUSH_DONE flushed=true\nFLR0026_VK_FINISHED_SIGNAL_ACQUIRE_BEGIN\nFLR0026_VK_FINISHED_SIGNAL_ACQUIRE_DONE present=true\nFLR0026_VK_PRESENT_WAIT_SEMAPHORE enabled=true\nFLR0026_VK_QUEUE_PRESENT_BEGIN queue=0x7fc26c02c5e0 swapchain=0x7fc26de32320 index=0\nFLR0026_VK_END_FRAME_BEGIN
FLR0026_VK_QUEUE_PRESENT result=0 surface=7fc26dc7b880 swapchain=7fc26de32320 index=0
FLR0026_VK_PRESENT_BOUNDARY_RETURN result=0
FLR0026_VK_PRESENT_BOUNDARY_DONE
FLR0026_VK_COMMIT_DONE
FLR0026_VK_PRESENT_BOUNDARY_BEGIN index=1
FLR0026_VK_SWAPCHAIN_FLUSH_DONE flushed=true\nFLR0026_VK_FINISHED_SIGNAL_ACQUIRE_BEGIN\nFLR0026_VK_FINISHED_SIGNAL_ACQUIRE_DONE present=true\nFLR0026_VK_PRESENT_WAIT_SEMAPHORE enabled=true\nFLR0026_VK_QUEUE_PRESENT_BEGIN queue=0x7fc26c02c5e0 swapchain=0x7fc26de32320 index=1\nFLR0026_VK_END_FRAME_BEGIN
FLR0026_VK_QUEUE_PRESENT result=0 surface=7fc26dc7b880 swapchain=7fc26de32320 index=1
FLR0026_VK_PRESENT_BOUNDARY_RETURN result=0
FLR0026_VK_PRESENT_BOUNDARY_DONE
FLR0026_VK_COMMIT_DONE
FLR0026_VK_PRESENT_BOUNDARY_BEGIN index=0
FLR0026_VK_SWAPCHAIN_FLUSH_DONE flushed=true\nFLR0026_VK_FINISHED_SIGNAL_ACQUIRE_BEGIN\nFLR0026_VK_FINISHED_SIGNAL_ACQUIRE_DONE present=true\nFLR0026_VK_PRESENT_WAIT_SEMAPHORE enabled=true\nFLR0026_VK_QUEUE_PRESENT_BEGIN queue=0x7fc26c02c5e0 swapchain=0x7fc26de32320 index=0\nFLR0026_VK_END_FRAME_BEGIN
FLR0026_VK_QUEUE_PRESENT result=0 surface=7fc26dc7b880 swapchain=7fc26de32320 index=0
FLR0026_VK_PRESENT_BOUNDARY_RETURN result=0
FLR0026_VK_PRESENT_BOUNDARY_DONE
FLR0026_VK_COMMIT_DONE
FLR0026_VK_PRESENT_BOUNDARY_BEGIN index=1
FLR0026_VK_SWAPCHAIN_FLUSH_DONE flushed=true\nFLR0026_VK_FINISHED_SIGNAL_ACQUIRE_BEGIN\nFLR0026_VK_FINISHED_SIGNAL_ACQUIRE_DONE present=true\nFLR0026_VK_PRESENT_WAIT_SEMAPHORE enabled=true\nFLR0026_VK_QUEUE_PRESENT_BEGIN queue=0x7fc26c02c5e0 swapchain=0x7fc26de32320 index=1\nFLR0026_VK_END_FRAME_BEGIN
[13:13:14.532151] [I] FLR0026_FRAME_BEGIN seq=260 started=false
FLR0026_VK_QUEUE_PRESENT result=0 surface=7fc26dc7b880 swapchain=7fc26de32320 index=1
FLR0026_VK_PRESENT_BOUNDARY_RETURN result=0
FLR0026_VK_PRESENT_BOUNDARY_DONE
FLR0026_VK_COMMIT_DONE
FLR0026_VK_PRESENT_BOUNDARY_BEGIN index=0
FLR0026_VK_SWAPCHAIN_FLUSH_DONE flushed=true\nFLR0026_VK_FINISHED_SIGNAL_ACQUIRE_BEGIN\nFLR0026_VK_FINISHED_SIGNAL_ACQUIRE_DONE present=true\nFLR0026_VK_PRESENT_WAIT_SEMAPHORE enabled=true\nFLR0026_VK_QUEUE_PRESENT_BEGIN queue=0x7fc26c02c5e0 swapchain=0x7fc26de32320 index=0\nFLR0026_VK_END_FRAME_BEGIN
FLR0026_VK_QUEUE_PRESENT result=0 surface=7fc26dc7b880 swapchain=7fc26de32320 index=0
FLR0026_VK_PRESENT_BOUNDARY_RETURN result=0
FLR0026_VK_PRESENT_BOUNDARY_DONE
FLR0026_VK_COMMIT_DONE
FLR0026_VK_PRESENT_BOUNDARY_BEGIN index=1
FLR0026_VK_SWAPCHAIN_FLUSH_DONE flushed=true\nFLR0026_VK_FINISHED_SIGNAL_ACQUIRE_BEGIN\nFLR0026_VK_FINISHED_SIGNAL_ACQUIRE_DONE present=true\nFLR0026_VK_PRESENT_WAIT_SEMAPHORE enabled=true\nFLR0026_VK_QUEUE_PRESENT_BEGIN queue=0x7fc26c02c5e0 swapchain=0x7fc26de32320 index=1\nFLR0026_VK_END_FRAME_BEGIN
FLR0026_VK_QUEUE_PRESENT result=0 surface=7fc26dc7b880 swapchain=7fc26de32320 index=1
FLR0026_VK_PRESENT_BOUNDARY_RETURN result=0
FLR0026_VK_PRESENT_BOUNDARY_DONE
FLR0026_VK_COMMIT_DONE
FLR0026_VK_PRESENT_BOUNDARY_BEGIN index=0
FLR0026_VK_SWAPCHAIN_FLUSH_DONE flushed=true\nFLR0026_VK_FINISHED_SIGNAL_ACQUIRE_BEGIN\nFLR0026_VK_FINISHED_SIGNAL_ACQUIRE_DONE present=true\nFLR0026_VK_PRESENT_WAIT_SEMAPHORE enabled=true\nFLR0026_VK_QUEUE_PRESENT_BEGIN queue=0x7fc26c02c5e0 swapchain=0x7fc26de32320 index=0\nFLR0026_VK_END_FRAME_BEGIN
FLR0026_VK_QUEUE_PRESENT result=0 surface=7fc26dc7b880 swapchain=7fc26de32320 index=0
FLR0026_VK_PRESENT_BOUNDARY_RETURN result=0
FLR0026_VK_PRESENT_BOUNDARY_DONE
FLR0026_VK_COMMIT_DONE
FLR0026_VK_PRESENT_BOUNDARY_BEGIN index=1
FLR0026_VK_SWAPCHAIN_FLUSH_DONE flushed=true\nFLR0026_VK_FINISHED_SIGNAL_ACQUIRE_BEGIN\nFLR0026_VK_FINISHED_SIGNAL_ACQUIRE_DONE present=true\nFLR0026_VK_PRESENT_WAIT_SEMAPHORE enabled=true\nFLR0026_VK_QUEUE_PRESENT_BEGIN queue=0x7fc26c02c5e0 swapchain=0x7fc26de32320 index=1\nFLR0026_VK_END_FRAME_BEGIN
FLR0026_VK_QUEUE_PRESENT result=0 surface=7fc26dc7b880 swapchain=7fc26de32320 index=1
FLR0026_VK_PRESENT_BOUNDARY_RETURN result=0
FLR0026_VK_PRESENT_BOUNDARY_DONE
FLR0026_VK_COMMIT_DONE
FLR0026_VK_PRESENT_BOUNDARY_BEGIN index=0
FLR0026_VK_SWAPCHAIN_FLUSH_DONE flushed=true\nFLR0026_VK_FINISHED_SIGNAL_ACQUIRE_BEGIN\nFLR0026_VK_FINISHED_SIGNAL_ACQUIRE_DONE present=true\nFLR0026_VK_PRESENT_WAIT_SEMAPHORE enabled=true\nFLR0026_VK_QUEUE_PRESENT_BEGIN queue=0x7fc26c02c5e0 swapchain=0x7fc26de32320 index=0\nFLR0026_VK_END_FRAME_BEGIN
FLR0026_VK_QUEUE_PRESENT result=0 surface=7fc26dc7b880 swapchain=7fc26de32320 index=0
FLR0026_VK_PRESENT_BOUNDARY_RETURN result=0
FLR0026_VK_PRESENT_BOUNDARY_DONE
FLR0026_VK_COMMIT_DONE
FLR0026_VK_PRESENT_BOUNDARY_BEGIN index=1
FLR0026_VK_SWAPCHAIN_FLUSH_DONE flushed=true\nFLR0026_VK_FINISHED_SIGNAL_ACQUIRE_BEGIN\nFLR0026_VK_FINISHED_SIGNAL_ACQUIRE_DONE present=true\nFLR0026_VK_PRESENT_WAIT_SEMAPHORE enabled=true\nFLR0026_VK_QUEUE_PRESENT_BEGIN queue=0x7fc26c02c5e0 swapchain=0x7fc26de32320 index=1\nFLR0026_VK_END_FRAME_BEGIN
FLR0026_VK_QUEUE_PRESENT result=0 surface=7fc26dc7b880 swapchain=7fc26de32320 index=1
FLR0026_VK_PRESENT_BOUNDARY_RETURN result=0
FLR0026_VK_PRESENT_BOUNDARY_DONE
FLR0026_VK_COMMIT_DONE
FLR0026_VK_PRESENT_BOUNDARY_BEGIN index=0
FLR0026_VK_SWAPCHAIN_FLUSH_DONE flushed=true\nFLR0026_VK_FINISHED_SIGNAL_ACQUIRE_BEGIN\nFLR0026_VK_FINISHED_SIGNAL_ACQUIRE_DONE present=true\nFLR0026_VK_PRESENT_WAIT_SEMAPHORE enabled=true\nFLR0026_VK_QUEUE_PRESENT_BEGIN queue=0x7fc26c02c5e0 swapchain=0x7fc26de32320 index=0\nFLR0026_VK_END_FRAME_BEGIN
FLR0026_VK_QUEUE_PRESENT result=0 surface=7fc26dc7b880 swapchain=7fc26de32320 index=0
FLR0026_VK_PRESENT_BOUNDARY_RETURN result=0
FLR0026_VK_PRESENT_BOUNDARY_DONE
FLR0026_VK_COMMIT_DONE
FLR0026_VK_PRESENT_BOUNDARY_BEGIN index=1
FLR0026_VK_SWAPCHAIN_FLUSH_DONE flushed=true\nFLR0026_VK_FINISHED_SIGNAL_ACQUIRE_BEGIN\nFLR0026_VK_FINISHED_SIGNAL_ACQUIRE_DONE present=true\nFLR0026_VK_PRESENT_WAIT_SEMAPHORE enabled=true\nFLR0026_VK_QUEUE_PRESENT_BEGIN queue=0x7fc26c02c5e0 swapchain=0x7fc26de32320 index=1\nFLR0026_VK_END_FRAME_BEGIN
FLR0026_VK_QUEUE_PRESENT result=0 surface=7fc26dc7b880 swapchain=7fc26de32320 index=1
FLR0026_VK_PRESENT_BOUNDARY_RETURN result=0
FLR0026_VK_PRESENT_BOUNDARY_DONE
FLR0026_VK_COMMIT_DONE
FLR0026_VK_PRESENT_BOUNDARY_BEGIN index=0
FLR0026_VK_SWAPCHAIN_FLUSH_DONE flushed=true\nFLR0026_VK_FINISHED_SIGNAL_ACQUIRE_BEGIN\nFLR0026_VK_FINISHED_SIGNAL_ACQUIRE_DONE present=true\nFLR0026_VK_PRESENT_WAIT_SEMAPHORE enabled=true\nFLR0026_VK_QUEUE_PRESENT_BEGIN queue=0x7fc26c02c5e0 swapchain=0x7fc26de32320 index=0\nFLR0026_VK_END_FRAME_BEGIN
FLR0026_VK_QUEUE_PRESENT result=0 surface=7fc26dc7b880 swapchain=7fc26de32320 index=0
FLR0026_VK_PRESENT_BOUNDARY_RETURN result=0
FLR0026_VK_PRESENT_BOUNDARY_DONE
FLR0026_VK_COMMIT_DONE
FLR0026_VK_PRESENT_BOUNDARY_BEGIN index=1
FLR0026_VK_SWAPCHAIN_FLUSH_DONE flushed=true\nFLR0026_VK_FINISHED_SIGNAL_ACQUIRE_BEGIN\nFLR0026_VK_FINISHED_SIGNAL_ACQUIRE_DONE present=true\nFLR0026_VK_PRESENT_WAIT_SEMAPHORE enabled=true\nFLR0026_VK_QUEUE_PRESENT_BEGIN queue=0x7fc26c02c5e0 swapchain=0x7fc26de32320 index=1\nFLR0026_VK_END_FRAME_BEGIN
[13:13:16.783638] [I] FLR0026_FRAME_BEGIN seq=270 started=false
FLR0026_VK_QUEUE_PRESENT result=0 surface=7fc26dc7b880 swapchain=7fc26de32320 index=1
FLR0026_VK_PRESENT_BOUNDARY_RETURN result=0
FLR0026_VK_PRESENT_BOUNDARY_DONE
FLR0026_VK_COMMIT_DONE
FLR0026_VK_PRESENT_BOUNDARY_BEGIN index=0
FLR0026_VK_SWAPCHAIN_FLUSH_DONE flushed=true\nFLR0026_VK_FINISHED_SIGNAL_ACQUIRE_BEGIN\nFLR0026_VK_FINISHED_SIGNAL_ACQUIRE_DONE present=true\nFLR0026_VK_PRESENT_WAIT_SEMAPHORE enabled=true\nFLR0026_VK_QUEUE_PRESENT_BEGIN queue=0x7fc26c02c5e0 swapchain=0x7fc26de32320 index=0\nFLR0026_VK_END_FRAME_BEGIN
FLR0026_VK_QUEUE_PRESENT result=0 surface=7fc26dc7b880 swapchain=7fc26de32320 index=0
FLR0026_VK_PRESENT_BOUNDARY_RETURN result=0
FLR0026_VK_PRESENT_BOUNDARY_DONE
FLR0026_VK_COMMIT_DONE
FLR0026_VK_PRESENT_BOUNDARY_BEGIN index=1
FLR0026_VK_SWAPCHAIN_FLUSH_DONE flushed=true\nFLR0026_VK_FINISHED_SIGNAL_ACQUIRE_BEGIN\nFLR0026_VK_FINISHED_SIGNAL_ACQUIRE_DONE present=true\nFLR0026_VK_PRESENT_WAIT_SEMAPHORE enabled=true\nFLR0026_VK_QUEUE_PRESENT_BEGIN queue=0x7fc26c02c5e0 swapchain=0x7fc26de32320 index=1\nFLR0026_VK_END_FRAME_BEGIN
FLR0026_VK_QUEUE_PRESENT result=0 surface=7fc26dc7b880 swapchain=7fc26de32320 index=1
FLR0026_VK_PRESENT_BOUNDARY_RETURN result=0
FLR0026_VK_PRESENT_BOUNDARY_DONE
FLR0026_VK_COMMIT_DONE
FLR0026_VK_PRESENT_BOUNDARY_BEGIN index=0
FLR0026_VK_SWAPCHAIN_FLUSH_DONE flushed=true\nFLR0026_VK_FINISHED_SIGNAL_ACQUIRE_BEGIN\nFLR0026_VK_FINISHED_SIGNAL_ACQUIRE_DONE present=true\nFLR0026_VK_PRESENT_WAIT_SEMAPHORE enabled=true\nFLR0026_VK_QUEUE_PRESENT_BEGIN queue=0x7fc26c02c5e0 swapchain=0x7fc26de32320 index=0\nFLR0026_VK_END_FRAME_BEGIN
FLR0026_VK_QUEUE_PRESENT result=0 surface=7fc26dc7b880 swapchain=7fc26de32320 index=0
FLR0026_VK_PRESENT_BOUNDARY_RETURN result=0
FLR0026_VK_PRESENT_BOUNDARY_DONE
FLR0026_VK_COMMIT_DONE
FLR0026_VK_PRESENT_BOUNDARY_BEGIN index=1
FLR0026_VK_SWAPCHAIN_FLUSH_DONE flushed=true\nFLR0026_VK_FINISHED_SIGNAL_ACQUIRE_BEGIN\nFLR0026_VK_FINISHED_SIGNAL_ACQUIRE_DONE present=true\nFLR0026_VK_PRESENT_WAIT_SEMAPHORE enabled=true\nFLR0026_VK_QUEUE_PRESENT_BEGIN queue=0x7fc26c02c5e0 swapchain=0x7fc26de32320 index=1\nFLR0026_VK_END_FRAME_BEGIN
FLR0026_VK_QUEUE_PRESENT result=0 surface=7fc26dc7b880 swapchain=7fc26de32320 index=1
FLR0026_VK_PRESENT_BOUNDARY_RETURN result=0
FLR0026_VK_PRESENT_BOUNDARY_DONE
FLR0026_VK_COMMIT_DONE
FLR0026_VK_PRESENT_BOUNDARY_BEGIN index=0
FLR0026_VK_SWAPCHAIN_FLUSH_DONE flushed=true\nFLR0026_VK_FINISHED_SIGNAL_ACQUIRE_BEGIN\nFLR0026_VK_FINISHED_SIGNAL_ACQUIRE_DONE present=true\nFLR0026_VK_PRESENT_WAIT_SEMAPHORE enabled=true\nFLR0026_VK_QUEUE_PRESENT_BEGIN queue=0x7fc26c02c5e0 swapchain=0x7fc26de32320 index=0\nFLR0026_VK_END_FRAME_BEGIN
FLR0026_VK_QUEUE_PRESENT result=0 surface=7fc26dc7b880 swapchain=7fc26de32320 index=0
FLR0026_VK_PRESENT_BOUNDARY_RETURN result=0
FLR0026_VK_PRESENT_BOUNDARY_DONE
FLR0026_VK_COMMIT_DONE
FLR0026_VK_PRESENT_BOUNDARY_BEGIN index=1
FLR0026_VK_SWAPCHAIN_FLUSH_DONE flushed=true\nFLR0026_VK_FINISHED_SIGNAL_ACQUIRE_BEGIN\nFLR0026_VK_FINISHED_SIGNAL_ACQUIRE_DONE present=true\nFLR0026_VK_PRESENT_WAIT_SEMAPHORE enabled=true\nFLR0026_VK_QUEUE_PRESENT_BEGIN queue=0x7fc26c02c5e0 swapchain=0x7fc26de32320 index=1\nFLR0026_VK_END_FRAME_BEGIN
FLR0026_VK_QUEUE_PRESENT result=0 surface=7fc26dc7b880 swapchain=7fc26de32320 index=1
FLR0026_VK_PRESENT_BOUNDARY_RETURN result=0
FLR0026_VK_PRESENT_BOUNDARY_DONE
FLR0026_VK_COMMIT_DONE
FLR0026_VK_PRESENT_BOUNDARY_BEGIN index=0
FLR0026_VK_SWAPCHAIN_FLUSH_DONE flushed=true\nFLR0026_VK_FINISHED_SIGNAL_ACQUIRE_BEGIN\nFLR0026_VK_FINISHED_SIGNAL_ACQUIRE_DONE present=true\nFLR0026_VK_PRESENT_WAIT_SEMAPHORE enabled=true\nFLR0026_VK_QUEUE_PRESENT_BEGIN queue=0x7fc26c02c5e0 swapchain=0x7fc26de32320 index=0\nFLR0026_VK_END_FRAME_BEGIN
FLR0026_VK_QUEUE_PRESENT result=0 surface=7fc26dc7b880 swapchain=7fc26de32320 index=0
FLR0026_VK_PRESENT_BOUNDARY_RETURN result=0
FLR0026_VK_PRESENT_BOUNDARY_DONE
FLR0026_VK_COMMIT_DONE
FLR0026_VK_PRESENT_BOUNDARY_BEGIN index=1
FLR0026_VK_SWAPCHAIN_FLUSH_DONE flushed=true\nFLR0026_VK_FINISHED_SIGNAL_ACQUIRE_BEGIN\nFLR0026_VK_FINISHED_SIGNAL_ACQUIRE_DONE present=true\nFLR0026_VK_PRESENT_WAIT_SEMAPHORE enabled=true\nFLR0026_VK_QUEUE_PRESENT_BEGIN queue=0x7fc26c02c5e0 swapchain=0x7fc26de32320 index=1\nFLR0026_VK_END_FRAME_BEGIN
FLR0026_VK_QUEUE_PRESENT result=0 surface=7fc26dc7b880 swapchain=7fc26de32320 index=1
FLR0026_VK_PRESENT_BOUNDARY_RETURN result=0
FLR0026_VK_PRESENT_BOUNDARY_DONE
FLR0026_VK_COMMIT_DONE
FLR0026_VK_PRESENT_BOUNDARY_BEGIN index=0
FLR0026_VK_SWAPCHAIN_FLUSH_DONE flushed=true\nFLR0026_VK_FINISHED_SIGNAL_ACQUIRE_BEGIN\nFLR0026_VK_FINISHED_SIGNAL_ACQUIRE_DONE present=true\nFLR0026_VK_PRESENT_WAIT_SEMAPHORE enabled=true\nFLR0026_VK_QUEUE_PRESENT_BEGIN queue=0x7fc26c02c5e0 swapchain=0x7fc26de32320 index=0\nFLR0026_VK_END_FRAME_BEGIN
FLR0026_VK_QUEUE_PRESENT result=0 surface=7fc26dc7b880 swapchain=7fc26de32320 index=0
FLR0026_VK_PRESENT_BOUNDARY_RETURN result=0
FLR0026_VK_PRESENT_BOUNDARY_DONE
FLR0026_VK_COMMIT_DONE
FLR0026_VK_PRESENT_BOUNDARY_BEGIN index=1
FLR0026_VK_SWAPCHAIN_FLUSH_DONE flushed=true\nFLR0026_VK_FINISHED_SIGNAL_ACQUIRE_BEGIN\nFLR0026_VK_FINISHED_SIGNAL_ACQUIRE_DONE present=true\nFLR0026_VK_PRESENT_WAIT_SEMAPHORE enabled=true\nFLR0026_VK_QUEUE_PRESENT_BEGIN queue=0x7fc26c02c5e0 swapchain=0x7fc26de32320 index=1\nFLR0026_VK_END_FRAME_BEGIN
[13:13:19.068093] [I] FLR0026_FRAME_BEGIN seq=280 started=false
FLR0026_VK_QUEUE_PRESENT result=0 surface=7fc26dc7b880 swapchain=7fc26de32320 index=1
FLR0026_VK_PRESENT_BOUNDARY_RETURN result=0
FLR0026_VK_PRESENT_BOUNDARY_DONE
FLR0026_VK_COMMIT_DONE
FLR0026_VK_PRESENT_BOUNDARY_BEGIN index=0
FLR0026_VK_SWAPCHAIN_FLUSH_DONE flushed=true\nFLR0026_VK_FINISHED_SIGNAL_ACQUIRE_BEGIN\nFLR0026_VK_FINISHED_SIGNAL_ACQUIRE_DONE present=true\nFLR0026_VK_PRESENT_WAIT_SEMAPHORE enabled=true\nFLR0026_VK_QUEUE_PRESENT_BEGIN queue=0x7fc26c02c5e0 swapchain=0x7fc26de32320 index=0\nFLR0026_VK_END_FRAME_BEGIN
FLR0026_VK_QUEUE_PRESENT result=0 surface=7fc26dc7b880 swapchain=7fc26de32320 index=0
FLR0026_VK_PRESENT_BOUNDARY_RETURN result=0
FLR0026_VK_PRESENT_BOUNDARY_DONE
FLR0026_VK_COMMIT_DONE
FLR0026_VK_PRESENT_BOUNDARY_BEGIN index=1
FLR0026_VK_SWAPCHAIN_FLUSH_DONE flushed=true\nFLR0026_VK_FINISHED_SIGNAL_ACQUIRE_BEGIN\nFLR0026_VK_FINISHED_SIGNAL_ACQUIRE_DONE present=true\nFLR0026_VK_PRESENT_WAIT_SEMAPHORE enabled=true\nFLR0026_VK_QUEUE_PRESENT_BEGIN queue=0x7fc26c02c5e0 swapchain=0x7fc26de32320 index=1\nFLR0026_RENDERER_COMMIT_ENQUEUE
FLR0026_VK_END_FRAME_BEGIN
FLR0026_VK_QUEUE_PRESENT result=0 surface=7fc26dc7b880 swapchain=7fc26de32320 index=1
FLR0026_VK_PRESENT_BOUNDARY_RETURN result=0
FLR0026_VK_PRESENT_BOUNDARY_DONE
FLR0026_VK_COMMIT_DONE
FLR0026_VK_PRESENT_BOUNDARY_BEGIN index=0
FLR0026_VK_SWAPCHAIN_FLUSH_DONE flushed=true\nFLR0026_VK_FINISHED_SIGNAL_ACQUIRE_BEGIN\nFLR0026_VK_FINISHED_SIGNAL_ACQUIRE_DONE present=true\nFLR0026_VK_PRESENT_WAIT_SEMAPHORE enabled=true\nFLR0026_VK_QUEUE_PRESENT_BEGIN queue=0x7fc26c02c5e0 swapchain=0x7fc26de32320 index=0\nFLR0026_VK_END_FRAME_BEGIN
FLR0026_VK_QUEUE_PRESENT result=0 surface=7fc26dc7b880 swapchain=7fc26de32320 index=0
FLR0026_VK_PRESENT_BOUNDARY_RETURN result=0
FLR0026_VK_PRESENT_BOUNDARY_DONE
FLR0026_VK_COMMIT_DONE
FLR0026_VK_PRESENT_BOUNDARY_BEGIN index=1
FLR0026_VK_SWAPCHAIN_FLUSH_DONE flushed=true\nFLR0026_VK_FINISHED_SIGNAL_ACQUIRE_BEGIN\nFLR0026_VK_FINISHED_SIGNAL_ACQUIRE_DONE present=true\nFLR0026_VK_PRESENT_WAIT_SEMAPHORE enabled=true\nFLR0026_VK_QUEUE_PRESENT_BEGIN queue=0x7fc26c02c5e0 swapchain=0x7fc26de32320 index=1\nFLR0026_VK_END_FRAME_BEGIN
FLR0026_VK_QUEUE_PRESENT result=0 surface=7fc26dc7b880 swapchain=7fc26de32320 index=1
FLR0026_VK_PRESENT_BOUNDARY_RETURN result=0
FLR0026_VK_PRESENT_BOUNDARY_DONE
FLR0026_VK_COMMIT_DONE
FLR0026_VK_PRESENT_BOUNDARY_BEGIN index=0
FLR0026_VK_SWAPCHAIN_FLUSH_DONE flushed=true\nFLR0026_VK_FINISHED_SIGNAL_ACQUIRE_BEGIN\nFLR0026_VK_FINISHED_SIGNAL_ACQUIRE_DONE present=true\nFLR0026_VK_PRESENT_WAIT_SEMAPHORE enabled=true\nFLR0026_VK_QUEUE_PRESENT_BEGIN queue=0x7fc26c02c5e0 swapchain=0x7fc26de32320 index=0\nFLR0026_VK_END_FRAME_BEGIN
FLR0026_VK_QUEUE_PRESENT result=0 surface=7fc26dc7b880 swapchain=7fc26de32320 index=0
FLR0026_VK_PRESENT_BOUNDARY_RETURN result=0
FLR0026_VK_PRESENT_BOUNDARY_DONE
FLR0026_VK_COMMIT_DONE
FLR0026_VK_PRESENT_BOUNDARY_BEGIN index=1
FLR0026_VK_SWAPCHAIN_FLUSH_DONE flushed=true\nFLR0026_VK_FINISHED_SIGNAL_ACQUIRE_BEGIN\nFLR0026_VK_FINISHED_SIGNAL_ACQUIRE_DONE present=true\nFLR0026_VK_PRESENT_WAIT_SEMAPHORE enabled=true\nFLR0026_VK_QUEUE_PRESENT_BEGIN queue=0x7fc26c02c5e0 swapchain=0x7fc26de32320 index=1\nFLR0026_VK_END_FRAME_BEGIN
FLR0026_VK_QUEUE_PRESENT result=0 surface=7fc26dc7b880 swapchain=7fc26de32320 index=1
FLR0026_VK_PRESENT_BOUNDARY_RETURN result=0
FLR0026_VK_PRESENT_BOUNDARY_DONE
FLR0026_VK_COMMIT_DONE
FLR0026_VK_PRESENT_BOUNDARY_BEGIN index=0
FLR0026_VK_SWAPCHAIN_FLUSH_DONE flushed=true\nFLR0026_VK_FINISHED_SIGNAL_ACQUIRE_BEGIN\nFLR0026_VK_FINISHED_SIGNAL_ACQUIRE_DONE present=true\nFLR0026_VK_PRESENT_WAIT_SEMAPHORE enabled=true\nFLR0026_VK_QUEUE_PRESENT_BEGIN queue=0x7fc26c02c5e0 swapchain=0x7fc26de32320 index=0\nFLR0026_VK_END_FRAME_BEGIN
FLR0026_VK_QUEUE_PRESENT result=0 surface=7fc26dc7b880 swapchain=7fc26de32320 index=0
FLR0026_VK_PRESENT_BOUNDARY_RETURN result=0
FLR0026_VK_PRESENT_BOUNDARY_DONE
FLR0026_VK_COMMIT_DONE
FLR0026_VK_PRESENT_BOUNDARY_BEGIN index=1
FLR0026_VK_SWAPCHAIN_FLUSH_DONE flushed=true\nFLR0026_VK_FINISHED_SIGNAL_ACQUIRE_BEGIN\nFLR0026_VK_FINISHED_SIGNAL_ACQUIRE_DONE present=true\nFLR0026_VK_PRESENT_WAIT_SEMAPHORE enabled=true\nFLR0026_VK_QUEUE_PRESENT_BEGIN queue=0x7fc26c02c5e0 swapchain=0x7fc26de32320 index=1\nFLR0026_VK_END_FRAME_BEGIN
FLR0026_VK_QUEUE_PRESENT result=0 surface=7fc26dc7b880 swapchain=7fc26de32320 index=1
FLR0026_VK_PRESENT_BOUNDARY_RETURN result=0
FLR0026_VK_PRESENT_BOUNDARY_DONE
FLR0026_VK_COMMIT_DONE
FLR0026_VK_PRESENT_BOUNDARY_BEGIN index=0
FLR0026_VK_SWAPCHAIN_FLUSH_DONE flushed=true\nFLR0026_VK_FINISHED_SIGNAL_ACQUIRE_BEGIN\nFLR0026_VK_FINISHED_SIGNAL_ACQUIRE_DONE present=true\nFLR0026_VK_PRESENT_WAIT_SEMAPHORE enabled=true\nFLR0026_VK_QUEUE_PRESENT_BEGIN queue=0x7fc26c02c5e0 swapchain=0x7fc26de32320 index=0\nFLR0026_VK_END_FRAME_BEGIN
FLR0026_VK_QUEUE_PRESENT result=0 surface=7fc26dc7b880 swapchain=7fc26de32320 index=0
FLR0026_VK_PRESENT_BOUNDARY_RETURN result=0
FLR0026_VK_PRESENT_BOUNDARY_DONE
FLR0026_VK_COMMIT_DONE
FLR0026_VK_PRESENT_BOUNDARY_BEGIN index=1
FLR0026_VK_SWAPCHAIN_FLUSH_DONE flushed=true\nFLR0026_VK_FINISHED_SIGNAL_ACQUIRE_BEGIN\nFLR0026_VK_FINISHED_SIGNAL_ACQUIRE_DONE present=true\nFLR0026_VK_PRESENT_WAIT_SEMAPHORE enabled=true\nFLR0026_VK_QUEUE_PRESENT_BEGIN queue=0x7fc26c02c5e0 swapchain=0x7fc26de32320 index=1\nFLR0026_VK_END_FRAME_BEGIN
[13:13:21.339118] [I] FLR0026_FRAME_BEGIN seq=290 started=false
FLR0026_VK_QUEUE_PRESENT result=0 surface=7fc26dc7b880 swapchain=7fc26de32320 index=1
FLR0026_VK_PRESENT_BOUNDARY_RETURN result=0
FLR0026_VK_PRESENT_BOUNDARY_DONE
FLR0026_VK_COMMIT_DONE
FLR0026_VK_END_FRAME_BEGIN
FLR0026_VK_PRESENT_BOUNDARY_BEGIN index=0
FLR0026_VK_SWAPCHAIN_FLUSH_DONE flushed=true\nFLR0026_VK_FINISHED_SIGNAL_ACQUIRE_BEGIN\nFLR0026_VK_FINISHED_SIGNAL_ACQUIRE_DONE present=true\nFLR0026_VK_PRESENT_WAIT_SEMAPHORE enabled=true\nFLR0026_VK_QUEUE_PRESENT_BEGIN queue=0x7fc26c02c5e0 swapchain=0x7fc26de32320 index=0\n[13:13:21.570865] [E] [handleMessage] Exception in handler: Entity(164): Light not found
FLR0026_VK_QUEUE_PRESENT result=0 surface=7fc26dc7b880 swapchain=7fc26de32320 index=0
FLR0026_VK_PRESENT_BOUNDARY_RETURN result=0
FLR0026_VK_PRESENT_BOUNDARY_DONE
FLR0026_VK_COMMIT_DONE
FLR0026_VK_PRESENT_BOUNDARY_BEGIN index=1
FLR0026_VK_SWAPCHAIN_FLUSH_DONE flushed=true\nFLR0026_VK_FINISHED_SIGNAL_ACQUIRE_BEGIN\nFLR0026_VK_FINISHED_SIGNAL_ACQUIRE_DONE present=true\nFLR0026_VK_PRESENT_WAIT_SEMAPHORE enabled=true\nFLR0026_VK_QUEUE_PRESENT_BEGIN queue=0x7fc26c02c5e0 swapchain=0x7fc26de32320 index=1\nFLR0026_VK_END_FRAME_BEGIN
FLR0026_VK_QUEUE_PRESENT result=0 surface=7fc26dc7b880 swapchain=7fc26de32320 index=1
FLR0026_VK_PRESENT_BOUNDARY_RETURN result=0
FLR0026_VK_PRESENT_BOUNDARY_DONE
FLR0026_VK_COMMIT_DONE
FLR0026_VK_PRESENT_BOUNDARY_BEGIN index=0
FLR0026_VK_SWAPCHAIN_FLUSH_DONE flushed=true\nFLR0026_VK_FINISHED_SIGNAL_ACQUIRE_BEGIN\nFLR0026_VK_FINISHED_SIGNAL_ACQUIRE_DONE present=true\nFLR0026_VK_PRESENT_WAIT_SEMAPHORE enabled=true\nFLR0026_VK_QUEUE_PRESENT_BEGIN queue=0x7fc26c02c5e0 swapchain=0x7fc26de32320 index=0\nFLR0026_VK_END_FRAME_BEGIN
FLR0026_VK_QUEUE_PRESENT result=0 surface=7fc26dc7b880 swapchain=7fc26de32320 index=0
FLR0026_VK_PRESENT_BOUNDARY_RETURN result=0
FLR0026_VK_PRESENT_BOUNDARY_DONE
FLR0026_VK_COMMIT_DONE
FLR0026_VK_PRESENT_BOUNDARY_BEGIN index=1
FLR0026_VK_SWAPCHAIN_FLUSH_DONE flushed=true\nFLR0026_VK_FINISHED_SIGNAL_ACQUIRE_BEGIN\nFLR0026_VK_FINISHED_SIGNAL_ACQUIRE_DONE present=true\nFLR0026_VK_PRESENT_WAIT_SEMAPHORE enabled=true\nFLR0026_VK_QUEUE_PRESENT_BEGIN queue=0x7fc26c02c5e0 swapchain=0x7fc26de32320 index=1\nFLR0026_VK_END_FRAME_BEGIN
FLR0026_VK_QUEUE_PRESENT result=0 surface=7fc26dc7b880 swapchain=7fc26de32320 index=1
FLR0026_VK_PRESENT_BOUNDARY_RETURN result=0
FLR0026_VK_PRESENT_BOUNDARY_DONE
FLR0026_VK_COMMIT_DONE
FLR0026_VK_PRESENT_BOUNDARY_BEGIN index=0
FLR0026_VK_SWAPCHAIN_FLUSH_DONE flushed=true\nFLR0026_VK_FINISHED_SIGNAL_ACQUIRE_BEGIN\nFLR0026_VK_FINISHED_SIGNAL_ACQUIRE_DONE present=true\nFLR0026_VK_PRESENT_WAIT_SEMAPHORE enabled=true\nFLR0026_VK_QUEUE_PRESENT_BEGIN queue=0x7fc26c02c5e0 swapchain=0x7fc26de32320 index=0\nFLR0026_VK_END_FRAME_BEGIN
FLR0026_VK_QUEUE_PRESENT result=0 surface=7fc26dc7b880 swapchain=7fc26de32320 index=0
FLR0026_VK_PRESENT_BOUNDARY_RETURN result=0
FLR0026_VK_PRESENT_BOUNDARY_DONE
FLR0026_VK_COMMIT_DONE
FLR0026_VK_PRESENT_BOUNDARY_BEGIN index=1
FLR0026_VK_SWAPCHAIN_FLUSH_DONE flushed=true\nFLR0026_VK_FINISHED_SIGNAL_ACQUIRE_BEGIN\nFLR0026_VK_FINISHED_SIGNAL_ACQUIRE_DONE present=true\nFLR0026_VK_PRESENT_WAIT_SEMAPHORE enabled=true\nFLR0026_VK_QUEUE_PRESENT_BEGIN queue=0x7fc26c02c5e0 swapchain=0x7fc26de32320 index=1\nFLR0026_VK_END_FRAME_BEGIN
FLR0026_VK_QUEUE_PRESENT result=0 surface=7fc26dc7b880 swapchain=7fc26de32320 index=1
FLR0026_VK_PRESENT_BOUNDARY_RETURN result=0
FLR0026_VK_PRESENT_BOUNDARY_DONE
FLR0026_VK_COMMIT_DONE
FLR0026_VK_PRESENT_BOUNDARY_BEGIN index=0
FLR0026_VK_SWAPCHAIN_FLUSH_DONE flushed=true\nFLR0026_VK_FINISHED_SIGNAL_ACQUIRE_BEGIN\nFLR0026_VK_FINISHED_SIGNAL_ACQUIRE_DONE present=true\nFLR0026_VK_PRESENT_WAIT_SEMAPHORE enabled=true\nFLR0026_VK_QUEUE_PRESENT_BEGIN queue=0x7fc26c02c5e0 swapchain=0x7fc26de32320 index=0\nFLR0026_VK_END_FRAME_BEGIN
FLR0026_VK_QUEUE_PRESENT result=0 surface=7fc26dc7b880 swapchain=7fc26de32320 index=0
FLR0026_VK_PRESENT_BOUNDARY_RETURN result=0
FLR0026_VK_PRESENT_BOUNDARY_DONE
FLR0026_VK_COMMIT_DONE
FLR0026_VK_PRESENT_BOUNDARY_BEGIN index=1
FLR0026_VK_SWAPCHAIN_FLUSH_DONE flushed=true\nFLR0026_VK_FINISHED_SIGNAL_ACQUIRE_BEGIN\nFLR0026_VK_FINISHED_SIGNAL_ACQUIRE_DONE present=true\nFLR0026_VK_PRESENT_WAIT_SEMAPHORE enabled=true\nFLR0026_VK_QUEUE_PRESENT_BEGIN queue=0x7fc26c02c5e0 swapchain=0x7fc26de32320 index=1\nFLR0026_VK_END_FRAME_BEGIN
FLR0026_VK_QUEUE_PRESENT result=0 surface=7fc26dc7b880 swapchain=7fc26de32320 index=1
FLR0026_VK_PRESENT_BOUNDARY_RETURN result=0
FLR0026_VK_PRESENT_BOUNDARY_DONE
FLR0026_VK_COMMIT_DONE
FLR0026_VK_PRESENT_BOUNDARY_BEGIN index=0
FLR0026_VK_SWAPCHAIN_FLUSH_DONE flushed=true\nFLR0026_VK_FINISHED_SIGNAL_ACQUIRE_BEGIN\nFLR0026_VK_FINISHED_SIGNAL_ACQUIRE_DONE present=true\nFLR0026_VK_PRESENT_WAIT_SEMAPHORE enabled=true\nFLR0026_VK_QUEUE_PRESENT_BEGIN queue=0x7fc26c02c5e0 swapchain=0x7fc26de32320 index=0\nFLR0026_VK_END_FRAME_BEGIN
FLR0026_VK_QUEUE_PRESENT result=0 surface=7fc26dc7b880 swapchain=7fc26de32320 index=0
FLR0026_VK_PRESENT_BOUNDARY_RETURN result=0
FLR0026_VK_PRESENT_BOUNDARY_DONE
FLR0026_VK_COMMIT_DONE
FLR0026_VK_PRESENT_BOUNDARY_BEGIN index=1
FLR0026_VK_SWAPCHAIN_FLUSH_DONE flushed=true\nFLR0026_VK_FINISHED_SIGNAL_ACQUIRE_BEGIN\nFLR0026_VK_FINISHED_SIGNAL_ACQUIRE_DONE present=true\nFLR0026_VK_PRESENT_WAIT_SEMAPHORE enabled=true\nFLR0026_VK_QUEUE_PRESENT_BEGIN queue=0x7fc26c02c5e0 swapchain=0x7fc26de32320 index=1\nFLR0026_VK_END_FRAME_BEGIN
[13:13:23.609122] [I] FLR0026_FRAME_BEGIN seq=300 started=false
FLR0026_VK_QUEUE_PRESENT result=0 surface=7fc26dc7b880 swapchain=7fc26de32320 index=1
FLR0026_VK_PRESENT_BOUNDARY_RETURN result=0
FLR0026_VK_PRESENT_BOUNDARY_DONE
FLR0026_VK_COMMIT_DONE
FLR0026_VK_PRESENT_BOUNDARY_BEGIN index=0
FLR0026_VK_SWAPCHAIN_FLUSH_DONE flushed=true\nFLR0026_VK_FINISHED_SIGNAL_ACQUIRE_BEGIN\nFLR0026_VK_FINISHED_SIGNAL_ACQUIRE_DONE present=true\nFLR0026_VK_PRESENT_WAIT_SEMAPHORE enabled=true\nFLR0026_VK_QUEUE_PRESENT_BEGIN queue=0x7fc26c02c5e0 swapchain=0x7fc26de32320 index=0\nFLR0026_VK_END_FRAME_BEGIN
FLR0026_VK_QUEUE_PRESENT result=0 surface=7fc26dc7b880 swapchain=7fc26de32320 index=0
FLR0026_VK_PRESENT_BOUNDARY_RETURN result=0
FLR0026_VK_PRESENT_BOUNDARY_DONE
FLR0026_VK_COMMIT_DONE
FLR0026_VK_PRESENT_BOUNDARY_BEGIN index=1
FLR0026_VK_SWAPCHAIN_FLUSH_DONE flushed=true\nFLR0026_VK_FINISHED_SIGNAL_ACQUIRE_BEGIN\nFLR0026_VK_FINISHED_SIGNAL_ACQUIRE_DONE present=true\nFLR0026_VK_PRESENT_WAIT_SEMAPHORE enabled=true\nFLR0026_VK_QUEUE_PRESENT_BEGIN queue=0x7fc26c02c5e0 swapchain=0x7fc26de32320 index=1\nFLR0026_VK_END_FRAME_BEGIN
FLR0026_VK_QUEUE_PRESENT result=0 surface=7fc26dc7b880 swapchain=7fc26de32320 index=1
FLR0026_VK_PRESENT_BOUNDARY_RETURN result=0
FLR0026_VK_PRESENT_BOUNDARY_DONE
FLR0026_VK_COMMIT_DONE
FLR0026_VK_PRESENT_BOUNDARY_BEGIN index=0
FLR0026_VK_SWAPCHAIN_FLUSH_DONE flushed=true\nFLR0026_VK_FINISHED_SIGNAL_ACQUIRE_BEGIN\nFLR0026_VK_FINISHED_SIGNAL_ACQUIRE_DONE present=true\nFLR0026_VK_PRESENT_WAIT_SEMAPHORE enabled=true\nFLR0026_VK_QUEUE_PRESENT_BEGIN queue=0x7fc26c02c5e0 swapchain=0x7fc26de32320 index=0\nFLR0026_VK_END_FRAME_BEGIN
FLR0026_VK_QUEUE_PRESENT result=0 surface=7fc26dc7b880 swapchain=7fc26de32320 index=0
FLR0026_VK_PRESENT_BOUNDARY_RETURN result=0
FLR0026_VK_PRESENT_BOUNDARY_DONE
FLR0026_VK_COMMIT_DONE
FLR0026_VK_PRESENT_BOUNDARY_BEGIN index=1
FLR0026_VK_SWAPCHAIN_FLUSH_DONE flushed=true\nFLR0026_VK_FINISHED_SIGNAL_ACQUIRE_BEGIN\nFLR0026_VK_FINISHED_SIGNAL_ACQUIRE_DONE present=true\nFLR0026_VK_PRESENT_WAIT_SEMAPHORE enabled=true\nFLR0026_VK_QUEUE_PRESENT_BEGIN queue=0x7fc26c02c5e0 swapchain=0x7fc26de32320 index=1\nFLR0026_VK_END_FRAME_BEGIN
FLR0026_VK_QUEUE_PRESENT result=0 surface=7fc26dc7b880 swapchain=7fc26de32320 index=1
FLR0026_VK_PRESENT_BOUNDARY_RETURN result=0
FLR0026_VK_PRESENT_BOUNDARY_DONE
FLR0026_VK_COMMIT_DONE
FLR0026_VK_PRESENT_BOUNDARY_BEGIN index=0
FLR0026_VK_SWAPCHAIN_FLUSH_DONE flushed=true\nFLR0026_VK_FINISHED_SIGNAL_ACQUIRE_BEGIN\nFLR0026_VK_FINISHED_SIGNAL_ACQUIRE_DONE present=true\nFLR0026_VK_PRESENT_WAIT_SEMAPHORE enabled=true\nFLR0026_VK_QUEUE_PRESENT_BEGIN queue=0x7fc26c02c5e0 swapchain=0x7fc26de32320 index=0\nFLR0026_VK_END_FRAME_BEGIN
FLR0026_VK_QUEUE_PRESENT result=0 surface=7fc26dc7b880 swapchain=7fc26de32320 index=0
FLR0026_VK_PRESENT_BOUNDARY_RETURN result=0
FLR0026_VK_PRESENT_BOUNDARY_DONE
FLR0026_VK_COMMIT_DONE
FLR0026_VK_PRESENT_BOUNDARY_BEGIN index=1
FLR0026_VK_SWAPCHAIN_FLUSH_DONE flushed=true\nFLR0026_VK_FINISHED_SIGNAL_ACQUIRE_BEGIN\nFLR0026_VK_FINISHED_SIGNAL_ACQUIRE_DONE present=true\nFLR0026_VK_PRESENT_WAIT_SEMAPHORE enabled=true\nFLR0026_VK_QUEUE_PRESENT_BEGIN queue=0x7fc26c02c5e0 swapchain=0x7fc26de32320 index=1\nFLR0026_VK_END_FRAME_BEGIN
FLR0026_VK_QUEUE_PRESENT result=0 surface=7fc26dc7b880 swapchain=7fc26de32320 index=1
FLR0026_VK_PRESENT_BOUNDARY_RETURN result=0
FLR0026_VK_PRESENT_BOUNDARY_DONE
FLR0026_VK_COMMIT_DONE
FLR0026_VK_PRESENT_BOUNDARY_BEGIN index=0
FLR0026_VK_SWAPCHAIN_FLUSH_DONE flushed=true\nFLR0026_VK_FINISHED_SIGNAL_ACQUIRE_BEGIN\nFLR0026_VK_FINISHED_SIGNAL_ACQUIRE_DONE present=true\nFLR0026_VK_PRESENT_WAIT_SEMAPHORE enabled=true\nFLR0026_VK_QUEUE_PRESENT_BEGIN queue=0x7fc26c02c5e0 swapchain=0x7fc26de32320 index=0\nFLR0026_RENDERER_COMMIT_ENQUEUE
FLR0026_VK_END_FRAME_BEGIN
FLR0026_VK_QUEUE_PRESENT result=0 surface=7fc26dc7b880 swapchain=7fc26de32320 index=0
FLR0026_VK_PRESENT_BOUNDARY_RETURN result=0
FLR0026_VK_PRESENT_BOUNDARY_DONE
FLR0026_VK_COMMIT_DONE
FLR0026_VK_PRESENT_BOUNDARY_BEGIN index=1
FLR0026_VK_SWAPCHAIN_FLUSH_DONE flushed=true\nFLR0026_VK_FINISHED_SIGNAL_ACQUIRE_BEGIN\nFLR0026_VK_FINISHED_SIGNAL_ACQUIRE_DONE present=true\nFLR0026_VK_PRESENT_WAIT_SEMAPHORE enabled=true\nFLR0026_VK_QUEUE_PRESENT_BEGIN queue=0x7fc26c02c5e0 swapchain=0x7fc26de32320 index=1\nFLR0026_VK_END_FRAME_BEGIN
FLR0026_VK_QUEUE_PRESENT result=0 surface=7fc26dc7b880 swapchain=7fc26de32320 index=1
FLR0026_VK_PRESENT_BOUNDARY_RETURN result=0
FLR0026_VK_PRESENT_BOUNDARY_DONE
FLR0026_VK_COMMIT_DONE
FLR0026_VK_PRESENT_BOUNDARY_BEGIN index=0
FLR0026_VK_SWAPCHAIN_FLUSH_DONE flushed=true\nFLR0026_VK_FINISHED_SIGNAL_ACQUIRE_BEGIN\nFLR0026_VK_FINISHED_SIGNAL_ACQUIRE_DONE present=true\nFLR0026_VK_PRESENT_WAIT_SEMAPHORE enabled=true\nFLR0026_VK_QUEUE_PRESENT_BEGIN queue=0x7fc26c02c5e0 swapchain=0x7fc26de32320 index=0\nFLR0026_VK_END_FRAME_BEGIN
FLR0026_VK_QUEUE_PRESENT result=0 surface=7fc26dc7b880 swapchain=7fc26de32320 index=0
FLR0026_VK_PRESENT_BOUNDARY_RETURN result=0
FLR0026_VK_PRESENT_BOUNDARY_DONE
FLR0026_VK_COMMIT_DONE
FLR0026_VK_PRESENT_BOUNDARY_BEGIN index=1
FLR0026_VK_SWAPCHAIN_FLUSH_DONE flushed=true\nFLR0026_VK_FINISHED_SIGNAL_ACQUIRE_BEGIN\nFLR0026_VK_FINISHED_SIGNAL_ACQUIRE_DONE present=true\nFLR0026_VK_PRESENT_WAIT_SEMAPHORE enabled=true\nFLR0026_VK_QUEUE_PRESENT_BEGIN queue=0x7fc26c02c5e0 swapchain=0x7fc26de32320 index=1\nFLR0026_VK_END_FRAME_BEGIN
[13:13:25.868048] [I] FLR0026_FRAME_BEGIN seq=310 started=false
FLR0026_VK_QUEUE_PRESENT result=0 surface=7fc26dc7b880 swapchain=7fc26de32320 index=1
FLR0026_VK_PRESENT_BOUNDARY_RETURN result=0
FLR0026_VK_PRESENT_BOUNDARY_DONE
FLR0026_VK_COMMIT_DONE
FLR0026_VK_PRESENT_BOUNDARY_BEGIN index=0
FLR0026_VK_SWAPCHAIN_FLUSH_DONE flushed=true\nFLR0026_VK_FINISHED_SIGNAL_ACQUIRE_BEGIN\nFLR0026_VK_FINISHED_SIGNAL_ACQUIRE_DONE present=true\nFLR0026_VK_PRESENT_WAIT_SEMAPHORE enabled=true\nFLR0026_VK_QUEUE_PRESENT_BEGIN queue=0x7fc26c02c5e0 swapchain=0x7fc26de32320 index=0\nFLR0026_VK_END_FRAME_BEGIN
FLR0026_VK_QUEUE_PRESENT result=0 surface=7fc26dc7b880 swapchain=7fc26de32320 index=0
FLR0026_VK_PRESENT_BOUNDARY_RETURN result=0
FLR0026_VK_PRESENT_BOUNDARY_DONE
FLR0026_VK_COMMIT_DONE
FLR0026_VK_PRESENT_BOUNDARY_BEGIN index=1
FLR0026_VK_SWAPCHAIN_FLUSH_DONE flushed=true\nFLR0026_VK_FINISHED_SIGNAL_ACQUIRE_BEGIN\nFLR0026_VK_FINISHED_SIGNAL_ACQUIRE_DONE present=true\nFLR0026_VK_PRESENT_WAIT_SEMAPHORE enabled=true\nFLR0026_VK_QUEUE_PRESENT_BEGIN queue=0x7fc26c02c5e0 swapchain=0x7fc26de32320 index=1\nFLR0026_VK_END_FRAME_BEGIN
FLR0026_VK_QUEUE_PRESENT result=0 surface=7fc26dc7b880 swapchain=7fc26de32320 index=1
FLR0026_VK_PRESENT_BOUNDARY_RETURN result=0
FLR0026_VK_PRESENT_BOUNDARY_DONE
FLR0026_VK_COMMIT_DONE
FLR0026_VK_PRESENT_BOUNDARY_BEGIN index=0
FLR0026_VK_SWAPCHAIN_FLUSH_DONE flushed=true\nFLR0026_VK_FINISHED_SIGNAL_ACQUIRE_BEGIN\nFLR0026_VK_FINISHED_SIGNAL_ACQUIRE_DONE present=true\nFLR0026_VK_PRESENT_WAIT_SEMAPHORE enabled=true\nFLR0026_VK_QUEUE_PRESENT_BEGIN queue=0x7fc26c02c5e0 swapchain=0x7fc26de32320 index=0\nFLR0026_VK_END_FRAME_BEGIN
FLR0026_VK_QUEUE_PRESENT result=0 surface=7fc26dc7b880 swapchain=7fc26de32320 index=0
FLR0026_VK_PRESENT_BOUNDARY_RETURN result=0
FLR0026_VK_PRESENT_BOUNDARY_DONE
FLR0026_VK_COMMIT_DONE
FLR0026_VK_PRESENT_BOUNDARY_BEGIN index=1
FLR0026_VK_SWAPCHAIN_FLUSH_DONE flushed=true\nFLR0026_VK_FINISHED_SIGNAL_ACQUIRE_BEGIN\nFLR0026_VK_FINISHED_SIGNAL_ACQUIRE_DONE present=true\nFLR0026_VK_PRESENT_WAIT_SEMAPHORE enabled=true\nFLR0026_VK_QUEUE_PRESENT_BEGIN queue=0x7fc26c02c5e0 swapchain=0x7fc26de32320 index=1\nFLR0026_VK_END_FRAME_BEGIN
FLR0026_VK_QUEUE_PRESENT result=0 surface=7fc26dc7b880 swapchain=7fc26de32320 index=1
FLR0026_VK_PRESENT_BOUNDARY_RETURN result=0
FLR0026_VK_PRESENT_BOUNDARY_DONE
FLR0026_VK_COMMIT_DONE
FLR0026_VK_PRESENT_BOUNDARY_BEGIN index=0
FLR0026_VK_SWAPCHAIN_FLUSH_DONE flushed=true\nFLR0026_VK_FINISHED_SIGNAL_ACQUIRE_BEGIN\nFLR0026_VK_FINISHED_SIGNAL_ACQUIRE_DONE present=true\nFLR0026_VK_PRESENT_WAIT_SEMAPHORE enabled=true\nFLR0026_VK_QUEUE_PRESENT_BEGIN queue=0x7fc26c02c5e0 swapchain=0x7fc26de32320 index=0\nFLR0026_VK_END_FRAME_BEGIN
FLR0026_VK_QUEUE_PRESENT result=0 surface=7fc26dc7b880 swapchain=7fc26de32320 index=0
FLR0026_VK_PRESENT_BOUNDARY_RETURN result=0
FLR0026_VK_PRESENT_BOUNDARY_DONE
FLR0026_VK_COMMIT_DONE
FLR0026_VK_PRESENT_BOUNDARY_BEGIN index=1
FLR0026_VK_SWAPCHAIN_FLUSH_DONE flushed=true\nFLR0026_VK_FINISHED_SIGNAL_ACQUIRE_BEGIN\nFLR0026_VK_FINISHED_SIGNAL_ACQUIRE_DONE present=true\nFLR0026_VK_PRESENT_WAIT_SEMAPHORE enabled=true\nFLR0026_VK_QUEUE_PRESENT_BEGIN queue=0x7fc26c02c5e0 swapchain=0x7fc26de32320 index=1\nFLR0026_VK_END_FRAME_BEGIN
FLR0026_VK_QUEUE_PRESENT result=0 surface=7fc26dc7b880 swapchain=7fc26de32320 index=1
FLR0026_VK_PRESENT_BOUNDARY_RETURN result=0
FLR0026_VK_PRESENT_BOUNDARY_DONE
FLR0026_VK_COMMIT_DONE
FLR0026_VK_PRESENT_BOUNDARY_BEGIN index=0
FLR0026_VK_SWAPCHAIN_FLUSH_DONE flushed=true\nFLR0026_VK_FINISHED_SIGNAL_ACQUIRE_BEGIN\nFLR0026_VK_FINISHED_SIGNAL_ACQUIRE_DONE present=true\nFLR0026_VK_PRESENT_WAIT_SEMAPHORE enabled=true\nFLR0026_VK_QUEUE_PRESENT_BEGIN queue=0x7fc26c02c5e0 swapchain=0x7fc26de32320 index=0\nFLR0026_RENDERER_COMMIT_ENQUEUE
FLR0026_VK_END_FRAME_BEGIN
FLR0026_VK_QUEUE_PRESENT result=0 surface=7fc26dc7b880 swapchain=7fc26de32320 index=0
FLR0026_VK_PRESENT_BOUNDARY_RETURN result=0
FLR0026_VK_PRESENT_BOUNDARY_DONE
FLR0026_VK_COMMIT_DONE
FLR0026_VK_PRESENT_BOUNDARY_BEGIN index=1
FLR0026_VK_SWAPCHAIN_FLUSH_DONE flushed=true\nFLR0026_VK_FINISHED_SIGNAL_ACQUIRE_BEGIN\nFLR0026_VK_FINISHED_SIGNAL_ACQUIRE_DONE present=true\nFLR0026_VK_PRESENT_WAIT_SEMAPHORE enabled=true\nFLR0026_VK_QUEUE_PRESENT_BEGIN queue=0x7fc26c02c5e0 swapchain=0x7fc26de32320 index=1\nFLR0026_VK_END_FRAME_BEGIN
FLR0026_VK_QUEUE_PRESENT result=0 surface=7fc26dc7b880 swapchain=7fc26de32320 index=1
FLR0026_VK_PRESENT_BOUNDARY_RETURN result=0
FLR0026_VK_PRESENT_BOUNDARY_DONE
FLR0026_VK_COMMIT_DONE
FLR0026_VK_PRESENT_BOUNDARY_BEGIN index=0
FLR0026_VK_SWAPCHAIN_FLUSH_DONE flushed=true\nFLR0026_VK_FINISHED_SIGNAL_ACQUIRE_BEGIN\nFLR0026_VK_FINISHED_SIGNAL_ACQUIRE_DONE present=true\nFLR0026_VK_PRESENT_WAIT_SEMAPHORE enabled=true\nFLR0026_VK_QUEUE_PRESENT_BEGIN queue=0x7fc26c02c5e0 swapchain=0x7fc26de32320 index=0\nFLR0026_VK_END_FRAME_BEGIN
FLR0026_VK_QUEUE_PRESENT result=0 surface=7fc26dc7b880 swapchain=7fc26de32320 index=0
FLR0026_VK_PRESENT_BOUNDARY_RETURN result=0
FLR0026_VK_PRESENT_BOUNDARY_DONE
FLR0026_VK_COMMIT_DONE
FLR0026_VK_PRESENT_BOUNDARY_BEGIN index=1
FLR0026_VK_SWAPCHAIN_FLUSH_DONE flushed=true\nFLR0026_VK_FINISHED_SIGNAL_ACQUIRE_BEGIN\nFLR0026_VK_FINISHED_SIGNAL_ACQUIRE_DONE present=true\nFLR0026_VK_PRESENT_WAIT_SEMAPHORE enabled=true\nFLR0026_VK_QUEUE_PRESENT_BEGIN queue=0x7fc26c02c5e0 swapchain=0x7fc26de32320 index=1\nFLR0026_VK_END_FRAME_BEGIN
[13:13:28.131157] [I] FLR0026_FRAME_BEGIN seq=320 started=false
FLR0026_VK_QUEUE_PRESENT result=0 surface=7fc26dc7b880 swapchain=7fc26de32320 index=1
FLR0026_VK_PRESENT_BOUNDARY_RETURN result=0
FLR0026_VK_PRESENT_BOUNDARY_DONE
FLR0026_VK_COMMIT_DONE
FLR0026_VK_PRESENT_BOUNDARY_BEGIN index=0
FLR0026_VK_SWAPCHAIN_FLUSH_DONE flushed=true\nFLR0026_VK_FINISHED_SIGNAL_ACQUIRE_BEGIN\nFLR0026_VK_FINISHED_SIGNAL_ACQUIRE_DONE present=true\nFLR0026_VK_PRESENT_WAIT_SEMAPHORE enabled=true\nFLR0026_VK_QUEUE_PRESENT_BEGIN queue=0x7fc26c02c5e0 swapchain=0x7fc26de32320 index=0\nFLR0026_RENDERER_COMMIT_ENQUEUE
FLR0026_VK_END_FRAME_BEGIN
FLR0026_VK_QUEUE_PRESENT result=0 surface=7fc26dc7b880 swapchain=7fc26de32320 index=0
FLR0026_VK_PRESENT_BOUNDARY_RETURN result=0
FLR0026_VK_PRESENT_BOUNDARY_DONE
FLR0026_VK_COMMIT_DONE
FLR0026_VK_PRESENT_BOUNDARY_BEGIN index=1
FLR0026_VK_SWAPCHAIN_FLUSH_DONE flushed=true\nFLR0026_VK_FINISHED_SIGNAL_ACQUIRE_BEGIN\nFLR0026_VK_FINISHED_SIGNAL_ACQUIRE_DONE present=true\nFLR0026_VK_PRESENT_WAIT_SEMAPHORE enabled=true\nFLR0026_VK_QUEUE_PRESENT_BEGIN queue=0x7fc26c02c5e0 swapchain=0x7fc26de32320 index=1\nFLR0026_VK_END_FRAME_BEGIN
FLR0026_VK_QUEUE_PRESENT result=0 surface=7fc26dc7b880 swapchain=7fc26de32320 index=1
FLR0026_VK_PRESENT_BOUNDARY_RETURN result=0
FLR0026_VK_PRESENT_BOUNDARY_DONE
FLR0026_VK_COMMIT_DONE
FLR0026_VK_PRESENT_BOUNDARY_BEGIN index=0
FLR0026_VK_SWAPCHAIN_FLUSH_DONE flushed=true\nFLR0026_VK_FINISHED_SIGNAL_ACQUIRE_BEGIN\nFLR0026_VK_FINISHED_SIGNAL_ACQUIRE_DONE present=true\nFLR0026_VK_PRESENT_WAIT_SEMAPHORE enabled=true\nFLR0026_VK_QUEUE_PRESENT_BEGIN queue=0x7fc26c02c5e0 swapchain=0x7fc26de32320 index=0\nFLR0026_VK_END_FRAME_BEGIN
FLR0026_VK_QUEUE_PRESENT result=0 surface=7fc26dc7b880 swapchain=7fc26de32320 index=0
FLR0026_VK_PRESENT_BOUNDARY_RETURN result=0
FLR0026_VK_PRESENT_BOUNDARY_DONE
FLR0026_VK_COMMIT_DONE
FLR0026_VK_PRESENT_BOUNDARY_BEGIN index=1
FLR0026_VK_SWAPCHAIN_FLUSH_DONE flushed=true\nFLR0026_VK_FINISHED_SIGNAL_ACQUIRE_BEGIN\nFLR0026_VK_FINISHED_SIGNAL_ACQUIRE_DONE present=true\nFLR0026_VK_PRESENT_WAIT_SEMAPHORE enabled=true\nFLR0026_VK_QUEUE_PRESENT_BEGIN queue=0x7fc26c02c5e0 swapchain=0x7fc26de32320 index=1\nFLR0026_VK_END_FRAME_BEGIN
FLR0026_VK_QUEUE_PRESENT result=0 surface=7fc26dc7b880 swapchain=7fc26de32320 index=1
FLR0026_VK_PRESENT_BOUNDARY_RETURN result=0
FLR0026_VK_PRESENT_BOUNDARY_DONE
FLR0026_VK_COMMIT_DONE
FLR0026_VK_PRESENT_BOUNDARY_BEGIN index=0
FLR0026_VK_SWAPCHAIN_FLUSH_DONE flushed=true\nFLR0026_VK_FINISHED_SIGNAL_ACQUIRE_BEGIN\nFLR0026_VK_FINISHED_SIGNAL_ACQUIRE_DONE present=true\nFLR0026_VK_PRESENT_WAIT_SEMAPHORE enabled=true\nFLR0026_VK_QUEUE_PRESENT_BEGIN queue=0x7fc26c02c5e0 swapchain=0x7fc26de32320 index=0\nFLR0026_VK_END_FRAME_BEGIN
FLR0026_VK_QUEUE_PRESENT result=0 surface=7fc26dc7b880 swapchain=7fc26de32320 index=0
FLR0026_VK_PRESENT_BOUNDARY_RETURN result=0
FLR0026_VK_PRESENT_BOUNDARY_DONE
FLR0026_VK_COMMIT_DONE
FLR0026_VK_PRESENT_BOUNDARY_BEGIN index=1
FLR0026_VK_SWAPCHAIN_FLUSH_DONE flushed=true\nFLR0026_VK_FINISHED_SIGNAL_ACQUIRE_BEGIN\nFLR0026_VK_FINISHED_SIGNAL_ACQUIRE_DONE present=true\nFLR0026_VK_PRESENT_WAIT_SEMAPHORE enabled=true\nFLR0026_VK_QUEUE_PRESENT_BEGIN queue=0x7fc26c02c5e0 swapchain=0x7fc26de32320 index=1\nFLR0026_VK_END_FRAME_BEGIN
FLR0026_VK_QUEUE_PRESENT result=0 surface=7fc26dc7b880 swapchain=7fc26de32320 index=1
FLR0026_VK_PRESENT_BOUNDARY_RETURN result=0
FLR0026_VK_PRESENT_BOUNDARY_DONE
FLR0026_VK_COMMIT_DONE
FLR0026_VK_PRESENT_BOUNDARY_BEGIN index=0
FLR0026_VK_SWAPCHAIN_FLUSH_DONE flushed=true\nFLR0026_VK_FINISHED_SIGNAL_ACQUIRE_BEGIN\nFLR0026_VK_FINISHED_SIGNAL_ACQUIRE_DONE present=true\nFLR0026_VK_PRESENT_WAIT_SEMAPHORE enabled=true\nFLR0026_VK_QUEUE_PRESENT_BEGIN queue=0x7fc26c02c5e0 swapchain=0x7fc26de32320 index=0\nFLR0026_VK_END_FRAME_BEGIN
FLR0026_VK_QUEUE_PRESENT result=0 surface=7fc26dc7b880 swapchain=7fc26de32320 index=0
FLR0026_VK_PRESENT_BOUNDARY_RETURN result=0
FLR0026_VK_PRESENT_BOUNDARY_DONE
FLR0026_VK_COMMIT_DONE
FLR0026_VK_PRESENT_BOUNDARY_BEGIN index=1
FLR0026_VK_SWAPCHAIN_FLUSH_DONE flushed=true\nFLR0026_VK_FINISHED_SIGNAL_ACQUIRE_BEGIN\nFLR0026_VK_FINISHED_SIGNAL_ACQUIRE_DONE present=true\nFLR0026_VK_PRESENT_WAIT_SEMAPHORE enabled=true\nFLR0026_VK_QUEUE_PRESENT_BEGIN queue=0x7fc26c02c5e0 swapchain=0x7fc26de32320 index=1\nFLR0026_VK_END_FRAME_BEGIN
FLR0026_VK_QUEUE_PRESENT result=0 surface=7fc26dc7b880 swapchain=7fc26de32320 index=1
FLR0026_VK_PRESENT_BOUNDARY_RETURN result=0
FLR0026_VK_PRESENT_BOUNDARY_DONE
FLR0026_VK_COMMIT_DONE
FLR0026_VK_PRESENT_BOUNDARY_BEGIN index=0
FLR0026_VK_SWAPCHAIN_FLUSH_DONE flushed=true\nFLR0026_VK_FINISHED_SIGNAL_ACQUIRE_BEGIN\nFLR0026_VK_FINISHED_SIGNAL_ACQUIRE_DONE present=true\nFLR0026_VK_PRESENT_WAIT_SEMAPHORE enabled=true\nFLR0026_VK_QUEUE_PRESENT_BEGIN queue=0x7fc26c02c5e0 swapchain=0x7fc26de32320 index=0\nFLR0026_VK_END_FRAME_BEGIN
FLR0026_VK_QUEUE_PRESENT result=0 surface=7fc26dc7b880 swapchain=7fc26de32320 index=0
FLR0026_VK_PRESENT_BOUNDARY_RETURN result=0
FLR0026_VK_PRESENT_BOUNDARY_DONE
FLR0026_VK_COMMIT_DONE
FLR0026_VK_PRESENT_BOUNDARY_BEGIN index=1
FLR0026_VK_SWAPCHAIN_FLUSH_DONE flushed=true\nFLR0026_VK_FINISHED_SIGNAL_ACQUIRE_BEGIN\nFLR0026_VK_FINISHED_SIGNAL_ACQUIRE_DONE present=true\nFLR0026_VK_PRESENT_WAIT_SEMAPHORE enabled=true\nFLR0026_VK_QUEUE_PRESENT_BEGIN queue=0x7fc26c02c5e0 swapchain=0x7fc26de32320 index=1\nFLR0026_VK_END_FRAME_BEGIN
[13:13:30.408088] [I] FLR0026_FRAME_BEGIN seq=330 started=false
FLR0026_VK_QUEUE_PRESENT result=0 surface=7fc26dc7b880 swapchain=7fc26de32320 index=1
FLR0026_VK_PRESENT_BOUNDARY_RETURN result=0
FLR0026_VK_PRESENT_BOUNDARY_DONE
FLR0026_VK_COMMIT_DONE
FLR0026_VK_END_FRAME_BEGIN
FLR0026_VK_PRESENT_BOUNDARY_BEGIN index=0
FLR0026_VK_SWAPCHAIN_FLUSH_DONE flushed=true\nFLR0026_VK_FINISHED_SIGNAL_ACQUIRE_BEGIN\nFLR0026_VK_FINISHED_SIGNAL_ACQUIRE_DONE present=true\nFLR0026_VK_PRESENT_WAIT_SEMAPHORE enabled=true\nFLR0026_VK_QUEUE_PRESENT_BEGIN queue=0x7fc26c02c5e0 swapchain=0x7fc26de32320 index=0\n[13:13:30.622677] [E] [handleMessage] Exception in handler: Entity(164): Light not found
FLR0026_VK_QUEUE_PRESENT result=0 surface=7fc26dc7b880 swapchain=7fc26de32320 index=0
FLR0026_VK_PRESENT_BOUNDARY_RETURN result=0
FLR0026_VK_PRESENT_BOUNDARY_DONE
FLR0026_VK_COMMIT_DONE
FLR0026_VK_PRESENT_BOUNDARY_BEGIN index=1
FLR0026_VK_SWAPCHAIN_FLUSH_DONE flushed=true\nFLR0026_VK_FINISHED_SIGNAL_ACQUIRE_BEGIN\nFLR0026_VK_FINISHED_SIGNAL_ACQUIRE_DONE present=true\nFLR0026_VK_PRESENT_WAIT_SEMAPHORE enabled=true\nFLR0026_VK_QUEUE_PRESENT_BEGIN queue=0x7fc26c02c5e0 swapchain=0x7fc26de32320 index=1\nFLR0026_VK_END_FRAME_BEGIN
FLR0026_VK_QUEUE_PRESENT result=0 surface=7fc26dc7b880 swapchain=7fc26de32320 index=1
FLR0026_VK_PRESENT_BOUNDARY_RETURN result=0
FLR0026_VK_PRESENT_BOUNDARY_DONE
FLR0026_VK_COMMIT_DONE
FLR0026_VK_PRESENT_BOUNDARY_BEGIN index=0
FLR0026_VK_SWAPCHAIN_FLUSH_DONE flushed=true\nFLR0026_VK_FINISHED_SIGNAL_ACQUIRE_BEGIN\nFLR0026_VK_FINISHED_SIGNAL_ACQUIRE_DONE present=true\nFLR0026_VK_PRESENT_WAIT_SEMAPHORE enabled=true\nFLR0026_VK_QUEUE_PRESENT_BEGIN queue=0x7fc26c02c5e0 swapchain=0x7fc26de32320 index=0\nFLR0026_VK_END_FRAME_BEGIN
FLR0026_VK_QUEUE_PRESENT result=0 surface=7fc26dc7b880 swapchain=7fc26de32320 index=0
FLR0026_VK_PRESENT_BOUNDARY_RETURN result=0
FLR0026_VK_PRESENT_BOUNDARY_DONE
FLR0026_VK_COMMIT_DONE
FLR0026_VK_PRESENT_BOUNDARY_BEGIN index=1
FLR0026_VK_SWAPCHAIN_FLUSH_DONE flushed=true\nFLR0026_VK_FINISHED_SIGNAL_ACQUIRE_BEGIN\nFLR0026_VK_FINISHED_SIGNAL_ACQUIRE_DONE present=true\nFLR0026_VK_PRESENT_WAIT_SEMAPHORE enabled=true\nFLR0026_VK_QUEUE_PRESENT_BEGIN queue=0x7fc26c02c5e0 swapchain=0x7fc26de32320 index=1\nFLR0026_VK_END_FRAME_BEGIN
FLR0026_VK_QUEUE_PRESENT result=0 surface=7fc26dc7b880 swapchain=7fc26de32320 index=1
FLR0026_VK_PRESENT_BOUNDARY_RETURN result=0
FLR0026_VK_PRESENT_BOUNDARY_DONE
FLR0026_VK_COMMIT_DONE
FLR0026_VK_PRESENT_BOUNDARY_BEGIN index=0
FLR0026_VK_SWAPCHAIN_FLUSH_DONE flushed=true\nFLR0026_VK_FINISHED_SIGNAL_ACQUIRE_BEGIN\nFLR0026_VK_FINISHED_SIGNAL_ACQUIRE_DONE present=true\nFLR0026_VK_PRESENT_WAIT_SEMAPHORE enabled=true\nFLR0026_VK_QUEUE_PRESENT_BEGIN queue=0x7fc26c02c5e0 swapchain=0x7fc26de32320 index=0\nFLR0026_VK_END_FRAME_BEGIN
FLR0026_VK_QUEUE_PRESENT result=0 surface=7fc26dc7b880 swapchain=7fc26de32320 index=0
FLR0026_VK_PRESENT_BOUNDARY_RETURN result=0
FLR0026_VK_PRESENT_BOUNDARY_DONE
FLR0026_VK_COMMIT_DONE
FLR0026_VK_PRESENT_BOUNDARY_BEGIN index=1
FLR0026_VK_SWAPCHAIN_FLUSH_DONE flushed=true\nFLR0026_VK_FINISHED_SIGNAL_ACQUIRE_BEGIN\nFLR0026_VK_FINISHED_SIGNAL_ACQUIRE_DONE present=true\nFLR0026_VK_PRESENT_WAIT_SEMAPHORE enabled=true\nFLR0026_VK_QUEUE_PRESENT_BEGIN queue=0x7fc26c02c5e0 swapchain=0x7fc26de32320 index=1\nFLR0026_VK_END_FRAME_BEGIN
FLR0026_VK_QUEUE_PRESENT result=0 surface=7fc26dc7b880 swapchain=7fc26de32320 index=1
FLR0026_VK_PRESENT_BOUNDARY_RETURN result=0
FLR0026_VK_PRESENT_BOUNDARY_DONE
FLR0026_VK_COMMIT_DONE
FLR0026_VK_PRESENT_BOUNDARY_BEGIN index=0
FLR0026_VK_SWAPCHAIN_FLUSH_DONE flushed=true\nFLR0026_VK_FINISHED_SIGNAL_ACQUIRE_BEGIN\nFLR0026_VK_FINISHED_SIGNAL_ACQUIRE_DONE present=true\nFLR0026_VK_PRESENT_WAIT_SEMAPHORE enabled=true\nFLR0026_VK_QUEUE_PRESENT_BEGIN queue=0x7fc26c02c5e0 swapchain=0x7fc26de32320 index=0\nFLR0026_VK_END_FRAME_BEGIN
FLR0026_VK_QUEUE_PRESENT result=0 surface=7fc26dc7b880 swapchain=7fc26de32320 index=0
FLR0026_VK_PRESENT_BOUNDARY_RETURN result=0
FLR0026_VK_PRESENT_BOUNDARY_DONE
FLR0026_VK_COMMIT_DONE
FLR0026_VK_PRESENT_BOUNDARY_BEGIN index=1
FLR0026_VK_SWAPCHAIN_FLUSH_DONE flushed=true\nFLR0026_VK_FINISHED_SIGNAL_ACQUIRE_BEGIN\nFLR0026_VK_FINISHED_SIGNAL_ACQUIRE_DONE present=true\nFLR0026_VK_PRESENT_WAIT_SEMAPHORE enabled=true\nFLR0026_VK_QUEUE_PRESENT_BEGIN queue=0x7fc26c02c5e0 swapchain=0x7fc26de32320 index=1\nFLR0026_VK_END_FRAME_BEGIN
FLR0026_VK_QUEUE_PRESENT result=0 surface=7fc26dc7b880 swapchain=7fc26de32320 index=1
FLR0026_VK_PRESENT_BOUNDARY_RETURN result=0
FLR0026_VK_PRESENT_BOUNDARY_DONE
FLR0026_VK_COMMIT_DONE
FLR0026_VK_PRESENT_BOUNDARY_BEGIN index=0
FLR0026_VK_SWAPCHAIN_FLUSH_DONE flushed=true\nFLR0026_VK_FINISHED_SIGNAL_ACQUIRE_BEGIN\nFLR0026_VK_FINISHED_SIGNAL_ACQUIRE_DONE present=true\nFLR0026_VK_PRESENT_WAIT_SEMAPHORE enabled=true\nFLR0026_VK_QUEUE_PRESENT_BEGIN queue=0x7fc26c02c5e0 swapchain=0x7fc26de32320 index=0\nFLR0026_VK_END_FRAME_BEGIN
FLR0026_VK_QUEUE_PRESENT result=0 surface=7fc26dc7b880 swapchain=7fc26de32320 index=0
FLR0026_VK_PRESENT_BOUNDARY_RETURN result=0
FLR0026_VK_PRESENT_BOUNDARY_DONE
FLR0026_VK_COMMIT_DONE
FLR0026_VK_PRESENT_BOUNDARY_BEGIN index=1
FLR0026_VK_SWAPCHAIN_FLUSH_DONE flushed=true\nFLR0026_VK_FINISHED_SIGNAL_ACQUIRE_BEGIN\nFLR0026_VK_FINISHED_SIGNAL_ACQUIRE_DONE present=true\nFLR0026_VK_PRESENT_WAIT_SEMAPHORE enabled=true\nFLR0026_VK_QUEUE_PRESENT_BEGIN queue=0x7fc26c02c5e0 swapchain=0x7fc26de32320 index=1\nFLR0026_VK_END_FRAME_BEGIN
[13:13:32.671534] [I] FLR0026_FRAME_BEGIN seq=340 started=false
FLR0026_VK_QUEUE_PRESENT result=0 surface=7fc26dc7b880 swapchain=7fc26de32320 index=1
FLR0026_VK_PRESENT_BOUNDARY_RETURN result=0
FLR0026_VK_PRESENT_BOUNDARY_DONE
FLR0026_VK_COMMIT_DONE
FLR0026_VK_PRESENT_BOUNDARY_BEGIN index=0
FLR0026_VK_SWAPCHAIN_FLUSH_DONE flushed=true\nFLR0026_VK_FINISHED_SIGNAL_ACQUIRE_BEGIN\nFLR0026_VK_FINISHED_SIGNAL_ACQUIRE_DONE present=true\nFLR0026_VK_PRESENT_WAIT_SEMAPHORE enabled=true\nFLR0026_VK_QUEUE_PRESENT_BEGIN queue=0x7fc26c02c5e0 swapchain=0x7fc26de32320 index=0\nFLR0026_VK_END_FRAME_BEGIN
FLR0026_VK_QUEUE_PRESENT result=0 surface=7fc26dc7b880 swapchain=7fc26de32320 index=0
FLR0026_VK_PRESENT_BOUNDARY_RETURN result=0
FLR0026_VK_PRESENT_BOUNDARY_DONE
FLR0026_VK_COMMIT_DONE
FLR0026_VK_PRESENT_BOUNDARY_BEGIN index=1
FLR0026_VK_SWAPCHAIN_FLUSH_DONE flushed=true\nFLR0026_VK_FINISHED_SIGNAL_ACQUIRE_BEGIN\nFLR0026_VK_FINISHED_SIGNAL_ACQUIRE_DONE present=true\nFLR0026_VK_PRESENT_WAIT_SEMAPHORE enabled=true\nFLR0026_VK_QUEUE_PRESENT_BEGIN queue=0x7fc26c02c5e0 swapchain=0x7fc26de32320 index=1\nFLR0026_VK_END_FRAME_BEGIN
FLR0026_VK_QUEUE_PRESENT result=0 surface=7fc26dc7b880 swapchain=7fc26de32320 index=1
FLR0026_VK_PRESENT_BOUNDARY_RETURN result=0
FLR0026_VK_PRESENT_BOUNDARY_DONE
FLR0026_VK_COMMIT_DONE
FLR0026_VK_PRESENT_BOUNDARY_BEGIN index=0
FLR0026_VK_SWAPCHAIN_FLUSH_DONE flushed=true\nFLR0026_VK_FINISHED_SIGNAL_ACQUIRE_BEGIN\nFLR0026_VK_FINISHED_SIGNAL_ACQUIRE_DONE present=true\nFLR0026_VK_PRESENT_WAIT_SEMAPHORE enabled=true\nFLR0026_VK_QUEUE_PRESENT_BEGIN queue=0x7fc26c02c5e0 swapchain=0x7fc26de32320 index=0\nFLR0026_VK_END_FRAME_BEGIN
FLR0026_VK_QUEUE_PRESENT result=0 surface=7fc26dc7b880 swapchain=7fc26de32320 index=0
FLR0026_VK_PRESENT_BOUNDARY_RETURN result=0
FLR0026_VK_PRESENT_BOUNDARY_DONE
FLR0026_VK_COMMIT_DONE
FLR0026_VK_PRESENT_BOUNDARY_BEGIN index=1
FLR0026_VK_SWAPCHAIN_FLUSH_DONE flushed=true\nFLR0026_VK_FINISHED_SIGNAL_ACQUIRE_BEGIN\nFLR0026_VK_FINISHED_SIGNAL_ACQUIRE_DONE present=true\nFLR0026_VK_PRESENT_WAIT_SEMAPHORE enabled=true\nFLR0026_VK_QUEUE_PRESENT_BEGIN queue=0x7fc26c02c5e0 swapchain=0x7fc26de32320 index=1\nFLR0026_VK_END_FRAME_BEGIN
FLR0026_VK_QUEUE_PRESENT result=0 surface=7fc26dc7b880 swapchain=7fc26de32320 index=1
FLR0026_VK_PRESENT_BOUNDARY_RETURN result=0
FLR0026_VK_PRESENT_BOUNDARY_DONE
FLR0026_VK_COMMIT_DONE
FLR0026_VK_PRESENT_BOUNDARY_BEGIN index=0
FLR0026_VK_SWAPCHAIN_FLUSH_DONE flushed=true\nFLR0026_VK_FINISHED_SIGNAL_ACQUIRE_BEGIN\nFLR0026_VK_FINISHED_SIGNAL_ACQUIRE_DONE present=true\nFLR0026_VK_PRESENT_WAIT_SEMAPHORE enabled=true\nFLR0026_VK_QUEUE_PRESENT_BEGIN queue=0x7fc26c02c5e0 swapchain=0x7fc26de32320 index=0\nFLR0026_VK_END_FRAME_BEGIN
FLR0026_VK_QUEUE_PRESENT result=0 surface=7fc26dc7b880 swapchain=7fc26de32320 index=0
FLR0026_VK_PRESENT_BOUNDARY_RETURN result=0
FLR0026_VK_PRESENT_BOUNDARY_DONE
FLR0026_VK_COMMIT_DONE
FLR0026_VK_PRESENT_BOUNDARY_BEGIN index=1
FLR0026_VK_SWAPCHAIN_FLUSH_DONE flushed=true\nFLR0026_VK_FINISHED_SIGNAL_ACQUIRE_BEGIN\nFLR0026_VK_FINISHED_SIGNAL_ACQUIRE_DONE present=true\nFLR0026_VK_PRESENT_WAIT_SEMAPHORE enabled=true\nFLR0026_VK_QUEUE_PRESENT_BEGIN queue=0x7fc26c02c5e0 swapchain=0x7fc26de32320 index=1\nFLR0026_VK_END_FRAME_BEGIN
FLR0026_VK_QUEUE_PRESENT result=0 surface=7fc26dc7b880 swapchain=7fc26de32320 index=1
FLR0026_VK_PRESENT_BOUNDARY_RETURN result=0
FLR0026_VK_PRESENT_BOUNDARY_DONE
FLR0026_VK_COMMIT_DONE
FLR0026_VK_PRESENT_BOUNDARY_BEGIN index=0
FLR0026_VK_FINISHED_SIGNAL_ACQUIRE_DONE present=true\nFLR0026_VK_PRESENT_WAIT_SEMAPHORE enabled=true\nFLR0026_VK_QUEUE_PRESENT_BEGIN queue=0x7fc26c02c5e0 swapchain=0x7fc26de32320 index=0\nFLR0026_VK_END_FRAME_BEGIN
FLR0026_VK_QUEUE_PRESENT result=0 surface=7fc26dc7b880 swapchain=7fc26de32320 index=0
FLR0026_VK_PRESENT_BOUNDARY_RETURN result=0
FLR0026_VK_PRESENT_BOUNDARY_DONE
FLR0026_VK_COMMIT_DONE
FLR0026_VK_PRESENT_BOUNDARY_BEGIN index=1
FLR0026_VK_SWAPCHAIN_FLUSH_DONE flushed=true\nFLR0026_VK_FINISHED_SIGNAL_ACQUIRE_BEGIN\nFLR0026_VK_FINISHED_SIGNAL_ACQUIRE_DONE present=true\nFLR0026_VK_PRESENT_WAIT_SEMAPHORE enabled=true\nFLR0026_VK_QUEUE_PRESENT_BEGIN queue=0x7fc26c02c5e0 swapchain=0x7fc26de32320 index=1\nFLR0026_VK_END_FRAME_BEGIN
FLR0026_VK_QUEUE_PRESENT result=0 surface=7fc26dc7b880 swapchain=7fc26de32320 index=1
FLR0026_VK_PRESENT_BOUNDARY_RETURN result=0
FLR0026_VK_PRESENT_BOUNDARY_DONE
FLR0026_VK_COMMIT_DONE
FLR0026_VK_PRESENT_BOUNDARY_BEGIN index=0
FLR0026_VK_SWAPCHAIN_FLUSH_DONE flushed=true\nFLR0026_VK_FINISHED_SIGNAL_ACQUIRE_BEGIN\nFLR0026_VK_FINISHED_SIGNAL_ACQUIRE_DONE present=true\nFLR0026_VK_PRESENT_WAIT_SEMAPHORE enabled=true\nFLR0026_VK_QUEUE_PRESENT_BEGIN queue=0x7fc26c02c5e0 swapchain=0x7fc26de32320 index=0\nFLR0026_VK_END_FRAME_BEGIN
FLR0026_VK_QUEUE_PRESENT result=0 surface=7fc26dc7b880 swapchain=7fc26de32320 index=0
FLR0026_VK_PRESENT_BOUNDARY_RETURN result=0
FLR0026_VK_PRESENT_BOUNDARY_DONE
FLR0026_VK_COMMIT_DONE
FLR0026_VK_PRESENT_BOUNDARY_BEGIN index=1
FLR0026_VK_SWAPCHAIN_FLUSH_DONE flushed=true\nFLR0026_VK_FINISHED_SIGNAL_ACQUIRE_BEGIN\nFLR0026_VK_FINISHED_SIGNAL_ACQUIRE_DONE present=true\nFLR0026_VK_PRESENT_WAIT_SEMAPHORE enabled=true\nFLR0026_VK_QUEUE_PRESENT_BEGIN queue=0x7fc26c02c5e0 swapchain=0x7fc26de32320 index=1\nFLR0026_VK_END_FRAME_BEGIN
[13:13:34.940277] [I] FLR0026_FRAME_BEGIN seq=350 started=false
FLR0026_VK_QUEUE_PRESENT result=0 surface=7fc26dc7b880 swapchain=7fc26de32320 index=1
FLR0026_VK_PRESENT_BOUNDARY_RETURN result=0
FLR0026_VK_PRESENT_BOUNDARY_DONE
FLR0026_VK_COMMIT_DONE
FLR0026_VK_END_FRAME_BEGIN
FLR0026_VK_PRESENT_BOUNDARY_BEGIN index=0
FLR0026_VK_SWAPCHAIN_FLUSH_DONE flushed=true\nFLR0026_VK_FINISHED_SIGNAL_ACQUIRE_BEGIN\nFLR0026_VK_FINISHED_SIGNAL_ACQUIRE_DONE present=true\nFLR0026_VK_PRESENT_WAIT_SEMAPHORE enabled=true\nFLR0026_VK_QUEUE_PRESENT_BEGIN queue=0x7fc26c02c5e0 swapchain=0x7fc26de32320 index=0\nFLR0026_VK_END_FRAME_COMMANDS_RECORDED
FLR0026_VK_QUEUE_PRESENT result=0 surface=7fc26dc7b880 swapchain=7fc26de32320 index=0
FLR0026_VK_PRESENT_BOUNDARY_RETURN result=0
FLR0026_VK_PRESENT_BOUNDARY_DONE
FLR0026_VK_COMMIT_DONE
FLR0026_VK_PRESENT_BOUNDARY_BEGIN index=1
FLR0026_VK_SWAPCHAIN_FLUSH_DONE flushed=true\nFLR0026_VK_FINISHED_SIGNAL_ACQUIRE_BEGIN\nFLR0026_VK_FINISHED_SIGNAL_ACQUIRE_DONE present=true\nFLR0026_VK_PRESENT_WAIT_SEMAPHORE enabled=true\nFLR0026_VK_QUEUE_PRESENT_BEGIN queue=0x7fc26c02c5e0 swapchain=0x7fc26de32320 index=1\nFLR0026_VK_END_FRAME_BEGIN
FLR0026_VK_QUEUE_PRESENT result=0 surface=7fc26dc7b880 swapchain=7fc26de32320 index=1
FLR0026_VK_PRESENT_BOUNDARY_RETURN result=0
FLR0026_VK_PRESENT_BOUNDARY_DONE
FLR0026_VK_COMMIT_DONE
FLR0026_VK_PRESENT_BOUNDARY_BEGIN index=0
FLR0026_VK_SWAPCHAIN_FLUSH_DONE flushed=true\nFLR0026_VK_FINISHED_SIGNAL_ACQUIRE_BEGIN\nFLR0026_VK_FINISHED_SIGNAL_ACQUIRE_DONE present=true\nFLR0026_VK_PRESENT_WAIT_SEMAPHORE enabled=true\nFLR0026_VK_QUEUE_PRESENT_BEGIN queue=0x7fc26c02c5e0 swapchain=0x7fc26de32320 index=0\nFLR0026_VK_END_FRAME_BEGIN
FLR0026_VK_QUEUE_PRESENT result=0 surface=7fc26dc7b880 swapchain=7fc26de32320 index=0
FLR0026_VK_PRESENT_BOUNDARY_RETURN result=0
FLR0026_VK_PRESENT_BOUNDARY_DONE
FLR0026_VK_COMMIT_DONE
FLR0026_VK_PRESENT_BOUNDARY_BEGIN index=1
FLR0026_VK_SWAPCHAIN_FLUSH_DONE flushed=true\nFLR0026_VK_FINISHED_SIGNAL_ACQUIRE_BEGIN\nFLR0026_VK_FINISHED_SIGNAL_ACQUIRE_DONE present=true\nFLR0026_VK_PRESENT_WAIT_SEMAPHORE enabled=true\nFLR0026_VK_QUEUE_PRESENT_BEGIN queue=0x7fc26c02c5e0 swapchain=0x7fc26de32320 index=1\nFLR0026_VK_END_FRAME_BEGIN
FLR0026_VK_QUEUE_PRESENT result=0 surface=7fc26dc7b880 swapchain=7fc26de32320 index=1
FLR0026_VK_PRESENT_BOUNDARY_RETURN result=0
FLR0026_VK_PRESENT_BOUNDARY_DONE
FLR0026_VK_COMMIT_DONE
FLR0026_VK_PRESENT_BOUNDARY_BEGIN index=0
FLR0026_VK_SWAPCHAIN_FLUSH_DONE flushed=true\nFLR0026_VK_FINISHED_SIGNAL_ACQUIRE_BEGIN\nFLR0026_VK_FINISHED_SIGNAL_ACQUIRE_DONE present=true\nFLR0026_VK_PRESENT_WAIT_SEMAPHORE enabled=true\nFLR0026_VK_QUEUE_PRESENT_BEGIN queue=0x7fc26c02c5e0 swapchain=0x7fc26de32320 index=0\nFLR0026_VK_END_FRAME_BEGIN
FLR0026_VK_QUEUE_PRESENT result=0 surface=7fc26dc7b880 swapchain=7fc26de32320 index=0
FLR0026_VK_PRESENT_BOUNDARY_RETURN result=0
FLR0026_VK_PRESENT_BOUNDARY_DONE
FLR0026_VK_COMMIT_DONE
FLR0026_VK_PRESENT_BOUNDARY_BEGIN index=1
FLR0026_VK_SWAPCHAIN_FLUSH_DONE flushed=true\nFLR0026_VK_FINISHED_SIGNAL_ACQUIRE_BEGIN\nFLR0026_VK_FINISHED_SIGNAL_ACQUIRE_DONE present=true\nFLR0026_VK_PRESENT_WAIT_SEMAPHORE enabled=true\nFLR0026_VK_QUEUE_PRESENT_BEGIN queue=0x7fc26c02c5e0 swapchain=0x7fc26de32320 index=1\nFLR0026_VK_END_FRAME_BEGIN
FLR0026_VK_QUEUE_PRESENT result=0 surface=7fc26dc7b880 swapchain=7fc26de32320 index=1
FLR0026_VK_PRESENT_BOUNDARY_RETURN result=0
FLR0026_VK_PRESENT_BOUNDARY_DONE
FLR0026_VK_COMMIT_DONE
FLR0026_VK_PRESENT_BOUNDARY_BEGIN index=0
FLR0026_VK_SWAPCHAIN_FLUSH_DONE flushed=true\nFLR0026_VK_FINISHED_SIGNAL_ACQUIRE_BEGIN\nFLR0026_VK_FINISHED_SIGNAL_ACQUIRE_DONE present=true\nFLR0026_VK_PRESENT_WAIT_SEMAPHORE enabled=true\nFLR0026_VK_QUEUE_PRESENT_BEGIN queue=0x7fc26c02c5e0 swapchain=0x7fc26de32320 index=0\nFLR0026_VK_END_FRAME_BEGIN
FLR0026_VK_QUEUE_PRESENT result=0 surface=7fc26dc7b880 swapchain=7fc26de32320 index=0
FLR0026_VK_PRESENT_BOUNDARY_RETURN result=0
FLR0026_VK_PRESENT_BOUNDARY_DONE
FLR0026_VK_COMMIT_DONE
FLR0026_VK_PRESENT_BOUNDARY_BEGIN index=1
FLR0026_VK_SWAPCHAIN_FLUSH_DONE flushed=true\nFLR0026_VK_FINISHED_SIGNAL_ACQUIRE_BEGIN\nFLR0026_VK_FINISHED_SIGNAL_ACQUIRE_DONE present=true\nFLR0026_VK_PRESENT_WAIT_SEMAPHORE enabled=true\nFLR0026_VK_QUEUE_PRESENT_BEGIN queue=0x7fc26c02c5e0 swapchain=0x7fc26de32320 index=1\nFLR0026_VK_END_FRAME_BEGIN
FLR0026_VK_QUEUE_PRESENT result=0 surface=7fc26dc7b880 swapchain=7fc26de32320 index=1
FLR0026_VK_PRESENT_BOUNDARY_RETURN result=0
FLR0026_VK_PRESENT_BOUNDARY_DONE
FLR0026_VK_COMMIT_DONE
FLR0026_VK_PRESENT_BOUNDARY_BEGIN index=0
FLR0026_VK_SWAPCHAIN_FLUSH_DONE flushed=true\nFLR0026_VK_FINISHED_SIGNAL_ACQUIRE_BEGIN\nFLR0026_VK_FINISHED_SIGNAL_ACQUIRE_DONE present=true\nFLR0026_VK_PRESENT_WAIT_SEMAPHORE enabled=true\nFLR0026_VK_QUEUE_PRESENT_BEGIN queue=0x7fc26c02c5e0 swapchain=0x7fc26de32320 index=0\nFLR0026_VK_END_FRAME_BEGIN
FLR0026_VK_QUEUE_PRESENT result=0 surface=7fc26dc7b880 swapchain=7fc26de32320 index=0
FLR0026_VK_PRESENT_BOUNDARY_RETURN result=0
FLR0026_VK_PRESENT_BOUNDARY_DONE
FLR0026_VK_COMMIT_DONE
FLR0026_VK_PRESENT_BOUNDARY_BEGIN index=1
FLR0026_VK_SWAPCHAIN_FLUSH_DONE flushed=true\nFLR0026_VK_FINISHED_SIGNAL_ACQUIRE_BEGIN\nFLR0026_VK_FINISHED_SIGNAL_ACQUIRE_DONE present=true\nFLR0026_VK_PRESENT_WAIT_SEMAPHORE enabled=true\nFLR0026_VK_QUEUE_PRESENT_BEGIN queue=0x7fc26c02c5e0 swapchain=0x7fc26de32320 index=1\nFLR0026_VK_END_FRAME_BEGIN
[13:13:37.218128] [I] FLR0026_FRAME_BEGIN seq=360 started=false
FLR0026_VK_QUEUE_PRESENT result=0 surface=7fc26dc7b880 swapchain=7fc26de32320 index=1
FLR0026_VK_PRESENT_BOUNDARY_RETURN result=0
FLR0026_VK_PRESENT_BOUNDARY_DONE
FLR0026_VK_COMMIT_DONE
FLR0026_VK_END_FRAME_BEGIN
FLR0026_VK_PRESENT_BOUNDARY_BEGIN index=0
FLR0026_VK_SWAPCHAIN_FLUSH_DONE flushed=true\nFLR0026_VK_FINISHED_SIGNAL_ACQUIRE_BEGIN\nFLR0026_VK_FINISHED_SIGNAL_ACQUIRE_DONE present=true\nFLR0026_VK_PRESENT_WAIT_SEMAPHORE enabled=true\nFLR0026_VK_QUEUE_PRESENT_BEGIN queue=0x7fc26c02c5e0 swapchain=0x7fc26de32320 index=0\n[13:13:37.443695] [E] [handleMessage] Exception in handler: Entity(164): Light not found
FLR0026_VK_QUEUE_PRESENT result=0 surface=7fc26dc7b880 swapchain=7fc26de32320 index=0
FLR0026_VK_PRESENT_BOUNDARY_RETURN result=0
FLR0026_VK_PRESENT_BOUNDARY_DONE
FLR0026_VK_COMMIT_DONE
FLR0026_VK_PRESENT_BOUNDARY_BEGIN index=1
FLR0026_VK_SWAPCHAIN_FLUSH_DONE flushed=true\nFLR0026_VK_FINISHED_SIGNAL_ACQUIRE_BEGIN\nFLR0026_VK_FINISHED_SIGNAL_ACQUIRE_DONE present=true\nFLR0026_VK_PRESENT_WAIT_SEMAPHORE enabled=true\nFLR0026_VK_QUEUE_PRESENT_BEGIN queue=0x7fc26c02c5e0 swapchain=0x7fc26de32320 index=1\nFLR0026_VK_END_FRAME_BEGIN
FLR0026_VK_QUEUE_PRESENT result=0 surface=7fc26dc7b880 swapchain=7fc26de32320 index=1
FLR0026_VK_PRESENT_BOUNDARY_RETURN result=0
FLR0026_VK_PRESENT_BOUNDARY_DONE
FLR0026_VK_COMMIT_DONE
FLR0026_VK_PRESENT_BOUNDARY_BEGIN index=0
FLR0026_VK_SWAPCHAIN_FLUSH_DONE flushed=true\nFLR0026_VK_FINISHED_SIGNAL_ACQUIRE_BEGIN\nFLR0026_VK_FINISHED_SIGNAL_ACQUIRE_DONE present=true\nFLR0026_VK_PRESENT_WAIT_SEMAPHORE enabled=true\nFLR0026_VK_QUEUE_PRESENT_BEGIN queue=0x7fc26c02c5e0 swapchain=0x7fc26de32320 index=0\nFLR0026_VK_END_FRAME_BEGIN
FLR0026_VK_QUEUE_PRESENT result=0 surface=7fc26dc7b880 swapchain=7fc26de32320 index=0
FLR0026_VK_PRESENT_BOUNDARY_RETURN result=0
FLR0026_VK_PRESENT_BOUNDARY_DONE
FLR0026_VK_COMMIT_DONE
FLR0026_VK_PRESENT_BOUNDARY_BEGIN index=1
FLR0026_VK_SWAPCHAIN_FLUSH_DONE flushed=true\nFLR0026_VK_FINISHED_SIGNAL_ACQUIRE_BEGIN\nFLR0026_VK_FINISHED_SIGNAL_ACQUIRE_DONE present=true\nFLR0026_VK_PRESENT_WAIT_SEMAPHORE enabled=true\nFLR0026_VK_QUEUE_PRESENT_BEGIN queue=0x7fc26c02c5e0 swapchain=0x7fc26de32320 index=1\nFLR0026_VK_END_FRAME_BEGIN
FLR0026_VK_QUEUE_PRESENT result=0 surface=7fc26dc7b880 swapchain=7fc26de32320 index=1
FLR0026_VK_PRESENT_BOUNDARY_RETURN result=0
FLR0026_VK_PRESENT_BOUNDARY_DONE
FLR0026_VK_COMMIT_DONE
FLR0026_VK_PRESENT_BOUNDARY_BEGIN index=0
FLR0026_VK_SWAPCHAIN_FLUSH_DONE flushed=true\nFLR0026_VK_FINISHED_SIGNAL_ACQUIRE_BEGIN\nFLR0026_VK_FINISHED_SIGNAL_ACQUIRE_DONE present=true\nFLR0026_VK_PRESENT_WAIT_SEMAPHORE enabled=true\nFLR0026_VK_QUEUE_PRESENT_BEGIN queue=0x7fc26c02c5e0 swapchain=0x7fc26de32320 index=0\nFLR0026_VK_END_FRAME_BEGIN
FLR0026_VK_QUEUE_PRESENT result=0 surface=7fc26dc7b880 swapchain=7fc26de32320 index=0
FLR0026_VK_PRESENT_BOUNDARY_RETURN result=0
FLR0026_VK_PRESENT_BOUNDARY_DONE
FLR0026_VK_COMMIT_DONE
FLR0026_VK_PRESENT_BOUNDARY_BEGIN index=1
FLR0026_VK_SWAPCHAIN_FLUSH_DONE flushed=true\nFLR0026_VK_FINISHED_SIGNAL_ACQUIRE_BEGIN\nFLR0026_VK_FINISHED_SIGNAL_ACQUIRE_DONE present=true\nFLR0026_VK_PRESENT_WAIT_SEMAPHORE enabled=true\nFLR0026_VK_QUEUE_PRESENT_BEGIN queue=0x7fc26c02c5e0 swapchain=0x7fc26de32320 index=1\nFLR0026_VK_END_FRAME_BEGIN
FLR0026_VK_QUEUE_PRESENT result=0 surface=7fc26dc7b880 swapchain=7fc26de32320 index=1
FLR0026_VK_PRESENT_BOUNDARY_RETURN result=0
FLR0026_VK_PRESENT_BOUNDARY_DONE
FLR0026_VK_COMMIT_DONE
FLR0026_VK_PRESENT_BOUNDARY_BEGIN index=0
FLR0026_VK_SWAPCHAIN_FLUSH_DONE flushed=true\nFLR0026_VK_FINISHED_SIGNAL_ACQUIRE_BEGIN\nFLR0026_VK_FINISHED_SIGNAL_ACQUIRE_DONE present=true\nFLR0026_VK_PRESENT_WAIT_SEMAPHORE enabled=true\nFLR0026_VK_QUEUE_PRESENT_BEGIN queue=0x7fc26c02c5e0 swapchain=0x7fc26de32320 index=0\nFLR0026_VK_END_FRAME_BEGIN
FLR0026_VK_QUEUE_PRESENT result=0 surface=7fc26dc7b880 swapchain=7fc26de32320 index=0
FLR0026_VK_PRESENT_BOUNDARY_RETURN result=0
FLR0026_VK_PRESENT_BOUNDARY_DONE
FLR0026_VK_COMMIT_DONE
FLR0026_VK_PRESENT_BOUNDARY_BEGIN index=1
FLR0026_VK_SWAPCHAIN_FLUSH_DONE flushed=true\nFLR0026_VK_FINISHED_SIGNAL_ACQUIRE_BEGIN\nFLR0026_VK_FINISHED_SIGNAL_ACQUIRE_DONE present=true\nFLR0026_VK_PRESENT_WAIT_SEMAPHORE enabled=true\nFLR0026_VK_QUEUE_PRESENT_BEGIN queue=0x7fc26c02c5e0 swapchain=0x7fc26de32320 index=1\nFLR0026_VK_END_FRAME_BEGIN
FLR0026_VK_QUEUE_PRESENT result=0 surface=7fc26dc7b880 swapchain=7fc26de32320 index=1
FLR0026_VK_PRESENT_BOUNDARY_RETURN result=0
FLR0026_VK_PRESENT_BOUNDARY_DONE
FLR0026_VK_COMMIT_DONE
FLR0026_VK_PRESENT_BOUNDARY_BEGIN index=0
FLR0026_VK_SWAPCHAIN_FLUSH_DONE flushed=true\nFLR0026_VK_FINISHED_SIGNAL_ACQUIRE_BEGIN\nFLR0026_VK_FINISHED_SIGNAL_ACQUIRE_DONE present=true\nFLR0026_VK_PRESENT_WAIT_SEMAPHORE enabled=true\nFLR0026_VK_QUEUE_PRESENT_BEGIN queue=0x7fc26c02c5e0 swapchain=0x7fc26de32320 index=0\nFLR0026_VK_END_FRAME_BEGIN
FLR0026_VK_QUEUE_PRESENT result=0 surface=7fc26dc7b880 swapchain=7fc26de32320 index=0
FLR0026_VK_PRESENT_BOUNDARY_RETURN result=0
FLR0026_VK_PRESENT_BOUNDARY_DONE
FLR0026_VK_COMMIT_DONE
FLR0026_VK_PRESENT_BOUNDARY_BEGIN index=1
FLR0026_VK_SWAPCHAIN_FLUSH_DONE flushed=true\nFLR0026_VK_FINISHED_SIGNAL_ACQUIRE_BEGIN\nFLR0026_VK_FINISHED_SIGNAL_ACQUIRE_DONE present=true\nFLR0026_VK_PRESENT_WAIT_SEMAPHORE enabled=true\nFLR0026_VK_QUEUE_PRESENT_BEGIN queue=0x7fc26c02c5e0 swapchain=0x7fc26de32320 index=1\nFLR0026_VK_END_FRAME_BEGIN
[13:13:39.488053] [I] FLR0026_FRAME_BEGIN seq=370 started=false
FLR0026_VK_QUEUE_PRESENT result=0 surface=7fc26dc7b880 swapchain=7fc26de32320 index=1
FLR0026_VK_PRESENT_BOUNDARY_RETURN result=0
FLR0026_VK_PRESENT_BOUNDARY_DONE
FLR0026_VK_COMMIT_DONE
FLR0026_VK_END_FRAME_BEGIN
FLR0026_VK_PRESENT_BOUNDARY_BEGIN index=0
FLR0026_VK_SWAPCHAIN_FLUSH_DONE flushed=true\nFLR0026_VK_FINISHED_SIGNAL_ACQUIRE_BEGIN\nFLR0026_VK_FINISHED_SIGNAL_ACQUIRE_DONE present=true\nFLR0026_VK_PRESENT_WAIT_SEMAPHORE enabled=true\nFLR0026_VK_QUEUE_PRESENT_BEGIN queue=0x7fc26c02c5e0 swapchain=0x7fc26de32320 index=0\nFLR0026_VK_END_FRAME_COMMANDS_RECORDED
FLR0026_VK_QUEUE_PRESENT result=0 surface=7fc26dc7b880 swapchain=7fc26de32320 index=0
FLR0026_VK_PRESENT_BOUNDARY_RETURN result=0
FLR0026_VK_PRESENT_BOUNDARY_DONE
FLR0026_VK_COMMIT_DONE
FLR0026_VK_PRESENT_BOUNDARY_BEGIN index=1
FLR0026_VK_SWAPCHAIN_FLUSH_DONE flushed=true\nFLR0026_VK_FINISHED_SIGNAL_ACQUIRE_BEGIN\nFLR0026_VK_FINISHED_SIGNAL_ACQUIRE_DONE present=true\nFLR0026_VK_PRESENT_WAIT_SEMAPHORE enabled=true\nFLR0026_VK_QUEUE_PRESENT_BEGIN queue=0x7fc26c02c5e0 swapchain=0x7fc26de32320 index=1\nFLR0026_VK_END_FRAME_BEGIN
FLR0026_VK_QUEUE_PRESENT result=0 surface=7fc26dc7b880 swapchain=7fc26de32320 index=1
FLR0026_VK_PRESENT_BOUNDARY_RETURN result=0
FLR0026_VK_PRESENT_BOUNDARY_DONE
FLR0026_VK_COMMIT_DONE
FLR0026_VK_PRESENT_BOUNDARY_BEGIN index=0
FLR0026_VK_SWAPCHAIN_FLUSH_DONE flushed=true\nFLR0026_VK_FINISHED_SIGNAL_ACQUIRE_BEGIN\nFLR0026_VK_FINISHED_SIGNAL_ACQUIRE_DONE present=true\nFLR0026_VK_PRESENT_WAIT_SEMAPHORE enabled=true\nFLR0026_VK_QUEUE_PRESENT_BEGIN queue=0x7fc26c02c5e0 swapchain=0x7fc26de32320 index=0\nFLR0026_VK_END_FRAME_BEGIN
FLR0026_VK_QUEUE_PRESENT result=0 surface=7fc26dc7b880 swapchain=7fc26de32320 index=0
FLR0026_VK_PRESENT_BOUNDARY_RETURN result=0
FLR0026_VK_PRESENT_BOUNDARY_DONE
FLR0026_VK_COMMIT_DONE
FLR0026_VK_PRESENT_BOUNDARY_BEGIN index=1
FLR0026_VK_SWAPCHAIN_FLUSH_DONE flushed=true\nFLR0026_VK_FINISHED_SIGNAL_ACQUIRE_BEGIN\nFLR0026_VK_FINISHED_SIGNAL_ACQUIRE_DONE present=true\nFLR0026_VK_PRESENT_WAIT_SEMAPHORE enabled=true\nFLR0026_VK_QUEUE_PRESENT_BEGIN queue=0x7fc26c02c5e0 swapchain=0x7fc26de32320 index=1\nFLR0026_VK_END_FRAME_BEGIN
FLR0026_VK_QUEUE_PRESENT result=0 surface=7fc26dc7b880 swapchain=7fc26de32320 index=1
FLR0026_VK_PRESENT_BOUNDARY_RETURN result=0
FLR0026_VK_PRESENT_BOUNDARY_DONE
FLR0026_VK_COMMIT_DONE
FLR0026_VK_PRESENT_BOUNDARY_BEGIN index=0
FLR0026_VK_SWAPCHAIN_FLUSH_DONE flushed=true\nFLR0026_VK_FINISHED_SIGNAL_ACQUIRE_BEGIN\nFLR0026_VK_FINISHED_SIGNAL_ACQUIRE_DONE present=true\nFLR0026_VK_PRESENT_WAIT_SEMAPHORE enabled=true\nFLR0026_VK_QUEUE_PRESENT_BEGIN queue=0x7fc26c02c5e0 swapchain=0x7fc26de32320 index=0\nFLR0026_VK_END_FRAME_BEGIN
FLR0026_VK_QUEUE_PRESENT result=0 surface=7fc26dc7b880 swapchain=7fc26de32320 index=0
FLR0026_VK_PRESENT_BOUNDARY_RETURN result=0
FLR0026_VK_PRESENT_BOUNDARY_DONE
FLR0026_VK_COMMIT_DONE
FLR0026_VK_PRESENT_BOUNDARY_BEGIN index=1
FLR0026_VK_SWAPCHAIN_FLUSH_DONE flushed=true\nFLR0026_VK_FINISHED_SIGNAL_ACQUIRE_BEGIN\nFLR0026_VK_FINISHED_SIGNAL_ACQUIRE_DONE present=true\nFLR0026_VK_PRESENT_WAIT_SEMAPHORE enabled=true\nFLR0026_VK_QUEUE_PRESENT_BEGIN queue=0x7fc26c02c5e0 swapchain=0x7fc26de32320 index=1\nFLR0026_VK_END_FRAME_BEGIN
FLR0026_VK_QUEUE_PRESENT result=0 surface=7fc26dc7b880 swapchain=7fc26de32320 index=1
FLR0026_VK_PRESENT_BOUNDARY_RETURN result=0
FLR0026_VK_PRESENT_BOUNDARY_DONE
FLR0026_VK_COMMIT_DONE
FLR0026_VK_PRESENT_BOUNDARY_BEGIN index=0
FLR0026_VK_SWAPCHAIN_FLUSH_DONE flushed=true\nFLR0026_VK_FINISHED_SIGNAL_ACQUIRE_BEGIN\nFLR0026_VK_FINISHED_SIGNAL_ACQUIRE_DONE present=true\nFLR0026_VK_PRESENT_WAIT_SEMAPHORE enabled=true\nFLR0026_VK_QUEUE_PRESENT_BEGIN queue=0x7fc26c02c5e0 swapchain=0x7fc26de32320 index=0\nFLR0026_VK_END_FRAME_BEGIN
FLR0026_VK_QUEUE_PRESENT result=0 surface=7fc26dc7b880 swapchain=7fc26de32320 index=0
FLR0026_VK_PRESENT_BOUNDARY_RETURN result=0
FLR0026_VK_PRESENT_BOUNDARY_DONE
FLR0026_VK_COMMIT_DONE
FLR0026_VK_PRESENT_BOUNDARY_BEGIN index=1
FLR0026_VK_SWAPCHAIN_FLUSH_DONE flushed=true\nFLR0026_VK_FINISHED_SIGNAL_ACQUIRE_BEGIN\nFLR0026_VK_FINISHED_SIGNAL_ACQUIRE_DONE present=true\nFLR0026_VK_PRESENT_WAIT_SEMAPHORE enabled=true\nFLR0026_VK_QUEUE_PRESENT_BEGIN queue=0x7fc26c02c5e0 swapchain=0x7fc26de32320 index=1\nFLR0026_VK_END_FRAME_BEGIN
