[14:01:34.496379] [I] FLR0026_MODEL_SELECTED ordinal=0 asset=assets/models/sequoia_ngp.glb
[14:01:34.496644] [I] FLR0026_MODEL_LOAD_PLAN total=60 limit=1 match= inspected=2 queued=1
[14:01:34.499306] [I] FLR0026_LIGHT_SELECTED ordinal=0 guid=126 type=POINT
[14:01:34.499742] [I] FLR0026_LIGHT_SELECTED ordinal=1 guid=128 type=POINT
[14:01:34.499982] [I] FLR0026_LIGHT_SELECTED ordinal=2 guid=130 type=POINT
[14:01:34.500041] [I] FLR0026_LIGHT_SELECTED ordinal=3 guid=132 type=POINT
[14:01:34.500068] [I] FLR0026_LIGHT_SELECTED ordinal=4 guid=134 type=POINT
[14:01:34.500134] [I] FLR0026_LIGHT_SELECTED ordinal=5 guid=136 type=POINT
[14:01:34.500367] [I] FLR0026_LIGHT_SETUP_PLAN total=13 limit=6 type_filter= skip_guid_filter= trace_guid_filter= position_override_guid=0 position_override_enabled=false selected=6
[14:01:34.532505] [I] FLR0026_SHAPE_READY guid=188 entity=11 renderable=true
[14:01:34.533119] [I] FLR0026_SHAPE_READY guid=190 entity=12 renderable=true
[14:01:34.533295] [I] FLR0026_SHAPE_READY guid=192 entity=13 renderable=true
[14:01:34.839265] [I] FLR0026_SHAPE_READY guid=194 entity=14 renderable=true
[14:01:34.839800] [I] FLR0026_SHAPE_READY guid=196 entity=15 renderable=true
[14:01:34.840441] [I] FLR0026_SHAPE_READY guid=198 entity=16 renderable=true
[14:01:34.841091] [I] FLR0026_SHAPE_READY guid=200 entity=17 renderable=true
[14:01:34.841222] [I] FLR0026_SHAPE_READY guid=202 entity=18 renderable=true
[14:01:34.841343] [I] FLR0026_SHAPE_READY guid=212 entity=19 renderable=true
[14:01:34.841475] [I] FLR0026_SHAPE_READY guid=204 entity=20 renderable=true
[14:01:34.841567] [I] FLR0026_SHAPE_READY guid=206 entity=21 renderable=true
[14:01:34.841664] [I] FLR0026_SHAPE_READY guid=208 entity=22 renderable=true
[14:01:34.841761] [I] FLR0026_SHAPE_READY guid=210 entity=23 renderable=true
[14:01:34.841901] [I] FLR0026_SHAPE_READY guid=118 entity=24 renderable=true
[14:01:34.842027] [I] FLR0026_SHAPE_READY guid=120 entity=25 renderable=true
[14:01:34.842193] [I] FLR0026_SHAPE_READY guid=216 entity=26 renderable=true
[14:01:34.842323] [I] FLR0026_SHAPE_READY guid=244 entity=27 renderable=true
[14:01:34.842518] [I] FLR0026_SHAPE_READY guid=246 entity=28 renderable=true
[14:01:34.842648] [I] FLR0026_SHAPE_READY guid=248 entity=29 renderable=true
[14:01:34.842770] [I] FLR0026_SHAPE_READY guid=250 entity=30 renderable=true
[14:01:34.842999] [I] FLR0026_SHAPE_READY guid=252 entity=31 renderable=true
[14:01:34.843153] [I] FLR0026_SHAPE_READY guid=254 entity=32 renderable=true
[14:01:34.843290] [I] FLR0026_SHAPE_READY guid=256 entity=33 renderable=true
[14:01:34.843413] [I] FLR0026_SHAPE_READY guid=258 entity=34 renderable=true
[14:01:34.843533] [I] FLR0026_SHAPE_READY guid=260 entity=35 renderable=true
[14:01:34.843716] [I] FLR0026_SHAPE_READY guid=262 entity=36 renderable=true
[14:01:34.844045] [I] FLR0026_SHAPE_READY guid=220 entity=37 renderable=true
[14:01:34.844329] [I] FLR0026_SHAPE_READY guid=222 entity=38 renderable=true
[14:01:34.844632] [I] FLR0026_SHAPE_READY guid=224 entity=39 renderable=true
[14:01:34.844948] [I] FLR0026_SHAPE_READY guid=226 entity=40 renderable=true
[14:01:34.845233] [I] FLR0026_SHAPE_READY guid=228 entity=41 renderable=true
[14:01:34.845554] [I] FLR0026_SHAPE_READY guid=230 entity=42 renderable=true
[14:01:34.845990] [I] FLR0026_SHAPE_READY guid=232 entity=43 renderable=true
[14:01:34.846291] [I] FLR0026_SHAPE_READY guid=234 entity=44 renderable=true
[14:01:34.846658] [I] FLR0026_SHAPE_READY guid=236 entity=45 renderable=true
[14:01:34.846996] [I] FLR0026_SHAPE_READY guid=238 entity=46 renderable=true
[14:01:34.847104] [I] FLR0026_SHAPE_READY guid=264 entity=47 renderable=true
[14:01:34.960741] [I] FLR0026_MODEL_STAGE_PROGRESS seq=1 progress=0 assets=1
[14:01:34.963970] [I] FLR0026_SHAPE_READY guid=197 entity=57 renderable=true
[14:01:34.964783] [I] FLR0026_SHAPE_READY guid=199 entity=58 renderable=true
[14:01:34.965322] [I] FLR0026_SHAPE_READY guid=201 entity=59 renderable=true
[14:01:34.965740] [I] FLR0026_SHAPE_READY guid=203 entity=60 renderable=true
[14:01:34.966218] [I] FLR0026_SHAPE_READY guid=205 entity=61 renderable=true
[14:01:34.966765] [I] FLR0026_SHAPE_READY guid=207 entity=62 renderable=true
[14:01:34.967321] [I] FLR0026_SHAPE_READY guid=209 entity=63 renderable=true
[14:01:34.972216] [I] FLR0026_FRAME_BEGIN seq=1 started=true
[14:01:35.232109] [I] FLR0026_MODEL_STAGE_ASSET_CREATED asset=assets/models/sequoia_ngp.glb guid=2 bytes=13671064 entities=22
[14:01:35.330949] [I] FLR0026_MODEL_STAGE_ASYNC_BEGIN asset=assets/models/sequoia_ngp.glb guid=2
[14:01:35.331196] [I] FLR0026_MODEL_STAGE_INSTANCE_READY asset=assets/models/sequoia_ngp.glb guid=2 instance=0x7fde485aac00
[14:01:35.908330] [I] FLR0026_MODEL_STAGE_PROGRESS seq=2 progress=0.9130435 assets=1
[14:01:35.912336] [I] FLR0026_FRAME_BEGIN seq=2 started=true
[14:01:36.014484] [I] FLR0026_MODEL_STAGE_PROGRESS seq=3 progress=1 assets=1
[14:01:36.014938] [I] FLR0026_MODEL_STAGE_COMPLETE asset=assets/models/sequoia_ngp.glb pending_models=1
[14:01:36.015775] [I] FLR0026_FRAME_BEGIN seq=3 started=false
[14:01:36.116615] [I] FLR0026_MODEL_STAGE_PROGRESS seq=4 progress=1 assets=1
[14:01:36.116785] [I] FLR0026_MODEL_STAGE_COMPLETE asset=assets/models/sequoia_ngp.glb pending_models=0
[14:01:36.217962] [I] FLR0026_MODEL_STAGE_PROGRESS seq=5 progress=1 assets=1
[14:01:36.218039] [I] FLR0026_MODEL_STAGE_COMPLETE asset=assets/models/sequoia_ngp.glb pending_models=0
[14:01:36.318981] [I] FLR0026_MODEL_STAGE_COMPLETE asset=assets/models/sequoia_ngp.glb pending_models=0
[14:01:36.420549] [I] FLR0026_MODEL_STAGE_COMPLETE asset=assets/models/sequoia_ngp.glb pending_models=0
[14:01:36.423700] [I] FLR0026_CAMERA_APPLIED head=(5,0,-5) targetPresent=true target=(0,0,0) dolly=(5,0,5)
[14:01:36.526018] [I] FLR0026_MODEL_STAGE_COMPLETE asset=assets/models/sequoia_ngp.glb pending_models=0
[14:01:36.535092] [E] [handleMessage] Exception in handler: Entity(164): Light not found
[14:01:36.535547] [E] [handleMessage] Exception in handler: Entity(166): Light not found
[14:01:36.535638] [E] [handleMessage] Exception in handler: Entity(168): Light not found
[14:01:36.535712] [E] [handleMessage] Exception in handler: Entity(170): Light not found
[14:01:36.536113] [I] FLR0026_CAMERA_APPLIED head=(5,0,-5) targetPresent=true target=(0,0,0) dolly=(5,0,5)
[14:01:36.637104] [I] FLR0026_MODEL_STAGE_COMPLETE asset=assets/models/sequoia_ngp.glb pending_models=0
[14:01:36.637482] [E] [handleMessage] Exception in handler: Entity(164): Light not found
[14:01:36.637585] [E] [handleMessage] Exception in handler: Entity(166): Light not found
[14:01:36.637660] [E] [handleMessage] Exception in handler: Entity(168): Light not found
[14:01:36.637727] [E] [handleMessage] Exception in handler: Entity(170): Light not found
[14:01:36.638174] [I] FLR0026_CAMERA_APPLIED head=(5,0,-5) targetPresent=true target=(0,0,0) dolly=(5,0,5)
[14:01:36.739214] [I] FLR0026_MODEL_STAGE_COMPLETE asset=assets/models/sequoia_ngp.glb pending_models=0
[14:01:36.739587] [E] [handleMessage] Exception in handler: Entity(164): Light not found
[14:01:36.739691] [E] [handleMessage] Exception in handler: Entity(166): Light not found
[14:01:36.739768] [E] [handleMessage] Exception in handler: Entity(168): Light not found
[14:01:36.740116] [E] [handleMessage] Exception in handler: Entity(170): Light not found
[14:01:36.740469] [I] FLR0026_CAMERA_APPLIED head=(5,0,-5) targetPresent=true target=(0,0,0) dolly=(5,0,5)
[14:01:36.740971] [I] FLR0026_FRAME_BEGIN seq=10 started=false
[14:01:36.841587] [I] FLR0026_MODEL_STAGE_COMPLETE asset=assets/models/sequoia_ngp.glb pending_models=0
[14:01:36.842069] [E] [handleMessage] Exception in handler: Entity(164): Light not found
[14:01:36.842180] [E] [handleMessage] Exception in handler: Entity(166): Light not found
[14:01:36.842254] [E] [handleMessage] Exception in handler: Entity(168): Light not found
[14:01:36.842322] [E] [handleMessage] Exception in handler: Entity(170): Light not found
[14:01:36.842649] [I] FLR0026_CAMERA_APPLIED head=(5,0,-5) targetPresent=true target=(0,0,0) dolly=(5,0,5)
[14:01:36.943701] [I] FLR0026_MODEL_STAGE_COMPLETE asset=assets/models/sequoia_ngp.glb pending_models=0
[14:01:36.944138] [E] [handleMessage] Exception in handler: Entity(164): Light not found
[14:01:36.944244] [E] [handleMessage] Exception in handler: Entity(166): Light not found
[14:01:36.944412] [E] [handleMessage] Exception in handler: Entity(168): Light not found
[14:01:36.944497] [E] [handleMessage] Exception in handler: Entity(170): Light not found
[14:01:36.944891] [I] FLR0026_CAMERA_APPLIED head=(5,0,-5) targetPresent=true target=(0,0,0) dolly=(5,0,5)
[14:01:37.045909] [I] FLR0026_MODEL_STAGE_COMPLETE asset=assets/models/sequoia_ngp.glb pending_models=0
[14:01:37.046306] [E] [handleMessage] Exception in handler: Entity(164): Light not found
[14:01:37.046417] [E] [handleMessage] Exception in handler: Entity(166): Light not found
[14:01:37.046490] [E] [handleMessage] Exception in handler: Entity(168): Light not found
[14:01:37.046557] [E] [handleMessage] Exception in handler: Entity(170): Light not found
[14:01:37.046892] [I] FLR0026_CAMERA_APPLIED head=(5,0,-5) targetPresent=true target=(0,0,0) dolly=(5,0,5)
[14:01:37.148121] [I] FLR0026_MODEL_STAGE_COMPLETE asset=assets/models/sequoia_ngp.glb pending_models=0
[14:01:37.148513] [E] [handleMessage] Exception in handler: Entity(164): Light not found
[14:01:37.148616] [E] [handleMessage] Exception in handler: Entity(166): Light not found
[14:01:37.148694] [E] [handleMessage] Exception in handler: Entity(168): Light not found
[14:01:37.148767] [E] [handleMessage] Exception in handler: Entity(170): Light not found
[14:01:37.149175] [I] FLR0026_CAMERA_APPLIED head=(5,0,-5) targetPresent=true target=(0,0,0) dolly=(5,0,5)
[14:01:37.250176] [I] FLR0026_MODEL_STAGE_COMPLETE asset=assets/models/sequoia_ngp.glb pending_models=0
[14:01:37.250669] [E] [handleMessage] Exception in handler: Entity(164): Light not found
[14:01:37.250792] [E] [handleMessage] Exception in handler: Entity(166): Light not found
[14:01:37.250970] [E] [handleMessage] Exception in handler: Entity(168): Light not found
[14:01:37.251056] [E] [handleMessage] Exception in handler: Entity(170): Light not found
[14:01:37.251384] [I] FLR0026_CAMERA_APPLIED head=(5,0,-5) targetPresent=true target=(0,0,0) dolly=(5,0,5)
[14:01:37.354961] [I] FLR0026_MODEL_STAGE_COMPLETE asset=assets/models/sequoia_ngp.glb pending_models=0
[14:01:37.355196] [E] [handleMessage] Exception in handler: Entity(164): Light not found
[14:01:37.355245] [E] [handleMessage] Exception in handler: Entity(166): Light not found
[14:01:37.355275] [E] [handleMessage] Exception in handler: Entity(168): Light not found
[14:01:37.355304] [E] [handleMessage] Exception in handler: Entity(170): Light not found
[14:01:37.355468] [I] FLR0026_CAMERA_APPLIED head=(5,0,-5) targetPresent=true target=(0,0,0) dolly=(5,0,5)
[14:01:37.464981] [I] FLR0026_MODEL_STAGE_COMPLETE asset=assets/models/sequoia_ngp.glb pending_models=0
[14:01:37.465237] [E] [handleMessage] Exception in handler: Entity(164): Light not found
[14:01:37.465284] [E] [handleMessage] Exception in handler: Entity(166): Light not found
[14:01:37.465314] [E] [handleMessage] Exception in handler: Entity(168): Light not found
[14:01:37.465342] [E] [handleMessage] Exception in handler: Entity(170): Light not found
[14:01:37.465491] [I] FLR0026_CAMERA_APPLIED head=(5,0,-5) targetPresent=true target=(0,0,0) dolly=(5,0,5)
[14:01:37.566506] [I] FLR0026_MODEL_STAGE_COMPLETE asset=assets/models/sequoia_ngp.glb pending_models=0
[14:01:37.567055] [E] [handleMessage] Exception in handler: Entity(164): Light not found
[14:01:37.567180] [E] [handleMessage] Exception in handler: Entity(166): Light not found
[14:01:37.567261] [E] [handleMessage] Exception in handler: Entity(168): Light not found
[14:01:37.567333] [E] [handleMessage] Exception in handler: Entity(170): Light not found
[14:01:37.567622] [I] FLR0026_CAMERA_APPLIED head=(5,0,-5) targetPresent=true target=(0,0,0) dolly=(5,0,5)
[14:01:37.668362] [I] FLR0026_MODEL_STAGE_COMPLETE asset=assets/models/sequoia_ngp.glb pending_models=0
[14:01:37.668763] [E] [handleMessage] Exception in handler: Entity(164): Light not found
[14:01:37.668949] [E] [handleMessage] Exception in handler: Entity(166): Light not found
[14:01:37.669035] [E] [handleMessage] Exception in handler: Entity(168): Light not found
[14:01:37.669107] [E] [handleMessage] Exception in handler: Entity(170): Light not found
[14:01:37.669432] [I] FLR0026_CAMERA_APPLIED head=(5,0,-5) targetPresent=true target=(0,0,0) dolly=(5,0,5)
[14:01:37.770540] [I] FLR0026_MODEL_STAGE_COMPLETE asset=assets/models/sequoia_ngp.glb pending_models=0
[14:01:37.771054] [E] [handleMessage] Exception in handler: Entity(164): Light not found
[14:01:37.771174] [E] [handleMessage] Exception in handler: Entity(166): Light not found
[14:01:37.771255] [E] [handleMessage] Exception in handler: Entity(168): Light not found
[14:01:37.771329] [E] [handleMessage] Exception in handler: Entity(170): Light not found
[14:01:37.771667] [I] FLR0026_CAMERA_APPLIED head=(5,0,-5) targetPresent=true target=(0,0,0) dolly=(5,0,5)
[14:01:37.772127] [I] FLR0026_FRAME_BEGIN seq=20 started=false
[14:01:37.872760] [I] FLR0026_MODEL_STAGE_COMPLETE asset=assets/models/sequoia_ngp.glb pending_models=0
[14:01:37.873228] [E] [handleMessage] Exception in handler: Entity(164): Light not found
[14:01:37.873332] [E] [handleMessage] Exception in handler: Entity(166): Light not found
[14:01:37.873405] [E] [handleMessage] Exception in handler: Entity(168): Light not found
[14:01:37.873472] [E] [handleMessage] Exception in handler: Entity(170): Light not found
[14:01:37.873766] [I] FLR0026_CAMERA_APPLIED head=(5,0,-5) targetPresent=true target=(0,0,0) dolly=(5,0,5)
[14:01:37.974912] [I] FLR0026_MODEL_STAGE_COMPLETE asset=assets/models/sequoia_ngp.glb pending_models=0
[14:01:37.975310] [E] [handleMessage] Exception in handler: Entity(164): Light not found
[14:01:37.975418] [E] [handleMessage] Exception in handler: Entity(166): Light not found
[14:01:37.975495] [E] [handleMessage] Exception in handler: Entity(168): Light not found
[14:01:37.975568] [E] [handleMessage] Exception in handler: Entity(170): Light not found
[14:01:37.975955] [I] FLR0026_CAMERA_APPLIED head=(5,0,-5) targetPresent=true target=(0,0,0) dolly=(5,0,5)
[14:01:38.077189] [I] FLR0026_MODEL_STAGE_COMPLETE asset=assets/models/sequoia_ngp.glb pending_models=0
[14:01:38.077567] [E] [handleMessage] Exception in handler: Entity(164): Light not found
[14:01:38.077668] [E] [handleMessage] Exception in handler: Entity(166): Light not found
[14:01:38.077741] [E] [handleMessage] Exception in handler: Entity(168): Light not found
[14:01:38.077808] [E] [handleMessage] Exception in handler: Entity(170): Light not found
[14:01:38.079348] [I] FLR0026_CAMERA_APPLIED head=(5,0,-5) targetPresent=true target=(0,0,0) dolly=(5,0,5)
[14:01:38.180432] [I] FLR0026_MODEL_STAGE_COMPLETE asset=assets/models/sequoia_ngp.glb pending_models=0
[14:01:38.180917] [E] [handleMessage] Exception in handler: Entity(164): Light not found
[14:01:38.181029] [E] [handleMessage] Exception in handler: Entity(166): Light not found
[14:01:38.181102] [E] [handleMessage] Exception in handler: Entity(168): Light not found
[14:01:38.181167] [E] [handleMessage] Exception in handler: Entity(170): Light not found
[14:01:38.181472] [I] FLR0026_CAMERA_APPLIED head=(5,0,-5) targetPresent=true target=(0,0,0) dolly=(5,0,5)
[14:01:38.285168] [I] FLR0026_MODEL_STAGE_COMPLETE asset=assets/models/sequoia_ngp.glb pending_models=0
[14:01:38.285536] [E] [handleMessage] Exception in handler: Entity(164): Light not found
[14:01:38.285627] [E] [handleMessage] Exception in handler: Entity(166): Light not found
[14:01:38.285692] [E] [handleMessage] Exception in handler: Entity(168): Light not found
[14:01:38.285753] [E] [handleMessage] Exception in handler: Entity(170): Light not found
[14:01:38.286117] [I] FLR0026_CAMERA_APPLIED head=(5,0,-5) targetPresent=true target=(0,0,0) dolly=(5,0,5)
[14:01:38.396472] [I] FLR0026_MODEL_STAGE_COMPLETE asset=assets/models/sequoia_ngp.glb pending_models=0
[14:01:38.398931] [E] [handleMessage] Exception in handler: Entity(164): Light not found
[14:01:38.399134] [E] [handleMessage] Exception in handler: Entity(166): Light not found
[14:01:38.399180] [E] [handleMessage] Exception in handler: Entity(168): Light not found
[14:01:38.399215] [E] [handleMessage] Exception in handler: Entity(170): Light not found
[14:01:38.399387] [I] FLR0026_CAMERA_APPLIED head=(5,0,-5) targetPresent=true target=(0,0,0) dolly=(5,0,5)
[14:01:38.499907] [I] FLR0026_MODEL_STAGE_COMPLETE asset=assets/models/sequoia_ngp.glb pending_models=0
[14:01:38.500153] [E] [handleMessage] Exception in handler: Entity(164): Light not found
[14:01:38.500199] [E] [handleMessage] Exception in handler: Entity(166): Light not found
[14:01:38.500229] [E] [handleMessage] Exception in handler: Entity(168): Light not found
[14:01:38.500256] [E] [handleMessage] Exception in handler: Entity(170): Light not found
[14:01:38.500401] [I] FLR0026_CAMERA_APPLIED head=(5,0,-5) targetPresent=true target=(0,0,0) dolly=(5,0,5)
[14:01:38.602774] [I] FLR0026_MODEL_STAGE_COMPLETE asset=assets/models/sequoia_ngp.glb pending_models=0
[14:01:38.603177] [E] [handleMessage] Exception in handler: Entity(164): Light not found
[14:01:38.603256] [E] [handleMessage] Exception in handler: Entity(166): Light not found
[14:01:38.603292] [E] [handleMessage] Exception in handler: Entity(168): Light not found
[14:01:38.603321] [E] [handleMessage] Exception in handler: Entity(170): Light not found
[14:01:38.603479] [I] FLR0026_CAMERA_APPLIED head=(5,0,-5) targetPresent=true target=(0,0,0) dolly=(5,0,5)
[14:01:38.704403] [I] FLR0026_MODEL_STAGE_COMPLETE asset=assets/models/sequoia_ngp.glb pending_models=0
[14:01:38.704635] [E] [handleMessage] Exception in handler: Entity(164): Light not found
[14:01:38.704681] [E] [handleMessage] Exception in handler: Entity(166): Light not found
[14:01:38.704711] [E] [handleMessage] Exception in handler: Entity(168): Light not found
[14:01:38.704739] [E] [handleMessage] Exception in handler: Entity(170): Light not found
[14:01:38.704948] [I] FLR0026_CAMERA_APPLIED head=(5,0,-5) targetPresent=true target=(0,0,0) dolly=(5,0,5)
[14:01:38.805458] [I] FLR0026_MODEL_STAGE_COMPLETE asset=assets/models/sequoia_ngp.glb pending_models=0
[14:01:38.805696] [E] [handleMessage] Exception in handler: Entity(164): Light not found
[14:01:38.805745] [E] [handleMessage] Exception in handler: Entity(166): Light not found
[14:01:38.805775] [E] [handleMessage] Exception in handler: Entity(168): Light not found
[14:01:38.805803] [E] [handleMessage] Exception in handler: Entity(170): Light not found
[14:01:38.806031] [I] FLR0026_CAMERA_APPLIED head=(5,0,-5) targetPresent=true target=(0,0,0) dolly=(5,0,5)
[14:01:38.806219] [I] FLR0026_FRAME_BEGIN seq=30 started=false
[14:01:38.906575] [I] FLR0026_MODEL_STAGE_COMPLETE asset=assets/models/sequoia_ngp.glb pending_models=0
[14:01:38.906811] [E] [handleMessage] Exception in handler: Entity(164): Light not found
[14:01:38.906920] [E] [handleMessage] Exception in handler: Entity(166): Light not found
[14:01:38.906953] [E] [handleMessage] Exception in handler: Entity(168): Light not found
[14:01:38.906983] [E] [handleMessage] Exception in handler: Entity(170): Light not found
[14:01:38.907211] [I] FLR0026_CAMERA_APPLIED head=(5,0,-5) targetPresent=true target=(0,0,0) dolly=(5,0,5)
[14:01:39.009981] [I] FLR0026_MODEL_STAGE_COMPLETE asset=assets/models/sequoia_ngp.glb pending_models=0
[14:01:39.010230] [E] [handleMessage] Exception in handler: Entity(164): Light not found
[14:01:39.010279] [E] [handleMessage] Exception in handler: Entity(166): Light not found
[14:01:39.010310] [E] [handleMessage] Exception in handler: Entity(168): Light not found
[14:01:39.010339] [E] [handleMessage] Exception in handler: Entity(170): Light not found
[14:01:39.010504] [I] FLR0026_CAMERA_APPLIED head=(5,0,-5) targetPresent=true target=(0,0,0) dolly=(5,0,5)
[14:01:39.118982] [I] FLR0026_MODEL_STAGE_COMPLETE asset=assets/models/sequoia_ngp.glb pending_models=0
[14:01:39.119229] [E] [handleMessage] Exception in handler: Entity(164): Light not found
[14:01:39.119276] [E] [handleMessage] Exception in handler: Entity(166): Light not found
[14:01:39.119307] [E] [handleMessage] Exception in handler: Entity(168): Light not found
[14:01:39.119335] [E] [handleMessage] Exception in handler: Entity(170): Light not found
[14:01:39.119486] [I] FLR0026_CAMERA_APPLIED head=(5,0,-5) targetPresent=true target=(0,0,0) dolly=(5,0,5)
[14:01:39.220986] [I] FLR0026_MODEL_STAGE_COMPLETE asset=assets/models/sequoia_ngp.glb pending_models=0
[14:01:39.221226] [E] [handleMessage] Exception in handler: Entity(164): Light not found
[14:01:39.221272] [E] [handleMessage] Exception in handler: Entity(166): Light not found
[14:01:39.221302] [E] [handleMessage] Exception in handler: Entity(168): Light not found
[14:01:39.221330] [E] [handleMessage] Exception in handler: Entity(170): Light not found
[14:01:39.221478] [I] FLR0026_CAMERA_APPLIED head=(5,0,-5) targetPresent=true target=(0,0,0) dolly=(5,0,5)
[14:01:39.323976] [I] FLR0026_MODEL_STAGE_COMPLETE asset=assets/models/sequoia_ngp.glb pending_models=0
[14:01:39.324219] [E] [handleMessage] Exception in handler: Entity(164): Light not found
[14:01:39.324266] [E] [handleMessage] Exception in handler: Entity(166): Light not found
[14:01:39.324297] [E] [handleMessage] Exception in handler: Entity(168): Light not found
[14:01:39.324325] [E] [handleMessage] Exception in handler: Entity(170): Light not found
[14:01:39.324476] [I] FLR0026_CAMERA_APPLIED head=(5,0,-5) targetPresent=true target=(0,0,0) dolly=(5,0,5)
[14:01:39.427076] [I] FLR0026_MODEL_STAGE_COMPLETE asset=assets/models/sequoia_ngp.glb pending_models=0
[14:01:39.427319] [E] [handleMessage] Exception in handler: Entity(164): Light not found
[14:01:39.427365] [E] [handleMessage] Exception in handler: Entity(166): Light not found
[14:01:39.427395] [E] [handleMessage] Exception in handler: Entity(168): Light not found
[14:01:39.427422] [E] [handleMessage] Exception in handler: Entity(170): Light not found
[14:01:39.427571] [I] FLR0026_CAMERA_APPLIED head=(5,0,-5) targetPresent=true target=(0,0,0) dolly=(5,0,5)
[14:01:39.528292] [I] FLR0026_MODEL_STAGE_COMPLETE asset=assets/models/sequoia_ngp.glb pending_models=0
[14:01:39.528525] [E] [handleMessage] Exception in handler: Entity(164): Light not found
[14:01:39.528572] [E] [handleMessage] Exception in handler: Entity(166): Light not found
[14:01:39.528604] [E] [handleMessage] Exception in handler: Entity(168): Light not found
[14:01:39.528633] [E] [handleMessage] Exception in handler: Entity(170): Light not found
[14:01:39.528782] [I] FLR0026_CAMERA_APPLIED head=(5,0,-5) targetPresent=true target=(0,0,0) dolly=(5,0,5)
[14:01:39.629325] [I] FLR0026_MODEL_STAGE_COMPLETE asset=assets/models/sequoia_ngp.glb pending_models=0
[14:01:39.629555] [E] [handleMessage] Exception in handler: Entity(164): Light not found
[14:01:39.629601] [E] [handleMessage] Exception in handler: Entity(166): Light not found
[14:01:39.629632] [E] [handleMessage] Exception in handler: Entity(168): Light not found
[14:01:39.629659] [E] [handleMessage] Exception in handler: Entity(170): Light not found
[14:01:39.629869] [I] FLR0026_CAMERA_APPLIED head=(5,0,-5) targetPresent=true target=(0,0,0) dolly=(5,0,5)
[14:01:39.730435] [I] FLR0026_MODEL_STAGE_COMPLETE asset=assets/models/sequoia_ngp.glb pending_models=0
[14:01:39.730686] [E] [handleMessage] Exception in handler: Entity(164): Light not found
[14:01:39.730733] [E] [handleMessage] Exception in handler: Entity(166): Light not found
[14:01:39.730764] [E] [handleMessage] Exception in handler: Entity(168): Light not found
[14:01:39.730792] [E] [handleMessage] Exception in handler: Entity(170): Light not found
[14:01:39.731001] [I] FLR0026_CAMERA_APPLIED head=(5,0,-5) targetPresent=true target=(0,0,0) dolly=(5,0,5)
[14:01:39.831550] [I] FLR0026_MODEL_STAGE_COMPLETE asset=assets/models/sequoia_ngp.glb pending_models=0
[14:01:39.831809] [E] [handleMessage] Exception in handler: Entity(164): Light not found
[14:01:39.831917] [E] [handleMessage] Exception in handler: Entity(166): Light not found
[14:01:39.831951] [E] [handleMessage] Exception in handler: Entity(168): Light not found
[14:01:39.831980] [E] [handleMessage] Exception in handler: Entity(170): Light not found
[14:01:39.832149] [I] FLR0026_CAMERA_APPLIED head=(5,0,-5) targetPresent=true target=(0,0,0) dolly=(5,0,5)
[14:01:39.832326] [I] FLR0026_FRAME_BEGIN seq=40 started=false
[14:01:39.940978] [I] FLR0026_MODEL_STAGE_COMPLETE asset=assets/models/sequoia_ngp.glb pending_models=0
[14:01:39.941215] [E] [handleMessage] Exception in handler: Entity(164): Light not found
[14:01:39.941262] [E] [handleMessage] Exception in handler: Entity(166): Light not found
[14:01:39.941293] [E] [handleMessage] Exception in handler: Entity(168): Light not found
[14:01:39.941322] [E] [handleMessage] Exception in handler: Entity(170): Light not found
[14:01:39.941470] [I] FLR0026_CAMERA_APPLIED head=(5,0,-5) targetPresent=true target=(0,0,0) dolly=(5,0,5)
[14:01:40.042514] [I] FLR0026_MODEL_STAGE_COMPLETE asset=assets/models/sequoia_ngp.glb pending_models=0
[14:01:40.042765] [E] [handleMessage] Exception in handler: Entity(164): Light not found
[14:01:40.042852] [E] [handleMessage] Exception in handler: Entity(166): Light not found
[14:01:40.042889] [E] [handleMessage] Exception in handler: Entity(168): Light not found
[14:01:40.042918] [E] [handleMessage] Exception in handler: Entity(170): Light not found
[14:01:40.043073] [I] FLR0026_CAMERA_APPLIED head=(5,0,-5) targetPresent=true target=(0,0,0) dolly=(5,0,5)
[14:01:40.143956] [I] FLR0026_MODEL_STAGE_COMPLETE asset=assets/models/sequoia_ngp.glb pending_models=0
[14:01:40.144197] [E] [handleMessage] Exception in handler: Entity(164): Light not found
[14:01:40.144244] [E] [handleMessage] Exception in handler: Entity(166): Light not found
[14:01:40.144275] [E] [handleMessage] Exception in handler: Entity(168): Light not found
[14:01:40.144303] [E] [handleMessage] Exception in handler: Entity(170): Light not found
[14:01:40.144453] [I] FLR0026_CAMERA_APPLIED head=(5,0,-5) targetPresent=true target=(0,0,0) dolly=(5,0,5)
[14:01:40.247347] [I] FLR0026_MODEL_STAGE_COMPLETE asset=assets/models/sequoia_ngp.glb pending_models=0
[14:01:40.247606] [E] [handleMessage] Exception in handler: Entity(164): Light not found
[14:01:40.247654] [E] [handleMessage] Exception in handler: Entity(166): Light not found
[14:01:40.247683] [E] [handleMessage] Exception in handler: Entity(168): Light not found
[14:01:40.247710] [E] [handleMessage] Exception in handler: Entity(170): Light not found
[14:01:40.247955] [I] FLR0026_CAMERA_APPLIED head=(5,0,-5) targetPresent=true target=(0,0,0) dolly=(5,0,5)
[14:01:40.349071] [I] FLR0026_MODEL_STAGE_COMPLETE asset=assets/models/sequoia_ngp.glb pending_models=0
[14:01:40.349329] [E] [handleMessage] Exception in handler: Entity(164): Light not found
[14:01:40.349379] [E] [handleMessage] Exception in handler: Entity(166): Light not found
[14:01:40.349410] [E] [handleMessage] Exception in handler: Entity(168): Light not found
[14:01:40.349440] [E] [handleMessage] Exception in handler: Entity(170): Light not found
[14:01:40.349612] [I] FLR0026_CAMERA_APPLIED head=(5,0,-5) targetPresent=true target=(0,0,0) dolly=(5,0,5)
[14:01:40.454972] [I] FLR0026_MODEL_STAGE_COMPLETE asset=assets/models/sequoia_ngp.glb pending_models=0
[14:01:40.455212] [E] [handleMessage] Exception in handler: Entity(164): Light not found
[14:01:40.455259] [E] [handleMessage] Exception in handler: Entity(166): Light not found
[14:01:40.455290] [E] [handleMessage] Exception in handler: Entity(168): Light not found
[14:01:40.455318] [E] [handleMessage] Exception in handler: Entity(170): Light not found
[14:01:40.455480] [I] FLR0026_CAMERA_APPLIED head=(5,0,-5) targetPresent=true target=(0,0,0) dolly=(5,0,5)
[14:01:40.559244] [I] FLR0026_MODEL_STAGE_COMPLETE asset=assets/models/sequoia_ngp.glb pending_models=0
[14:01:40.559487] [E] [handleMessage] Exception in handler: Entity(164): Light not found
[14:01:40.559536] [E] [handleMessage] Exception in handler: Entity(166): Light not found
[14:01:40.559569] [E] [handleMessage] Exception in handler: Entity(168): Light not found
[14:01:40.559598] [E] [handleMessage] Exception in handler: Entity(170): Light not found
[14:01:40.560006] [I] FLR0026_CAMERA_APPLIED head=(5,0,-5) targetPresent=true target=(0,0,0) dolly=(5,0,5)
[14:01:40.664452] [I] FLR0026_MODEL_STAGE_COMPLETE asset=assets/models/sequoia_ngp.glb pending_models=0
[14:01:40.664690] [E] [handleMessage] Exception in handler: Entity(164): Light not found
[14:01:40.664737] [E] [handleMessage] Exception in handler: Entity(166): Light not found
[14:01:40.664768] [E] [handleMessage] Exception in handler: Entity(168): Light not found
[14:01:40.664801] [E] [handleMessage] Exception in handler: Entity(170): Light not found
[14:01:40.665004] [I] FLR0026_CAMERA_APPLIED head=(5,0,-5) targetPresent=true target=(0,0,0) dolly=(5,0,5)
[14:01:40.766055] [I] FLR0026_MODEL_STAGE_COMPLETE asset=assets/models/sequoia_ngp.glb pending_models=0
[14:01:40.766289] [E] [handleMessage] Exception in handler: Entity(164): Light not found
[14:01:40.766338] [E] [handleMessage] Exception in handler: Entity(166): Light not found
[14:01:40.766370] [E] [handleMessage] Exception in handler: Entity(168): Light not found
[14:01:40.766400] [E] [handleMessage] Exception in handler: Entity(170): Light not found
[14:01:40.766563] [I] FLR0026_CAMERA_APPLIED head=(5,0,-5) targetPresent=true target=(0,0,0) dolly=(5,0,5)
[14:01:40.868989] [I] FLR0026_MODEL_STAGE_COMPLETE asset=assets/models/sequoia_ngp.glb pending_models=0
[14:01:40.869227] [E] [handleMessage] Exception in handler: Entity(164): Light not found
[14:01:40.869273] [E] [handleMessage] Exception in handler: Entity(166): Light not found
[14:01:40.869303] [E] [handleMessage] Exception in handler: Entity(168): Light not found
[14:01:40.869332] [E] [handleMessage] Exception in handler: Entity(170): Light not found
[14:01:40.869484] [I] FLR0026_CAMERA_APPLIED head=(5,0,-5) targetPresent=true target=(0,0,0) dolly=(5,0,5)
[14:01:40.869660] [I] FLR0026_FRAME_BEGIN seq=50 started=false
[14:01:40.970980] [I] FLR0026_MODEL_STAGE_COMPLETE asset=assets/models/sequoia_ngp.glb pending_models=0
[14:01:40.971228] [E] [handleMessage] Exception in handler: Entity(164): Light not found
[14:01:40.971278] [E] [handleMessage] Exception in handler: Entity(166): Light not found
[14:01:40.971310] [E] [handleMessage] Exception in handler: Entity(168): Light not found
[14:01:40.971340] [E] [handleMessage] Exception in handler: Entity(170): Light not found
[14:01:40.971496] [I] FLR0026_CAMERA_APPLIED head=(5,0,-5) targetPresent=true target=(0,0,0) dolly=(5,0,5)
[14:01:41.078958] [I] FLR0026_MODEL_STAGE_COMPLETE asset=assets/models/sequoia_ngp.glb pending_models=0
[14:01:41.079203] [E] [handleMessage] Exception in handler: Entity(164): Light not found
[14:01:41.079250] [E] [handleMessage] Exception in handler: Entity(166): Light not found
[14:01:41.079280] [E] [handleMessage] Exception in handler: Entity(168): Light not found
[14:01:41.079309] [E] [handleMessage] Exception in handler: Entity(170): Light not found
[14:01:41.079507] [I] FLR0026_CAMERA_APPLIED head=(5,0,-5) targetPresent=true target=(0,0,0) dolly=(5,0,5)
[14:01:41.188860] [I] FLR0026_MODEL_STAGE_COMPLETE asset=assets/models/sequoia_ngp.glb pending_models=0
[14:01:41.189106] [E] [handleMessage] Exception in handler: Entity(164): Light not found
[14:01:41.189155] [E] [handleMessage] Exception in handler: Entity(166): Light not found
[14:01:41.189187] [E] [handleMessage] Exception in handler: Entity(168): Light not found
[14:01:41.189217] [E] [handleMessage] Exception in handler: Entity(170): Light not found
[14:01:41.189375] [I] FLR0026_CAMERA_APPLIED head=(5,0,-5) targetPresent=true target=(0,0,0) dolly=(5,0,5)
[14:01:41.291410] [I] FLR0026_MODEL_STAGE_COMPLETE asset=assets/models/sequoia_ngp.glb pending_models=0
[14:01:41.291660] [E] [handleMessage] Exception in handler: Entity(164): Light not found
[14:01:41.291707] [E] [handleMessage] Exception in handler: Entity(166): Light not found
[14:01:41.291736] [E] [handleMessage] Exception in handler: Entity(168): Light not found
[14:01:41.291764] [E] [handleMessage] Exception in handler: Entity(170): Light not found
[14:01:41.292033] [I] FLR0026_CAMERA_APPLIED head=(5,0,-5) targetPresent=true target=(0,0,0) dolly=(5,0,5)
[14:01:41.392709] [I] FLR0026_MODEL_STAGE_COMPLETE asset=assets/models/sequoia_ngp.glb pending_models=0
[14:01:41.392984] [E] [handleMessage] Exception in handler: Entity(164): Light not found
[14:01:41.393037] [E] [handleMessage] Exception in handler: Entity(166): Light not found
[14:01:41.393070] [E] [handleMessage] Exception in handler: Entity(168): Light not found
[14:01:41.393100] [E] [handleMessage] Exception in handler: Entity(170): Light not found
[14:01:41.393433] [I] FLR0026_CAMERA_APPLIED head=(5,0,-5) targetPresent=true target=(0,0,0) dolly=(5,0,5)
[14:01:41.498971] [I] FLR0026_MODEL_STAGE_COMPLETE asset=assets/models/sequoia_ngp.glb pending_models=0
[14:01:41.499208] [E] [handleMessage] Exception in handler: Entity(164): Light not found
[14:01:41.499257] [E] [handleMessage] Exception in handler: Entity(166): Light not found
[14:01:41.499288] [E] [handleMessage] Exception in handler: Entity(168): Light not found
[14:01:41.499316] [E] [handleMessage] Exception in handler: Entity(170): Light not found
[14:01:41.499468] [I] FLR0026_CAMERA_APPLIED head=(5,0,-5) targetPresent=true target=(0,0,0) dolly=(5,0,5)
[14:01:41.604629] [I] FLR0026_MODEL_STAGE_COMPLETE asset=assets/models/sequoia_ngp.glb pending_models=0
[14:01:41.604916] [E] [handleMessage] Exception in handler: Entity(164): Light not found
[14:01:41.604994] [E] [handleMessage] Exception in handler: Entity(166): Light not found
[14:01:41.605028] [E] [handleMessage] Exception in handler: Entity(168): Light not found
[14:01:41.605060] [E] [handleMessage] Exception in handler: Entity(170): Light not found
[14:01:41.605217] [I] FLR0026_CAMERA_APPLIED head=(5,0,-5) targetPresent=true target=(0,0,0) dolly=(5,0,5)
[14:01:41.709051] [I] FLR0026_MODEL_STAGE_COMPLETE asset=assets/models/sequoia_ngp.glb pending_models=0
[14:01:41.709288] [E] [handleMessage] Exception in handler: Entity(164): Light not found
[14:01:41.709336] [E] [handleMessage] Exception in handler: Entity(166): Light not found
[14:01:41.709366] [E] [handleMessage] Exception in handler: Entity(168): Light not found
[14:01:41.709394] [E] [handleMessage] Exception in handler: Entity(170): Light not found
[14:01:41.710545] [I] FLR0026_CAMERA_APPLIED head=(5,0,-5) targetPresent=true target=(0,0,0) dolly=(5,0,5)
[14:01:41.814294] [I] FLR0026_MODEL_STAGE_COMPLETE asset=assets/models/sequoia_ngp.glb pending_models=0
[14:01:41.814554] [E] [handleMessage] Exception in handler: Entity(164): Light not found
[14:01:41.814603] [E] [handleMessage] Exception in handler: Entity(166): Light not found
[14:01:41.814633] [E] [handleMessage] Exception in handler: Entity(168): Light not found
[14:01:41.814662] [E] [handleMessage] Exception in handler: Entity(170): Light not found
[14:01:41.814813] [I] FLR0026_CAMERA_APPLIED head=(5,0,-5) targetPresent=true target=(0,0,0) dolly=(5,0,5)
[14:01:41.923971] [I] FLR0026_MODEL_STAGE_PROGRESS seq=60 progress=1 assets=1
[14:01:41.924059] [I] FLR0026_MODEL_STAGE_COMPLETE asset=assets/models/sequoia_ngp.glb pending_models=0
[14:01:41.924226] [E] [handleMessage] Exception in handler: Entity(164): Light not found
[14:01:41.924273] [E] [handleMessage] Exception in handler: Entity(166): Light not found
[14:01:41.924303] [E] [handleMessage] Exception in handler: Entity(168): Light not found
[14:01:41.924332] [E] [handleMessage] Exception in handler: Entity(170): Light not found
[14:01:41.924479] [I] FLR0026_CAMERA_APPLIED head=(5,0,-5) targetPresent=true target=(0,0,0) dolly=(5,0,5)
[14:01:41.924656] [I] FLR0026_FRAME_BEGIN seq=60 started=false
[14:01:42.030985] [I] FLR0026_MODEL_STAGE_COMPLETE asset=assets/models/sequoia_ngp.glb pending_models=0
[14:01:42.031236] [E] [handleMessage] Exception in handler: Entity(164): Light not found
[14:01:42.031284] [E] [handleMessage] Exception in handler: Entity(166): Light not found
[14:01:42.031315] [E] [handleMessage] Exception in handler: Entity(168): Light not found
[14:01:42.031344] [E] [handleMessage] Exception in handler: Entity(170): Light not found
[14:01:42.031494] [I] FLR0026_CAMERA_APPLIED head=(5,0,-5) targetPresent=true target=(0,0,0) dolly=(5,0,5)
[14:01:42.134983] [I] FLR0026_MODEL_STAGE_COMPLETE asset=assets/models/sequoia_ngp.glb pending_models=0
[14:01:42.135209] [E] [handleMessage] Exception in handler: Entity(164): Light not found
[14:01:42.135255] [E] [handleMessage] Exception in handler: Entity(166): Light not found
[14:01:42.135286] [E] [handleMessage] Exception in handler: Entity(168): Light not found
[14:01:42.135313] [E] [handleMessage] Exception in handler: Entity(170): Light not found
[14:01:42.135466] [I] FLR0026_CAMERA_APPLIED head=(5,0,-5) targetPresent=true target=(0,0,0) dolly=(5,0,5)
[14:01:42.239378] [I] FLR0026_MODEL_STAGE_COMPLETE asset=assets/models/sequoia_ngp.glb pending_models=0
[14:01:42.239622] [E] [handleMessage] Exception in handler: Entity(164): Light not found
[14:01:42.239681] [E] [handleMessage] Exception in handler: Entity(166): Light not found
[14:01:42.239710] [E] [handleMessage] Exception in handler: Entity(168): Light not found
[14:01:42.239737] [E] [handleMessage] Exception in handler: Entity(170): Light not found
[14:01:42.239956] [I] FLR0026_CAMERA_APPLIED head=(5,0,-5) targetPresent=true target=(0,0,0) dolly=(5,0,5)
[14:01:42.345979] [I] FLR0026_MODEL_STAGE_COMPLETE asset=assets/models/sequoia_ngp.glb pending_models=0
[14:01:42.346215] [E] [handleMessage] Exception in handler: Entity(164): Light not found
[14:01:42.346263] [E] [handleMessage] Exception in handler: Entity(166): Light not found
[14:01:42.346293] [E] [handleMessage] Exception in handler: Entity(168): Light not found
[14:01:42.346323] [E] [handleMessage] Exception in handler: Entity(170): Light not found
[14:01:42.346485] [I] FLR0026_CAMERA_APPLIED head=(5,0,-5) targetPresent=true target=(0,0,0) dolly=(5,0,5)
[14:01:42.446974] [I] FLR0026_MODEL_STAGE_COMPLETE asset=assets/models/sequoia_ngp.glb pending_models=0
[14:01:42.447213] [E] [handleMessage] Exception in handler: Entity(164): Light not found
[14:01:42.447261] [E] [handleMessage] Exception in handler: Entity(166): Light not found
[14:01:42.447291] [E] [handleMessage] Exception in handler: Entity(168): Light not found
[14:01:42.447320] [E] [handleMessage] Exception in handler: Entity(170): Light not found
[14:01:42.447469] [I] FLR0026_CAMERA_APPLIED head=(5,0,-5) targetPresent=true target=(0,0,0) dolly=(5,0,5)
[14:01:42.547991] [I] FLR0026_MODEL_STAGE_COMPLETE asset=assets/models/sequoia_ngp.glb pending_models=0
[14:01:42.548234] [E] [handleMessage] Exception in handler: Entity(164): Light not found
[14:01:42.548283] [E] [handleMessage] Exception in handler: Entity(166): Light not found
[14:01:42.548315] [E] [handleMessage] Exception in handler: Entity(168): Light not found
[14:01:42.548344] [E] [handleMessage] Exception in handler: Entity(170): Light not found
[14:01:42.548552] [I] FLR0026_CAMERA_APPLIED head=(5,0,-5) targetPresent=true target=(0,0,0) dolly=(5,0,5)
[14:01:42.654980] [I] FLR0026_MODEL_STAGE_COMPLETE asset=assets/models/sequoia_ngp.glb pending_models=0
[14:01:42.655219] [E] [handleMessage] Exception in handler: Entity(164): Light not found
[14:01:42.655266] [E] [handleMessage] Exception in handler: Entity(166): Light not found
[14:01:42.655297] [E] [handleMessage] Exception in handler: Entity(168): Light not found
[14:01:42.655325] [E] [handleMessage] Exception in handler: Entity(170): Light not found
[14:01:42.655477] [I] FLR0026_CAMERA_APPLIED head=(5,0,-5) targetPresent=true target=(0,0,0) dolly=(5,0,5)
[14:01:42.760980] [I] FLR0026_MODEL_STAGE_COMPLETE asset=assets/models/sequoia_ngp.glb pending_models=0
[14:01:42.761231] [E] [handleMessage] Exception in handler: Entity(164): Light not found
[14:01:42.761281] [E] [handleMessage] Exception in handler: Entity(166): Light not found
[14:01:42.761314] [E] [handleMessage] Exception in handler: Entity(168): Light not found
[14:01:42.761343] [E] [handleMessage] Exception in handler: Entity(170): Light not found
[14:01:42.761500] [I] FLR0026_CAMERA_APPLIED head=(5,0,-5) targetPresent=true target=(0,0,0) dolly=(5,0,5)
[14:01:42.865377] [I] FLR0026_MODEL_STAGE_COMPLETE asset=assets/models/sequoia_ngp.glb pending_models=0
[14:01:42.865614] [E] [handleMessage] Exception in handler: Entity(164): Light not found
[14:01:42.865660] [E] [handleMessage] Exception in handler: Entity(166): Light not found
[14:01:42.865691] [E] [handleMessage] Exception in handler: Entity(168): Light not found
[14:01:42.865719] [E] [handleMessage] Exception in handler: Entity(170): Light not found
[14:01:42.865911] [I] FLR0026_CAMERA_APPLIED head=(5,0,-5) targetPresent=true target=(0,0,0) dolly=(5,0,5)
[14:01:42.969410] [I] FLR0026_MODEL_STAGE_COMPLETE asset=assets/models/sequoia_ngp.glb pending_models=0
[14:01:42.969657] [E] [handleMessage] Exception in handler: Entity(164): Light not found
[14:01:42.969706] [E] [handleMessage] Exception in handler: Entity(166): Light not found
[14:01:42.969738] [E] [handleMessage] Exception in handler: Entity(168): Light not found
[14:01:42.969767] [E] [handleMessage] Exception in handler: Entity(170): Light not found
[14:01:42.969985] [I] FLR0026_CAMERA_APPLIED head=(5,0,-5) targetPresent=true target=(0,0,0) dolly=(5,0,5)
[14:01:42.970177] [I] FLR0026_FRAME_BEGIN seq=70 started=false
[14:01:43.071967] [I] FLR0026_MODEL_STAGE_COMPLETE asset=assets/models/sequoia_ngp.glb pending_models=0
[14:01:43.072215] [E] [handleMessage] Exception in handler: Entity(164): Light not found
[14:01:43.072264] [E] [handleMessage] Exception in handler: Entity(166): Light not found
[14:01:43.072294] [E] [handleMessage] Exception in handler: Entity(168): Light not found
[14:01:43.072322] [E] [handleMessage] Exception in handler: Entity(170): Light not found
[14:01:43.072474] [I] FLR0026_CAMERA_APPLIED head=(5,0,-5) targetPresent=true target=(0,0,0) dolly=(5,0,5)
[14:01:43.174968] [I] FLR0026_MODEL_STAGE_COMPLETE asset=assets/models/sequoia_ngp.glb pending_models=0
[14:01:43.175208] [E] [handleMessage] Exception in handler: Entity(164): Light not found
[14:01:43.175258] [E] [handleMessage] Exception in handler: Entity(166): Light not found
[14:01:43.175290] [E] [handleMessage] Exception in handler: Entity(168): Light not found
[14:01:43.175321] [E] [handleMessage] Exception in handler: Entity(170): Light not found
[14:01:43.175479] [I] FLR0026_CAMERA_APPLIED head=(5,0,-5) targetPresent=true target=(0,0,0) dolly=(5,0,5)
[14:01:43.275994] [I] FLR0026_MODEL_STAGE_COMPLETE asset=assets/models/sequoia_ngp.glb pending_models=0
[14:01:43.276233] [E] [handleMessage] Exception in handler: Entity(164): Light not found
[14:01:43.276279] [E] [handleMessage] Exception in handler: Entity(166): Light not found
[14:01:43.276421] [E] [handleMessage] Exception in handler: Entity(168): Light not found
[14:01:43.276513] [E] [handleMessage] Exception in handler: Entity(170): Light not found
[14:01:43.276672] [I] FLR0026_CAMERA_APPLIED head=(5,0,-5) targetPresent=true target=(0,0,0) dolly=(5,0,5)
[14:01:43.377222] [I] FLR0026_MODEL_STAGE_COMPLETE asset=assets/models/sequoia_ngp.glb pending_models=0
[14:01:43.377462] [E] [handleMessage] Exception in handler: Entity(164): Light not found
[14:01:43.377511] [E] [handleMessage] Exception in handler: Entity(166): Light not found
[14:01:43.377544] [E] [handleMessage] Exception in handler: Entity(168): Light not found
[14:01:43.377574] [E] [handleMessage] Exception in handler: Entity(170): Light not found
[14:01:43.377731] [I] FLR0026_CAMERA_APPLIED head=(5,0,-5) targetPresent=true target=(0,0,0) dolly=(5,0,5)
[14:01:43.483967] [I] FLR0026_MODEL_STAGE_COMPLETE asset=assets/models/sequoia_ngp.glb pending_models=0
[14:01:43.484203] [E] [handleMessage] Exception in handler: Entity(164): Light not found
[14:01:43.484251] [E] [handleMessage] Exception in handler: Entity(166): Light not found
[14:01:43.484282] [E] [handleMessage] Exception in handler: Entity(168): Light not found
[14:01:43.484311] [E] [handleMessage] Exception in handler: Entity(170): Light not found
[14:01:43.484465] [I] FLR0026_CAMERA_APPLIED head=(5,0,-5) targetPresent=true target=(0,0,0) dolly=(5,0,5)
[14:01:43.584992] [I] FLR0026_MODEL_STAGE_COMPLETE asset=assets/models/sequoia_ngp.glb pending_models=0
[14:01:43.585253] [E] [handleMessage] Exception in handler: Entity(164): Light not found
[14:01:43.585303] [E] [handleMessage] Exception in handler: Entity(166): Light not found
[14:01:43.585335] [E] [handleMessage] Exception in handler: Entity(168): Light not found
[14:01:43.585365] [E] [handleMessage] Exception in handler: Entity(170): Light not found
[14:01:43.585519] [I] FLR0026_CAMERA_APPLIED head=(5,0,-5) targetPresent=true target=(0,0,0) dolly=(5,0,5)
[14:01:43.693967] [I] FLR0026_MODEL_STAGE_COMPLETE asset=assets/models/sequoia_ngp.glb pending_models=0
[14:01:43.694206] [E] [handleMessage] Exception in handler: Entity(164): Light not found
[14:01:43.694254] [E] [handleMessage] Exception in handler: Entity(166): Light not found
[14:01:43.694285] [E] [handleMessage] Exception in handler: Entity(168): Light not found
[14:01:43.694314] [E] [handleMessage] Exception in handler: Entity(170): Light not found
[14:01:43.694469] [I] FLR0026_CAMERA_APPLIED head=(5,0,-5) targetPresent=true target=(0,0,0) dolly=(5,0,5)
[14:01:43.801967] [I] FLR0026_MODEL_STAGE_COMPLETE asset=assets/models/sequoia_ngp.glb pending_models=0
[14:01:43.802211] [E] [handleMessage] Exception in handler: Entity(164): Light not found
[14:01:43.802259] [E] [handleMessage] Exception in handler: Entity(166): Light not found
[14:01:43.802289] [E] [handleMessage] Exception in handler: Entity(168): Light not found
[14:01:43.802318] [E] [handleMessage] Exception in handler: Entity(170): Light not found
[14:01:43.802475] [I] FLR0026_CAMERA_APPLIED head=(5,0,-5) targetPresent=true target=(0,0,0) dolly=(5,0,5)
[14:01:43.909985] [I] FLR0026_MODEL_STAGE_COMPLETE asset=assets/models/sequoia_ngp.glb pending_models=0
[14:01:43.910296] [E] [handleMessage] Exception in handler: Entity(164): Light not found
[14:01:43.910354] [E] [handleMessage] Exception in handler: Entity(166): Light not found
[14:01:43.910386] [E] [handleMessage] Exception in handler: Entity(168): Light not found
[14:01:43.910421] [E] [handleMessage] Exception in handler: Entity(170): Light not found
[14:01:43.910587] [I] FLR0026_CAMERA_APPLIED head=(5,0,-5) targetPresent=true target=(0,0,0) dolly=(5,0,5)
[14:01:44.012223] [I] FLR0026_MODEL_STAGE_COMPLETE asset=assets/models/sequoia_ngp.glb pending_models=0
[14:01:44.012630] [E] [handleMessage] Exception in handler: Entity(164): Light not found
[14:01:44.012735] [E] [handleMessage] Exception in handler: Entity(166): Light not found
[14:01:44.012792] [E] [handleMessage] Exception in handler: Entity(168): Light not found
[14:01:44.012933] [E] [handleMessage] Exception in handler: Entity(170): Light not found
[14:01:44.013120] [I] FLR0026_CAMERA_APPLIED head=(5,0,-5) targetPresent=true target=(0,0,0) dolly=(5,0,5)
[14:01:44.013388] [I] FLR0026_FRAME_BEGIN seq=80 started=false
[14:01:44.113767] [I] FLR0026_MODEL_STAGE_COMPLETE asset=assets/models/sequoia_ngp.glb pending_models=0
[14:01:44.114084] [E] [handleMessage] Exception in handler: Entity(164): Light not found
[14:01:44.114134] [E] [handleMessage] Exception in handler: Entity(166): Light not found
[14:01:44.114164] [E] [handleMessage] Exception in handler: Entity(168): Light not found
[14:01:44.114193] [E] [handleMessage] Exception in handler: Entity(170): Light not found
[14:01:44.114342] [I] FLR0026_CAMERA_APPLIED head=(5,0,-5) targetPresent=true target=(0,0,0) dolly=(5,0,5)
[14:01:44.214932] [I] FLR0026_MODEL_STAGE_COMPLETE asset=assets/models/sequoia_ngp.glb pending_models=0
[14:01:44.215164] [E] [handleMessage] Exception in handler: Entity(164): Light not found
[14:01:44.215211] [E] [handleMessage] Exception in handler: Entity(166): Light not found
[14:01:44.215241] [E] [handleMessage] Exception in handler: Entity(168): Light not found
[14:01:44.215270] [E] [handleMessage] Exception in handler: Entity(170): Light not found
[14:01:44.215423] [I] FLR0026_CAMERA_APPLIED head=(5,0,-5) targetPresent=true target=(0,0,0) dolly=(5,0,5)
[14:01:44.318386] [I] FLR0026_MODEL_STAGE_COMPLETE asset=assets/models/sequoia_ngp.glb pending_models=0
[14:01:44.318637] [E] [handleMessage] Exception in handler: Entity(164): Light not found
[14:01:44.318686] [E] [handleMessage] Exception in handler: Entity(166): Light not found
[14:01:44.318717] [E] [handleMessage] Exception in handler: Entity(168): Light not found
[14:01:44.318745] [E] [handleMessage] Exception in handler: Entity(170): Light not found
[14:01:44.318947] [I] FLR0026_CAMERA_APPLIED head=(5,0,-5) targetPresent=true target=(0,0,0) dolly=(5,0,5)
[14:01:44.422362] [I] FLR0026_MODEL_STAGE_COMPLETE asset=assets/models/sequoia_ngp.glb pending_models=0
[14:01:44.422616] [E] [handleMessage] Exception in handler: Entity(164): Light not found
[14:01:44.422665] [E] [handleMessage] Exception in handler: Entity(166): Light not found
[14:01:44.422695] [E] [handleMessage] Exception in handler: Entity(168): Light not found
[14:01:44.422724] [E] [handleMessage] Exception in handler: Entity(170): Light not found
[14:01:44.422934] [I] FLR0026_CAMERA_APPLIED head=(5,0,-5) targetPresent=true target=(0,0,0) dolly=(5,0,5)
[14:01:44.523450] [I] FLR0026_MODEL_STAGE_COMPLETE asset=assets/models/sequoia_ngp.glb pending_models=0
[14:01:44.523704] [E] [handleMessage] Exception in handler: Entity(164): Light not found
[14:01:44.523752] [E] [handleMessage] Exception in handler: Entity(166): Light not found
[14:01:44.523782] [E] [handleMessage] Exception in handler: Entity(168): Light not found
[14:01:44.523809] [E] [handleMessage] Exception in handler: Entity(170): Light not found
[14:01:44.524018] [I] FLR0026_CAMERA_APPLIED head=(5,0,-5) targetPresent=true target=(0,0,0) dolly=(5,0,5)
[14:01:44.636035] [I] FLR0026_MODEL_STAGE_COMPLETE asset=assets/models/sequoia_ngp.glb pending_models=0
[14:01:44.636271] [E] [handleMessage] Exception in handler: Entity(164): Light not found
[14:01:44.636319] [E] [handleMessage] Exception in handler: Entity(166): Light not found
[14:01:44.636350] [E] [handleMessage] Exception in handler: Entity(168): Light not found
[14:01:44.636379] [E] [handleMessage] Exception in handler: Entity(170): Light not found
[14:01:44.636535] [I] FLR0026_CAMERA_APPLIED head=(5,0,-5) targetPresent=true target=(0,0,0) dolly=(5,0,5)
[14:01:44.739920] [I] FLR0026_MODEL_STAGE_COMPLETE asset=assets/models/sequoia_ngp.glb pending_models=0
[14:01:44.740163] [E] [handleMessage] Exception in handler: Entity(164): Light not found
[14:01:44.740209] [E] [handleMessage] Exception in handler: Entity(166): Light not found
[14:01:44.740239] [E] [handleMessage] Exception in handler: Entity(168): Light not found
[14:01:44.740267] [E] [handleMessage] Exception in handler: Entity(170): Light not found
[14:01:44.740481] [I] FLR0026_CAMERA_APPLIED head=(5,0,-5) targetPresent=true target=(0,0,0) dolly=(5,0,5)
[14:01:44.850939] [I] FLR0026_MODEL_STAGE_COMPLETE asset=assets/models/sequoia_ngp.glb pending_models=0
[14:01:44.851388] [E] [handleMessage] Exception in handler: Entity(164): Light not found
[14:01:44.851494] [E] [handleMessage] Exception in handler: Entity(166): Light not found
[14:01:44.851566] [E] [handleMessage] Exception in handler: Entity(168): Light not found
[14:01:44.851608] [E] [handleMessage] Exception in handler: Entity(170): Light not found
[14:01:44.851767] [I] FLR0026_CAMERA_APPLIED head=(5,0,-5) targetPresent=true target=(0,0,0) dolly=(5,0,5)
[14:01:44.953390] [I] FLR0026_MODEL_STAGE_COMPLETE asset=assets/models/sequoia_ngp.glb pending_models=0
[14:01:44.953639] [E] [handleMessage] Exception in handler: Entity(164): Light not found
[14:01:44.953689] [E] [handleMessage] Exception in handler: Entity(166): Light not found
[14:01:44.953721] [E] [handleMessage] Exception in handler: Entity(168): Light not found
[14:01:44.953752] [E] [handleMessage] Exception in handler: Entity(170): Light not found
[14:01:44.953971] [I] FLR0026_CAMERA_APPLIED head=(5,0,-5) targetPresent=true target=(0,0,0) dolly=(5,0,5)
[14:01:45.060972] [I] FLR0026_MODEL_STAGE_COMPLETE asset=assets/models/sequoia_ngp.glb pending_models=0
[14:01:45.061227] [E] [handleMessage] Exception in handler: Entity(164): Light not found
[14:01:45.061276] [E] [handleMessage] Exception in handler: Entity(166): Light not found
[14:01:45.061307] [E] [handleMessage] Exception in handler: Entity(168): Light not found
[14:01:45.061336] [E] [handleMessage] Exception in handler: Entity(170): Light not found
[14:01:45.061488] [I] FLR0026_CAMERA_APPLIED head=(5,0,-5) targetPresent=true target=(0,0,0) dolly=(5,0,5)
[14:01:45.061673] [I] FLR0026_FRAME_BEGIN seq=90 started=false
[14:01:45.162983] [I] FLR0026_MODEL_STAGE_COMPLETE asset=assets/models/sequoia_ngp.glb pending_models=0
[14:01:45.163224] [E] [handleMessage] Exception in handler: Entity(164): Light not found
[14:01:45.163275] [E] [handleMessage] Exception in handler: Entity(166): Light not found
[14:01:45.163307] [E] [handleMessage] Exception in handler: Entity(168): Light not found
[14:01:45.163336] [E] [handleMessage] Exception in handler: Entity(170): Light not found
[14:01:45.163493] [I] FLR0026_CAMERA_APPLIED head=(5,0,-5) targetPresent=true target=(0,0,0) dolly=(5,0,5)
[14:01:45.274239] [I] FLR0026_MODEL_STAGE_COMPLETE asset=assets/models/sequoia_ngp.glb pending_models=0
[14:01:45.274475] [E] [handleMessage] Exception in handler: Entity(164): Light not found
[14:01:45.274524] [E] [handleMessage] Exception in handler: Entity(166): Light not found
[14:01:45.274555] [E] [handleMessage] Exception in handler: Entity(168): Light not found
[14:01:45.274584] [E] [handleMessage] Exception in handler: Entity(170): Light not found
[14:01:45.274736] [I] FLR0026_CAMERA_APPLIED head=(5,0,-5) targetPresent=true target=(0,0,0) dolly=(5,0,5)
[14:01:45.376992] [I] FLR0026_MODEL_STAGE_COMPLETE asset=assets/models/sequoia_ngp.glb pending_models=0
[14:01:45.377237] [E] [handleMessage] Exception in handler: Entity(164): Light not found
[14:01:45.377286] [E] [handleMessage] Exception in handler: Entity(166): Light not found
[14:01:45.377319] [E] [handleMessage] Exception in handler: Entity(168): Light not found
[14:01:45.377349] [E] [handleMessage] Exception in handler: Entity(170): Light not found
[14:01:45.377506] [I] FLR0026_CAMERA_APPLIED head=(5,0,-5) targetPresent=true target=(0,0,0) dolly=(5,0,5)
[14:01:45.479964] [I] FLR0026_MODEL_STAGE_COMPLETE asset=assets/models/sequoia_ngp.glb pending_models=0
[14:01:45.480192] [E] [handleMessage] Exception in handler: Entity(164): Light not found
[14:01:45.480240] [E] [handleMessage] Exception in handler: Entity(166): Light not found
[14:01:45.480270] [E] [handleMessage] Exception in handler: Entity(168): Light not found
[14:01:45.480344] [E] [handleMessage] Exception in handler: Entity(170): Light not found
[14:01:45.480503] [I] FLR0026_CAMERA_APPLIED head=(5,0,-5) targetPresent=true target=(0,0,0) dolly=(5,0,5)
[14:01:45.582982] [I] FLR0026_MODEL_STAGE_COMPLETE asset=assets/models/sequoia_ngp.glb pending_models=0
[14:01:45.583228] [E] [handleMessage] Exception in handler: Entity(164): Light not found
[14:01:45.583277] [E] [handleMessage] Exception in handler: Entity(166): Light not found
[14:01:45.583309] [E] [handleMessage] Exception in handler: Entity(168): Light not found
[14:01:45.583340] [E] [handleMessage] Exception in handler: Entity(170): Light not found
[14:01:45.583495] [I] FLR0026_CAMERA_APPLIED head=(5,0,-5) targetPresent=true target=(0,0,0) dolly=(5,0,5)
[14:01:45.684981] [I] FLR0026_MODEL_STAGE_COMPLETE asset=assets/models/sequoia_ngp.glb pending_models=0
[14:01:45.685222] [E] [handleMessage] Exception in handler: Entity(164): Light not found
[14:01:45.685270] [E] [handleMessage] Exception in handler: Entity(166): Light not found
[14:01:45.685300] [E] [handleMessage] Exception in handler: Entity(168): Light not found
[14:01:45.685328] [E] [handleMessage] Exception in handler: Entity(170): Light not found
[14:01:45.685477] [I] FLR0026_CAMERA_APPLIED head=(5,0,-5) targetPresent=true target=(0,0,0) dolly=(5,0,5)
[14:01:45.787992] [I] FLR0026_MODEL_STAGE_COMPLETE asset=assets/models/sequoia_ngp.glb pending_models=0
[14:01:45.788236] [E] [handleMessage] Exception in handler: Entity(164): Light not found
[14:01:45.788286] [E] [handleMessage] Exception in handler: Entity(166): Light not found
[14:01:45.788319] [E] [handleMessage] Exception in handler: Entity(168): Light not found
[14:01:45.788350] [E] [handleMessage] Exception in handler: Entity(170): Light not found
[14:01:45.788504] [I] FLR0026_CAMERA_APPLIED head=(5,0,-5) targetPresent=true target=(0,0,0) dolly=(5,0,5)
[14:01:45.889118] [I] FLR0026_MODEL_STAGE_COMPLETE asset=assets/models/sequoia_ngp.glb pending_models=0
[14:01:45.889345] [E] [handleMessage] Exception in handler: Entity(164): Light not found
[14:01:45.889392] [E] [handleMessage] Exception in handler: Entity(166): Light not found
[14:01:45.889422] [E] [handleMessage] Exception in handler: Entity(168): Light not found
[14:01:45.889451] [E] [handleMessage] Exception in handler: Entity(170): Light not found
[14:01:45.889614] [I] FLR0026_CAMERA_APPLIED head=(5,0,-5) targetPresent=true target=(0,0,0) dolly=(5,0,5)
[14:01:45.999977] [I] FLR0026_MODEL_STAGE_COMPLETE asset=assets/models/sequoia_ngp.glb pending_models=0
[14:01:46.000215] [E] [handleMessage] Exception in handler: Entity(164): Light not found
[14:01:46.000272] [E] [handleMessage] Exception in handler: Entity(166): Light not found
[14:01:46.000302] [E] [handleMessage] Exception in handler: Entity(168): Light not found
[14:01:46.000330] [E] [handleMessage] Exception in handler: Entity(170): Light not found
[14:01:46.000491] [I] FLR0026_CAMERA_APPLIED head=(5,0,-5) targetPresent=true target=(0,0,0) dolly=(5,0,5)
[14:01:46.105124] [I] FLR0026_MODEL_STAGE_COMPLETE asset=assets/models/sequoia_ngp.glb pending_models=0
[14:01:46.105366] [E] [handleMessage] Exception in handler: Entity(164): Light not found
[14:01:46.105415] [E] [handleMessage] Exception in handler: Entity(166): Light not found
[14:01:46.105447] [E] [handleMessage] Exception in handler: Entity(168): Light not found
[14:01:46.105477] [E] [handleMessage] Exception in handler: Entity(170): Light not found
[14:01:46.105645] [I] FLR0026_CAMERA_APPLIED head=(5,0,-5) targetPresent=true target=(0,0,0) dolly=(5,0,5)
[14:01:46.105868] [I] FLR0026_FRAME_BEGIN seq=100 started=false
[14:01:46.209168] [I] FLR0026_MODEL_STAGE_COMPLETE asset=assets/models/sequoia_ngp.glb pending_models=0
[14:01:46.209403] [E] [handleMessage] Exception in handler: Entity(164): Light not found
[14:01:46.209450] [E] [handleMessage] Exception in handler: Entity(166): Light not found
[14:01:46.209528] [E] [handleMessage] Exception in handler: Entity(168): Light not found
[14:01:46.209563] [E] [handleMessage] Exception in handler: Entity(170): Light not found
[14:01:46.209732] [I] FLR0026_CAMERA_APPLIED head=(5,0,-5) targetPresent=true target=(0,0,0) dolly=(5,0,5)
[14:01:46.313975] [I] FLR0026_MODEL_STAGE_COMPLETE asset=assets/models/sequoia_ngp.glb pending_models=0
[14:01:46.314211] [E] [handleMessage] Exception in handler: Entity(164): Light not found
[14:01:46.314257] [E] [handleMessage] Exception in handler: Entity(166): Light not found
[14:01:46.314288] [E] [handleMessage] Exception in handler: Entity(168): Light not found
[14:01:46.314318] [E] [handleMessage] Exception in handler: Entity(170): Light not found
[14:01:46.314484] [I] FLR0026_CAMERA_APPLIED head=(5,0,-5) targetPresent=true target=(0,0,0) dolly=(5,0,5)
[14:01:46.416388] [I] FLR0026_MODEL_STAGE_COMPLETE asset=assets/models/sequoia_ngp.glb pending_models=0
[14:01:46.416786] [E] [handleMessage] Exception in handler: Entity(164): Light not found
[14:01:46.416998] [E] [handleMessage] Exception in handler: Entity(166): Light not found
[14:01:46.417090] [E] [handleMessage] Exception in handler: Entity(168): Light not found
[14:01:46.417165] [E] [handleMessage] Exception in handler: Entity(170): Light not found
[14:01:46.417470] [I] FLR0026_CAMERA_APPLIED head=(5,0,-5) targetPresent=true target=(0,0,0) dolly=(5,0,5)
[14:01:46.521778] [I] FLR0026_MODEL_STAGE_COMPLETE asset=assets/models/sequoia_ngp.glb pending_models=0
[14:01:46.522230] [E] [handleMessage] Exception in handler: Entity(164): Light not found
[14:01:46.522278] [E] [handleMessage] Exception in handler: Entity(166): Light not found
[14:01:46.522309] [E] [handleMessage] Exception in handler: Entity(168): Light not found
[14:01:46.522338] [E] [handleMessage] Exception in handler: Entity(170): Light not found
[14:01:46.522504] [I] FLR0026_CAMERA_APPLIED head=(5,0,-5) targetPresent=true target=(0,0,0) dolly=(5,0,5)
[14:01:46.624312] [I] FLR0026_MODEL_STAGE_COMPLETE asset=assets/models/sequoia_ngp.glb pending_models=0
[14:01:46.624546] [E] [handleMessage] Exception in handler: Entity(164): Light not found
[14:01:46.624594] [E] [handleMessage] Exception in handler: Entity(166): Light not found
[14:01:46.624624] [E] [handleMessage] Exception in handler: Entity(168): Light not found
[14:01:46.624652] [E] [handleMessage] Exception in handler: Entity(170): Light not found
[14:01:46.624804] [I] FLR0026_CAMERA_APPLIED head=(5,0,-5) targetPresent=true target=(0,0,0) dolly=(5,0,5)
[14:01:46.725403] [I] FLR0026_MODEL_STAGE_COMPLETE asset=assets/models/sequoia_ngp.glb pending_models=0
[14:01:46.725645] [E] [handleMessage] Exception in handler: Entity(164): Light not found
[14:01:46.725692] [E] [handleMessage] Exception in handler: Entity(166): Light not found
[14:01:46.725723] [E] [handleMessage] Exception in handler: Entity(168): Light not found
[14:01:46.725751] [E] [handleMessage] Exception in handler: Entity(170): Light not found
[14:01:46.725963] [I] FLR0026_CAMERA_APPLIED head=(5,0,-5) targetPresent=true target=(0,0,0) dolly=(5,0,5)
[14:01:46.830478] [I] FLR0026_MODEL_STAGE_COMPLETE asset=assets/models/sequoia_ngp.glb pending_models=0
[14:01:46.830734] [E] [handleMessage] Exception in handler: Entity(164): Light not found
[14:01:46.830781] [E] [handleMessage] Exception in handler: Entity(166): Light not found
[14:01:46.830811] [E] [handleMessage] Exception in handler: Entity(168): Light not found
[14:01:46.830883] [E] [handleMessage] Exception in handler: Entity(170): Light not found
[14:01:46.831045] [I] FLR0026_CAMERA_APPLIED head=(5,0,-5) targetPresent=true target=(0,0,0) dolly=(5,0,5)
[14:01:46.933982] [I] FLR0026_MODEL_STAGE_COMPLETE asset=assets/models/sequoia_ngp.glb pending_models=0
[14:01:46.934231] [E] [handleMessage] Exception in handler: Entity(164): Light not found
[14:01:46.934277] [E] [handleMessage] Exception in handler: Entity(166): Light not found
[14:01:46.934307] [E] [handleMessage] Exception in handler: Entity(168): Light not found
[14:01:46.934336] [E] [handleMessage] Exception in handler: Entity(170): Light not found
[14:01:46.934556] [I] FLR0026_CAMERA_APPLIED head=(5,0,-5) targetPresent=true target=(0,0,0) dolly=(5,0,5)
[14:01:47.035173] [I] FLR0026_MODEL_STAGE_COMPLETE asset=assets/models/sequoia_ngp.glb pending_models=0
[14:01:47.035423] [E] [handleMessage] Exception in handler: Entity(164): Light not found
[14:01:47.035469] [E] [handleMessage] Exception in handler: Entity(166): Light not found
[14:01:47.035499] [E] [handleMessage] Exception in handler: Entity(168): Light not found
[14:01:47.035527] [E] [handleMessage] Exception in handler: Entity(170): Light not found
[14:01:47.035681] [I] FLR0026_CAMERA_APPLIED head=(5,0,-5) targetPresent=true target=(0,0,0) dolly=(5,0,5)
[14:01:47.136243] [I] FLR0026_MODEL_STAGE_COMPLETE asset=assets/models/sequoia_ngp.glb pending_models=0
[14:01:47.136486] [E] [handleMessage] Exception in handler: Entity(164): Light not found
[14:01:47.136534] [E] [handleMessage] Exception in handler: Entity(166): Light not found
[14:01:47.136566] [E] [handleMessage] Exception in handler: Entity(168): Light not found
[14:01:47.136595] [E] [handleMessage] Exception in handler: Entity(170): Light not found
[14:01:47.136753] [I] FLR0026_CAMERA_APPLIED head=(5,0,-5) targetPresent=true target=(0,0,0) dolly=(5,0,5)
[14:01:47.136973] [I] FLR0026_FRAME_BEGIN seq=110 started=false
[14:01:47.241138] [I] FLR0026_MODEL_STAGE_COMPLETE asset=assets/models/sequoia_ngp.glb pending_models=0
[14:01:47.241379] [E] [handleMessage] Exception in handler: Entity(164): Light not found
[14:01:47.241427] [E] [handleMessage] Exception in handler: Entity(166): Light not found
[14:01:47.241457] [E] [handleMessage] Exception in handler: Entity(168): Light not found
[14:01:47.241486] [E] [handleMessage] Exception in handler: Entity(170): Light not found
[14:01:47.241639] [I] FLR0026_CAMERA_APPLIED head=(5,0,-5) targetPresent=true target=(0,0,0) dolly=(5,0,5)
[14:01:47.346217] [I] FLR0026_MODEL_STAGE_COMPLETE asset=assets/models/sequoia_ngp.glb pending_models=0
[14:01:47.346463] [E] [handleMessage] Exception in handler: Entity(164): Light not found
[14:01:47.346512] [E] [handleMessage] Exception in handler: Entity(166): Light not found
[14:01:47.346551] [E] [handleMessage] Exception in handler: Entity(168): Light not found
[14:01:47.346585] [E] [handleMessage] Exception in handler: Entity(170): Light not found
[14:01:47.346740] [I] FLR0026_CAMERA_APPLIED head=(5,0,-5) targetPresent=true target=(0,0,0) dolly=(5,0,5)
[14:01:47.455165] [I] FLR0026_MODEL_STAGE_COMPLETE asset=assets/models/sequoia_ngp.glb pending_models=0
[14:01:47.455400] [E] [handleMessage] Exception in handler: Entity(164): Light not found
[14:01:47.455447] [E] [handleMessage] Exception in handler: Entity(166): Light not found
[14:01:47.455478] [E] [handleMessage] Exception in handler: Entity(168): Light not found
[14:01:47.455507] [E] [handleMessage] Exception in handler: Entity(170): Light not found
[14:01:47.455656] [I] FLR0026_CAMERA_APPLIED head=(5,0,-5) targetPresent=true target=(0,0,0) dolly=(5,0,5)
[14:01:47.556214] [I] FLR0026_MODEL_STAGE_COMPLETE asset=assets/models/sequoia_ngp.glb pending_models=0
[14:01:47.556458] [E] [handleMessage] Exception in handler: Entity(164): Light not found
[14:01:47.556507] [E] [handleMessage] Exception in handler: Entity(166): Light not found
[14:01:47.556539] [E] [handleMessage] Exception in handler: Entity(168): Light not found
[14:01:47.556569] [E] [handleMessage] Exception in handler: Entity(170): Light not found
[14:01:47.556726] [I] FLR0026_CAMERA_APPLIED head=(5,0,-5) targetPresent=true target=(0,0,0) dolly=(5,0,5)
[14:01:47.659290] [I] FLR0026_MODEL_STAGE_COMPLETE asset=assets/models/sequoia_ngp.glb pending_models=0
[14:01:47.659533] [E] [handleMessage] Exception in handler: Entity(164): Light not found
[14:01:47.659582] [E] [handleMessage] Exception in handler: Entity(166): Light not found
[14:01:47.659613] [E] [handleMessage] Exception in handler: Entity(168): Light not found
[14:01:47.659700] [E] [handleMessage] Exception in handler: Entity(170): Light not found
[14:01:47.659909] [I] FLR0026_CAMERA_APPLIED head=(5,0,-5) targetPresent=true target=(0,0,0) dolly=(5,0,5)
[14:01:47.760800] [I] FLR0026_MODEL_STAGE_COMPLETE asset=assets/models/sequoia_ngp.glb pending_models=0
[14:01:47.761087] [E] [handleMessage] Exception in handler: Entity(164): Light not found
[14:01:47.761140] [E] [handleMessage] Exception in handler: Entity(166): Light not found
[14:01:47.761172] [E] [handleMessage] Exception in handler: Entity(168): Light not found
[14:01:47.761202] [E] [handleMessage] Exception in handler: Entity(170): Light not found
[14:01:47.761362] [I] FLR0026_CAMERA_APPLIED head=(5,0,-5) targetPresent=true target=(0,0,0) dolly=(5,0,5)
[14:01:47.863168] [I] FLR0026_MODEL_STAGE_COMPLETE asset=assets/models/sequoia_ngp.glb pending_models=0
[14:01:47.863555] [E] [handleMessage] Exception in handler: Entity(164): Light not found
[14:01:47.863603] [E] [handleMessage] Exception in handler: Entity(166): Light not found
[14:01:47.863632] [E] [handleMessage] Exception in handler: Entity(168): Light not found
[14:01:47.863660] [E] [handleMessage] Exception in handler: Entity(170): Light not found
[14:01:47.863812] [I] FLR0026_CAMERA_APPLIED head=(5,0,-5) targetPresent=true target=(0,0,0) dolly=(5,0,5)
[14:01:47.966019] [I] FLR0026_MODEL_STAGE_COMPLETE asset=assets/models/sequoia_ngp.glb pending_models=0
[14:01:47.966256] [E] [handleMessage] Exception in handler: Entity(164): Light not found
[14:01:47.966306] [E] [handleMessage] Exception in handler: Entity(166): Light not found
[14:01:47.966338] [E] [handleMessage] Exception in handler: Entity(168): Light not found
[14:01:47.966369] [E] [handleMessage] Exception in handler: Entity(170): Light not found
[14:01:47.966549] [I] FLR0026_CAMERA_APPLIED head=(5,0,-5) targetPresent=true target=(0,0,0) dolly=(5,0,5)
[14:01:48.070003] [I] FLR0026_MODEL_STAGE_COMPLETE asset=assets/models/sequoia_ngp.glb pending_models=0
[14:01:48.070255] [E] [handleMessage] Exception in handler: Entity(164): Light not found
[14:01:48.070303] [E] [handleMessage] Exception in handler: Entity(166): Light not found
[14:01:48.070334] [E] [handleMessage] Exception in handler: Entity(168): Light not found
[14:01:48.070363] [E] [handleMessage] Exception in handler: Entity(170): Light not found
[14:01:48.070524] [I] FLR0026_CAMERA_APPLIED head=(5,0,-5) targetPresent=true target=(0,0,0) dolly=(5,0,5)
[14:01:48.171417] [I] FLR0026_MODEL_STAGE_PROGRESS seq=120 progress=1 assets=1
[14:01:48.171504] [I] FLR0026_MODEL_STAGE_COMPLETE asset=assets/models/sequoia_ngp.glb pending_models=0
[14:01:48.171678] [E] [handleMessage] Exception in handler: Entity(164): Light not found
[14:01:48.171728] [E] [handleMessage] Exception in handler: Entity(166): Light not found
[14:01:48.171761] [E] [handleMessage] Exception in handler: Entity(168): Light not found
[14:01:48.171792] [E] [handleMessage] Exception in handler: Entity(170): Light not found
[14:01:48.172004] [I] FLR0026_CAMERA_APPLIED head=(5,0,-5) targetPresent=true target=(0,0,0) dolly=(5,0,5)
[14:01:48.172198] [I] FLR0026_FRAME_BEGIN seq=120 started=false
[14:01:48.276995] [I] FLR0026_MODEL_STAGE_COMPLETE asset=assets/models/sequoia_ngp.glb pending_models=0
[14:01:48.277229] [E] [handleMessage] Exception in handler: Entity(164): Light not found
[14:01:48.277276] [E] [handleMessage] Exception in handler: Entity(166): Light not found
[14:01:48.277306] [E] [handleMessage] Exception in handler: Entity(168): Light not found
[14:01:48.277334] [E] [handleMessage] Exception in handler: Entity(170): Light not found
[14:01:48.277487] [I] FLR0026_CAMERA_APPLIED head=(5,0,-5) targetPresent=true target=(0,0,0) dolly=(5,0,5)
[14:01:48.380099] [I] FLR0026_MODEL_STAGE_COMPLETE asset=assets/models/sequoia_ngp.glb pending_models=0
[14:01:48.380329] [E] [handleMessage] Exception in handler: Entity(164): Light not found
[14:01:48.380420] [E] [handleMessage] Exception in handler: Entity(166): Light not found
[14:01:48.380461] [E] [handleMessage] Exception in handler: Entity(168): Light not found
[14:01:48.380503] [E] [handleMessage] Exception in handler: Entity(170): Light not found
[14:01:48.380665] [I] FLR0026_CAMERA_APPLIED head=(5,0,-5) targetPresent=true target=(0,0,0) dolly=(5,0,5)
[14:01:48.483968] [I] FLR0026_MODEL_STAGE_COMPLETE asset=assets/models/sequoia_ngp.glb pending_models=0
[14:01:48.484410] [E] [handleMessage] Exception in handler: Entity(164): Light not found
[14:01:48.484481] [E] [handleMessage] Exception in handler: Entity(166): Light not found
[14:01:48.484513] [E] [handleMessage] Exception in handler: Entity(168): Light not found
[14:01:48.484542] [E] [handleMessage] Exception in handler: Entity(170): Light not found
[14:01:48.484702] [I] FLR0026_CAMERA_APPLIED head=(5,0,-5) targetPresent=true target=(0,0,0) dolly=(5,0,5)
[14:01:48.585262] [I] FLR0026_MODEL_STAGE_COMPLETE asset=assets/models/sequoia_ngp.glb pending_models=0
[14:01:48.585533] [E] [handleMessage] Exception in handler: Entity(164): Light not found
[14:01:48.585583] [E] [handleMessage] Exception in handler: Entity(166): Light not found
[14:01:48.585614] [E] [handleMessage] Exception in handler: Entity(168): Light not found
[14:01:48.585643] [E] [handleMessage] Exception in handler: Entity(170): Light not found
[14:01:48.585805] [I] FLR0026_CAMERA_APPLIED head=(5,0,-5) targetPresent=true target=(0,0,0) dolly=(5,0,5)
[14:01:48.686409] [I] FLR0026_MODEL_STAGE_COMPLETE asset=assets/models/sequoia_ngp.glb pending_models=0
[14:01:48.686655] [E] [handleMessage] Exception in handler: Entity(164): Light not found
[14:01:48.686703] [E] [handleMessage] Exception in handler: Entity(166): Light not found
[14:01:48.686734] [E] [handleMessage] Exception in handler: Entity(168): Light not found
[14:01:48.686763] [E] [handleMessage] Exception in handler: Entity(170): Light not found
[14:01:48.686964] [I] FLR0026_CAMERA_APPLIED head=(5,0,-5) targetPresent=true target=(0,0,0) dolly=(5,0,5)
[14:01:48.787621] [I] FLR0026_MODEL_STAGE_COMPLETE asset=assets/models/sequoia_ngp.glb pending_models=0
[14:01:48.787958] [E] [handleMessage] Exception in handler: Entity(164): Light not found
[14:01:48.788015] [E] [handleMessage] Exception in handler: Entity(166): Light not found
[14:01:48.788049] [E] [handleMessage] Exception in handler: Entity(168): Light not found
[14:01:48.788080] [E] [handleMessage] Exception in handler: Entity(170): Light not found
[14:01:48.788241] [I] FLR0026_CAMERA_APPLIED head=(5,0,-5) targetPresent=true target=(0,0,0) dolly=(5,0,5)
[14:01:48.892980] [I] FLR0026_MODEL_STAGE_COMPLETE asset=assets/models/sequoia_ngp.glb pending_models=0
[14:01:48.893214] [E] [handleMessage] Exception in handler: Entity(164): Light not found
[14:01:48.893262] [E] [handleMessage] Exception in handler: Entity(166): Light not found
[14:01:48.893293] [E] [handleMessage] Exception in handler: Entity(168): Light not found
[14:01:48.893323] [E] [handleMessage] Exception in handler: Entity(170): Light not found
[14:01:48.893475] [I] FLR0026_CAMERA_APPLIED head=(5,0,-5) targetPresent=true target=(0,0,0) dolly=(5,0,5)
[14:01:48.996996] [I] FLR0026_MODEL_STAGE_COMPLETE asset=assets/models/sequoia_ngp.glb pending_models=0
[14:01:48.997275] [E] [handleMessage] Exception in handler: Entity(164): Light not found
[14:01:48.997325] [E] [handleMessage] Exception in handler: Entity(166): Light not found
[14:01:48.997357] [E] [handleMessage] Exception in handler: Entity(168): Light not found
[14:01:48.997387] [E] [handleMessage] Exception in handler: Entity(170): Light not found
[14:01:48.997551] [I] FLR0026_CAMERA_APPLIED head=(5,0,-5) targetPresent=true target=(0,0,0) dolly=(5,0,5)
[14:01:49.108970] [I] FLR0026_MODEL_STAGE_COMPLETE asset=assets/models/sequoia_ngp.glb pending_models=0
[14:01:49.109226] [E] [handleMessage] Exception in handler: Entity(164): Light not found
[14:01:49.109273] [E] [handleMessage] Exception in handler: Entity(166): Light not found
[14:01:49.109303] [E] [handleMessage] Exception in handler: Entity(168): Light not found
[14:01:49.109390] [E] [handleMessage] Exception in handler: Entity(170): Light not found
[14:01:49.109549] [I] FLR0026_CAMERA_APPLIED head=(5,0,-5) targetPresent=true target=(0,0,0) dolly=(5,0,5)
[14:01:49.210130] [I] FLR0026_MODEL_STAGE_COMPLETE asset=assets/models/sequoia_ngp.glb pending_models=0
[14:01:49.210377] [E] [handleMessage] Exception in handler: Entity(164): Light not found
[14:01:49.210424] [E] [handleMessage] Exception in handler: Entity(166): Light not found
[14:01:49.210459] [E] [handleMessage] Exception in handler: Entity(168): Light not found
[14:01:49.210486] [E] [handleMessage] Exception in handler: Entity(170): Light not found
[14:01:49.210642] [I] FLR0026_CAMERA_APPLIED head=(5,0,-5) targetPresent=true target=(0,0,0) dolly=(5,0,5)
[14:01:49.210854] [I] FLR0026_FRAME_BEGIN seq=130 started=false
[14:01:49.311226] [I] FLR0026_MODEL_STAGE_COMPLETE asset=assets/models/sequoia_ngp.glb pending_models=0
[14:01:49.311451] [E] [handleMessage] Exception in handler: Entity(164): Light not found
[14:01:49.311499] [E] [handleMessage] Exception in handler: Entity(166): Light not found
[14:01:49.311528] [E] [handleMessage] Exception in handler: Entity(168): Light not found
[14:01:49.311556] [E] [handleMessage] Exception in handler: Entity(170): Light not found
[14:01:49.311712] [I] FLR0026_CAMERA_APPLIED head=(5,0,-5) targetPresent=true target=(0,0,0) dolly=(5,0,5)
[14:01:49.412280] [I] FLR0026_MODEL_STAGE_COMPLETE asset=assets/models/sequoia_ngp.glb pending_models=0
[14:01:49.412526] [E] [handleMessage] Exception in handler: Entity(164): Light not found
[14:01:49.412573] [E] [handleMessage] Exception in handler: Entity(166): Light not found
[14:01:49.412603] [E] [handleMessage] Exception in handler: Entity(168): Light not found
[14:01:49.412631] [E] [handleMessage] Exception in handler: Entity(170): Light not found
[14:01:49.412786] [I] FLR0026_CAMERA_APPLIED head=(5,0,-5) targetPresent=true target=(0,0,0) dolly=(5,0,5)
[14:01:49.513389] [I] FLR0026_MODEL_STAGE_COMPLETE asset=assets/models/sequoia_ngp.glb pending_models=0
[14:01:49.513638] [E] [handleMessage] Exception in handler: Entity(164): Light not found
[14:01:49.513686] [E] [handleMessage] Exception in handler: Entity(166): Light not found
[14:01:49.513717] [E] [handleMessage] Exception in handler: Entity(168): Light not found
[14:01:49.513746] [E] [handleMessage] Exception in handler: Entity(170): Light not found
[14:01:49.513964] [I] FLR0026_CAMERA_APPLIED head=(5,0,-5) targetPresent=true target=(0,0,0) dolly=(5,0,5)
[14:01:49.614529] [I] FLR0026_MODEL_STAGE_COMPLETE asset=assets/models/sequoia_ngp.glb pending_models=0
[14:01:49.614773] [E] [handleMessage] Exception in handler: Entity(164): Light not found
[14:01:49.614869] [E] [handleMessage] Exception in handler: Entity(166): Light not found
[14:01:49.614910] [E] [handleMessage] Exception in handler: Entity(168): Light not found
[14:01:49.614941] [E] [handleMessage] Exception in handler: Entity(170): Light not found
[14:01:49.615099] [I] FLR0026_CAMERA_APPLIED head=(5,0,-5) targetPresent=true target=(0,0,0) dolly=(5,0,5)
[14:01:49.718000] [I] FLR0026_MODEL_STAGE_COMPLETE asset=assets/models/sequoia_ngp.glb pending_models=0
[14:01:49.718241] [E] [handleMessage] Exception in handler: Entity(164): Light not found
[14:01:49.718288] [E] [handleMessage] Exception in handler: Entity(166): Light not found
[14:01:49.718318] [E] [handleMessage] Exception in handler: Entity(168): Light not found
[14:01:49.718347] [E] [handleMessage] Exception in handler: Entity(170): Light not found
[14:01:49.718517] [I] FLR0026_CAMERA_APPLIED head=(5,0,-5) targetPresent=true target=(0,0,0) dolly=(5,0,5)
[14:01:49.821992] [I] FLR0026_MODEL_STAGE_COMPLETE asset=assets/models/sequoia_ngp.glb pending_models=0
[14:01:49.822218] [E] [handleMessage] Exception in handler: Entity(164): Light not found
[14:01:49.822265] [E] [handleMessage] Exception in handler: Entity(166): Light not found
[14:01:49.822347] [E] [handleMessage] Exception in handler: Entity(168): Light not found
[14:01:49.822381] [E] [handleMessage] Exception in handler: Entity(170): Light not found
[14:01:49.822542] [I] FLR0026_CAMERA_APPLIED head=(5,0,-5) targetPresent=true target=(0,0,0) dolly=(5,0,5)
[14:01:49.927961] [I] FLR0026_MODEL_STAGE_COMPLETE asset=assets/models/sequoia_ngp.glb pending_models=0
[14:01:49.928211] [E] [handleMessage] Exception in handler: Entity(164): Light not found
[14:01:49.928260] [E] [handleMessage] Exception in handler: Entity(166): Light not found
[14:01:49.928291] [E] [handleMessage] Exception in handler: Entity(168): Light not found
[14:01:49.928319] [E] [handleMessage] Exception in handler: Entity(170): Light not found
[14:01:49.928474] [I] FLR0026_CAMERA_APPLIED head=(5,0,-5) targetPresent=true target=(0,0,0) dolly=(5,0,5)
[14:01:50.034966] [I] FLR0026_MODEL_STAGE_COMPLETE asset=assets/models/sequoia_ngp.glb pending_models=0
[14:01:50.035208] [E] [handleMessage] Exception in handler: Entity(164): Light not found
[14:01:50.035256] [E] [handleMessage] Exception in handler: Entity(166): Light not found
[14:01:50.035287] [E] [handleMessage] Exception in handler: Entity(168): Light not found
[14:01:50.035315] [E] [handleMessage] Exception in handler: Entity(170): Light not found
[14:01:50.035466] [I] FLR0026_CAMERA_APPLIED head=(5,0,-5) targetPresent=true target=(0,0,0) dolly=(5,0,5)
[14:01:50.140977] [I] FLR0026_MODEL_STAGE_COMPLETE asset=assets/models/sequoia_ngp.glb pending_models=0
[14:01:50.141222] [E] [handleMessage] Exception in handler: Entity(164): Light not found
[14:01:50.141268] [E] [handleMessage] Exception in handler: Entity(166): Light not found
[14:01:50.141298] [E] [handleMessage] Exception in handler: Entity(168): Light not found
[14:01:50.141325] [E] [handleMessage] Exception in handler: Entity(170): Light not found
[14:01:50.141475] [I] FLR0026_CAMERA_APPLIED head=(5,0,-5) targetPresent=true target=(0,0,0) dolly=(5,0,5)
[14:01:50.242030] [I] FLR0026_MODEL_STAGE_COMPLETE asset=assets/models/sequoia_ngp.glb pending_models=0
[14:01:50.242269] [E] [handleMessage] Exception in handler: Entity(164): Light not found
[14:01:50.242316] [E] [handleMessage] Exception in handler: Entity(166): Light not found
[14:01:50.242346] [E] [handleMessage] Exception in handler: Entity(168): Light not found
[14:01:50.242374] [E] [handleMessage] Exception in handler: Entity(170): Light not found
[14:01:50.242531] [I] FLR0026_CAMERA_APPLIED head=(5,0,-5) targetPresent=true target=(0,0,0) dolly=(5,0,5)
[14:01:50.242706] [I] FLR0026_FRAME_BEGIN seq=140 started=false
[14:01:50.343432] [I] FLR0026_MODEL_STAGE_COMPLETE asset=assets/models/sequoia_ngp.glb pending_models=0
[14:01:50.343674] [E] [handleMessage] Exception in handler: Entity(164): Light not found
[14:01:50.343722] [E] [handleMessage] Exception in handler: Entity(166): Light not found
[14:01:50.343753] [E] [handleMessage] Exception in handler: Entity(168): Light not found
[14:01:50.343781] [E] [handleMessage] Exception in handler: Entity(170): Light not found
[14:01:50.343991] [I] FLR0026_CAMERA_APPLIED head=(5,0,-5) targetPresent=true target=(0,0,0) dolly=(5,0,5)
[14:01:50.444534] [I] FLR0026_MODEL_STAGE_COMPLETE asset=assets/models/sequoia_ngp.glb pending_models=0
[14:01:50.444756] [E] [handleMessage] Exception in handler: Entity(164): Light not found
[14:01:50.444804] [E] [handleMessage] Exception in handler: Entity(166): Light not found
[14:01:50.444885] [E] [handleMessage] Exception in handler: Entity(168): Light not found
[14:01:50.444922] [E] [handleMessage] Exception in handler: Entity(170): Light not found
[14:01:50.445076] [I] FLR0026_CAMERA_APPLIED head=(5,0,-5) targetPresent=true target=(0,0,0) dolly=(5,0,5)
[14:01:50.545614] [I] FLR0026_MODEL_STAGE_COMPLETE asset=assets/models/sequoia_ngp.glb pending_models=0
[14:01:50.545910] [E] [handleMessage] Exception in handler: Entity(164): Light not found
[14:01:50.546024] [E] [handleMessage] Exception in handler: Entity(166): Light not found
[14:01:50.546064] [E] [handleMessage] Exception in handler: Entity(168): Light not found
[14:01:50.546094] [E] [handleMessage] Exception in handler: Entity(170): Light not found
[14:01:50.546253] [I] FLR0026_CAMERA_APPLIED head=(5,0,-5) targetPresent=true target=(0,0,0) dolly=(5,0,5)
[14:01:50.647963] [I] FLR0026_MODEL_STAGE_COMPLETE asset=assets/models/sequoia_ngp.glb pending_models=0
[14:01:50.648192] [E] [handleMessage] Exception in handler: Entity(164): Light not found
[14:01:50.648240] [E] [handleMessage] Exception in handler: Entity(166): Light not found
[14:01:50.648271] [E] [handleMessage] Exception in handler: Entity(168): Light not found
[14:01:50.648299] [E] [handleMessage] Exception in handler: Entity(170): Light not found
[14:01:50.648457] [I] FLR0026_CAMERA_APPLIED head=(5,0,-5) targetPresent=true target=(0,0,0) dolly=(5,0,5)
[14:01:50.757991] [I] FLR0026_MODEL_STAGE_COMPLETE asset=assets/models/sequoia_ngp.glb pending_models=0
[14:01:50.758234] [E] [handleMessage] Exception in handler: Entity(164): Light not found
[14:01:50.758284] [E] [handleMessage] Exception in handler: Entity(166): Light not found
[14:01:50.758317] [E] [handleMessage] Exception in handler: Entity(168): Light not found
[14:01:50.758348] [E] [handleMessage] Exception in handler: Entity(170): Light not found
[14:01:50.758529] [I] FLR0026_CAMERA_APPLIED head=(5,0,-5) targetPresent=true target=(0,0,0) dolly=(5,0,5)
[14:01:50.858969] [I] FLR0026_MODEL_STAGE_COMPLETE asset=assets/models/sequoia_ngp.glb pending_models=0
[14:01:50.859210] [E] [handleMessage] Exception in handler: Entity(164): Light not found
[14:01:50.859257] [E] [handleMessage] Exception in handler: Entity(166): Light not found
[14:01:50.859287] [E] [handleMessage] Exception in handler: Entity(168): Light not found
[14:01:50.859315] [E] [handleMessage] Exception in handler: Entity(170): Light not found
[14:01:50.859483] [I] FLR0026_CAMERA_APPLIED head=(5,0,-5) targetPresent=true target=(0,0,0) dolly=(5,0,5)
[14:01:50.960001] [I] FLR0026_MODEL_STAGE_COMPLETE asset=assets/models/sequoia_ngp.glb pending_models=0
[14:01:50.960464] [E] [handleMessage] Exception in handler: Entity(164): Light not found
[14:01:50.960520] [E] [handleMessage] Exception in handler: Entity(166): Light not found
[14:01:50.960553] [E] [handleMessage] Exception in handler: Entity(168): Light not found
[14:01:50.960583] [E] [handleMessage] Exception in handler: Entity(170): Light not found
[14:01:50.960756] [I] FLR0026_CAMERA_APPLIED head=(5,0,-5) targetPresent=true target=(0,0,0) dolly=(5,0,5)
[14:01:51.061359] [I] FLR0026_MODEL_STAGE_COMPLETE asset=assets/models/sequoia_ngp.glb pending_models=0
[14:01:51.061611] [E] [handleMessage] Exception in handler: Entity(164): Light not found
[14:01:51.061658] [E] [handleMessage] Exception in handler: Entity(166): Light not found
[14:01:51.061689] [E] [handleMessage] Exception in handler: Entity(168): Light not found
[14:01:51.061718] [E] [handleMessage] Exception in handler: Entity(170): Light not found
[14:01:51.061919] [I] FLR0026_CAMERA_APPLIED head=(5,0,-5) targetPresent=true target=(0,0,0) dolly=(5,0,5)
[14:01:51.162442] [I] FLR0026_MODEL_STAGE_COMPLETE asset=assets/models/sequoia_ngp.glb pending_models=0
[14:01:51.162687] [E] [handleMessage] Exception in handler: Entity(164): Light not found
[14:01:51.162737] [E] [handleMessage] Exception in handler: Entity(166): Light not found
[14:01:51.162769] [E] [handleMessage] Exception in handler: Entity(168): Light not found
[14:01:51.162800] [E] [handleMessage] Exception in handler: Entity(170): Light not found
[14:01:51.163009] [I] FLR0026_CAMERA_APPLIED head=(5,0,-5) targetPresent=true target=(0,0,0) dolly=(5,0,5)
[14:01:51.265986] [I] FLR0026_MODEL_STAGE_COMPLETE asset=assets/models/sequoia_ngp.glb pending_models=0
[14:01:51.266233] [E] [handleMessage] Exception in handler: Entity(164): Light not found
[14:01:51.266283] [E] [handleMessage] Exception in handler: Entity(166): Light not found
[14:01:51.266375] [E] [handleMessage] Exception in handler: Entity(168): Light not found
[14:01:51.266410] [E] [handleMessage] Exception in handler: Entity(170): Light not found
[14:01:51.266572] [I] FLR0026_CAMERA_APPLIED head=(5,0,-5) targetPresent=true target=(0,0,0) dolly=(5,0,5)
[14:01:51.266753] [I] FLR0026_FRAME_BEGIN seq=150 started=false
[14:01:51.369975] [I] FLR0026_MODEL_STAGE_COMPLETE asset=assets/models/sequoia_ngp.glb pending_models=0
[14:01:51.370222] [E] [handleMessage] Exception in handler: Entity(164): Light not found
[14:01:51.370273] [E] [handleMessage] Exception in handler: Entity(166): Light not found
[14:01:51.370305] [E] [handleMessage] Exception in handler: Entity(168): Light not found
[14:01:51.370335] [E] [handleMessage] Exception in handler: Entity(170): Light not found
[14:01:51.370495] [I] FLR0026_CAMERA_APPLIED head=(5,0,-5) targetPresent=true target=(0,0,0) dolly=(5,0,5)
[14:01:51.471012] [I] FLR0026_MODEL_STAGE_COMPLETE asset=assets/models/sequoia_ngp.glb pending_models=0
[14:01:51.471256] [E] [handleMessage] Exception in handler: Entity(164): Light not found
[14:01:51.471304] [E] [handleMessage] Exception in handler: Entity(166): Light not found
[14:01:51.471334] [E] [handleMessage] Exception in handler: Entity(168): Light not found
[14:01:51.471361] [E] [handleMessage] Exception in handler: Entity(170): Light not found
[14:01:51.471521] [I] FLR0026_CAMERA_APPLIED head=(5,0,-5) targetPresent=true target=(0,0,0) dolly=(5,0,5)
[14:01:51.572011] [I] FLR0026_MODEL_STAGE_COMPLETE asset=assets/models/sequoia_ngp.glb pending_models=0
[14:01:51.572261] [E] [handleMessage] Exception in handler: Entity(164): Light not found
[14:01:51.572311] [E] [handleMessage] Exception in handler: Entity(166): Light not found
[14:01:51.572344] [E] [handleMessage] Exception in handler: Entity(168): Light not found
[14:01:51.572374] [E] [handleMessage] Exception in handler: Entity(170): Light not found
[14:01:51.572533] [I] FLR0026_CAMERA_APPLIED head=(5,0,-5) targetPresent=true target=(0,0,0) dolly=(5,0,5)
[14:01:51.673132] [I] FLR0026_MODEL_STAGE_COMPLETE asset=assets/models/sequoia_ngp.glb pending_models=0
[14:01:51.673367] [E] [handleMessage] Exception in handler: Entity(164): Light not found
[14:01:51.673415] [E] [handleMessage] Exception in handler: Entity(166): Light not found
[14:01:51.673446] [E] [handleMessage] Exception in handler: Entity(168): Light not found
[14:01:51.673474] [E] [handleMessage] Exception in handler: Entity(170): Light not found
[14:01:51.673626] [I] FLR0026_CAMERA_APPLIED head=(5,0,-5) targetPresent=true target=(0,0,0) dolly=(5,0,5)
[14:01:51.774405] [I] FLR0026_MODEL_STAGE_COMPLETE asset=assets/models/sequoia_ngp.glb pending_models=0
[14:01:51.774654] [E] [handleMessage] Exception in handler: Entity(164): Light not found
[14:01:51.774705] [E] [handleMessage] Exception in handler: Entity(166): Light not found
[14:01:51.774738] [E] [handleMessage] Exception in handler: Entity(168): Light not found
[14:01:51.774768] [E] [handleMessage] Exception in handler: Entity(170): Light not found
[14:01:51.774972] [I] FLR0026_CAMERA_APPLIED head=(5,0,-5) targetPresent=true target=(0,0,0) dolly=(5,0,5)
[14:01:51.875519] [I] FLR0026_MODEL_STAGE_COMPLETE asset=assets/models/sequoia_ngp.glb pending_models=0
[14:01:51.875757] [E] [handleMessage] Exception in handler: Entity(164): Light not found
[14:01:51.875806] [E] [handleMessage] Exception in handler: Entity(166): Light not found
[14:01:51.875895] [E] [handleMessage] Exception in handler: Entity(168): Light not found
[14:01:51.875931] [E] [handleMessage] Exception in handler: Entity(170): Light not found
[14:01:51.876088] [I] FLR0026_CAMERA_APPLIED head=(5,0,-5) targetPresent=true target=(0,0,0) dolly=(5,0,5)
[14:01:51.976970] [I] FLR0026_MODEL_STAGE_COMPLETE asset=assets/models/sequoia_ngp.glb pending_models=0
[14:01:51.977216] [E] [handleMessage] Exception in handler: Entity(164): Light not found
[14:01:51.977265] [E] [handleMessage] Exception in handler: Entity(166): Light not found
[14:01:51.977355] [E] [handleMessage] Exception in handler: Entity(168): Light not found
[14:01:51.977392] [E] [handleMessage] Exception in handler: Entity(170): Light not found
[14:01:51.977549] [I] FLR0026_CAMERA_APPLIED head=(5,0,-5) targetPresent=true target=(0,0,0) dolly=(5,0,5)
[14:01:52.086424] [I] FLR0026_MODEL_STAGE_COMPLETE asset=assets/models/sequoia_ngp.glb pending_models=0
[14:01:52.086682] [E] [handleMessage] Exception in handler: Entity(164): Light not found
[14:01:52.086730] [E] [handleMessage] Exception in handler: Entity(166): Light not found
[14:01:52.086789] [E] [handleMessage] Exception in handler: Entity(168): Light not found
[14:01:52.086875] [E] [handleMessage] Exception in handler: Entity(170): Light not found
[14:01:52.087076] [I] FLR0026_CAMERA_APPLIED head=(5,0,-5) targetPresent=true target=(0,0,0) dolly=(5,0,5)
[14:01:52.187595] [I] FLR0026_MODEL_STAGE_COMPLETE asset=assets/models/sequoia_ngp.glb pending_models=0
[14:01:52.187914] [E] [handleMessage] Exception in handler: Entity(164): Light not found
[14:01:52.187973] [E] [handleMessage] Exception in handler: Entity(166): Light not found
[14:01:52.188006] [E] [handleMessage] Exception in handler: Entity(168): Light not found
[14:01:52.188036] [E] [handleMessage] Exception in handler: Entity(170): Light not found
[14:01:52.188207] [I] FLR0026_CAMERA_APPLIED head=(5,0,-5) targetPresent=true target=(0,0,0) dolly=(5,0,5)
[14:01:52.291474] [I] FLR0026_MODEL_STAGE_COMPLETE asset=assets/models/sequoia_ngp.glb pending_models=0
[14:01:52.291711] [E] [handleMessage] Exception in handler: Entity(164): Light not found
[14:01:52.291760] [E] [handleMessage] Exception in handler: Entity(166): Light not found
[14:01:52.291790] [E] [handleMessage] Exception in handler: Entity(168): Light not found
[14:01:52.291868] [E] [handleMessage] Exception in handler: Entity(170): Light not found
[14:01:52.292027] [I] FLR0026_CAMERA_APPLIED head=(5,0,-5) targetPresent=true target=(0,0,0) dolly=(5,0,5)
[14:01:52.292206] [I] FLR0026_FRAME_BEGIN seq=160 started=false
[14:01:52.392606] [I] FLR0026_MODEL_STAGE_COMPLETE asset=assets/models/sequoia_ngp.glb pending_models=0
[14:01:52.392911] [E] [handleMessage] Exception in handler: Entity(164): Light not found
[14:01:52.392967] [E] [handleMessage] Exception in handler: Entity(166): Light not found
[14:01:52.393000] [E] [handleMessage] Exception in handler: Entity(168): Light not found
[14:01:52.393031] [E] [handleMessage] Exception in handler: Entity(170): Light not found
[14:01:52.393191] [I] FLR0026_CAMERA_APPLIED head=(5,0,-5) targetPresent=true target=(0,0,0) dolly=(5,0,5)
[14:01:52.496001] [I] FLR0026_MODEL_STAGE_COMPLETE asset=assets/models/sequoia_ngp.glb pending_models=0
[14:01:52.496421] [E] [handleMessage] Exception in handler: Entity(164): Light not found
[14:01:52.496479] [E] [handleMessage] Exception in handler: Entity(166): Light not found
[14:01:52.496511] [E] [handleMessage] Exception in handler: Entity(168): Light not found
[14:01:52.496540] [E] [handleMessage] Exception in handler: Entity(170): Light not found
[14:01:52.496695] [I] FLR0026_CAMERA_APPLIED head=(5,0,-5) targetPresent=true target=(0,0,0) dolly=(5,0,5)
[14:01:52.597360] [I] FLR0026_MODEL_STAGE_COMPLETE asset=assets/models/sequoia_ngp.glb pending_models=0
[14:01:52.597615] [E] [handleMessage] Exception in handler: Entity(164): Light not found
[14:01:52.597669] [E] [handleMessage] Exception in handler: Entity(166): Light not found
[14:01:52.597705] [E] [handleMessage] Exception in handler: Entity(168): Light not found
[14:01:52.597737] [E] [handleMessage] Exception in handler: Entity(170): Light not found
[14:01:52.597947] [I] FLR0026_CAMERA_APPLIED head=(5,0,-5) targetPresent=true target=(0,0,0) dolly=(5,0,5)
[14:01:52.700966] [I] FLR0026_MODEL_STAGE_COMPLETE asset=assets/models/sequoia_ngp.glb pending_models=0
[14:01:52.701207] [E] [handleMessage] Exception in handler: Entity(164): Light not found
[14:01:52.701304] [E] [handleMessage] Exception in handler: Entity(166): Light not found
[14:01:52.701341] [E] [handleMessage] Exception in handler: Entity(168): Light not found
[14:01:52.701372] [E] [handleMessage] Exception in handler: Entity(170): Light not found
[14:01:52.701526] [I] FLR0026_CAMERA_APPLIED head=(5,0,-5) targetPresent=true target=(0,0,0) dolly=(5,0,5)
[14:01:52.812976] [I] FLR0026_MODEL_STAGE_COMPLETE asset=assets/models/sequoia_ngp.glb pending_models=0
[14:01:52.813221] [E] [handleMessage] Exception in handler: Entity(164): Light not found
[14:01:52.813269] [E] [handleMessage] Exception in handler: Entity(166): Light not found
[14:01:52.813300] [E] [handleMessage] Exception in handler: Entity(168): Light not found
[14:01:52.813329] [E] [handleMessage] Exception in handler: Entity(170): Light not found
[14:01:52.813486] [I] FLR0026_CAMERA_APPLIED head=(5,0,-5) targetPresent=true target=(0,0,0) dolly=(5,0,5)
[14:01:52.914032] [I] FLR0026_MODEL_STAGE_COMPLETE asset=assets/models/sequoia_ngp.glb pending_models=0
[14:01:52.914290] [E] [handleMessage] Exception in handler: Entity(164): Light not found
[14:01:52.914341] [E] [handleMessage] Exception in handler: Entity(166): Light not found
[14:01:52.914372] [E] [handleMessage] Exception in handler: Entity(168): Light not found
[14:01:52.914403] [E] [handleMessage] Exception in handler: Entity(170): Light not found
[14:01:52.914581] [I] FLR0026_CAMERA_APPLIED head=(5,0,-5) targetPresent=true target=(0,0,0) dolly=(5,0,5)
[14:01:53.015543] [I] FLR0026_MODEL_STAGE_COMPLETE asset=assets/models/sequoia_ngp.glb pending_models=0
[14:01:53.015796] [E] [handleMessage] Exception in handler: Entity(164): Light not found
[14:01:53.015898] [E] [handleMessage] Exception in handler: Entity(166): Light not found
[14:01:53.015937] [E] [handleMessage] Exception in handler: Entity(168): Light not found
[14:01:53.015968] [E] [handleMessage] Exception in handler: Entity(170): Light not found
[14:01:53.016125] [I] FLR0026_CAMERA_APPLIED head=(5,0,-5) targetPresent=true target=(0,0,0) dolly=(5,0,5)
[14:01:53.120343] [I] FLR0026_MODEL_STAGE_COMPLETE asset=assets/models/sequoia_ngp.glb pending_models=0
[14:01:53.120599] [E] [handleMessage] Exception in handler: Entity(164): Light not found
[14:01:53.120647] [E] [handleMessage] Exception in handler: Entity(166): Light not found
[14:01:53.120678] [E] [handleMessage] Exception in handler: Entity(168): Light not found
[14:01:53.120707] [E] [handleMessage] Exception in handler: Entity(170): Light not found
[14:01:53.120909] [I] FLR0026_CAMERA_APPLIED head=(5,0,-5) targetPresent=true target=(0,0,0) dolly=(5,0,5)
[14:01:53.221456] [I] FLR0026_MODEL_STAGE_COMPLETE asset=assets/models/sequoia_ngp.glb pending_models=0
[14:01:53.221697] [E] [handleMessage] Exception in handler: Entity(164): Light not found
[14:01:53.221767] [E] [handleMessage] Exception in handler: Entity(166): Light not found
[14:01:53.221801] [E] [handleMessage] Exception in handler: Entity(168): Light not found
[14:01:53.221878] [E] [handleMessage] Exception in handler: Entity(170): Light not found
[14:01:53.222040] [I] FLR0026_CAMERA_APPLIED head=(5,0,-5) targetPresent=true target=(0,0,0) dolly=(5,0,5)
[14:01:53.322578] [I] FLR0026_MODEL_STAGE_COMPLETE asset=assets/models/sequoia_ngp.glb pending_models=0
[14:01:53.322810] [E] [handleMessage] Exception in handler: Entity(164): Light not found
[14:01:53.322987] [E] [handleMessage] Exception in handler: Entity(166): Light not found
[14:01:53.323024] [E] [handleMessage] Exception in handler: Entity(168): Light not found
[14:01:53.323053] [E] [handleMessage] Exception in handler: Entity(170): Light not found
[14:01:53.323209] [I] FLR0026_CAMERA_APPLIED head=(5,0,-5) targetPresent=true target=(0,0,0) dolly=(5,0,5)
[14:01:53.323388] [I] FLR0026_FRAME_BEGIN seq=170 started=false
[14:01:53.426390] [I] FLR0026_MODEL_STAGE_COMPLETE asset=assets/models/sequoia_ngp.glb pending_models=0
[14:01:53.426676] [E] [handleMessage] Exception in handler: Entity(164): Light not found
[14:01:53.426730] [E] [handleMessage] Exception in handler: Entity(166): Light not found
[14:01:53.426767] [E] [handleMessage] Exception in handler: Entity(168): Light not found
[14:01:53.426796] [E] [handleMessage] Exception in handler: Entity(170): Light not found
[14:01:53.427009] [I] FLR0026_CAMERA_APPLIED head=(5,0,-5) targetPresent=true target=(0,0,0) dolly=(5,0,5)
[14:01:53.530965] [I] FLR0026_MODEL_STAGE_COMPLETE asset=assets/models/sequoia_ngp.glb pending_models=0
[14:01:53.531207] [E] [handleMessage] Exception in handler: Entity(164): Light not found
[14:01:53.531255] [E] [handleMessage] Exception in handler: Entity(166): Light not found
[14:01:53.531286] [E] [handleMessage] Exception in handler: Entity(168): Light not found
[14:01:53.531315] [E] [handleMessage] Exception in handler: Entity(170): Light not found
[14:01:53.531467] [I] FLR0026_CAMERA_APPLIED head=(5,0,-5) targetPresent=true target=(0,0,0) dolly=(5,0,5)
[14:01:53.640967] [I] FLR0026_MODEL_STAGE_COMPLETE asset=assets/models/sequoia_ngp.glb pending_models=0
[14:01:53.641218] [E] [handleMessage] Exception in handler: Entity(164): Light not found
[14:01:53.641266] [E] [handleMessage] Exception in handler: Entity(166): Light not found
[14:01:53.641299] [E] [handleMessage] Exception in handler: Entity(168): Light not found
[14:01:53.641329] [E] [handleMessage] Exception in handler: Entity(170): Light not found
[14:01:53.641497] [I] FLR0026_CAMERA_APPLIED head=(5,0,-5) targetPresent=true target=(0,0,0) dolly=(5,0,5)
[14:01:53.742080] [I] FLR0026_MODEL_STAGE_COMPLETE asset=assets/models/sequoia_ngp.glb pending_models=0
[14:01:53.742350] [E] [handleMessage] Exception in handler: Entity(164): Light not found
[14:01:53.742403] [E] [handleMessage] Exception in handler: Entity(166): Light not found
[14:01:53.742435] [E] [handleMessage] Exception in handler: Entity(168): Light not found
[14:01:53.742475] [E] [handleMessage] Exception in handler: Entity(170): Light not found
[14:01:53.742658] [I] FLR0026_CAMERA_APPLIED head=(5,0,-5) targetPresent=true target=(0,0,0) dolly=(5,0,5)
[14:01:53.848975] [I] FLR0026_MODEL_STAGE_COMPLETE asset=assets/models/sequoia_ngp.glb pending_models=0
[14:01:53.849215] [E] [handleMessage] Exception in handler: Entity(164): Light not found
[14:01:53.849265] [E] [handleMessage] Exception in handler: Entity(166): Light not found
[14:01:53.849296] [E] [handleMessage] Exception in handler: Entity(168): Light not found
[14:01:53.849326] [E] [handleMessage] Exception in handler: Entity(170): Light not found
[14:01:53.849489] [I] FLR0026_CAMERA_APPLIED head=(5,0,-5) targetPresent=true target=(0,0,0) dolly=(5,0,5)
[14:01:53.949983] [I] FLR0026_MODEL_STAGE_COMPLETE asset=assets/models/sequoia_ngp.glb pending_models=0
[14:01:53.950225] [E] [handleMessage] Exception in handler: Entity(164): Light not found
[14:01:53.950274] [E] [handleMessage] Exception in handler: Entity(166): Light not found
[14:01:53.950306] [E] [handleMessage] Exception in handler: Entity(168): Light not found
[14:01:53.950335] [E] [handleMessage] Exception in handler: Entity(170): Light not found
[14:01:53.950500] [I] FLR0026_CAMERA_APPLIED head=(5,0,-5) targetPresent=true target=(0,0,0) dolly=(5,0,5)
[14:01:54.050985] [I] FLR0026_MODEL_STAGE_COMPLETE asset=assets/models/sequoia_ngp.glb pending_models=0
[14:01:54.051237] [E] [handleMessage] Exception in handler: Entity(164): Light not found
[14:01:54.051285] [E] [handleMessage] Exception in handler: Entity(166): Light not found
[14:01:54.051316] [E] [handleMessage] Exception in handler: Entity(168): Light not found
[14:01:54.051345] [E] [handleMessage] Exception in handler: Entity(170): Light not found
[14:01:54.051498] [I] FLR0026_CAMERA_APPLIED head=(5,0,-5) targetPresent=true target=(0,0,0) dolly=(5,0,5)
[14:01:54.156541] [I] FLR0026_MODEL_STAGE_COMPLETE asset=assets/models/sequoia_ngp.glb pending_models=0
[14:01:54.156790] [E] [handleMessage] Exception in handler: Entity(164): Light not found
[14:01:54.156891] [E] [handleMessage] Exception in handler: Entity(166): Light not found
[14:01:54.156981] [E] [handleMessage] Exception in handler: Entity(168): Light not found
[14:01:54.157019] [E] [handleMessage] Exception in handler: Entity(170): Light not found
[14:01:54.157179] [I] FLR0026_CAMERA_APPLIED head=(5,0,-5) targetPresent=true target=(0,0,0) dolly=(5,0,5)
[14:01:54.263963] [I] FLR0026_MODEL_STAGE_COMPLETE asset=assets/models/sequoia_ngp.glb pending_models=0
[14:01:54.264204] [E] [handleMessage] Exception in handler: Entity(164): Light not found
[14:01:54.264253] [E] [handleMessage] Exception in handler: Entity(166): Light not found
[14:01:54.264283] [E] [handleMessage] Exception in handler: Entity(168): Light not found
[14:01:54.264313] [E] [handleMessage] Exception in handler: Entity(170): Light not found
[14:01:54.264481] [I] FLR0026_CAMERA_APPLIED head=(5,0,-5) targetPresent=true target=(0,0,0) dolly=(5,0,5)
[14:01:54.379979] [I] FLR0026_MODEL_STAGE_PROGRESS seq=180 progress=1 assets=1
[14:01:54.380063] [I] FLR0026_MODEL_STAGE_COMPLETE asset=assets/models/sequoia_ngp.glb pending_models=0
[14:01:54.380235] [E] [handleMessage] Exception in handler: Entity(164): Light not found
[14:01:54.380285] [E] [handleMessage] Exception in handler: Entity(166): Light not found
[14:01:54.380317] [E] [handleMessage] Exception in handler: Entity(168): Light not found
[14:01:54.380348] [E] [handleMessage] Exception in handler: Entity(170): Light not found
[14:01:54.380516] [I] FLR0026_CAMERA_APPLIED head=(5,0,-5) targetPresent=true target=(0,0,0) dolly=(5,0,5)
[14:01:54.380712] [I] FLR0026_FRAME_BEGIN seq=180 started=false
[14:01:54.481972] [I] FLR0026_MODEL_STAGE_COMPLETE asset=assets/models/sequoia_ngp.glb pending_models=0
[14:01:54.482213] [E] [handleMessage] Exception in handler: Entity(164): Light not found
[14:01:54.482261] [E] [handleMessage] Exception in handler: Entity(166): Light not found
[14:01:54.482292] [E] [handleMessage] Exception in handler: Entity(168): Light not found
[14:01:54.482321] [E] [handleMessage] Exception in handler: Entity(170): Light not found
[14:01:54.482490] [I] FLR0026_CAMERA_APPLIED head=(5,0,-5) targetPresent=true target=(0,0,0) dolly=(5,0,5)
[14:01:54.583258] [I] FLR0026_MODEL_STAGE_COMPLETE asset=assets/models/sequoia_ngp.glb pending_models=0
[14:01:54.583621] [E] [handleMessage] Exception in handler: Entity(164): Light not found
[14:01:54.583671] [E] [handleMessage] Exception in handler: Entity(166): Light not found
[14:01:54.583703] [E] [handleMessage] Exception in handler: Entity(168): Light not found
[14:01:54.583733] [E] [handleMessage] Exception in handler: Entity(170): Light not found
[14:01:54.583980] [I] FLR0026_CAMERA_APPLIED head=(5,0,-5) targetPresent=true target=(0,0,0) dolly=(5,0,5)
[14:01:54.684747] [I] FLR0026_MODEL_STAGE_COMPLETE asset=assets/models/sequoia_ngp.glb pending_models=0
[14:01:54.685006] [E] [handleMessage] Exception in handler: Entity(164): Light not found
[14:01:54.685059] [E] [handleMessage] Exception in handler: Entity(166): Light not found
[14:01:54.685091] [E] [handleMessage] Exception in handler: Entity(168): Light not found
[14:01:54.685119] [E] [handleMessage] Exception in handler: Entity(170): Light not found
[14:01:54.685271] [I] FLR0026_CAMERA_APPLIED head=(5,0,-5) targetPresent=true target=(0,0,0) dolly=(5,0,5)
[14:01:54.785799] [I] FLR0026_MODEL_STAGE_COMPLETE asset=assets/models/sequoia_ngp.glb pending_models=0
[14:01:54.786087] [E] [handleMessage] Exception in handler: Entity(164): Light not found
[14:01:54.786137] [E] [handleMessage] Exception in handler: Entity(166): Light not found
[14:01:54.786169] [E] [handleMessage] Exception in handler: Entity(168): Light not found
[14:01:54.786198] [E] [handleMessage] Exception in handler: Entity(170): Light not found
[14:01:54.786359] [I] FLR0026_CAMERA_APPLIED head=(5,0,-5) targetPresent=true target=(0,0,0) dolly=(5,0,5)
[14:01:54.886956] [I] FLR0026_MODEL_STAGE_COMPLETE asset=assets/models/sequoia_ngp.glb pending_models=0
[14:01:54.887242] [E] [handleMessage] Exception in handler: Entity(164): Light not found
[14:01:54.887295] [E] [handleMessage] Exception in handler: Entity(166): Light not found
[14:01:54.887326] [E] [handleMessage] Exception in handler: Entity(168): Light not found
[14:01:54.887356] [E] [handleMessage] Exception in handler: Entity(170): Light not found
[14:01:54.887511] [I] FLR0026_CAMERA_APPLIED head=(5,0,-5) targetPresent=true target=(0,0,0) dolly=(5,0,5)
[14:01:54.996982] [I] FLR0026_MODEL_STAGE_COMPLETE asset=assets/models/sequoia_ngp.glb pending_models=0
[14:01:54.997239] [E] [handleMessage] Exception in handler: Entity(164): Light not found
[14:01:54.997292] [E] [handleMessage] Exception in handler: Entity(166): Light not found
[14:01:54.997326] [E] [handleMessage] Exception in handler: Entity(168): Light not found
[14:01:54.997358] [E] [handleMessage] Exception in handler: Entity(170): Light not found
[14:01:54.997522] [I] FLR0026_CAMERA_APPLIED head=(5,0,-5) targetPresent=true target=(0,0,0) dolly=(5,0,5)
[14:01:55.099969] [I] FLR0026_MODEL_STAGE_COMPLETE asset=assets/models/sequoia_ngp.glb pending_models=0
[14:01:55.100374] [E] [handleMessage] Exception in handler: Entity(164): Light not found
[14:01:55.100432] [E] [handleMessage] Exception in handler: Entity(166): Light not found
[14:01:55.100465] [E] [handleMessage] Exception in handler: Entity(168): Light not found
[14:01:55.100495] [E] [handleMessage] Exception in handler: Entity(170): Light not found
[14:01:55.100651] [I] FLR0026_CAMERA_APPLIED head=(5,0,-5) targetPresent=true target=(0,0,0) dolly=(5,0,5)
[14:01:55.211135] [I] FLR0026_MODEL_STAGE_COMPLETE asset=assets/models/sequoia_ngp.glb pending_models=0
[14:01:55.211377] [E] [handleMessage] Exception in handler: Entity(164): Light not found
[14:01:55.211426] [E] [handleMessage] Exception in handler: Entity(166): Light not found
[14:01:55.211457] [E] [handleMessage] Exception in handler: Entity(168): Light not found
[14:01:55.211486] [E] [handleMessage] Exception in handler: Entity(170): Light not found
[14:01:55.211652] [I] FLR0026_CAMERA_APPLIED head=(5,0,-5) targetPresent=true target=(0,0,0) dolly=(5,0,5)
[14:01:55.313019] [I] FLR0026_MODEL_STAGE_COMPLETE asset=assets/models/sequoia_ngp.glb pending_models=0
[14:01:55.313254] [E] [handleMessage] Exception in handler: Entity(164): Light not found
[14:01:55.313301] [E] [handleMessage] Exception in handler: Entity(166): Light not found
[14:01:55.313332] [E] [handleMessage] Exception in handler: Entity(168): Light not found
[14:01:55.313360] [E] [handleMessage] Exception in handler: Entity(170): Light not found
[14:01:55.313508] [I] FLR0026_CAMERA_APPLIED head=(5,0,-5) targetPresent=true target=(0,0,0) dolly=(5,0,5)
[14:01:55.418989] [I] FLR0026_MODEL_STAGE_COMPLETE asset=assets/models/sequoia_ngp.glb pending_models=0
[14:01:55.419241] [E] [handleMessage] Exception in handler: Entity(164): Light not found
[14:01:55.419289] [E] [handleMessage] Exception in handler: Entity(166): Light not found
[14:01:55.419320] [E] [handleMessage] Exception in handler: Entity(168): Light not found
[14:01:55.419350] [E] [handleMessage] Exception in handler: Entity(170): Light not found
[14:01:55.419506] [I] FLR0026_CAMERA_APPLIED head=(5,0,-5) targetPresent=true target=(0,0,0) dolly=(5,0,5)
[14:01:55.419687] [I] FLR0026_FRAME_BEGIN seq=190 started=false
[14:01:55.520432] [I] FLR0026_MODEL_STAGE_COMPLETE asset=assets/models/sequoia_ngp.glb pending_models=0
[14:01:55.520694] [E] [handleMessage] Exception in handler: Entity(164): Light not found
[14:01:55.520766] [E] [handleMessage] Exception in handler: Entity(166): Light not found
[14:01:55.520797] [E] [handleMessage] Exception in handler: Entity(168): Light not found
[14:01:55.520876] [E] [handleMessage] Exception in handler: Entity(170): Light not found
[14:01:55.521038] [I] FLR0026_CAMERA_APPLIED head=(5,0,-5) targetPresent=true target=(0,0,0) dolly=(5,0,5)
[14:01:55.623964] [I] FLR0026_MODEL_STAGE_COMPLETE asset=assets/models/sequoia_ngp.glb pending_models=0
[14:01:55.624206] [E] [handleMessage] Exception in handler: Entity(164): Light not found
[14:01:55.624254] [E] [handleMessage] Exception in handler: Entity(166): Light not found
[14:01:55.624285] [E] [handleMessage] Exception in handler: Entity(168): Light not found
[14:01:55.624314] [E] [handleMessage] Exception in handler: Entity(170): Light not found
[14:01:55.624469] [I] FLR0026_CAMERA_APPLIED head=(5,0,-5) targetPresent=true target=(0,0,0) dolly=(5,0,5)
[14:01:55.725001] [I] FLR0026_MODEL_STAGE_COMPLETE asset=assets/models/sequoia_ngp.glb pending_models=0
[14:01:55.725239] [E] [handleMessage] Exception in handler: Entity(164): Light not found
[14:01:55.725287] [E] [handleMessage] Exception in handler: Entity(166): Light not found
[14:01:55.725320] [E] [handleMessage] Exception in handler: Entity(168): Light not found
[14:01:55.725349] [E] [handleMessage] Exception in handler: Entity(170): Light not found
[14:01:55.725508] [I] FLR0026_CAMERA_APPLIED head=(5,0,-5) targetPresent=true target=(0,0,0) dolly=(5,0,5)
[14:01:55.826000] [I] FLR0026_MODEL_STAGE_COMPLETE asset=assets/models/sequoia_ngp.glb pending_models=0
[14:01:55.826238] [E] [handleMessage] Exception in handler: Entity(164): Light not found
[14:01:55.826288] [E] [handleMessage] Exception in handler: Entity(166): Light not found
[14:01:55.826319] [E] [handleMessage] Exception in handler: Entity(168): Light not found
[14:01:55.826349] [E] [handleMessage] Exception in handler: Entity(170): Light not found
[14:01:55.826515] [I] FLR0026_CAMERA_APPLIED head=(5,0,-5) targetPresent=true target=(0,0,0) dolly=(5,0,5)
[14:01:55.927075] [I] FLR0026_MODEL_STAGE_COMPLETE asset=assets/models/sequoia_ngp.glb pending_models=0
[14:01:55.927318] [E] [handleMessage] Exception in handler: Entity(164): Light not found
[14:01:55.927364] [E] [handleMessage] Exception in handler: Entity(166): Light not found
[14:01:55.927393] [E] [handleMessage] Exception in handler: Entity(168): Light not found
[14:01:55.927422] [E] [handleMessage] Exception in handler: Entity(170): Light not found
[14:01:55.927584] [I] FLR0026_CAMERA_APPLIED head=(5,0,-5) targetPresent=true target=(0,0,0) dolly=(5,0,5)
[14:01:56.028180] [I] FLR0026_MODEL_STAGE_COMPLETE asset=assets/models/sequoia_ngp.glb pending_models=0
[14:01:56.028428] [E] [handleMessage] Exception in handler: Entity(164): Light not found
[14:01:56.028476] [E] [handleMessage] Exception in handler: Entity(166): Light not found
[14:01:56.028508] [E] [handleMessage] Exception in handler: Entity(168): Light not found
[14:01:56.028536] [E] [handleMessage] Exception in handler: Entity(170): Light not found
[14:01:56.028705] [I] FLR0026_CAMERA_APPLIED head=(5,0,-5) targetPresent=true target=(0,0,0) dolly=(5,0,5)
[14:01:56.129283] [I] FLR0026_MODEL_STAGE_COMPLETE asset=assets/models/sequoia_ngp.glb pending_models=0
[14:01:56.129501] [E] [handleMessage] Exception in handler: Entity(164): Light not found
[14:01:56.129548] [E] [handleMessage] Exception in handler: Entity(166): Light not found
[14:01:56.129579] [E] [handleMessage] Exception in handler: Entity(168): Light not found
[14:01:56.129608] [E] [handleMessage] Exception in handler: Entity(170): Light not found
[14:01:56.129774] [I] FLR0026_CAMERA_APPLIED head=(5,0,-5) targetPresent=true target=(0,0,0) dolly=(5,0,5)
[14:01:56.230340] [I] FLR0026_MODEL_STAGE_COMPLETE asset=assets/models/sequoia_ngp.glb pending_models=0
[14:01:56.230587] [E] [handleMessage] Exception in handler: Entity(164): Light not found
[14:01:56.230635] [E] [handleMessage] Exception in handler: Entity(166): Light not found
[14:01:56.230666] [E] [handleMessage] Exception in handler: Entity(168): Light not found
[14:01:56.230695] [E] [handleMessage] Exception in handler: Entity(170): Light not found
[14:01:56.230898] [I] FLR0026_CAMERA_APPLIED head=(5,0,-5) targetPresent=true target=(0,0,0) dolly=(5,0,5)
[14:01:56.342005] [I] FLR0026_MODEL_STAGE_COMPLETE asset=assets/models/sequoia_ngp.glb pending_models=0
[14:01:56.342308] [E] [handleMessage] Exception in handler: Entity(164): Light not found
[14:01:56.342362] [E] [handleMessage] Exception in handler: Entity(166): Light not found
[14:01:56.342393] [E] [handleMessage] Exception in handler: Entity(168): Light not found
[14:01:56.342422] [E] [handleMessage] Exception in handler: Entity(170): Light not found
[14:01:56.342586] [I] FLR0026_CAMERA_APPLIED head=(5,0,-5) targetPresent=true target=(0,0,0) dolly=(5,0,5)
[14:01:56.443214] [I] FLR0026_MODEL_STAGE_COMPLETE asset=assets/models/sequoia_ngp.glb pending_models=0
[14:01:56.443465] [E] [handleMessage] Exception in handler: Entity(164): Light not found
[14:01:56.443513] [E] [handleMessage] Exception in handler: Entity(166): Light not found
[14:01:56.443543] [E] [handleMessage] Exception in handler: Entity(168): Light not found
[14:01:56.443573] [E] [handleMessage] Exception in handler: Entity(170): Light not found
[14:01:56.443738] [I] FLR0026_CAMERA_APPLIED head=(5,0,-5) targetPresent=true target=(0,0,0) dolly=(5,0,5)
[14:01:56.443953] [I] FLR0026_FRAME_BEGIN seq=200 started=false
[14:01:56.544324] [I] FLR0026_MODEL_STAGE_COMPLETE asset=assets/models/sequoia_ngp.glb pending_models=0
[14:01:56.544566] [E] [handleMessage] Exception in handler: Entity(164): Light not found
[14:01:56.544614] [E] [handleMessage] Exception in handler: Entity(166): Light not found
[14:01:56.544647] [E] [handleMessage] Exception in handler: Entity(168): Light not found
[14:01:56.544677] [E] [handleMessage] Exception in handler: Entity(170): Light not found
[14:01:56.544890] [I] FLR0026_CAMERA_APPLIED head=(5,0,-5) targetPresent=true target=(0,0,0) dolly=(5,0,5)
[14:01:56.647967] [I] FLR0026_MODEL_STAGE_COMPLETE asset=assets/models/sequoia_ngp.glb pending_models=0
[14:01:56.648206] [E] [handleMessage] Exception in handler: Entity(164): Light not found
[14:01:56.648253] [E] [handleMessage] Exception in handler: Entity(166): Light not found
[14:01:56.648284] [E] [handleMessage] Exception in handler: Entity(168): Light not found
[14:01:56.648314] [E] [handleMessage] Exception in handler: Entity(170): Light not found
[14:01:56.648483] [I] FLR0026_CAMERA_APPLIED head=(5,0,-5) targetPresent=true target=(0,0,0) dolly=(5,0,5)
[14:01:56.749981] [I] FLR0026_MODEL_STAGE_COMPLETE asset=assets/models/sequoia_ngp.glb pending_models=0
[14:01:56.750229] [E] [handleMessage] Exception in handler: Entity(164): Light not found
[14:01:56.750278] [E] [handleMessage] Exception in handler: Entity(166): Light not found
[14:01:56.750311] [E] [handleMessage] Exception in handler: Entity(168): Light not found
[14:01:56.750341] [E] [handleMessage] Exception in handler: Entity(170): Light not found
[14:01:56.750504] [I] FLR0026_CAMERA_APPLIED head=(5,0,-5) targetPresent=true target=(0,0,0) dolly=(5,0,5)
[14:01:56.850984] [I] FLR0026_MODEL_STAGE_COMPLETE asset=assets/models/sequoia_ngp.glb pending_models=0
[14:01:56.851224] [E] [handleMessage] Exception in handler: Entity(164): Light not found
[14:01:56.851273] [E] [handleMessage] Exception in handler: Entity(166): Light not found
[14:01:56.851304] [E] [handleMessage] Exception in handler: Entity(168): Light not found
[14:01:56.851333] [E] [handleMessage] Exception in handler: Entity(170): Light not found
[14:01:56.851486] [I] FLR0026_CAMERA_APPLIED head=(5,0,-5) targetPresent=true target=(0,0,0) dolly=(5,0,5)
[14:01:56.953983] [I] FLR0026_MODEL_STAGE_COMPLETE asset=assets/models/sequoia_ngp.glb pending_models=0
[14:01:56.954229] [E] [handleMessage] Exception in handler: Entity(164): Light not found
[14:01:56.954278] [E] [handleMessage] Exception in handler: Entity(166): Light not found
[14:01:56.954311] [E] [handleMessage] Exception in handler: Entity(168): Light not found
[14:01:56.954343] [E] [handleMessage] Exception in handler: Entity(170): Light not found
[14:01:56.954511] [I] FLR0026_CAMERA_APPLIED head=(5,0,-5) targetPresent=true target=(0,0,0) dolly=(5,0,5)
[14:01:57.062049] [I] FLR0026_MODEL_STAGE_COMPLETE asset=assets/models/sequoia_ngp.glb pending_models=0
[14:01:57.062340] [E] [handleMessage] Exception in handler: Entity(164): Light not found
[14:01:57.062392] [E] [handleMessage] Exception in handler: Entity(166): Light not found
[14:01:57.062423] [E] [handleMessage] Exception in handler: Entity(168): Light not found
[14:01:57.062457] [E] [handleMessage] Exception in handler: Entity(170): Light not found
[14:01:57.062611] [I] FLR0026_CAMERA_APPLIED head=(5,0,-5) targetPresent=true target=(0,0,0) dolly=(5,0,5)
[14:01:57.163166] [I] FLR0026_MODEL_STAGE_COMPLETE asset=assets/models/sequoia_ngp.glb pending_models=0
[14:01:57.163416] [E] [handleMessage] Exception in handler: Entity(164): Light not found
[14:01:57.163466] [E] [handleMessage] Exception in handler: Entity(166): Light not found
[14:01:57.163499] [E] [handleMessage] Exception in handler: Entity(168): Light not found
[14:01:57.163529] [E] [handleMessage] Exception in handler: Entity(170): Light not found
[14:01:57.163686] [I] FLR0026_CAMERA_APPLIED head=(5,0,-5) targetPresent=true target=(0,0,0) dolly=(5,0,5)
[14:01:57.265319] [I] FLR0026_MODEL_STAGE_COMPLETE asset=assets/models/sequoia_ngp.glb pending_models=0
[14:01:57.265678] [E] [handleMessage] Exception in handler: Entity(164): Light not found
[14:01:57.265728] [E] [handleMessage] Exception in handler: Entity(166): Light not found
[14:01:57.265757] [E] [handleMessage] Exception in handler: Entity(168): Light not found
[14:01:57.265784] [E] [handleMessage] Exception in handler: Entity(170): Light not found
[14:01:57.266042] [I] FLR0026_CAMERA_APPLIED head=(5,0,-5) targetPresent=true target=(0,0,0) dolly=(5,0,5)
[14:01:57.373003] [I] FLR0026_MODEL_STAGE_COMPLETE asset=assets/models/sequoia_ngp.glb pending_models=0
[14:01:57.373254] [E] [handleMessage] Exception in handler: Entity(164): Light not found
[14:01:57.373305] [E] [handleMessage] Exception in handler: Entity(166): Light not found
[14:01:57.373338] [E] [handleMessage] Exception in handler: Entity(168): Light not found
[14:01:57.373369] [E] [handleMessage] Exception in handler: Entity(170): Light not found
[14:01:57.373531] [I] FLR0026_CAMERA_APPLIED head=(5,0,-5) targetPresent=true target=(0,0,0) dolly=(5,0,5)
[14:01:57.479978] [I] FLR0026_MODEL_STAGE_COMPLETE asset=assets/models/sequoia_ngp.glb pending_models=0
[14:01:57.480214] [E] [handleMessage] Exception in handler: Entity(164): Light not found
[14:01:57.480263] [E] [handleMessage] Exception in handler: Entity(166): Light not found
[14:01:57.480294] [E] [handleMessage] Exception in handler: Entity(168): Light not found
[14:01:57.480324] [E] [handleMessage] Exception in handler: Entity(170): Light not found
[14:01:57.480474] [I] FLR0026_CAMERA_APPLIED head=(5,0,-5) targetPresent=true target=(0,0,0) dolly=(5,0,5)
[14:01:57.480651] [I] FLR0026_FRAME_BEGIN seq=210 started=false
[14:01:57.583347] [I] FLR0026_MODEL_STAGE_COMPLETE asset=assets/models/sequoia_ngp.glb pending_models=0
[14:01:57.583596] [E] [handleMessage] Exception in handler: Entity(164): Light not found
[14:01:57.583647] [E] [handleMessage] Exception in handler: Entity(166): Light not found
[14:01:57.583679] [E] [handleMessage] Exception in handler: Entity(168): Light not found
[14:01:57.583709] [E] [handleMessage] Exception in handler: Entity(170): Light not found
[14:01:57.583919] [I] FLR0026_CAMERA_APPLIED head=(5,0,-5) targetPresent=true target=(0,0,0) dolly=(5,0,5)
[14:01:57.686974] [I] FLR0026_MODEL_STAGE_COMPLETE asset=assets/models/sequoia_ngp.glb pending_models=0
[14:01:57.687208] [E] [handleMessage] Exception in handler: Entity(164): Light not found
[14:01:57.687256] [E] [handleMessage] Exception in handler: Entity(166): Light not found
[14:01:57.687286] [E] [handleMessage] Exception in handler: Entity(168): Light not found
[14:01:57.687315] [E] [handleMessage] Exception in handler: Entity(170): Light not found
[14:01:57.687471] [I] FLR0026_CAMERA_APPLIED head=(5,0,-5) targetPresent=true target=(0,0,0) dolly=(5,0,5)
[14:01:57.788990] [I] FLR0026_MODEL_STAGE_COMPLETE asset=assets/models/sequoia_ngp.glb pending_models=0
[14:01:57.789245] [E] [handleMessage] Exception in handler: Entity(164): Light not found
[14:01:57.789295] [E] [handleMessage] Exception in handler: Entity(166): Light not found
[14:01:57.789329] [E] [handleMessage] Exception in handler: Entity(168): Light not found
[14:01:57.789360] [E] [handleMessage] Exception in handler: Entity(170): Light not found
[14:01:57.789518] [I] FLR0026_CAMERA_APPLIED head=(5,0,-5) targetPresent=true target=(0,0,0) dolly=(5,0,5)
[14:01:57.892925] [I] FLR0026_MODEL_STAGE_COMPLETE asset=assets/models/sequoia_ngp.glb pending_models=0
[14:01:57.893162] [E] [handleMessage] Exception in handler: Entity(164): Light not found
[14:01:57.893208] [E] [handleMessage] Exception in handler: Entity(166): Light not found
[14:01:57.893239] [E] [handleMessage] Exception in handler: Entity(168): Light not found
[14:01:57.893268] [E] [handleMessage] Exception in handler: Entity(170): Light not found
[14:01:57.893422] [I] FLR0026_CAMERA_APPLIED head=(5,0,-5) targetPresent=true target=(0,0,0) dolly=(5,0,5)
[14:01:57.999055] [I] FLR0026_MODEL_STAGE_COMPLETE asset=assets/models/sequoia_ngp.glb pending_models=0
[14:01:57.999304] [E] [handleMessage] Exception in handler: Entity(164): Light not found
[14:01:57.999355] [E] [handleMessage] Exception in handler: Entity(166): Light not found
[14:01:57.999386] [E] [handleMessage] Exception in handler: Entity(168): Light not found
[14:01:57.999416] [E] [handleMessage] Exception in handler: Entity(170): Light not found
[14:01:57.999572] [I] FLR0026_CAMERA_APPLIED head=(5,0,-5) targetPresent=true target=(0,0,0) dolly=(5,0,5)
[14:01:58.100194] [I] FLR0026_MODEL_STAGE_COMPLETE asset=assets/models/sequoia_ngp.glb pending_models=0
[14:01:58.100442] [E] [handleMessage] Exception in handler: Entity(164): Light not found
[14:01:58.100489] [E] [handleMessage] Exception in handler: Entity(166): Light not found
[14:01:58.100521] [E] [handleMessage] Exception in handler: Entity(168): Light not found
[14:01:58.100550] [E] [handleMessage] Exception in handler: Entity(170): Light not found
[14:01:58.100704] [I] FLR0026_CAMERA_APPLIED head=(5,0,-5) targetPresent=true target=(0,0,0) dolly=(5,0,5)
[14:01:58.203373] [I] FLR0026_MODEL_STAGE_COMPLETE asset=assets/models/sequoia_ngp.glb pending_models=0
[14:01:58.203617] [E] [handleMessage] Exception in handler: Entity(164): Light not found
[14:01:58.203665] [E] [handleMessage] Exception in handler: Entity(166): Light not found
[14:01:58.203697] [E] [handleMessage] Exception in handler: Entity(168): Light not found
[14:01:58.203726] [E] [handleMessage] Exception in handler: Entity(170): Light not found
[14:01:58.203936] [I] FLR0026_CAMERA_APPLIED head=(5,0,-5) targetPresent=true target=(0,0,0) dolly=(5,0,5)
FLR0026_VK_SWAPCHAIN_FLUSH_BEGIN\nFLR0026_VK_COMMAND_END_BEGIN buffer=0x7fde4c026940\nFLR0026_VK_COMMAND_END_DONE buffer=0x7fde4c026940\nFLR0026_VK_QUEUE_SUBMIT_BEGIN queue=0x7fde4c02c550 fence=0x7fde4c021260\nFLR0026_VK_QUEUE_SUBMIT_DONE result=0 queue=0x7fde4c02c550 fence=0x7fde4c021260\nFLR0026_VK_SWAPCHAIN_FLUSH_DONE flushed=true\nFLR0026_VK_FINISHED_SIGNAL_ACQUIRE_BEGIN\nFLR0026_VK_FINISHED_SIGNAL_ACQUIRE_DONE present=true\nFLR0026_VK_PRESENT_WAIT_SEMAPHORE enabled=true\nFLR0026_VK_QUEUE_PRESENT_BEGIN queue=0x7fde4c02c550 swapchain=0x7fde4dcb74b0 index=0\n[14:01:58.311997] [I] FLR0026_MODEL_STAGE_COMPLETE asset=assets/models/sequoia_ngp.glb pending_models=0
[14:01:58.312243] [E] [handleMessage] Exception in handler: Entity(164): Light not found
[14:01:58.312294] [E] [handleMessage] Exception in handler: Entity(166): Light not found
[14:01:58.312325] [E] [handleMessage] Exception in handler: Entity(168): Light not found
[14:01:58.312354] [E] [handleMessage] Exception in handler: Entity(170): Light not found
[14:01:58.312512] [I] FLR0026_CAMERA_APPLIED head=(5,0,-5) targetPresent=true target=(0,0,0) dolly=(5,0,5)
[14:01:58.416393] [I] FLR0026_MODEL_STAGE_COMPLETE asset=assets/models/sequoia_ngp.glb pending_models=0
[14:01:58.416694] [E] [handleMessage] Exception in handler: Entity(164): Light not found
[14:01:58.416748] [E] [handleMessage] Exception in handler: Entity(166): Light not found
[14:01:58.416779] [E] [handleMessage] Exception in handler: Entity(168): Light not found
[14:01:58.416808] [E] [handleMessage] Exception in handler: Entity(170): Light not found
[14:01:58.417014] [I] FLR0026_CAMERA_APPLIED head=(5,0,-5) targetPresent=true target=(0,0,0) dolly=(5,0,5)
[14:01:58.527959] [I] FLR0026_MODEL_STAGE_COMPLETE asset=assets/models/sequoia_ngp.glb pending_models=0
[14:01:58.528202] [E] [handleMessage] Exception in handler: Entity(164): Light not found
[14:01:58.528250] [E] [handleMessage] Exception in handler: Entity(166): Light not found
[14:01:58.528280] [E] [handleMessage] Exception in handler: Entity(168): Light not found
[14:01:58.528310] [E] [handleMessage] Exception in handler: Entity(170): Light not found
[14:01:58.528466] [I] FLR0026_CAMERA_APPLIED head=(5,0,-5) targetPresent=true target=(0,0,0) dolly=(5,0,5)
[14:01:58.528645] [I] FLR0026_FRAME_BEGIN seq=220 started=false
[14:01:58.629050] [I] FLR0026_MODEL_STAGE_COMPLETE asset=assets/models/sequoia_ngp.glb pending_models=0
[14:01:58.629284] [E] [handleMessage] Exception in handler: Entity(164): Light not found
[14:01:58.629330] [E] [handleMessage] Exception in handler: Entity(166): Light not found
[14:01:58.629358] [E] [handleMessage] Exception in handler: Entity(168): Light not found
[14:01:58.629385] [E] [handleMessage] Exception in handler: Entity(170): Light not found
[14:01:58.629534] [I] FLR0026_CAMERA_APPLIED head=(5,0,-5) targetPresent=true target=(0,0,0) dolly=(5,0,5)
[14:01:58.734978] [I] FLR0026_MODEL_STAGE_COMPLETE asset=assets/models/sequoia_ngp.glb pending_models=0
[14:01:58.735217] [E] [handleMessage] Exception in handler: Entity(164): Light not found
[14:01:58.735266] [E] [handleMessage] Exception in handler: Entity(166): Light not found
[14:01:58.735299] [E] [handleMessage] Exception in handler: Entity(168): Light not found
[14:01:58.735328] [E] [handleMessage] Exception in handler: Entity(170): Light not found
[14:01:58.735481] [I] FLR0026_CAMERA_APPLIED head=(5,0,-5) targetPresent=true target=(0,0,0) dolly=(5,0,5)
[14:01:58.837909] [I] FLR0026_MODEL_STAGE_COMPLETE asset=assets/models/sequoia_ngp.glb pending_models=0
[14:01:58.838144] [E] [handleMessage] Exception in handler: Entity(164): Light not found
[14:01:58.838193] [E] [handleMessage] Exception in handler: Entity(166): Light not found
[14:01:58.838226] [E] [handleMessage] Exception in handler: Entity(168): Light not found
[14:01:58.838256] [E] [handleMessage] Exception in handler: Entity(170): Light not found
[14:01:58.838410] [I] FLR0026_CAMERA_APPLIED head=(5,0,-5) targetPresent=true target=(0,0,0) dolly=(5,0,5)
[14:01:58.944805] [I] FLR0026_MODEL_STAGE_COMPLETE asset=assets/models/sequoia_ngp.glb pending_models=0
[14:01:58.945274] [E] [handleMessage] Exception in handler: Entity(164): Light not found
[14:01:58.945379] [E] [handleMessage] Exception in handler: Entity(166): Light not found
[14:01:58.945456] [E] [handleMessage] Exception in handler: Entity(168): Light not found
[14:01:58.945531] [E] [handleMessage] Exception in handler: Entity(170): Light not found
[14:01:58.945688] [I] FLR0026_CAMERA_APPLIED head=(5,0,-5) targetPresent=true target=(0,0,0) dolly=(5,0,5)
[14:01:59.047189] [I] FLR0026_MODEL_STAGE_COMPLETE asset=assets/models/sequoia_ngp.glb pending_models=0
[14:01:59.047436] [E] [handleMessage] Exception in handler: Entity(164): Light not found
[14:01:59.047483] [E] [handleMessage] Exception in handler: Entity(166): Light not found
[14:01:59.047514] [E] [handleMessage] Exception in handler: Entity(168): Light not found
[14:01:59.047543] [E] [handleMessage] Exception in handler: Entity(170): Light not found
[14:01:59.047698] [I] FLR0026_CAMERA_APPLIED head=(5,0,-5) targetPresent=true target=(0,0,0) dolly=(5,0,5)
[14:01:59.158003] [I] FLR0026_MODEL_STAGE_COMPLETE asset=assets/models/sequoia_ngp.glb pending_models=0
[14:01:59.158262] [E] [handleMessage] Exception in handler: Entity(164): Light not found
[14:01:59.158313] [E] [handleMessage] Exception in handler: Entity(166): Light not found
[14:01:59.158347] [E] [handleMessage] Exception in handler: Entity(168): Light not found
[14:01:59.158378] [E] [handleMessage] Exception in handler: Entity(170): Light not found
[14:01:59.158547] [I] FLR0026_CAMERA_APPLIED head=(5,0,-5) targetPresent=true target=(0,0,0) dolly=(5,0,5)
[14:01:59.261941] [I] FLR0026_MODEL_STAGE_COMPLETE asset=assets/models/sequoia_ngp.glb pending_models=0
[14:01:59.262182] [E] [handleMessage] Exception in handler: Entity(164): Light not found
[14:01:59.262229] [E] [handleMessage] Exception in handler: Entity(166): Light not found
[14:01:59.262262] [E] [handleMessage] Exception in handler: Entity(168): Light not found
[14:01:59.262291] [E] [handleMessage] Exception in handler: Entity(170): Light not found
[14:01:59.262448] [I] FLR0026_CAMERA_APPLIED head=(5,0,-5) targetPresent=true target=(0,0,0) dolly=(5,0,5)
[14:01:59.362987] [I] FLR0026_MODEL_STAGE_COMPLETE asset=assets/models/sequoia_ngp.glb pending_models=0
[14:01:59.363237] [E] [handleMessage] Exception in handler: Entity(164): Light not found
[14:01:59.363289] [E] [handleMessage] Exception in handler: Entity(166): Light not found
[14:01:59.363323] [E] [handleMessage] Exception in handler: Entity(168): Light not found
[14:01:59.363354] [E] [handleMessage] Exception in handler: Entity(170): Light not found
[14:01:59.363516] [I] FLR0026_CAMERA_APPLIED head=(5,0,-5) targetPresent=true target=(0,0,0) dolly=(5,0,5)
[14:01:59.466982] [I] FLR0026_MODEL_STAGE_COMPLETE asset=assets/models/sequoia_ngp.glb pending_models=0
[14:01:59.467232] [E] [handleMessage] Exception in handler: Entity(164): Light not found
[14:01:59.467280] [E] [handleMessage] Exception in handler: Entity(166): Light not found
[14:01:59.467314] [E] [handleMessage] Exception in handler: Entity(168): Light not found
[14:01:59.467345] [E] [handleMessage] Exception in handler: Entity(170): Light not found
[14:01:59.467516] [I] FLR0026_CAMERA_APPLIED head=(5,0,-5) targetPresent=true target=(0,0,0) dolly=(5,0,5)
[14:01:59.568450] [I] FLR0026_MODEL_STAGE_COMPLETE asset=assets/models/sequoia_ngp.glb pending_models=0
[14:01:59.568700] [E] [handleMessage] Exception in handler: Entity(164): Light not found
[14:01:59.568750] [E] [handleMessage] Exception in handler: Entity(166): Light not found
[14:01:59.568785] [E] [handleMessage] Exception in handler: Entity(168): Light not found
[14:01:59.568816] [E] [handleMessage] Exception in handler: Entity(170): Light not found
[14:01:59.569101] [I] FLR0026_CAMERA_APPLIED head=(5,0,-5) targetPresent=true target=(0,0,0) dolly=(5,0,5)
[14:01:59.569288] [I] FLR0026_FRAME_BEGIN seq=230 started=false
[14:01:59.671967] [I] FLR0026_MODEL_STAGE_COMPLETE asset=assets/models/sequoia_ngp.glb pending_models=0
[14:01:59.672206] [E] [handleMessage] Exception in handler: Entity(164): Light not found
[14:01:59.672255] [E] [handleMessage] Exception in handler: Entity(166): Light not found
[14:01:59.672287] [E] [handleMessage] Exception in handler: Entity(168): Light not found
[14:01:59.672316] [E] [handleMessage] Exception in handler: Entity(170): Light not found
[14:01:59.672487] [I] FLR0026_CAMERA_APPLIED head=(5,0,-5) targetPresent=true target=(0,0,0) dolly=(5,0,5)
[14:01:59.777967] [I] FLR0026_MODEL_STAGE_COMPLETE asset=assets/models/sequoia_ngp.glb pending_models=0
[14:01:59.778206] [E] [handleMessage] Exception in handler: Entity(164): Light not found
[14:01:59.778256] [E] [handleMessage] Exception in handler: Entity(166): Light not found
[14:01:59.778290] [E] [handleMessage] Exception in handler: Entity(168): Light not found
[14:01:59.778321] [E] [handleMessage] Exception in handler: Entity(170): Light not found
[14:01:59.778534] [I] FLR0026_CAMERA_APPLIED head=(5,0,-5) targetPresent=true target=(0,0,0) dolly=(5,0,5)
[14:01:59.882760] [I] FLR0026_MODEL_STAGE_COMPLETE asset=assets/models/sequoia_ngp.glb pending_models=0
[14:01:59.883076] [E] [handleMessage] Exception in handler: Entity(164): Light not found
[14:01:59.883127] [E] [handleMessage] Exception in handler: Entity(166): Light not found
[14:01:59.883158] [E] [handleMessage] Exception in handler: Entity(168): Light not found
[14:01:59.883188] [E] [handleMessage] Exception in handler: Entity(170): Light not found
[14:01:59.883338] [I] FLR0026_CAMERA_APPLIED head=(5,0,-5) targetPresent=true target=(0,0,0) dolly=(5,0,5)
[14:01:59.983964] [I] FLR0026_MODEL_STAGE_COMPLETE asset=assets/models/sequoia_ngp.glb pending_models=0
[14:01:59.984204] [E] [handleMessage] Exception in handler: Entity(164): Light not found
[14:01:59.984254] [E] [handleMessage] Exception in handler: Entity(166): Light not found
[14:01:59.984287] [E] [handleMessage] Exception in handler: Entity(168): Light not found
[14:01:59.984318] [E] [handleMessage] Exception in handler: Entity(170): Light not found
[14:01:59.984479] [I] FLR0026_CAMERA_APPLIED head=(5,0,-5) targetPresent=true target=(0,0,0) dolly=(5,0,5)
[14:02:00.088140] [I] FLR0026_MODEL_STAGE_COMPLETE asset=assets/models/sequoia_ngp.glb pending_models=0
[14:02:00.088384] [E] [handleMessage] Exception in handler: Entity(164): Light not found
[14:02:00.088432] [E] [handleMessage] Exception in handler: Entity(166): Light not found
[14:02:00.088463] [E] [handleMessage] Exception in handler: Entity(168): Light not found
[14:02:00.088491] [E] [handleMessage] Exception in handler: Entity(170): Light not found
[14:02:00.088643] [I] FLR0026_CAMERA_APPLIED head=(5,0,-5) targetPresent=true target=(0,0,0) dolly=(5,0,5)
[14:02:00.200103] [I] FLR0026_MODEL_STAGE_COMPLETE asset=assets/models/sequoia_ngp.glb pending_models=0
[14:02:00.200345] [E] [handleMessage] Exception in handler: Entity(164): Light not found
[14:02:00.200394] [E] [handleMessage] Exception in handler: Entity(166): Light not found
[14:02:00.200427] [E] [handleMessage] Exception in handler: Entity(168): Light not found
[14:02:00.200456] [E] [handleMessage] Exception in handler: Entity(170): Light not found
[14:02:00.200614] [I] FLR0026_CAMERA_APPLIED head=(5,0,-5) targetPresent=true target=(0,0,0) dolly=(5,0,5)
[14:02:00.305964] [I] FLR0026_MODEL_STAGE_COMPLETE asset=assets/models/sequoia_ngp.glb pending_models=0
[14:02:00.306531] [E] [handleMessage] Exception in handler: Entity(164): Light not found
[14:02:00.306607] [E] [handleMessage] Exception in handler: Entity(166): Light not found
[14:02:00.306640] [E] [handleMessage] Exception in handler: Entity(168): Light not found
[14:02:00.306669] [E] [handleMessage] Exception in handler: Entity(170): Light not found
[14:02:00.306890] [I] FLR0026_CAMERA_APPLIED head=(5,0,-5) targetPresent=true target=(0,0,0) dolly=(5,0,5)
[14:02:00.422970] [I] FLR0026_MODEL_STAGE_COMPLETE asset=assets/models/sequoia_ngp.glb pending_models=0
[14:02:00.423210] [E] [handleMessage] Exception in handler: Entity(164): Light not found
[14:02:00.423260] [E] [handleMessage] Exception in handler: Entity(166): Light not found
[14:02:00.423291] [E] [handleMessage] Exception in handler: Entity(168): Light not found
[14:02:00.423321] [E] [handleMessage] Exception in handler: Entity(170): Light not found
[14:02:00.423479] [I] FLR0026_CAMERA_APPLIED head=(5,0,-5) targetPresent=true target=(0,0,0) dolly=(5,0,5)
[14:02:00.529961] [I] FLR0026_MODEL_STAGE_COMPLETE asset=assets/models/sequoia_ngp.glb pending_models=0
[14:02:00.530199] [E] [handleMessage] Exception in handler: Entity(164): Light not found
[14:02:00.530249] [E] [handleMessage] Exception in handler: Entity(166): Light not found
[14:02:00.530280] [E] [handleMessage] Exception in handler: Entity(168): Light not found
[14:02:00.530309] [E] [handleMessage] Exception in handler: Entity(170): Light not found
[14:02:00.530472] [I] FLR0026_CAMERA_APPLIED head=(5,0,-5) targetPresent=true target=(0,0,0) dolly=(5,0,5)
[14:02:00.630999] [I] FLR0026_MODEL_STAGE_PROGRESS seq=240 progress=1 assets=1
[14:02:00.631147] [I] FLR0026_MODEL_STAGE_COMPLETE asset=assets/models/sequoia_ngp.glb pending_models=0
[14:02:00.631327] [E] [handleMessage] Exception in handler: Entity(164): Light not found
[14:02:00.631374] [E] [handleMessage] Exception in handler: Entity(166): Light not found
[14:02:00.631405] [E] [handleMessage] Exception in handler: Entity(168): Light not found
[14:02:00.631434] [E] [handleMessage] Exception in handler: Entity(170): Light not found
[14:02:00.631588] [I] FLR0026_CAMERA_APPLIED head=(5,0,-5) targetPresent=true target=(0,0,0) dolly=(5,0,5)
[14:02:00.631769] [I] FLR0026_FRAME_BEGIN seq=240 started=false
[14:02:00.733965] [I] FLR0026_MODEL_STAGE_COMPLETE asset=assets/models/sequoia_ngp.glb pending_models=0
[14:02:00.734205] [E] [handleMessage] Exception in handler: Entity(164): Light not found
[14:02:00.734254] [E] [handleMessage] Exception in handler: Entity(166): Light not found
[14:02:00.734286] [E] [handleMessage] Exception in handler: Entity(168): Light not found
[14:02:00.734315] [E] [handleMessage] Exception in handler: Entity(170): Light not found
[14:02:00.734477] [I] FLR0026_CAMERA_APPLIED head=(5,0,-5) targetPresent=true target=(0,0,0) dolly=(5,0,5)
[14:02:00.846519] [I] FLR0026_MODEL_STAGE_COMPLETE asset=assets/models/sequoia_ngp.glb pending_models=0
[14:02:00.846758] [E] [handleMessage] Exception in handler: Entity(164): Light not found
[14:02:00.846806] [E] [handleMessage] Exception in handler: Entity(166): Light not found
[14:02:00.846896] [E] [handleMessage] Exception in handler: Entity(168): Light not found
[14:02:00.846936] [E] [handleMessage] Exception in handler: Entity(170): Light not found
[14:02:00.847097] [I] FLR0026_CAMERA_APPLIED head=(5,0,-5) targetPresent=true target=(0,0,0) dolly=(5,0,5)
[14:02:00.949981] [I] FLR0026_MODEL_STAGE_COMPLETE asset=assets/models/sequoia_ngp.glb pending_models=0
[14:02:00.950231] [E] [handleMessage] Exception in handler: Entity(164): Light not found
[14:02:00.950286] [E] [handleMessage] Exception in handler: Entity(166): Light not found
[14:02:00.950320] [E] [handleMessage] Exception in handler: Entity(168): Light not found
[14:02:00.950351] [E] [handleMessage] Exception in handler: Entity(170): Light not found
[14:02:00.950526] [I] FLR0026_CAMERA_APPLIED head=(5,0,-5) targetPresent=true target=(0,0,0) dolly=(5,0,5)
[14:02:01.052967] [I] FLR0026_MODEL_STAGE_COMPLETE asset=assets/models/sequoia_ngp.glb pending_models=0
[14:02:01.053220] [E] [handleMessage] Exception in handler: Entity(164): Light not found
[14:02:01.053268] [E] [handleMessage] Exception in handler: Entity(166): Light not found
[14:02:01.053299] [E] [handleMessage] Exception in handler: Entity(168): Light not found
[14:02:01.053328] [E] [handleMessage] Exception in handler: Entity(170): Light not found
[14:02:01.053485] [I] FLR0026_CAMERA_APPLIED head=(5,0,-5) targetPresent=true target=(0,0,0) dolly=(5,0,5)
[14:02:01.154991] [I] FLR0026_MODEL_STAGE_COMPLETE asset=assets/models/sequoia_ngp.glb pending_models=0
[14:02:01.155238] [E] [handleMessage] Exception in handler: Entity(164): Light not found
[14:02:01.155288] [E] [handleMessage] Exception in handler: Entity(166): Light not found
[14:02:01.155320] [E] [handleMessage] Exception in handler: Entity(168): Light not found
[14:02:01.155350] [E] [handleMessage] Exception in handler: Entity(170): Light not found
[14:02:01.155508] [I] FLR0026_CAMERA_APPLIED head=(5,0,-5) targetPresent=true target=(0,0,0) dolly=(5,0,5)
[14:02:01.260320] [I] FLR0026_MODEL_STAGE_COMPLETE asset=assets/models/sequoia_ngp.glb pending_models=0
[14:02:01.260564] [E] [handleMessage] Exception in handler: Entity(164): Light not found
[14:02:01.260611] [E] [handleMessage] Exception in handler: Entity(166): Light not found
[14:02:01.260642] [E] [handleMessage] Exception in handler: Entity(168): Light not found
[14:02:01.260670] [E] [handleMessage] Exception in handler: Entity(170): Light not found
[14:02:01.260948] [I] FLR0026_CAMERA_APPLIED head=(5,0,-5) targetPresent=true target=(0,0,0) dolly=(5,0,5)
[14:02:01.369021] [I] FLR0026_MODEL_STAGE_COMPLETE asset=assets/models/sequoia_ngp.glb pending_models=0
[14:02:01.369381] [E] [handleMessage] Exception in handler: Entity(164): Light not found
[14:02:01.369439] [E] [handleMessage] Exception in handler: Entity(166): Light not found
[14:02:01.369472] [E] [handleMessage] Exception in handler: Entity(168): Light not found
[14:02:01.369502] [E] [handleMessage] Exception in handler: Entity(170): Light not found
[14:02:01.369739] [I] FLR0026_CAMERA_APPLIED head=(5,0,-5) targetPresent=true target=(0,0,0) dolly=(5,0,5)
FLR0026_VK_QUEUE_PRESENT result=0 surface=7fde4dcdbe60 swapchain=7fde4dcb74b0 index=0
[14:02:01.475111] [I] FLR0026_MODEL_STAGE_COMPLETE asset=assets/models/sequoia_ngp.glb pending_models=0
[14:02:01.475666] [E] [handleMessage] Exception in handler: Entity(164): Light not found
[14:02:01.475738] [E] [handleMessage] Exception in handler: Entity(166): Light not found
[14:02:01.475772] [E] [handleMessage] Exception in handler: Entity(168): Light not found
[14:02:01.475802] [E] [handleMessage] Exception in handler: Entity(170): Light not found
[14:02:01.476050] [I] FLR0026_CAMERA_APPLIED head=(5,0,-5) targetPresent=true target=(0,0,0) dolly=(5,0,5)
[14:02:01.586263] [I] FLR0026_MODEL_STAGE_COMPLETE asset=assets/models/sequoia_ngp.glb pending_models=0
[14:02:01.586531] [E] [handleMessage] Exception in handler: Entity(164): Light not found
[14:02:01.586586] [E] [handleMessage] Exception in handler: Entity(166): Light not found
[14:02:01.586620] [E] [handleMessage] Exception in handler: Entity(168): Light not found
[14:02:01.586650] [E] [handleMessage] Exception in handler: Entity(170): Light not found
[14:02:01.586871] [I] FLR0026_CAMERA_APPLIED head=(5,0,-5) targetPresent=true target=(0,0,0) dolly=(5,0,5)
[14:02:01.722681] [I] FLR0026_MODEL_STAGE_COMPLETE asset=assets/models/sequoia_ngp.glb pending_models=0
[14:02:01.723175] [E] [handleMessage] Exception in handler: Entity(164): Light not found
[14:02:01.723281] [E] [handleMessage] Exception in handler: Entity(166): Light not found
[14:02:01.723353] [E] [handleMessage] Exception in handler: Entity(168): Light not found
[14:02:01.723420] [E] [handleMessage] Exception in handler: Entity(170): Light not found
[14:02:01.723619] [I] FLR0026_CAMERA_APPLIED head=(5,0,-5) targetPresent=true target=(0,0,0) dolly=(5,0,5)
[14:02:01.723810] [I] FLR0026_FRAME_BEGIN seq=250 started=false
FLR0026_VK_ACQUIRE_WAIT_SEMAPHORE enabled=true\n[14:02:01.824399] [I] FLR0026_MODEL_STAGE_COMPLETE asset=assets/models/sequoia_ngp.glb pending_models=0
[14:02:01.824780] [E] [handleMessage] Exception in handler: Entity(164): Light not found
[14:02:01.825035] [E] [handleMessage] Exception in handler: Entity(166): Light not found
[14:02:01.825128] [E] [handleMessage] Exception in handler: Entity(168): Light not found
[14:02:01.825202] [E] [handleMessage] Exception in handler: Entity(170): Light not found
[14:02:01.825498] [I] FLR0026_CAMERA_APPLIED head=(5,0,-5) targetPresent=true target=(0,0,0) dolly=(5,0,5)
[14:02:01.940585] [I] FLR0026_MODEL_STAGE_COMPLETE asset=assets/models/sequoia_ngp.glb pending_models=0
[14:02:01.941116] [E] [handleMessage] Exception in handler: Entity(164): Light not found
[14:02:01.941238] [E] [handleMessage] Exception in handler: Entity(166): Light not found
[14:02:01.941312] [E] [handleMessage] Exception in handler: Entity(168): Light not found
[14:02:01.941381] [E] [handleMessage] Exception in handler: Entity(170): Light not found
[14:02:01.941778] [I] FLR0026_CAMERA_APPLIED head=(5,0,-5) targetPresent=true target=(0,0,0) dolly=(5,0,5)
[14:02:02.042628] [I] FLR0026_MODEL_STAGE_COMPLETE asset=assets/models/sequoia_ngp.glb pending_models=0
[14:02:02.043003] [E] [handleMessage] Exception in handler: Entity(164): Light not found
[14:02:02.043071] [E] [handleMessage] Exception in handler: Entity(166): Light not found
[14:02:02.043102] [E] [handleMessage] Exception in handler: Entity(168): Light not found
[14:02:02.043129] [E] [handleMessage] Exception in handler: Entity(170): Light not found
[14:02:02.043282] [I] FLR0026_CAMERA_APPLIED head=(5,0,-5) targetPresent=true target=(0,0,0) dolly=(5,0,5)
[14:02:02.143916] [I] FLR0026_MODEL_STAGE_COMPLETE asset=assets/models/sequoia_ngp.glb pending_models=0
[14:02:02.144186] [E] [handleMessage] Exception in handler: Entity(164): Light not found
[14:02:02.144234] [E] [handleMessage] Exception in handler: Entity(166): Light not found
[14:02:02.144264] [E] [handleMessage] Exception in handler: Entity(168): Light not found
[14:02:02.144291] [E] [handleMessage] Exception in handler: Entity(170): Light not found
[14:02:02.144464] [I] FLR0026_CAMERA_APPLIED head=(5,0,-5) targetPresent=true target=(0,0,0) dolly=(5,0,5)
[14:02:02.245032] [I] FLR0026_MODEL_STAGE_COMPLETE asset=assets/models/sequoia_ngp.glb pending_models=0
[14:02:02.245267] [E] [handleMessage] Exception in handler: Entity(164): Light not found
[14:02:02.245312] [E] [handleMessage] Exception in handler: Entity(166): Light not found
[14:02:02.245341] [E] [handleMessage] Exception in handler: Entity(168): Light not found
[14:02:02.245368] [E] [handleMessage] Exception in handler: Entity(170): Light not found
[14:02:02.245519] [I] FLR0026_CAMERA_APPLIED head=(5,0,-5) targetPresent=true target=(0,0,0) dolly=(5,0,5)
[14:02:02.346384] [I] FLR0026_MODEL_STAGE_COMPLETE asset=assets/models/sequoia_ngp.glb pending_models=0
[14:02:02.346809] [E] [handleMessage] Exception in handler: Entity(164): Light not found
[14:02:02.347098] [E] [handleMessage] Exception in handler: Entity(166): Light not found
[14:02:02.347180] [E] [handleMessage] Exception in handler: Entity(168): Light not found
[14:02:02.347255] [E] [handleMessage] Exception in handler: Entity(170): Light not found
[14:02:02.347563] [I] FLR0026_CAMERA_APPLIED head=(5,0,-5) targetPresent=true target=(0,0,0) dolly=(5,0,5)
[14:02:02.448576] [I] FLR0026_MODEL_STAGE_COMPLETE asset=assets/models/sequoia_ngp.glb pending_models=0
[14:02:02.449119] [E] [handleMessage] Exception in handler: Entity(164): Light not found
[14:02:02.449232] [E] [handleMessage] Exception in handler: Entity(166): Light not found
[14:02:02.449306] [E] [handleMessage] Exception in handler: Entity(168): Light not found
[14:02:02.449374] [E] [handleMessage] Exception in handler: Entity(170): Light not found
[14:02:02.449675] [I] FLR0026_CAMERA_APPLIED head=(5,0,-5) targetPresent=true target=(0,0,0) dolly=(5,0,5)
[14:02:02.550729] [I] FLR0026_MODEL_STAGE_COMPLETE asset=assets/models/sequoia_ngp.glb pending_models=0
[14:02:02.551281] [E] [handleMessage] Exception in handler: Entity(164): Light not found
[14:02:02.551390] [E] [handleMessage] Exception in handler: Entity(166): Light not found
[14:02:02.551465] [E] [handleMessage] Exception in handler: Entity(168): Light not found
[14:02:02.551534] [E] [handleMessage] Exception in handler: Entity(170): Light not found
[14:02:02.551811] [I] FLR0026_CAMERA_APPLIED head=(5,0,-5) targetPresent=true target=(0,0,0) dolly=(5,0,5)
[14:02:02.653024] [I] FLR0026_MODEL_STAGE_COMPLETE asset=assets/models/sequoia_ngp.glb pending_models=0
[14:02:02.653421] [E] [handleMessage] Exception in handler: Entity(164): Light not found
[14:02:02.653519] [E] [handleMessage] Exception in handler: Entity(166): Light not found
[14:02:02.653582] [E] [handleMessage] Exception in handler: Entity(168): Light not found
[14:02:02.653642] [E] [handleMessage] Exception in handler: Entity(170): Light not found
[14:02:02.653965] [I] FLR0026_CAMERA_APPLIED head=(5,0,-5) targetPresent=true target=(0,0,0) dolly=(5,0,5)
[14:02:02.755149] [I] FLR0026_MODEL_STAGE_COMPLETE asset=assets/models/sequoia_ngp.glb pending_models=0
[14:02:02.755565] [E] [handleMessage] Exception in handler: Entity(164): Light not found
[14:02:02.755672] [E] [handleMessage] Exception in handler: Entity(166): Light not found
[14:02:02.755749] [E] [handleMessage] Exception in handler: Entity(168): Light not found
[14:02:02.755922] [E] [handleMessage] Exception in handler: Entity(170): Light not found
[14:02:02.756307] [I] FLR0026_CAMERA_APPLIED head=(5,0,-5) targetPresent=true target=(0,0,0) dolly=(5,0,5)
[14:02:02.756716] [I] FLR0026_FRAME_BEGIN seq=260 started=false
[14:02:02.857427] [I] FLR0026_MODEL_STAGE_COMPLETE asset=assets/models/sequoia_ngp.glb pending_models=0
[14:02:02.857810] [E] [handleMessage] Exception in handler: Entity(164): Light not found
[14:02:02.858033] [E] [handleMessage] Exception in handler: Entity(166): Light not found
[14:02:02.858121] [E] [handleMessage] Exception in handler: Entity(168): Light not found
[14:02:02.858190] [E] [handleMessage] Exception in handler: Entity(170): Light not found
[14:02:02.858492] [I] FLR0026_CAMERA_APPLIED head=(5,0,-5) targetPresent=true target=(0,0,0) dolly=(5,0,5)
[14:02:02.959445] [I] FLR0026_MODEL_STAGE_COMPLETE asset=assets/models/sequoia_ngp.glb pending_models=0
[14:02:02.959813] [E] [handleMessage] Exception in handler: Entity(164): Light not found
[14:02:02.960028] [E] [handleMessage] Exception in handler: Entity(166): Light not found
[14:02:02.960100] [E] [handleMessage] Exception in handler: Entity(168): Light not found
[14:02:02.960166] [E] [handleMessage] Exception in handler: Entity(170): Light not found
[14:02:02.960444] [I] FLR0026_CAMERA_APPLIED head=(5,0,-5) targetPresent=true target=(0,0,0) dolly=(5,0,5)
[14:02:03.061469] [I] FLR0026_MODEL_STAGE_COMPLETE asset=assets/models/sequoia_ngp.glb pending_models=0
[14:02:03.062037] [E] [handleMessage] Exception in handler: Entity(164): Light not found
[14:02:03.062158] [E] [handleMessage] Exception in handler: Entity(166): Light not found
[14:02:03.062233] [E] [handleMessage] Exception in handler: Entity(168): Light not found
[14:02:03.062301] [E] [handleMessage] Exception in handler: Entity(170): Light not found
[14:02:03.062613] [I] FLR0026_CAMERA_APPLIED head=(5,0,-5) targetPresent=true target=(0,0,0) dolly=(5,0,5)
[14:02:03.163785] [I] FLR0026_MODEL_STAGE_COMPLETE asset=assets/models/sequoia_ngp.glb pending_models=0
[14:02:03.164337] [E] [handleMessage] Exception in handler: Entity(164): Light not found
[14:02:03.164441] [E] [handleMessage] Exception in handler: Entity(166): Light not found
[14:02:03.164515] [E] [handleMessage] Exception in handler: Entity(168): Light not found
[14:02:03.164586] [E] [handleMessage] Exception in handler: Entity(170): Light not found
[14:02:03.164800] [I] FLR0026_CAMERA_APPLIED head=(5,0,-5) targetPresent=true target=(0,0,0) dolly=(5,0,5)
[14:02:03.265594] [I] FLR0026_MODEL_STAGE_COMPLETE asset=assets/models/sequoia_ngp.glb pending_models=0
[14:02:03.266133] [E] [handleMessage] Exception in handler: Entity(164): Light not found
[14:02:03.266250] [E] [handleMessage] Exception in handler: Entity(166): Light not found
[14:02:03.266329] [E] [handleMessage] Exception in handler: Entity(168): Light not found
[14:02:03.266397] [E] [handleMessage] Exception in handler: Entity(170): Light not found
[14:02:03.266712] [I] FLR0026_CAMERA_APPLIED head=(5,0,-5) targetPresent=true target=(0,0,0) dolly=(5,0,5)
[14:02:03.367709] [I] FLR0026_MODEL_STAGE_COMPLETE asset=assets/models/sequoia_ngp.glb pending_models=0
[14:02:03.368253] [E] [handleMessage] Exception in handler: Entity(164): Light not found
[14:02:03.368370] [E] [handleMessage] Exception in handler: Entity(166): Light not found
[14:02:03.368448] [E] [handleMessage] Exception in handler: Entity(168): Light not found
[14:02:03.368518] [E] [handleMessage] Exception in handler: Entity(170): Light not found
[14:02:03.368956] [I] FLR0026_CAMERA_APPLIED head=(5,0,-5) targetPresent=true target=(0,0,0) dolly=(5,0,5)
[14:02:03.470090] [I] FLR0026_MODEL_STAGE_COMPLETE asset=assets/models/sequoia_ngp.glb pending_models=0
[14:02:03.470544] [E] [handleMessage] Exception in handler: Entity(164): Light not found
[14:02:03.470644] [E] [handleMessage] Exception in handler: Entity(166): Light not found
[14:02:03.470715] [E] [handleMessage] Exception in handler: Entity(168): Light not found
[14:02:03.470777] [E] [handleMessage] Exception in handler: Entity(170): Light not found
[14:02:03.471107] [I] FLR0026_CAMERA_APPLIED head=(5,0,-5) targetPresent=true target=(0,0,0) dolly=(5,0,5)
[14:02:03.572137] [I] FLR0026_MODEL_STAGE_COMPLETE asset=assets/models/sequoia_ngp.glb pending_models=0
[14:02:03.572527] [E] [handleMessage] Exception in handler: Entity(164): Light not found
[14:02:03.572633] [E] [handleMessage] Exception in handler: Entity(166): Light not found
[14:02:03.572710] [E] [handleMessage] Exception in handler: Entity(168): Light not found
[14:02:03.572782] [E] [handleMessage] Exception in handler: Entity(170): Light not found
[14:02:03.573277] [I] FLR0026_CAMERA_APPLIED head=(5,0,-5) targetPresent=true target=(0,0,0) dolly=(5,0,5)
[14:02:03.674357] [I] FLR0026_MODEL_STAGE_COMPLETE asset=assets/models/sequoia_ngp.glb pending_models=0
[14:02:03.674762] [E] [handleMessage] Exception in handler: Entity(164): Light not found
[14:02:03.674977] [E] [handleMessage] Exception in handler: Entity(166): Light not found
[14:02:03.675065] [E] [handleMessage] Exception in handler: Entity(168): Light not found
[14:02:03.675136] [E] [handleMessage] Exception in handler: Entity(170): Light not found
[14:02:03.675411] [I] FLR0026_CAMERA_APPLIED head=(5,0,-5) targetPresent=true target=(0,0,0) dolly=(5,0,5)
[14:02:03.776395] [I] FLR0026_MODEL_STAGE_COMPLETE asset=assets/models/sequoia_ngp.glb pending_models=0
[14:02:03.776792] [E] [handleMessage] Exception in handler: Entity(164): Light not found
[14:02:03.777024] [E] [handleMessage] Exception in handler: Entity(166): Light not found
[14:02:03.777122] [E] [handleMessage] Exception in handler: Entity(168): Light not found
[14:02:03.777196] [E] [handleMessage] Exception in handler: Entity(170): Light not found
[14:02:03.777509] [I] FLR0026_CAMERA_APPLIED head=(5,0,-5) targetPresent=true target=(0,0,0) dolly=(5,0,5)
[14:02:03.777978] [I] FLR0026_FRAME_BEGIN seq=270 started=false
[14:02:03.878599] [I] FLR0026_MODEL_STAGE_COMPLETE asset=assets/models/sequoia_ngp.glb pending_models=0
[14:02:03.879130] [E] [handleMessage] Exception in handler: Entity(164): Light not found
[14:02:03.879240] [E] [handleMessage] Exception in handler: Entity(166): Light not found
[14:02:03.879313] [E] [handleMessage] Exception in handler: Entity(168): Light not found
[14:02:03.879380] [E] [handleMessage] Exception in handler: Entity(170): Light not found
[14:02:03.879697] [I] FLR0026_CAMERA_APPLIED head=(5,0,-5) targetPresent=true target=(0,0,0) dolly=(5,0,5)
[14:02:03.980709] [I] FLR0026_MODEL_STAGE_COMPLETE asset=assets/models/sequoia_ngp.glb pending_models=0
[14:02:03.981293] [E] [handleMessage] Exception in handler: Entity(164): Light not found
[14:02:03.981443] [E] [handleMessage] Exception in handler: Entity(166): Light not found
[14:02:03.981520] [E] [handleMessage] Exception in handler: Entity(168): Light not found
[14:02:03.981590] [E] [handleMessage] Exception in handler: Entity(170): Light not found
[14:02:03.981947] [I] FLR0026_CAMERA_APPLIED head=(5,0,-5) targetPresent=true target=(0,0,0) dolly=(5,0,5)
[14:02:04.082504] [I] FLR0026_MODEL_STAGE_COMPLETE asset=assets/models/sequoia_ngp.glb pending_models=0
[14:02:04.082774] [E] [handleMessage] Exception in handler: Entity(164): Light not found
[14:02:04.082890] [E] [handleMessage] Exception in handler: Entity(166): Light not found
[14:02:04.082931] [E] [handleMessage] Exception in handler: Entity(168): Light not found
[14:02:04.082961] [E] [handleMessage] Exception in handler: Entity(170): Light not found
[14:02:04.083175] [I] FLR0026_CAMERA_APPLIED head=(5,0,-5) targetPresent=true target=(0,0,0) dolly=(5,0,5)
[14:02:04.183987] [I] FLR0026_MODEL_STAGE_COMPLETE asset=assets/models/sequoia_ngp.glb pending_models=0
[14:02:04.184460] [E] [handleMessage] Exception in handler: Entity(164): Light not found
[14:02:04.184591] [E] [handleMessage] Exception in handler: Entity(166): Light not found
[14:02:04.184666] [E] [handleMessage] Exception in handler: Entity(168): Light not found
[14:02:04.184716] [E] [handleMessage] Exception in handler: Entity(170): Light not found
[14:02:04.184919] [I] FLR0026_CAMERA_APPLIED head=(5,0,-5) targetPresent=true target=(0,0,0) dolly=(5,0,5)
[14:02:04.285645] [I] FLR0026_MODEL_STAGE_COMPLETE asset=assets/models/sequoia_ngp.glb pending_models=0
[14:02:04.286172] [E] [handleMessage] Exception in handler: Entity(164): Light not found
[14:02:04.286284] [E] [handleMessage] Exception in handler: Entity(166): Light not found
[14:02:04.286356] [E] [handleMessage] Exception in handler: Entity(168): Light not found
[14:02:04.286429] [E] [handleMessage] Exception in handler: Entity(170): Light not found
[14:02:04.286726] [I] FLR0026_CAMERA_APPLIED head=(5,0,-5) targetPresent=true target=(0,0,0) dolly=(5,0,5)
[14:02:04.387488] [I] FLR0026_MODEL_STAGE_COMPLETE asset=assets/models/sequoia_ngp.glb pending_models=0
[14:02:04.388020] [E] [handleMessage] Exception in handler: Entity(164): Light not found
[14:02:04.388135] [E] [handleMessage] Exception in handler: Entity(166): Light not found
[14:02:04.388213] [E] [handleMessage] Exception in handler: Entity(168): Light not found
[14:02:04.388285] [E] [handleMessage] Exception in handler: Entity(170): Light not found
[14:02:04.388576] [I] FLR0026_CAMERA_APPLIED head=(5,0,-5) targetPresent=true target=(0,0,0) dolly=(5,0,5)
[14:02:04.489635] [I] FLR0026_MODEL_STAGE_COMPLETE asset=assets/models/sequoia_ngp.glb pending_models=0
[14:02:04.490210] [E] [handleMessage] Exception in handler: Entity(164): Light not found
[14:02:04.490318] [E] [handleMessage] Exception in handler: Entity(166): Light not found
[14:02:04.490390] [E] [handleMessage] Exception in handler: Entity(168): Light not found
[14:02:04.490457] [E] [handleMessage] Exception in handler: Entity(170): Light not found
[14:02:04.490765] [I] FLR0026_CAMERA_APPLIED head=(5,0,-5) targetPresent=true target=(0,0,0) dolly=(5,0,5)
[14:02:04.591770] [I] FLR0026_MODEL_STAGE_COMPLETE asset=assets/models/sequoia_ngp.glb pending_models=0
[14:02:04.592327] [E] [handleMessage] Exception in handler: Entity(164): Light not found
[14:02:04.592435] [E] [handleMessage] Exception in handler: Entity(166): Light not found
[14:02:04.592511] [E] [handleMessage] Exception in handler: Entity(168): Light not found
[14:02:04.592581] [E] [handleMessage] Exception in handler: Entity(170): Light not found
[14:02:04.592803] [I] FLR0026_CAMERA_APPLIED head=(5,0,-5) targetPresent=true target=(0,0,0) dolly=(5,0,5)
[14:02:04.693600] [I] FLR0026_MODEL_STAGE_COMPLETE asset=assets/models/sequoia_ngp.glb pending_models=0
[14:02:04.694118] [E] [handleMessage] Exception in handler: Entity(164): Light not found
[14:02:04.694227] [E] [handleMessage] Exception in handler: Entity(166): Light not found
[14:02:04.694300] [E] [handleMessage] Exception in handler: Entity(168): Light not found
[14:02:04.694368] [E] [handleMessage] Exception in handler: Entity(170): Light not found
[14:02:04.694676] [I] FLR0026_CAMERA_APPLIED head=(5,0,-5) targetPresent=true target=(0,0,0) dolly=(5,0,5)
[14:02:04.795435] [I] FLR0026_MODEL_STAGE_COMPLETE asset=assets/models/sequoia_ngp.glb pending_models=0
[14:02:04.795701] [E] [handleMessage] Exception in handler: Entity(164): Light not found
[14:02:04.795751] [E] [handleMessage] Exception in handler: Entity(166): Light not found
[14:02:04.795782] [E] [handleMessage] Exception in handler: Entity(168): Light not found
[14:02:04.795812] [E] [handleMessage] Exception in handler: Entity(170): Light not found
[14:02:04.796073] [I] FLR0026_CAMERA_APPLIED head=(5,0,-5) targetPresent=true target=(0,0,0) dolly=(5,0,5)
[14:02:04.796329] [I] FLR0026_FRAME_BEGIN seq=280 started=false
[14:02:04.897136] [I] FLR0026_MODEL_STAGE_COMPLETE asset=assets/models/sequoia_ngp.glb pending_models=0
[14:02:04.897526] [E] [handleMessage] Exception in handler: Entity(164): Light not found
[14:02:04.897579] [E] [handleMessage] Exception in handler: Entity(166): Light not found
[14:02:04.897609] [E] [handleMessage] Exception in handler: Entity(168): Light not found
[14:02:04.897636] [E] [handleMessage] Exception in handler: Entity(170): Light not found
[14:02:04.897787] [I] FLR0026_CAMERA_APPLIED head=(5,0,-5) targetPresent=true target=(0,0,0) dolly=(5,0,5)
[14:02:04.998542] [I] FLR0026_MODEL_STAGE_COMPLETE asset=assets/models/sequoia_ngp.glb pending_models=0
[14:02:04.999121] [E] [handleMessage] Exception in handler: Entity(164): Light not found
[14:02:04.999240] [E] [handleMessage] Exception in handler: Entity(166): Light not found
[14:02:04.999322] [E] [handleMessage] Exception in handler: Entity(168): Light not found
[14:02:04.999396] [E] [handleMessage] Exception in handler: Entity(170): Light not found
[14:02:04.999643] [I] FLR0026_CAMERA_APPLIED head=(5,0,-5) targetPresent=true target=(0,0,0) dolly=(5,0,5)
[14:02:05.100311] [I] FLR0026_MODEL_STAGE_COMPLETE asset=assets/models/sequoia_ngp.glb pending_models=0
[14:02:05.100566] [E] [handleMessage] Exception in handler: Entity(164): Light not found
[14:02:05.100613] [E] [handleMessage] Exception in handler: Entity(166): Light not found
[14:02:05.100642] [E] [handleMessage] Exception in handler: Entity(168): Light not found
[14:02:05.100669] [E] [handleMessage] Exception in handler: Entity(170): Light not found
[14:02:05.100936] [I] FLR0026_CAMERA_APPLIED head=(5,0,-5) targetPresent=true target=(0,0,0) dolly=(5,0,5)
[14:02:05.201570] [I] FLR0026_MODEL_STAGE_COMPLETE asset=assets/models/sequoia_ngp.glb pending_models=0
[14:02:05.202090] [E] [handleMessage] Exception in handler: Entity(164): Light not found
[14:02:05.202220] [E] [handleMessage] Exception in handler: Entity(166): Light not found
[14:02:05.202287] [E] [handleMessage] Exception in handler: Entity(168): Light not found
[14:02:05.202339] [E] [handleMessage] Exception in handler: Entity(170): Light not found
[14:02:05.202502] [I] FLR0026_CAMERA_APPLIED head=(5,0,-5) targetPresent=true target=(0,0,0) dolly=(5,0,5)
[14:02:05.303233] [I] FLR0026_MODEL_STAGE_COMPLETE asset=assets/models/sequoia_ngp.glb pending_models=0
[14:02:05.303593] [E] [handleMessage] Exception in handler: Entity(164): Light not found
[14:02:05.303684] [E] [handleMessage] Exception in handler: Entity(166): Light not found
[14:02:05.303748] [E] [handleMessage] Exception in handler: Entity(168): Light not found
[14:02:05.303810] [E] [handleMessage] Exception in handler: Entity(170): Light not found
[14:02:05.304319] [I] FLR0026_CAMERA_APPLIED head=(5,0,-5) targetPresent=true target=(0,0,0) dolly=(5,0,5)
[14:02:05.405357] [I] FLR0026_MODEL_STAGE_COMPLETE asset=assets/models/sequoia_ngp.glb pending_models=0
[14:02:05.405713] [E] [handleMessage] Exception in handler: Entity(164): Light not found
[14:02:05.405803] [E] [handleMessage] Exception in handler: Entity(166): Light not found
[14:02:05.406025] [E] [handleMessage] Exception in handler: Entity(168): Light not found
[14:02:05.406097] [E] [handleMessage] Exception in handler: Entity(170): Light not found
[14:02:05.406378] [I] FLR0026_CAMERA_APPLIED head=(5,0,-5) targetPresent=true target=(0,0,0) dolly=(5,0,5)
[14:02:05.507412] [I] FLR0026_MODEL_STAGE_COMPLETE asset=assets/models/sequoia_ngp.glb pending_models=0
[14:02:05.507794] [E] [handleMessage] Exception in handler: Entity(164): Light not found
[14:02:05.508011] [E] [handleMessage] Exception in handler: Entity(166): Light not found
[14:02:05.508120] [E] [handleMessage] Exception in handler: Entity(168): Light not found
[14:02:05.508192] [E] [handleMessage] Exception in handler: Entity(170): Light not found
[14:02:05.508465] [I] FLR0026_CAMERA_APPLIED head=(5,0,-5) targetPresent=true target=(0,0,0) dolly=(5,0,5)
[14:02:05.609209] [I] FLR0026_MODEL_STAGE_COMPLETE asset=assets/models/sequoia_ngp.glb pending_models=0
[14:02:05.609741] [E] [handleMessage] Exception in handler: Entity(164): Light not found
[14:02:05.609990] [E] [handleMessage] Exception in handler: Entity(166): Light not found
[14:02:05.610085] [E] [handleMessage] Exception in handler: Entity(168): Light not found
[14:02:05.610157] [E] [handleMessage] Exception in handler: Entity(170): Light not found
[14:02:05.610453] [I] FLR0026_CAMERA_APPLIED head=(5,0,-5) targetPresent=true target=(0,0,0) dolly=(5,0,5)
[14:02:05.711414] [I] FLR0026_MODEL_STAGE_COMPLETE asset=assets/models/sequoia_ngp.glb pending_models=0
[14:02:05.711800] [E] [handleMessage] Exception in handler: Entity(164): Light not found
[14:02:05.712063] [E] [handleMessage] Exception in handler: Entity(166): Light not found
[14:02:05.712145] [E] [handleMessage] Exception in handler: Entity(168): Light not found
[14:02:05.712213] [E] [handleMessage] Exception in handler: Entity(170): Light not found
[14:02:05.712429] [I] FLR0026_CAMERA_APPLIED head=(5,0,-5) targetPresent=true target=(0,0,0) dolly=(5,0,5)
[14:02:05.813150] [I] FLR0026_MODEL_STAGE_COMPLETE asset=assets/models/sequoia_ngp.glb pending_models=0
[14:02:05.813544] [E] [handleMessage] Exception in handler: Entity(164): Light not found
[14:02:05.813644] [E] [handleMessage] Exception in handler: Entity(166): Light not found
[14:02:05.813718] [E] [handleMessage] Exception in handler: Entity(168): Light not found
[14:02:05.813786] [E] [handleMessage] Exception in handler: Entity(170): Light not found
[14:02:05.814200] [I] FLR0026_CAMERA_APPLIED head=(5,0,-5) targetPresent=true target=(0,0,0) dolly=(5,0,5)
[14:02:05.814579] [I] FLR0026_FRAME_BEGIN seq=290 started=false
[14:02:05.915193] [I] FLR0026_MODEL_STAGE_COMPLETE asset=assets/models/sequoia_ngp.glb pending_models=0
[14:02:05.915580] [E] [handleMessage] Exception in handler: Entity(164): Light not found
[14:02:05.915679] [E] [handleMessage] Exception in handler: Entity(166): Light not found
[14:02:05.915751] [E] [handleMessage] Exception in handler: Entity(168): Light not found
[14:02:05.915967] [E] [handleMessage] Exception in handler: Entity(170): Light not found
[14:02:05.916297] [I] FLR0026_CAMERA_APPLIED head=(5,0,-5) targetPresent=true target=(0,0,0) dolly=(5,0,5)
[14:02:06.017355] [I] FLR0026_MODEL_STAGE_COMPLETE asset=assets/models/sequoia_ngp.glb pending_models=0
[14:02:06.017757] [E] [handleMessage] Exception in handler: Entity(164): Light not found
[14:02:06.018048] [E] [handleMessage] Exception in handler: Entity(166): Light not found
[14:02:06.018154] [E] [handleMessage] Exception in handler: Entity(168): Light not found
[14:02:06.018227] [E] [handleMessage] Exception in handler: Entity(170): Light not found
[14:02:06.018541] [I] FLR0026_CAMERA_APPLIED head=(5,0,-5) targetPresent=true target=(0,0,0) dolly=(5,0,5)
[14:02:06.119485] [I] FLR0026_MODEL_STAGE_COMPLETE asset=assets/models/sequoia_ngp.glb pending_models=0
[14:02:06.119988] [E] [handleMessage] Exception in handler: Entity(164): Light not found
[14:02:06.120099] [E] [handleMessage] Exception in handler: Entity(166): Light not found
[14:02:06.120174] [E] [handleMessage] Exception in handler: Entity(168): Light not found
[14:02:06.120242] [E] [handleMessage] Exception in handler: Entity(170): Light not found
[14:02:06.120521] [I] FLR0026_CAMERA_APPLIED head=(5,0,-5) targetPresent=true target=(0,0,0) dolly=(5,0,5)
[14:02:06.221479] [I] FLR0026_MODEL_STAGE_COMPLETE asset=assets/models/sequoia_ngp.glb pending_models=0
[14:02:06.222002] [E] [handleMessage] Exception in handler: Entity(164): Light not found
[14:02:06.222132] [E] [handleMessage] Exception in handler: Entity(166): Light not found
[14:02:06.222208] [E] [handleMessage] Exception in handler: Entity(168): Light not found
[14:02:06.222369] [E] [handleMessage] Exception in handler: Entity(170): Light not found
[14:02:06.222695] [I] FLR0026_CAMERA_APPLIED head=(5,0,-5) targetPresent=true target=(0,0,0) dolly=(5,0,5)
[14:02:06.323706] [I] FLR0026_MODEL_STAGE_COMPLETE asset=assets/models/sequoia_ngp.glb pending_models=0
[14:02:06.324171] [E] [handleMessage] Exception in handler: Entity(164): Light not found
[14:02:06.324276] [E] [handleMessage] Exception in handler: Entity(166): Light not found
[14:02:06.324318] [E] [handleMessage] Exception in handler: Entity(168): Light not found
[14:02:06.324346] [E] [handleMessage] Exception in handler: Entity(170): Light not found
[14:02:06.324517] [I] FLR0026_CAMERA_APPLIED head=(5,0,-5) targetPresent=true target=(0,0,0) dolly=(5,0,5)
[14:02:06.425199] [I] FLR0026_MODEL_STAGE_COMPLETE asset=assets/models/sequoia_ngp.glb pending_models=0
[14:02:06.425600] [E] [handleMessage] Exception in handler: Entity(164): Light not found
[14:02:06.425700] [E] [handleMessage] Exception in handler: Entity(166): Light not found
[14:02:06.425772] [E] [handleMessage] Exception in handler: Entity(168): Light not found
[14:02:06.425962] [E] [handleMessage] Exception in handler: Entity(170): Light not found
[14:02:06.426287] [I] FLR0026_CAMERA_APPLIED head=(5,0,-5) targetPresent=true target=(0,0,0) dolly=(5,0,5)
[14:02:06.527148] [I] FLR0026_MODEL_STAGE_COMPLETE asset=assets/models/sequoia_ngp.glb pending_models=0
[14:02:06.527528] [E] [handleMessage] Exception in handler: Entity(164): Light not found
[14:02:06.527630] [E] [handleMessage] Exception in handler: Entity(166): Light not found
[14:02:06.527704] [E] [handleMessage] Exception in handler: Entity(168): Light not found
[14:02:06.527771] [E] [handleMessage] Exception in handler: Entity(170): Light not found
[14:02:06.528145] [I] FLR0026_CAMERA_APPLIED head=(5,0,-5) targetPresent=true target=(0,0,0) dolly=(5,0,5)
[14:02:06.629082] [I] FLR0026_MODEL_STAGE_COMPLETE asset=assets/models/sequoia_ngp.glb pending_models=0
[14:02:06.629481] [E] [handleMessage] Exception in handler: Entity(164): Light not found
[14:02:06.629582] [E] [handleMessage] Exception in handler: Entity(166): Light not found
[14:02:06.629652] [E] [handleMessage] Exception in handler: Entity(168): Light not found
[14:02:06.629720] [E] [handleMessage] Exception in handler: Entity(170): Light not found
[14:02:06.630069] [I] FLR0026_CAMERA_APPLIED head=(5,0,-5) targetPresent=true target=(0,0,0) dolly=(5,0,5)
[14:02:06.731066] [I] FLR0026_MODEL_STAGE_COMPLETE asset=assets/models/sequoia_ngp.glb pending_models=0
[14:02:06.731467] [E] [handleMessage] Exception in handler: Entity(164): Light not found
[14:02:06.731566] [E] [handleMessage] Exception in handler: Entity(166): Light not found
[14:02:06.731642] [E] [handleMessage] Exception in handler: Entity(168): Light not found
[14:02:06.731713] [E] [handleMessage] Exception in handler: Entity(170): Light not found
[14:02:06.732080] [I] FLR0026_CAMERA_APPLIED head=(5,0,-5) targetPresent=true target=(0,0,0) dolly=(5,0,5)
[14:02:06.833089] [I] FLR0026_MODEL_STAGE_PROGRESS seq=300 progress=1 assets=1
[14:02:06.833213] [I] FLR0026_MODEL_STAGE_COMPLETE asset=assets/models/sequoia_ngp.glb pending_models=0
[14:02:06.833500] [E] [handleMessage] Exception in handler: Entity(164): Light not found
[14:02:06.833596] [E] [handleMessage] Exception in handler: Entity(166): Light not found
[14:02:06.833668] [E] [handleMessage] Exception in handler: Entity(168): Light not found
[14:02:06.833736] [E] [handleMessage] Exception in handler: Entity(170): Light not found
[14:02:06.834084] [I] FLR0026_CAMERA_APPLIED head=(5,0,-5) targetPresent=true target=(0,0,0) dolly=(5,0,5)
[14:02:06.834398] [I] FLR0026_FRAME_BEGIN seq=300 started=false
[14:02:06.934982] [I] FLR0026_MODEL_STAGE_COMPLETE asset=assets/models/sequoia_ngp.glb pending_models=0
[14:02:06.935370] [E] [handleMessage] Exception in handler: Entity(164): Light not found
[14:02:06.935469] [E] [handleMessage] Exception in handler: Entity(166): Light not found
[14:02:06.935603] [E] [handleMessage] Exception in handler: Entity(168): Light not found
[14:02:06.935682] [E] [handleMessage] Exception in handler: Entity(170): Light not found
[14:02:06.936046] [I] FLR0026_CAMERA_APPLIED head=(5,0,-5) targetPresent=true target=(0,0,0) dolly=(5,0,5)
[14:02:07.036964] [I] FLR0026_MODEL_STAGE_COMPLETE asset=assets/models/sequoia_ngp.glb pending_models=0
[14:02:07.037282] [E] [handleMessage] Exception in handler: Entity(164): Light not found
[14:02:07.037330] [E] [handleMessage] Exception in handler: Entity(166): Light not found
[14:02:07.037358] [E] [handleMessage] Exception in handler: Entity(168): Light not found
[14:02:07.037385] [E] [handleMessage] Exception in handler: Entity(170): Light not found
[14:02:07.037541] [I] FLR0026_CAMERA_APPLIED head=(5,0,-5) targetPresent=true target=(0,0,0) dolly=(5,0,5)
[14:02:07.138257] [I] FLR0026_MODEL_STAGE_COMPLETE asset=assets/models/sequoia_ngp.glb pending_models=0
[14:02:07.138768] [E] [handleMessage] Exception in handler: Entity(164): Light not found
[14:02:07.139024] [E] [handleMessage] Exception in handler: Entity(166): Light not found
[14:02:07.139099] [E] [handleMessage] Exception in handler: Entity(168): Light not found
[14:02:07.139128] [E] [handleMessage] Exception in handler: Entity(170): Light not found
[14:02:07.139301] [I] FLR0026_CAMERA_APPLIED head=(5,0,-5) targetPresent=true target=(0,0,0) dolly=(5,0,5)
[14:02:07.240035] [I] FLR0026_MODEL_STAGE_COMPLETE asset=assets/models/sequoia_ngp.glb pending_models=0
[14:02:07.240294] [E] [handleMessage] Exception in handler: Entity(164): Light not found
[14:02:07.240340] [E] [handleMessage] Exception in handler: Entity(166): Light not found
[14:02:07.240371] [E] [handleMessage] Exception in handler: Entity(168): Light not found
[14:02:07.240398] [E] [handleMessage] Exception in handler: Entity(170): Light not found
[14:02:07.240568] [I] FLR0026_CAMERA_APPLIED head=(5,0,-5) targetPresent=true target=(0,0,0) dolly=(5,0,5)
[14:02:07.341159] [I] FLR0026_MODEL_STAGE_COMPLETE asset=assets/models/sequoia_ngp.glb pending_models=0
[14:02:07.341400] [E] [handleMessage] Exception in handler: Entity(164): Light not found
[14:02:07.341445] [E] [handleMessage] Exception in handler: Entity(166): Light not found
[14:02:07.341475] [E] [handleMessage] Exception in handler: Entity(168): Light not found
[14:02:07.341503] [E] [handleMessage] Exception in handler: Entity(170): Light not found
[14:02:07.341654] [I] FLR0026_CAMERA_APPLIED head=(5,0,-5) targetPresent=true target=(0,0,0) dolly=(5,0,5)
[14:02:07.442500] [I] FLR0026_MODEL_STAGE_COMPLETE asset=assets/models/sequoia_ngp.glb pending_models=0
[14:02:07.443024] [E] [handleMessage] Exception in handler: Entity(164): Light not found
[14:02:07.443150] [E] [handleMessage] Exception in handler: Entity(166): Light not found
[14:02:07.443220] [E] [handleMessage] Exception in handler: Entity(168): Light not found
[14:02:07.443282] [E] [handleMessage] Exception in handler: Entity(170): Light not found
[14:02:07.443555] [I] FLR0026_CAMERA_APPLIED head=(5,0,-5) targetPresent=true target=(0,0,0) dolly=(5,0,5)
[14:02:07.544379] [I] FLR0026_MODEL_STAGE_COMPLETE asset=assets/models/sequoia_ngp.glb pending_models=0
[14:02:07.544744] [E] [handleMessage] Exception in handler: Entity(164): Light not found
[14:02:07.545023] [E] [handleMessage] Exception in handler: Entity(166): Light not found
[14:02:07.545129] [E] [handleMessage] Exception in handler: Entity(168): Light not found
[14:02:07.545202] [E] [handleMessage] Exception in handler: Entity(170): Light not found
[14:02:07.545483] [I] FLR0026_CAMERA_APPLIED head=(5,0,-5) targetPresent=true target=(0,0,0) dolly=(5,0,5)
[14:02:07.646426] [I] FLR0026_MODEL_STAGE_COMPLETE asset=assets/models/sequoia_ngp.glb pending_models=0
[14:02:07.646802] [E] [handleMessage] Exception in handler: Entity(164): Light not found
[14:02:07.647095] [E] [handleMessage] Exception in handler: Entity(166): Light not found
[14:02:07.647197] [E] [handleMessage] Exception in handler: Entity(168): Light not found
[14:02:07.647331] [E] [handleMessage] Exception in handler: Entity(170): Light not found
[14:02:07.647615] [I] FLR0026_CAMERA_APPLIED head=(5,0,-5) targetPresent=true target=(0,0,0) dolly=(5,0,5)
[14:02:07.748314] [I] FLR0026_MODEL_STAGE_COMPLETE asset=assets/models/sequoia_ngp.glb pending_models=0
[14:02:07.748561] [E] [handleMessage] Exception in handler: Entity(164): Light not found
[14:02:07.748610] [E] [handleMessage] Exception in handler: Entity(166): Light not found
[14:02:07.748642] [E] [handleMessage] Exception in handler: Entity(168): Light not found
[14:02:07.748671] [E] [handleMessage] Exception in handler: Entity(170): Light not found
[14:02:07.748928] [I] FLR0026_CAMERA_APPLIED head=(5,0,-5) targetPresent=true target=(0,0,0) dolly=(5,0,5)
[14:02:07.849542] [I] FLR0026_MODEL_STAGE_COMPLETE asset=assets/models/sequoia_ngp.glb pending_models=0
[14:02:07.849779] [E] [handleMessage] Exception in handler: Entity(164): Light not found
[14:02:07.849926] [E] [handleMessage] Exception in handler: Entity(166): Light not found
[14:02:07.849970] [E] [handleMessage] Exception in handler: Entity(168): Light not found
[14:02:07.850000] [E] [handleMessage] Exception in handler: Entity(170): Light not found
[14:02:07.850170] [I] FLR0026_CAMERA_APPLIED head=(5,0,-5) targetPresent=true target=(0,0,0) dolly=(5,0,5)
[14:02:07.850342] [I] FLR0026_FRAME_BEGIN seq=310 started=false
[14:02:07.950718] [I] FLR0026_MODEL_STAGE_COMPLETE asset=assets/models/sequoia_ngp.glb pending_models=0
[14:02:07.951055] [E] [handleMessage] Exception in handler: Entity(164): Light not found
[14:02:07.951129] [E] [handleMessage] Exception in handler: Entity(166): Light not found
[14:02:07.951160] [E] [handleMessage] Exception in handler: Entity(168): Light not found
[14:02:07.951189] [E] [handleMessage] Exception in handler: Entity(170): Light not found
[14:02:07.951344] [I] FLR0026_CAMERA_APPLIED head=(5,0,-5) targetPresent=true target=(0,0,0) dolly=(5,0,5)
[14:02:08.052167] [I] FLR0026_MODEL_STAGE_COMPLETE asset=assets/models/sequoia_ngp.glb pending_models=0
[14:02:08.052462] [E] [handleMessage] Exception in handler: Entity(164): Light not found
[14:02:08.052509] [E] [handleMessage] Exception in handler: Entity(166): Light not found
[14:02:08.052538] [E] [handleMessage] Exception in handler: Entity(168): Light not found
[14:02:08.052565] [E] [handleMessage] Exception in handler: Entity(170): Light not found
[14:02:08.052717] [I] FLR0026_CAMERA_APPLIED head=(5,0,-5) targetPresent=true target=(0,0,0) dolly=(5,0,5)
[14:02:08.153484] [I] FLR0026_MODEL_STAGE_COMPLETE asset=assets/models/sequoia_ngp.glb pending_models=0
[14:02:08.154032] [E] [handleMessage] Exception in handler: Entity(164): Light not found
[14:02:08.154165] [E] [handleMessage] Exception in handler: Entity(166): Light not found
[14:02:08.154249] [E] [handleMessage] Exception in handler: Entity(168): Light not found
[14:02:08.154319] [E] [handleMessage] Exception in handler: Entity(170): Light not found
[14:02:08.154486] [I] FLR0026_CAMERA_APPLIED head=(5,0,-5) targetPresent=true target=(0,0,0) dolly=(5,0,5)
[14:02:08.255051] [I] FLR0026_MODEL_STAGE_COMPLETE asset=assets/models/sequoia_ngp.glb pending_models=0
[14:02:08.255405] [E] [handleMessage] Exception in handler: Entity(164): Light not found
[14:02:08.255497] [E] [handleMessage] Exception in handler: Entity(166): Light not found
[14:02:08.255564] [E] [handleMessage] Exception in handler: Entity(168): Light not found
[14:02:08.255633] [E] [handleMessage] Exception in handler: Entity(170): Light not found
[14:02:08.256003] [I] FLR0026_CAMERA_APPLIED head=(5,0,-5) targetPresent=true target=(0,0,0) dolly=(5,0,5)
[14:02:08.356717] [I] FLR0026_MODEL_STAGE_COMPLETE asset=assets/models/sequoia_ngp.glb pending_models=0
[14:02:08.357168] [E] [handleMessage] Exception in handler: Entity(164): Light not found
[14:02:08.357223] [E] [handleMessage] Exception in handler: Entity(166): Light not found
[14:02:08.357308] [E] [handleMessage] Exception in handler: Entity(168): Light not found
[14:02:08.357344] [E] [handleMessage] Exception in handler: Entity(170): Light not found
[14:02:08.357522] [I] FLR0026_CAMERA_APPLIED head=(5,0,-5) targetPresent=true target=(0,0,0) dolly=(5,0,5)
[14:02:08.458132] [I] FLR0026_MODEL_STAGE_COMPLETE asset=assets/models/sequoia_ngp.glb pending_models=0
[14:02:08.458507] [E] [handleMessage] Exception in handler: Entity(164): Light not found
[14:02:08.458608] [E] [handleMessage] Exception in handler: Entity(166): Light not found
[14:02:08.458677] [E] [handleMessage] Exception in handler: Entity(168): Light not found
[14:02:08.458740] [E] [handleMessage] Exception in handler: Entity(170): Light not found
[14:02:08.459165] [I] FLR0026_CAMERA_APPLIED head=(5,0,-5) targetPresent=true target=(0,0,0) dolly=(5,0,5)
[14:02:08.559785] [I] FLR0026_MODEL_STAGE_COMPLETE asset=assets/models/sequoia_ngp.glb pending_models=0
[14:02:08.560309] [E] [handleMessage] Exception in handler: Entity(164): Light not found
[14:02:08.560400] [E] [handleMessage] Exception in handler: Entity(166): Light not found
[14:02:08.560461] [E] [handleMessage] Exception in handler: Entity(168): Light not found
[14:02:08.560519] [E] [handleMessage] Exception in handler: Entity(170): Light not found
[14:02:08.560774] [I] FLR0026_CAMERA_APPLIED head=(5,0,-5) targetPresent=true target=(0,0,0) dolly=(5,0,5)
[14:02:08.661627] [I] FLR0026_MODEL_STAGE_COMPLETE asset=assets/models/sequoia_ngp.glb pending_models=0
[14:02:08.662151] [E] [handleMessage] Exception in handler: Entity(164): Light not found
[14:02:08.662260] [E] [handleMessage] Exception in handler: Entity(166): Light not found
[14:02:08.662327] [E] [handleMessage] Exception in handler: Entity(168): Light not found
[14:02:08.662388] [E] [handleMessage] Exception in handler: Entity(170): Light not found
[14:02:08.662698] [I] FLR0026_CAMERA_APPLIED head=(5,0,-5) targetPresent=true target=(0,0,0) dolly=(5,0,5)
[14:02:08.763554] [I] FLR0026_MODEL_STAGE_COMPLETE asset=assets/models/sequoia_ngp.glb pending_models=0
[14:02:08.764020] [E] [handleMessage] Exception in handler: Entity(164): Light not found
[14:02:08.764081] [E] [handleMessage] Exception in handler: Entity(166): Light not found
[14:02:08.764116] [E] [handleMessage] Exception in handler: Entity(168): Light not found
[14:02:08.764158] [E] [handleMessage] Exception in handler: Entity(170): Light not found
[14:02:08.764319] [I] FLR0026_CAMERA_APPLIED head=(5,0,-5) targetPresent=true target=(0,0,0) dolly=(5,0,5)
[14:02:08.865132] [I] FLR0026_MODEL_STAGE_COMPLETE asset=assets/models/sequoia_ngp.glb pending_models=0
[14:02:08.865485] [E] [handleMessage] Exception in handler: Entity(164): Light not found
[14:02:08.865583] [E] [handleMessage] Exception in handler: Entity(166): Light not found
[14:02:08.865649] [E] [handleMessage] Exception in handler: Entity(168): Light not found
[14:02:08.865711] [E] [handleMessage] Exception in handler: Entity(170): Light not found
[14:02:08.866010] [I] FLR0026_CAMERA_APPLIED head=(5,0,-5) targetPresent=true target=(0,0,0) dolly=(5,0,5)
[14:02:08.866190] [I] FLR0026_FRAME_BEGIN seq=320 started=false
[14:02:08.966651] [I] FLR0026_MODEL_STAGE_COMPLETE asset=assets/models/sequoia_ngp.glb pending_models=0
[14:02:08.967116] [E] [handleMessage] Exception in handler: Entity(164): Light not found
[14:02:08.967215] [E] [handleMessage] Exception in handler: Entity(166): Light not found
[14:02:08.967278] [E] [handleMessage] Exception in handler: Entity(168): Light not found
[14:02:08.967337] [E] [handleMessage] Exception in handler: Entity(170): Light not found
[14:02:08.967599] [I] FLR0026_CAMERA_APPLIED head=(5,0,-5) targetPresent=true target=(0,0,0) dolly=(5,0,5)
[14:02:09.068540] [I] FLR0026_MODEL_STAGE_COMPLETE asset=assets/models/sequoia_ngp.glb pending_models=0
[14:02:09.069075] [E] [handleMessage] Exception in handler: Entity(164): Light not found
[14:02:09.069216] [E] [handleMessage] Exception in handler: Entity(166): Light not found
[14:02:09.069360] [E] [handleMessage] Exception in handler: Entity(168): Light not found
[14:02:09.069432] [E] [handleMessage] Exception in handler: Entity(170): Light not found
[14:02:09.069705] [I] FLR0026_CAMERA_APPLIED head=(5,0,-5) targetPresent=true target=(0,0,0) dolly=(5,0,5)
[14:02:09.170446] [I] FLR0026_MODEL_STAGE_COMPLETE asset=assets/models/sequoia_ngp.glb pending_models=0
[14:02:09.170808] [E] [handleMessage] Exception in handler: Entity(164): Light not found
[14:02:09.171029] [E] [handleMessage] Exception in handler: Entity(166): Light not found
[14:02:09.171100] [E] [handleMessage] Exception in handler: Entity(168): Light not found
[14:02:09.171159] [E] [handleMessage] Exception in handler: Entity(170): Light not found
[14:02:09.171432] [I] FLR0026_CAMERA_APPLIED head=(5,0,-5) targetPresent=true target=(0,0,0) dolly=(5,0,5)
[14:02:09.272336] [I] FLR0026_MODEL_STAGE_COMPLETE asset=assets/models/sequoia_ngp.glb pending_models=0
[14:02:09.272701] [E] [handleMessage] Exception in handler: Entity(164): Light not found
[14:02:09.272769] [E] [handleMessage] Exception in handler: Entity(166): Light not found
[14:02:09.272799] [E] [handleMessage] Exception in handler: Entity(168): Light not found
[14:02:09.272950] [E] [handleMessage] Exception in handler: Entity(170): Light not found
[14:02:09.273137] [I] FLR0026_CAMERA_APPLIED head=(5,0,-5) targetPresent=true target=(0,0,0) dolly=(5,0,5)
[14:02:09.373729] [I] FLR0026_MODEL_STAGE_COMPLETE asset=assets/models/sequoia_ngp.glb pending_models=0
[14:02:09.374232] [E] [handleMessage] Exception in handler: Entity(164): Light not found
[14:02:09.374327] [E] [handleMessage] Exception in handler: Entity(166): Light not found
[14:02:09.374390] [E] [handleMessage] Exception in handler: Entity(168): Light not found
[14:02:09.374467] [E] [handleMessage] Exception in handler: Entity(170): Light not found
[14:02:09.374751] [I] FLR0026_CAMERA_APPLIED head=(5,0,-5) targetPresent=true target=(0,0,0) dolly=(5,0,5)
[14:02:09.475319] [I] FLR0026_MODEL_STAGE_COMPLETE asset=assets/models/sequoia_ngp.glb pending_models=0
[14:02:09.475605] [E] [handleMessage] Exception in handler: Entity(164): Light not found
[14:02:09.475694] [E] [handleMessage] Exception in handler: Entity(166): Light not found
[14:02:09.475760] [E] [handleMessage] Exception in handler: Entity(168): Light not found
[14:02:09.475958] [E] [handleMessage] Exception in handler: Entity(170): Light not found
[14:02:09.476270] [I] FLR0026_CAMERA_APPLIED head=(5,0,-5) targetPresent=true target=(0,0,0) dolly=(5,0,5)
[14:02:09.577129] [I] FLR0026_MODEL_STAGE_COMPLETE asset=assets/models/sequoia_ngp.glb pending_models=0
[14:02:09.577504] [E] [handleMessage] Exception in handler: Entity(164): Light not found
[14:02:09.577609] [E] [handleMessage] Exception in handler: Entity(166): Light not found
[14:02:09.577688] [E] [handleMessage] Exception in handler: Entity(168): Light not found
[14:02:09.577760] [E] [handleMessage] Exception in handler: Entity(170): Light not found
[14:02:09.578241] [I] FLR0026_CAMERA_APPLIED head=(5,0,-5) targetPresent=true target=(0,0,0) dolly=(5,0,5)
[14:02:09.679422] [I] FLR0026_MODEL_STAGE_COMPLETE asset=assets/models/sequoia_ngp.glb pending_models=0
[14:02:09.679969] [E] [handleMessage] Exception in handler: Entity(164): Light not found
[14:02:09.680094] [E] [handleMessage] Exception in handler: Entity(166): Light not found
[14:02:09.680190] [E] [handleMessage] Exception in handler: Entity(168): Light not found
[14:02:09.680257] [E] [handleMessage] Exception in handler: Entity(170): Light not found
[14:02:09.680554] [I] FLR0026_CAMERA_APPLIED head=(5,0,-5) targetPresent=true target=(0,0,0) dolly=(5,0,5)
[14:02:09.781657] [I] FLR0026_MODEL_STAGE_COMPLETE asset=assets/models/sequoia_ngp.glb pending_models=0
[14:02:09.782238] [E] [handleMessage] Exception in handler: Entity(164): Light not found
[14:02:09.782357] [E] [handleMessage] Exception in handler: Entity(166): Light not found
[14:02:09.782435] [E] [handleMessage] Exception in handler: Entity(168): Light not found
[14:02:09.782615] [E] [handleMessage] Exception in handler: Entity(170): Light not found
[14:02:09.782865] [I] FLR0026_CAMERA_APPLIED head=(5,0,-5) targetPresent=true target=(0,0,0) dolly=(5,0,5)
[14:02:09.883572] [I] FLR0026_MODEL_STAGE_COMPLETE asset=assets/models/sequoia_ngp.glb pending_models=0
[14:02:09.883962] [E] [handleMessage] Exception in handler: Entity(164): Light not found
[14:02:09.884025] [E] [handleMessage] Exception in handler: Entity(166): Light not found
[14:02:09.884071] [E] [handleMessage] Exception in handler: Entity(168): Light not found
[14:02:09.884099] [E] [handleMessage] Exception in handler: Entity(170): Light not found
[14:02:09.884272] [I] FLR0026_CAMERA_APPLIED head=(5,0,-5) targetPresent=true target=(0,0,0) dolly=(5,0,5)
[14:02:09.884444] [I] FLR0026_FRAME_BEGIN seq=330 started=false
[14:02:09.985073] [I] FLR0026_MODEL_STAGE_COMPLETE asset=assets/models/sequoia_ngp.glb pending_models=0
[14:02:09.985472] [E] [handleMessage] Exception in handler: Entity(164): Light not found
[14:02:09.985576] [E] [handleMessage] Exception in handler: Entity(166): Light not found
[14:02:09.985644] [E] [handleMessage] Exception in handler: Entity(168): Light not found
[14:02:09.985710] [E] [handleMessage] Exception in handler: Entity(170): Light not found
[14:02:09.986059] [I] FLR0026_CAMERA_APPLIED head=(5,0,-5) targetPresent=true target=(0,0,0) dolly=(5,0,5)
[14:02:10.087163] [I] FLR0026_MODEL_STAGE_COMPLETE asset=assets/models/sequoia_ngp.glb pending_models=0
[14:02:10.087539] [E] [handleMessage] Exception in handler: Entity(164): Light not found
[14:02:10.087585] [E] [handleMessage] Exception in handler: Entity(166): Light not found
[14:02:10.087615] [E] [handleMessage] Exception in handler: Entity(168): Light not found
[14:02:10.087642] [E] [handleMessage] Exception in handler: Entity(170): Light not found
[14:02:10.087800] [I] FLR0026_CAMERA_APPLIED head=(5,0,-5) targetPresent=true target=(0,0,0) dolly=(5,0,5)
[14:02:10.188942] [I] FLR0026_MODEL_STAGE_COMPLETE asset=assets/models/sequoia_ngp.glb pending_models=0
[14:02:10.189364] [E] [handleMessage] Exception in handler: Entity(164): Light not found
[14:02:10.189471] [E] [handleMessage] Exception in handler: Entity(166): Light not found
[14:02:10.189522] [E] [handleMessage] Exception in handler: Entity(168): Light not found
[14:02:10.189553] [E] [handleMessage] Exception in handler: Entity(170): Light not found
[14:02:10.189715] [I] FLR0026_CAMERA_APPLIED head=(5,0,-5) targetPresent=true target=(0,0,0) dolly=(5,0,5)
[14:02:10.290383] [I] FLR0026_MODEL_STAGE_COMPLETE asset=assets/models/sequoia_ngp.glb pending_models=0
[14:02:10.290631] [E] [handleMessage] Exception in handler: Entity(164): Light not found
[14:02:10.290678] [E] [handleMessage] Exception in handler: Entity(166): Light not found
[14:02:10.290709] [E] [handleMessage] Exception in handler: Entity(168): Light not found
[14:02:10.290737] [E] [handleMessage] Exception in handler: Entity(170): Light not found
[14:02:10.290947] [I] FLR0026_CAMERA_APPLIED head=(5,0,-5) targetPresent=true target=(0,0,0) dolly=(5,0,5)
[14:02:10.391496] [I] FLR0026_MODEL_STAGE_COMPLETE asset=assets/models/sequoia_ngp.glb pending_models=0
[14:02:10.391738] [E] [handleMessage] Exception in handler: Entity(164): Light not found
[14:02:10.391785] [E] [handleMessage] Exception in handler: Entity(166): Light not found
[14:02:10.391910] [E] [handleMessage] Exception in handler: Entity(168): Light not found
[14:02:10.391956] [E] [handleMessage] Exception in handler: Entity(170): Light not found
[14:02:10.392136] [I] FLR0026_CAMERA_APPLIED head=(5,0,-5) targetPresent=true target=(0,0,0) dolly=(5,0,5)
[14:02:10.493034] [I] FLR0026_MODEL_STAGE_COMPLETE asset=assets/models/sequoia_ngp.glb pending_models=0
[14:02:10.493529] [E] [handleMessage] Exception in handler: Entity(164): Light not found
[14:02:10.493638] [E] [handleMessage] Exception in handler: Entity(166): Light not found
[14:02:10.493789] [E] [handleMessage] Exception in handler: Entity(168): Light not found
[14:02:10.493998] [E] [handleMessage] Exception in handler: Entity(170): Light not found
[14:02:10.494316] [I] FLR0026_CAMERA_APPLIED head=(5,0,-5) targetPresent=true target=(0,0,0) dolly=(5,0,5)
[14:02:10.595385] [I] FLR0026_MODEL_STAGE_COMPLETE asset=assets/models/sequoia_ngp.glb pending_models=0
[14:02:10.596023] [E] [handleMessage] Exception in handler: Entity(164): Light not found
[14:02:10.596181] [E] [handleMessage] Exception in handler: Entity(166): Light not found
[14:02:10.596269] [E] [handleMessage] Exception in handler: Entity(168): Light not found
[14:02:10.596342] [E] [handleMessage] Exception in handler: Entity(170): Light not found
[14:02:10.596645] [I] FLR0026_CAMERA_APPLIED head=(5,0,-5) targetPresent=true target=(0,0,0) dolly=(5,0,5)
[14:02:10.697693] [I] FLR0026_MODEL_STAGE_COMPLETE asset=assets/models/sequoia_ngp.glb pending_models=0
[14:02:10.698217] [E] [handleMessage] Exception in handler: Entity(164): Light not found
[14:02:10.698329] [E] [handleMessage] Exception in handler: Entity(166): Light not found
[14:02:10.698409] [E] [handleMessage] Exception in handler: Entity(168): Light not found
[14:02:10.698478] [E] [handleMessage] Exception in handler: Entity(170): Light not found
[14:02:10.698793] [I] FLR0026_CAMERA_APPLIED head=(5,0,-5) targetPresent=true target=(0,0,0) dolly=(5,0,5)
[14:02:10.799765] [I] FLR0026_MODEL_STAGE_COMPLETE asset=assets/models/sequoia_ngp.glb pending_models=0
[14:02:10.800300] [E] [handleMessage] Exception in handler: Entity(164): Light not found
[14:02:10.800406] [E] [handleMessage] Exception in handler: Entity(166): Light not found
[14:02:10.800479] [E] [handleMessage] Exception in handler: Entity(168): Light not found
[14:02:10.800549] [E] [handleMessage] Exception in handler: Entity(170): Light not found
[14:02:10.800929] [I] FLR0026_CAMERA_APPLIED head=(5,0,-5) targetPresent=true target=(0,0,0) dolly=(5,0,5)
[14:02:10.901984] [I] FLR0026_MODEL_STAGE_COMPLETE asset=assets/models/sequoia_ngp.glb pending_models=0
[14:02:10.902405] [E] [handleMessage] Exception in handler: Entity(164): Light not found
[14:02:10.902518] [E] [handleMessage] Exception in handler: Entity(166): Light not found
[14:02:10.902592] [E] [handleMessage] Exception in handler: Entity(168): Light not found
[14:02:10.902661] [E] [handleMessage] Exception in handler: Entity(170): Light not found
[14:02:10.903014] [I] FLR0026_CAMERA_APPLIED head=(5,0,-5) targetPresent=true target=(0,0,0) dolly=(5,0,5)
[14:02:10.903405] [I] FLR0026_FRAME_BEGIN seq=340 started=false
[14:02:11.004228] [I] FLR0026_MODEL_STAGE_COMPLETE asset=assets/models/sequoia_ngp.glb pending_models=0
[14:02:11.004646] [E] [handleMessage] Exception in handler: Entity(164): Light not found
[14:02:11.004750] [E] [handleMessage] Exception in handler: Entity(166): Light not found
[14:02:11.004920] [E] [handleMessage] Exception in handler: Entity(168): Light not found
[14:02:11.005023] [E] [handleMessage] Exception in handler: Entity(170): Light not found
[14:02:11.005336] [I] FLR0026_CAMERA_APPLIED head=(5,0,-5) targetPresent=true target=(0,0,0) dolly=(5,0,5)
[14:02:11.106316] [I] FLR0026_MODEL_STAGE_COMPLETE asset=assets/models/sequoia_ngp.glb pending_models=0
[14:02:11.106704] [E] [handleMessage] Exception in handler: Entity(164): Light not found
[14:02:11.106805] [E] [handleMessage] Exception in handler: Entity(166): Light not found
[14:02:11.107007] [E] [handleMessage] Exception in handler: Entity(168): Light not found
[14:02:11.107115] [E] [handleMessage] Exception in handler: Entity(170): Light not found
[14:02:11.107422] [I] FLR0026_CAMERA_APPLIED head=(5,0,-5) targetPresent=true target=(0,0,0) dolly=(5,0,5)
FLR0026_VK_SWAPCHAIN_FLUSH_BEGIN\nFLR0026_VK_COMMAND_END_BEGIN buffer=0x7fde4c0280c0\nFLR0026_VK_COMMAND_END_DONE buffer=0x7fde4c0280c0\nFLR0026_VK_QUEUE_SUBMIT_BEGIN queue=0x7fde4c02c550 fence=0x7fde4c021330\nFLR0026_VK_QUEUE_SUBMIT_DONE result=0 queue=0x7fde4c02c550 fence=0x7fde4c021330\nFLR0026_VK_SWAPCHAIN_FLUSH_DONE flushed=true\nFLR0026_VK_FINISHED_SIGNAL_ACQUIRE_BEGIN\nFLR0026_VK_FINISHED_SIGNAL_ACQUIRE_DONE present=true\nFLR0026_VK_PRESENT_WAIT_SEMAPHORE enabled=true\nFLR0026_VK_QUEUE_PRESENT_BEGIN queue=0x7fde4c02c550 swapchain=0x7fde4dcb74b0 index=0\n[14:02:11.208457] [I] FLR0026_MODEL_STAGE_COMPLETE asset=assets/models/sequoia_ngp.glb pending_models=0
[14:02:11.208812] [E] [handleMessage] Exception in handler: Entity(164): Light not found
[14:02:11.209067] [E] [handleMessage] Exception in handler: Entity(166): Light not found
[14:02:11.209154] [E] [handleMessage] Exception in handler: Entity(168): Light not found
[14:02:11.209223] [E] [handleMessage] Exception in handler: Entity(170): Light not found
[14:02:11.209528] [I] FLR0026_CAMERA_APPLIED head=(5,0,-5) targetPresent=true target=(0,0,0) dolly=(5,0,5)
[14:02:11.310643] [I] FLR0026_MODEL_STAGE_COMPLETE asset=assets/models/sequoia_ngp.glb pending_models=0
[14:02:11.311360] [E] [handleMessage] Exception in handler: Entity(164): Light not found
[14:02:11.311482] [E] [handleMessage] Exception in handler: Entity(166): Light not found
[14:02:11.311551] [E] [handleMessage] Exception in handler: Entity(168): Light not found
[14:02:11.311614] [E] [handleMessage] Exception in handler: Entity(170): Light not found
[14:02:11.311948] [I] FLR0026_CAMERA_APPLIED head=(5,0,-5) targetPresent=true target=(0,0,0) dolly=(5,0,5)
[14:02:11.413046] [I] FLR0026_MODEL_STAGE_COMPLETE asset=assets/models/sequoia_ngp.glb pending_models=0
[14:02:11.413448] [E] [handleMessage] Exception in handler: Entity(164): Light not found
[14:02:11.413552] [E] [handleMessage] Exception in handler: Entity(166): Light not found
[14:02:11.413617] [E] [handleMessage] Exception in handler: Entity(168): Light not found
[14:02:11.413686] [E] [handleMessage] Exception in handler: Entity(170): Light not found
[14:02:11.414030] [I] FLR0026_CAMERA_APPLIED head=(5,0,-5) targetPresent=true target=(0,0,0) dolly=(5,0,5)
[14:02:11.515086] [I] FLR0026_MODEL_STAGE_COMPLETE asset=assets/models/sequoia_ngp.glb pending_models=0
[14:02:11.515494] [E] [handleMessage] Exception in handler: Entity(164): Light not found
[14:02:11.515541] [E] [handleMessage] Exception in handler: Entity(166): Light not found
[14:02:11.515571] [E] [handleMessage] Exception in handler: Entity(168): Light not found
[14:02:11.515599] [E] [handleMessage] Exception in handler: Entity(170): Light not found
[14:02:11.515757] [I] FLR0026_CAMERA_APPLIED head=(5,0,-5) targetPresent=true target=(0,0,0) dolly=(5,0,5)
[14:02:11.616398] [I] FLR0026_MODEL_STAGE_COMPLETE asset=assets/models/sequoia_ngp.glb pending_models=0
[14:02:11.616637] [E] [handleMessage] Exception in handler: Entity(164): Light not found
[14:02:11.616683] [E] [handleMessage] Exception in handler: Entity(166): Light not found
[14:02:11.616715] [E] [handleMessage] Exception in handler: Entity(168): Light not found
[14:02:11.616744] [E] [handleMessage] Exception in handler: Entity(170): Light not found
[14:02:11.616995] [I] FLR0026_CAMERA_APPLIED head=(5,0,-5) targetPresent=true target=(0,0,0) dolly=(5,0,5)
[14:02:11.717730] [I] FLR0026_MODEL_STAGE_COMPLETE asset=assets/models/sequoia_ngp.glb pending_models=0
[14:02:11.718244] [E] [handleMessage] Exception in handler: Entity(164): Light not found
[14:02:11.718345] [E] [handleMessage] Exception in handler: Entity(166): Light not found
[14:02:11.718411] [E] [handleMessage] Exception in handler: Entity(168): Light not found
[14:02:11.718472] [E] [handleMessage] Exception in handler: Entity(170): Light not found
[14:02:11.718760] [I] FLR0026_CAMERA_APPLIED head=(5,0,-5) targetPresent=true target=(0,0,0) dolly=(5,0,5)
[14:02:11.819727] [I] FLR0026_MODEL_STAGE_COMPLETE asset=assets/models/sequoia_ngp.glb pending_models=0
[14:02:11.820248] [E] [handleMessage] Exception in handler: Entity(164): Light not found
[14:02:11.820348] [E] [handleMessage] Exception in handler: Entity(166): Light not found
[14:02:11.820507] [E] [handleMessage] Exception in handler: Entity(168): Light not found
[14:02:11.820584] [E] [handleMessage] Exception in handler: Entity(170): Light not found
[14:02:11.820982] [I] FLR0026_CAMERA_APPLIED head=(5,0,-5) targetPresent=true target=(0,0,0) dolly=(5,0,5)
[14:02:11.921959] [I] FLR0026_MODEL_STAGE_COMPLETE asset=assets/models/sequoia_ngp.glb pending_models=0
[14:02:11.922332] [E] [handleMessage] Exception in handler: Entity(164): Light not found
[14:02:11.922439] [E] [handleMessage] Exception in handler: Entity(166): Light not found
[14:02:11.922517] [E] [handleMessage] Exception in handler: Entity(168): Light not found
[14:02:11.922586] [E] [handleMessage] Exception in handler: Entity(170): Light not found
[14:02:11.922919] [I] FLR0026_CAMERA_APPLIED head=(5,0,-5) targetPresent=true target=(0,0,0) dolly=(5,0,5)
[14:02:11.923284] [I] FLR0026_FRAME_BEGIN seq=350 started=false
[14:02:12.023937] [I] FLR0026_MODEL_STAGE_COMPLETE asset=assets/models/sequoia_ngp.glb pending_models=0
[14:02:12.024350] [E] [handleMessage] Exception in handler: Entity(164): Light not found
[14:02:12.024444] [E] [handleMessage] Exception in handler: Entity(166): Light not found
[14:02:12.024512] [E] [handleMessage] Exception in handler: Entity(168): Light not found
[14:02:12.024576] [E] [handleMessage] Exception in handler: Entity(170): Light not found
[14:02:12.024898] [I] FLR0026_CAMERA_APPLIED head=(5,0,-5) targetPresent=true target=(0,0,0) dolly=(5,0,5)
[14:02:12.130969] [I] FLR0026_MODEL_STAGE_COMPLETE asset=assets/models/sequoia_ngp.glb pending_models=0
[14:02:12.131195] [E] [handleMessage] Exception in handler: Entity(164): Light not found
[14:02:12.131240] [E] [handleMessage] Exception in handler: Entity(166): Light not found
[14:02:12.131270] [E] [handleMessage] Exception in handler: Entity(168): Light not found
[14:02:12.131299] [E] [handleMessage] Exception in handler: Entity(170): Light not found
[14:02:12.131454] [I] FLR0026_CAMERA_APPLIED head=(5,0,-5) targetPresent=true target=(0,0,0) dolly=(5,0,5)
[14:02:12.232018] [I] FLR0026_MODEL_STAGE_COMPLETE asset=assets/models/sequoia_ngp.glb pending_models=0
[14:02:12.232399] [E] [handleMessage] Exception in handler: Entity(164): Light not found
[14:02:12.232463] [E] [handleMessage] Exception in handler: Entity(166): Light not found
[14:02:12.232494] [E] [handleMessage] Exception in handler: Entity(168): Light not found
[14:02:12.232522] [E] [handleMessage] Exception in handler: Entity(170): Light not found
[14:02:12.232692] [I] FLR0026_CAMERA_APPLIED head=(5,0,-5) targetPresent=true target=(0,0,0) dolly=(5,0,5)
[14:02:12.333246] [I] FLR0026_MODEL_STAGE_COMPLETE asset=assets/models/sequoia_ngp.glb pending_models=0
[14:02:12.333485] [E] [handleMessage] Exception in handler: Entity(164): Light not found
[14:02:12.333531] [E] [handleMessage] Exception in handler: Entity(166): Light not found
[14:02:12.333562] [E] [handleMessage] Exception in handler: Entity(168): Light not found
[14:02:12.333592] [E] [handleMessage] Exception in handler: Entity(170): Light not found
[14:02:12.333747] [I] FLR0026_CAMERA_APPLIED head=(5,0,-5) targetPresent=true target=(0,0,0) dolly=(5,0,5)
[14:02:12.434466] [I] FLR0026_MODEL_STAGE_COMPLETE asset=assets/models/sequoia_ngp.glb pending_models=0
[14:02:12.435010] [E] [handleMessage] Exception in handler: Entity(164): Light not found
[14:02:12.435143] [E] [handleMessage] Exception in handler: Entity(166): Light not found
[14:02:12.435213] [E] [handleMessage] Exception in handler: Entity(168): Light not found
[14:02:12.435275] [E] [handleMessage] Exception in handler: Entity(170): Light not found
[14:02:12.435553] [I] FLR0026_CAMERA_APPLIED head=(5,0,-5) targetPresent=true target=(0,0,0) dolly=(5,0,5)
[14:02:12.536401] [I] FLR0026_MODEL_STAGE_COMPLETE asset=assets/models/sequoia_ngp.glb pending_models=0
[14:02:12.536761] [E] [handleMessage] Exception in handler: Entity(164): Light not found
[14:02:12.536998] [E] [handleMessage] Exception in handler: Entity(166): Light not found
[14:02:12.537042] [E] [handleMessage] Exception in handler: Entity(168): Light not found
[14:02:12.537072] [E] [handleMessage] Exception in handler: Entity(170): Light not found
[14:02:12.537247] [I] FLR0026_CAMERA_APPLIED head=(5,0,-5) targetPresent=true target=(0,0,0) dolly=(5,0,5)
[14:02:12.637715] [I] FLR0026_MODEL_STAGE_COMPLETE asset=assets/models/sequoia_ngp.glb pending_models=0
[14:02:12.637999] [E] [handleMessage] Exception in handler: Entity(164): Light not found
[14:02:12.638049] [E] [handleMessage] Exception in handler: Entity(166): Light not found
[14:02:12.638079] [E] [handleMessage] Exception in handler: Entity(168): Light not found
[14:02:12.638106] [E] [handleMessage] Exception in handler: Entity(170): Light not found
[14:02:12.638259] [I] FLR0026_CAMERA_APPLIED head=(5,0,-5) targetPresent=true target=(0,0,0) dolly=(5,0,5)
[14:02:12.740961] [I] FLR0026_MODEL_STAGE_COMPLETE asset=assets/models/sequoia_ngp.glb pending_models=0
[14:02:12.741212] [E] [handleMessage] Exception in handler: Entity(164): Light not found
[14:02:12.741259] [E] [handleMessage] Exception in handler: Entity(166): Light not found
[14:02:12.741290] [E] [handleMessage] Exception in handler: Entity(168): Light not found
[14:02:12.741320] [E] [handleMessage] Exception in handler: Entity(170): Light not found
[14:02:12.741485] [I] FLR0026_CAMERA_APPLIED head=(5,0,-5) targetPresent=true target=(0,0,0) dolly=(5,0,5)
[14:02:12.841983] [I] FLR0026_MODEL_STAGE_COMPLETE asset=assets/models/sequoia_ngp.glb pending_models=0
[14:02:12.842225] [E] [handleMessage] Exception in handler: Entity(164): Light not found
[14:02:12.842274] [E] [handleMessage] Exception in handler: Entity(166): Light not found
[14:02:12.842304] [E] [handleMessage] Exception in handler: Entity(168): Light not found
[14:02:12.842332] [E] [handleMessage] Exception in handler: Entity(170): Light not found
[14:02:12.842496] [I] FLR0026_CAMERA_APPLIED head=(5,0,-5) targetPresent=true target=(0,0,0) dolly=(5,0,5)
[14:02:12.946972] [I] FLR0026_MODEL_STAGE_PROGRESS seq=360 progress=1 assets=1
[14:02:12.947060] [I] FLR0026_MODEL_STAGE_COMPLETE asset=assets/models/sequoia_ngp.glb pending_models=0
[14:02:12.947243] [E] [handleMessage] Exception in handler: Entity(164): Light not found
[14:02:12.947290] [E] [handleMessage] Exception in handler: Entity(166): Light not found
[14:02:12.947321] [E] [handleMessage] Exception in handler: Entity(168): Light not found
[14:02:12.947351] [E] [handleMessage] Exception in handler: Entity(170): Light not found
[14:02:12.947508] [I] FLR0026_CAMERA_APPLIED head=(5,0,-5) targetPresent=true target=(0,0,0) dolly=(5,0,5)
[14:02:12.947689] [I] FLR0026_FRAME_BEGIN seq=360 started=false
[14:02:13.050969] [I] FLR0026_MODEL_STAGE_COMPLETE asset=assets/models/sequoia_ngp.glb pending_models=0
[14:02:13.051239] [E] [handleMessage] Exception in handler: Entity(164): Light not found
[14:02:13.051289] [E] [handleMessage] Exception in handler: Entity(166): Light not found
[14:02:13.051321] [E] [handleMessage] Exception in handler: Entity(168): Light not found
[14:02:13.051351] [E] [handleMessage] Exception in handler: Entity(170): Light not found
[14:02:13.051517] [I] FLR0026_CAMERA_APPLIED head=(5,0,-5) targetPresent=true target=(0,0,0) dolly=(5,0,5)
[14:02:13.152258] [I] FLR0026_MODEL_STAGE_COMPLETE asset=assets/models/sequoia_ngp.glb pending_models=0
[14:02:13.152648] [E] [handleMessage] Exception in handler: Entity(164): Light not found
[14:02:13.152750] [E] [handleMessage] Exception in handler: Entity(166): Light not found
[14:02:13.152963] [E] [handleMessage] Exception in handler: Entity(168): Light not found
[14:02:13.153062] [E] [handleMessage] Exception in handler: Entity(170): Light not found
[14:02:13.153380] [I] FLR0026_CAMERA_APPLIED head=(5,0,-5) targetPresent=true target=(0,0,0) dolly=(5,0,5)
[14:02:13.256965] [I] FLR0026_MODEL_STAGE_COMPLETE asset=assets/models/sequoia_ngp.glb pending_models=0
[14:02:13.257249] [E] [handleMessage] Exception in handler: Entity(164): Light not found
[14:02:13.257303] [E] [handleMessage] Exception in handler: Entity(166): Light not found
[14:02:13.257336] [E] [handleMessage] Exception in handler: Entity(168): Light not found
[14:02:13.257365] [E] [handleMessage] Exception in handler: Entity(170): Light not found
[14:02:13.257528] [I] FLR0026_CAMERA_APPLIED head=(5,0,-5) targetPresent=true target=(0,0,0) dolly=(5,0,5)
[14:02:13.358150] [I] FLR0026_MODEL_STAGE_COMPLETE asset=assets/models/sequoia_ngp.glb pending_models=0
[14:02:13.358394] [E] [handleMessage] Exception in handler: Entity(164): Light not found
[14:02:13.358442] [E] [handleMessage] Exception in handler: Entity(166): Light not found
[14:02:13.358472] [E] [handleMessage] Exception in handler: Entity(168): Light not found
[14:02:13.358505] [E] [handleMessage] Exception in handler: Entity(170): Light not found
[14:02:13.358671] [I] FLR0026_CAMERA_APPLIED head=(5,0,-5) targetPresent=true target=(0,0,0) dolly=(5,0,5)
[14:02:13.461945] [I] FLR0026_MODEL_STAGE_COMPLETE asset=assets/models/sequoia_ngp.glb pending_models=0
[14:02:13.462187] [E] [handleMessage] Exception in handler: Entity(164): Light not found
[14:02:13.462236] [E] [handleMessage] Exception in handler: Entity(166): Light not found
[14:02:13.462268] [E] [handleMessage] Exception in handler: Entity(168): Light not found
[14:02:13.462298] [E] [handleMessage] Exception in handler: Entity(170): Light not found
[14:02:13.462465] [I] FLR0026_CAMERA_APPLIED head=(5,0,-5) targetPresent=true target=(0,0,0) dolly=(5,0,5)
[14:02:13.563222] [I] FLR0026_MODEL_STAGE_COMPLETE asset=assets/models/sequoia_ngp.glb pending_models=0
[14:02:13.563629] [E] [handleMessage] Exception in handler: Entity(164): Light not found
[14:02:13.563734] [E] [handleMessage] Exception in handler: Entity(166): Light not found
[14:02:13.563809] [E] [handleMessage] Exception in handler: Entity(168): Light not found
[14:02:13.563968] [E] [handleMessage] Exception in handler: Entity(170): Light not found
[14:02:13.564149] [I] FLR0026_CAMERA_APPLIED head=(5,0,-5) targetPresent=true target=(0,0,0) dolly=(5,0,5)
[14:02:13.666953] [I] FLR0026_MODEL_STAGE_COMPLETE asset=assets/models/sequoia_ngp.glb pending_models=0
[14:02:13.667196] [E] [handleMessage] Exception in handler: Entity(164): Light not found
[14:02:13.667246] [E] [handleMessage] Exception in handler: Entity(166): Light not found
[14:02:13.667278] [E] [handleMessage] Exception in handler: Entity(168): Light not found
[14:02:13.667307] [E] [handleMessage] Exception in handler: Entity(170): Light not found
[14:02:13.667469] [I] FLR0026_CAMERA_APPLIED head=(5,0,-5) targetPresent=true target=(0,0,0) dolly=(5,0,5)
[14:02:13.790833] [I] FLR0026_MODEL_STAGE_COMPLETE asset=assets/models/sequoia_ngp.glb pending_models=0
[14:02:13.791475] [E] [handleMessage] Exception in handler: Entity(164): Light not found
[14:02:13.791583] [E] [handleMessage] Exception in handler: Entity(166): Light not found
[14:02:13.791659] [E] [handleMessage] Exception in handler: Entity(168): Light not found
[14:02:13.791732] [E] [handleMessage] Exception in handler: Entity(170): Light not found
[14:02:13.792043] [I] FLR0026_CAMERA_APPLIED head=(5,0,-5) targetPresent=true target=(0,0,0) dolly=(5,0,5)
[14:02:13.893961] [I] FLR0026_MODEL_STAGE_COMPLETE asset=assets/models/sequoia_ngp.glb pending_models=0
[14:02:13.894217] [E] [handleMessage] Exception in handler: Entity(164): Light not found
[14:02:13.894267] [E] [handleMessage] Exception in handler: Entity(166): Light not found
[14:02:13.894299] [E] [handleMessage] Exception in handler: Entity(168): Light not found
[14:02:13.894328] [E] [handleMessage] Exception in handler: Entity(170): Light not found
[14:02:13.894499] [I] FLR0026_CAMERA_APPLIED head=(5,0,-5) targetPresent=true target=(0,0,0) dolly=(5,0,5)
[14:02:13.994998] [I] FLR0026_MODEL_STAGE_COMPLETE asset=assets/models/sequoia_ngp.glb pending_models=0
[14:02:13.995243] [E] [handleMessage] Exception in handler: Entity(164): Light not found
[14:02:13.995342] [E] [handleMessage] Exception in handler: Entity(166): Light not found
[14:02:13.995380] [E] [handleMessage] Exception in handler: Entity(168): Light not found
[14:02:13.995412] [E] [handleMessage] Exception in handler: Entity(170): Light not found
[14:02:13.995574] [I] FLR0026_CAMERA_APPLIED head=(5,0,-5) targetPresent=true target=(0,0,0) dolly=(5,0,5)
[14:02:13.995758] [I] FLR0026_FRAME_BEGIN seq=370 started=false
[14:02:14.098938] [I] FLR0026_MODEL_STAGE_COMPLETE asset=assets/models/sequoia_ngp.glb pending_models=0
[14:02:14.099255] [E] [handleMessage] Exception in handler: Entity(164): Light not found
[14:02:14.099310] [E] [handleMessage] Exception in handler: Entity(166): Light not found
[14:02:14.099344] [E] [handleMessage] Exception in handler: Entity(168): Light not found
[14:02:14.099372] [E] [handleMessage] Exception in handler: Entity(170): Light not found
[14:02:14.099524] [I] FLR0026_CAMERA_APPLIED head=(5,0,-5) targetPresent=true target=(0,0,0) dolly=(5,0,5)
[14:02:14.199994] [I] FLR0026_MODEL_STAGE_COMPLETE asset=assets/models/sequoia_ngp.glb pending_models=0
[14:02:14.200253] [E] [handleMessage] Exception in handler: Entity(164): Light not found
[14:02:14.200396] [E] [handleMessage] Exception in handler: Entity(166): Light not found
[14:02:14.200441] [E] [handleMessage] Exception in handler: Entity(168): Light not found
[14:02:14.200473] [E] [handleMessage] Exception in handler: Entity(170): Light not found
[14:02:14.200640] [I] FLR0026_CAMERA_APPLIED head=(5,0,-5) targetPresent=true target=(0,0,0) dolly=(5,0,5)
[14:02:14.301333] [I] FLR0026_MODEL_STAGE_COMPLETE asset=assets/models/sequoia_ngp.glb pending_models=0
[14:02:14.301731] [E] [handleMessage] Exception in handler: Entity(164): Light not found
[14:02:14.301945] [E] [handleMessage] Exception in handler: Entity(166): Light not found
[14:02:14.301988] [E] [handleMessage] Exception in handler: Entity(168): Light not found
[14:02:14.302019] [E] [handleMessage] Exception in handler: Entity(170): Light not found
[14:02:14.302177] [I] FLR0026_CAMERA_APPLIED head=(5,0,-5) targetPresent=true target=(0,0,0) dolly=(5,0,5)
[14:02:14.405948] [I] FLR0026_MODEL_STAGE_COMPLETE asset=assets/models/sequoia_ngp.glb pending_models=0
[14:02:14.406204] [E] [handleMessage] Exception in handler: Entity(164): Light not found
[14:02:14.406252] [E] [handleMessage] Exception in handler: Entity(166): Light not found
[14:02:14.406284] [E] [handleMessage] Exception in handler: Entity(168): Light not found
[14:02:14.406318] [E] [handleMessage] Exception in handler: Entity(170): Light not found
[14:02:14.406482] [I] FLR0026_CAMERA_APPLIED head=(5,0,-5) targetPresent=true target=(0,0,0) dolly=(5,0,5)
[14:02:14.506965] [I] FLR0026_MODEL_STAGE_COMPLETE asset=assets/models/sequoia_ngp.glb pending_models=0
[14:02:14.507218] [E] [handleMessage] Exception in handler: Entity(164): Light not found
[14:02:14.507267] [E] [handleMessage] Exception in handler: Entity(166): Light not found
[14:02:14.507299] [E] [handleMessage] Exception in handler: Entity(168): Light not found
[14:02:14.507330] [E] [handleMessage] Exception in handler: Entity(170): Light not found
[14:02:14.507488] [I] FLR0026_CAMERA_APPLIED head=(5,0,-5) targetPresent=true target=(0,0,0) dolly=(5,0,5)
[14:02:14.607959] [I] FLR0026_MODEL_STAGE_COMPLETE asset=assets/models/sequoia_ngp.glb pending_models=0
[14:02:14.608210] [E] [handleMessage] Exception in handler: Entity(164): Light not found
[14:02:14.608259] [E] [handleMessage] Exception in handler: Entity(166): Light not found
[14:02:14.608291] [E] [handleMessage] Exception in handler: Entity(168): Light not found
[14:02:14.608321] [E] [handleMessage] Exception in handler: Entity(170): Light not found
[14:02:14.608483] [I] FLR0026_CAMERA_APPLIED head=(5,0,-5) targetPresent=true target=(0,0,0) dolly=(5,0,5)
[14:02:14.710702] [I] FLR0026_MODEL_STAGE_COMPLETE asset=assets/models/sequoia_ngp.glb pending_models=0
[14:02:14.711116] [E] [handleMessage] Exception in handler: Entity(164): Light not found
[14:02:14.711177] [E] [handleMessage] Exception in handler: Entity(166): Light not found
[14:02:14.711209] [E] [handleMessage] Exception in handler: Entity(168): Light not found
[14:02:14.711238] [E] [handleMessage] Exception in handler: Entity(170): Light not found
[14:02:14.711401] [I] FLR0026_CAMERA_APPLIED head=(5,0,-5) targetPresent=true target=(0,0,0) dolly=(5,0,5)
[14:02:14.814997] [I] FLR0026_MODEL_STAGE_COMPLETE asset=assets/models/sequoia_ngp.glb pending_models=0
[14:02:14.815248] [E] [handleMessage] Exception in handler: Entity(164): Light not found
[14:02:14.815296] [E] [handleMessage] Exception in handler: Entity(166): Light not found
[14:02:14.815346] [E] [handleMessage] Exception in handler: Entity(168): Light not found
[14:02:14.815374] [E] [handleMessage] Exception in handler: Entity(170): Light not found
[14:02:14.815539] [I] FLR0026_CAMERA_APPLIED head=(5,0,-5) targetPresent=true target=(0,0,0) dolly=(5,0,5)
[14:02:14.920082] [I] FLR0026_MODEL_STAGE_COMPLETE asset=assets/models/sequoia_ngp.glb pending_models=0
[14:02:14.920328] [E] [handleMessage] Exception in handler: Entity(164): Light not found
[14:02:14.920378] [E] [handleMessage] Exception in handler: Entity(166): Light not found
[14:02:14.920409] [E] [handleMessage] Exception in handler: Entity(168): Light not found
[14:02:14.920438] [E] [handleMessage] Exception in handler: Entity(170): Light not found
[14:02:14.920598] [I] FLR0026_CAMERA_APPLIED head=(5,0,-5) targetPresent=true target=(0,0,0) dolly=(5,0,5)
[14:02:15.022892] [I] FLR0026_MODEL_STAGE_COMPLETE asset=assets/models/sequoia_ngp.glb pending_models=0
[14:02:15.023152] [E] [handleMessage] Exception in handler: Entity(164): Light not found
[14:02:15.023200] [E] [handleMessage] Exception in handler: Entity(166): Light not found
[14:02:15.023231] [E] [handleMessage] Exception in handler: Entity(168): Light not found
[14:02:15.023259] [E] [handleMessage] Exception in handler: Entity(170): Light not found
[14:02:15.023419] [I] FLR0026_CAMERA_APPLIED head=(5,0,-5) targetPresent=true target=(0,0,0) dolly=(5,0,5)
[14:02:15.023596] [I] FLR0026_FRAME_BEGIN seq=380 started=false
FLR0026_VK_QUEUE_PRESENT result=0 surface=7fde4dcdbe60 swapchain=7fde4dcb74b0 index=0
[14:02:15.168109] [I] FLR0026_MODEL_STAGE_COMPLETE asset=assets/models/sequoia_ngp.glb pending_models=0
[14:02:15.168368] [E] [handleMessage] Exception in handler: Entity(164): Light not found
[14:02:15.168418] [E] [handleMessage] Exception in handler: Entity(166): Light not found
[14:02:15.168450] [E] [handleMessage] Exception in handler: Entity(168): Light not found
[14:02:15.168481] [E] [handleMessage] Exception in handler: Entity(170): Light not found
[14:02:15.168647] [I] FLR0026_CAMERA_APPLIED head=(5,0,-5) targetPresent=true target=(0,0,0) dolly=(5,0,5)
FLR0026_VK_ACQUIRE_WAIT_SEMAPHORE enabled=true\n[14:02:15.273114] [I] FLR0026_MODEL_STAGE_COMPLETE asset=assets/models/sequoia_ngp.glb pending_models=0
[14:02:15.273564] [E] [handleMessage] Exception in handler: Entity(164): Light not found
[14:02:15.273677] [E] [handleMessage] Exception in handler: Entity(166): Light not found
[14:02:15.273754] [E] [handleMessage] Exception in handler: Entity(168): Light not found
[14:02:15.273889] [E] [handleMessage] Exception in handler: Entity(170): Light not found
[14:02:15.274073] [I] FLR0026_CAMERA_APPLIED head=(5,0,-5) targetPresent=true target=(0,0,0) dolly=(5,0,5)
[14:02:15.382372] [I] FLR0026_MODEL_STAGE_COMPLETE asset=assets/models/sequoia_ngp.glb pending_models=0
[14:02:15.383013] [E] [handleMessage] Exception in handler: Entity(164): Light not found
[14:02:15.383161] [E] [handleMessage] Exception in handler: Entity(166): Light not found
[14:02:15.383233] [E] [handleMessage] Exception in handler: Entity(168): Light not found
[14:02:15.383298] [E] [handleMessage] Exception in handler: Entity(170): Light not found
[14:02:15.383592] [I] FLR0026_CAMERA_APPLIED head=(5,0,-5) targetPresent=true target=(0,0,0) dolly=(5,0,5)
[14:02:15.484538] [I] FLR0026_MODEL_STAGE_COMPLETE asset=assets/models/sequoia_ngp.glb pending_models=0
[14:02:15.485003] [E] [handleMessage] Exception in handler: Entity(164): Light not found
[14:02:15.485133] [E] [handleMessage] Exception in handler: Entity(166): Light not found
[14:02:15.485221] [E] [handleMessage] Exception in handler: Entity(168): Light not found
[14:02:15.485289] [E] [handleMessage] Exception in handler: Entity(170): Light not found
[14:02:15.485595] [I] FLR0026_CAMERA_APPLIED head=(5,0,-5) targetPresent=true target=(0,0,0) dolly=(5,0,5)
[14:02:15.586645] [I] FLR0026_MODEL_STAGE_COMPLETE asset=assets/models/sequoia_ngp.glb pending_models=0
[14:02:15.587165] [E] [handleMessage] Exception in handler: Entity(164): Light not found
[14:02:15.587278] [E] [handleMessage] Exception in handler: Entity(166): Light not found
[14:02:15.587355] [E] [handleMessage] Exception in handler: Entity(168): Light not found
[14:02:15.587426] [E] [handleMessage] Exception in handler: Entity(170): Light not found
[14:02:15.587735] [I] FLR0026_CAMERA_APPLIED head=(5,0,-5) targetPresent=true target=(0,0,0) dolly=(5,0,5)
[14:02:15.688761] [I] FLR0026_MODEL_STAGE_COMPLETE asset=assets/models/sequoia_ngp.glb pending_models=0
[14:02:15.689312] [E] [handleMessage] Exception in handler: Entity(164): Light not found
[14:02:15.689412] [E] [handleMessage] Exception in handler: Entity(166): Light not found
[14:02:15.689478] [E] [handleMessage] Exception in handler: Entity(168): Light not found
[14:02:15.689543] [E] [handleMessage] Exception in handler: Entity(170): Light not found
[14:02:15.689894] [I] FLR0026_CAMERA_APPLIED head=(5,0,-5) targetPresent=true target=(0,0,0) dolly=(5,0,5)
[14:02:15.790985] [I] FLR0026_MODEL_STAGE_COMPLETE asset=assets/models/sequoia_ngp.glb pending_models=0
[14:02:15.791400] [E] [handleMessage] Exception in handler: Entity(164): Light not found
[14:02:15.791506] [E] [handleMessage] Exception in handler: Entity(166): Light not found
[14:02:15.791583] [E] [handleMessage] Exception in handler: Entity(168): Light not found
[14:02:15.791654] [E] [handleMessage] Exception in handler: Entity(170): Light not found
[14:02:15.792075] [I] FLR0026_CAMERA_APPLIED head=(5,0,-5) targetPresent=true target=(0,0,0) dolly=(5,0,5)
[14:02:15.893084] [I] FLR0026_MODEL_STAGE_COMPLETE asset=assets/models/sequoia_ngp.glb pending_models=0
[14:02:15.893470] [E] [handleMessage] Exception in handler: Entity(164): Light not found
[14:02:15.893570] [E] [handleMessage] Exception in handler: Entity(166): Light not found
[14:02:15.893642] [E] [handleMessage] Exception in handler: Entity(168): Light not found
[14:02:15.893709] [E] [handleMessage] Exception in handler: Entity(170): Light not found
[14:02:15.894184] [I] FLR0026_CAMERA_APPLIED head=(5,0,-5) targetPresent=true target=(0,0,0) dolly=(5,0,5)
[14:02:15.995162] [I] FLR0026_MODEL_STAGE_COMPLETE asset=assets/models/sequoia_ngp.glb pending_models=0
[14:02:15.995573] [E] [handleMessage] Exception in handler: Entity(164): Light not found
[14:02:15.995679] [E] [handleMessage] Exception in handler: Entity(166): Light not found
[14:02:15.995807] [E] [handleMessage] Exception in handler: Entity(168): Light not found
[14:02:15.996082] [E] [handleMessage] Exception in handler: Entity(170): Light not found
[14:02:15.996418] [I] FLR0026_CAMERA_APPLIED head=(5,0,-5) targetPresent=true target=(0,0,0) dolly=(5,0,5)
[14:02:16.097534] [I] FLR0026_MODEL_STAGE_COMPLETE asset=assets/models/sequoia_ngp.glb pending_models=0
[14:02:16.098094] [E] [handleMessage] Exception in handler: Entity(164): Light not found
[14:02:16.098304] [E] [handleMessage] Exception in handler: Entity(166): Light not found
[14:02:16.098348] [E] [handleMessage] Exception in handler: Entity(168): Light not found
[14:02:16.098376] [E] [handleMessage] Exception in handler: Entity(170): Light not found
[14:02:16.098545] [I] FLR0026_CAMERA_APPLIED head=(5,0,-5) targetPresent=true target=(0,0,0) dolly=(5,0,5)
[14:02:16.098726] [I] FLR0026_FRAME_BEGIN seq=390 started=false
[14:02:16.199396] [I] FLR0026_MODEL_STAGE_COMPLETE asset=assets/models/sequoia_ngp.glb pending_models=0
[14:02:16.199784] [E] [handleMessage] Exception in handler: Entity(164): Light not found
[14:02:16.200085] [E] [handleMessage] Exception in handler: Entity(166): Light not found
[14:02:16.200185] [E] [handleMessage] Exception in handler: Entity(168): Light not found
[14:02:16.200260] [E] [handleMessage] Exception in handler: Entity(170): Light not found
[14:02:16.200449] [I] FLR0026_CAMERA_APPLIED head=(5,0,-5) targetPresent=true target=(0,0,0) dolly=(5,0,5)
[14:02:16.301186] [I] FLR0026_MODEL_STAGE_COMPLETE asset=assets/models/sequoia_ngp.glb pending_models=0
[14:02:16.301618] [E] [handleMessage] Exception in handler: Entity(164): Light not found
[14:02:16.301720] [E] [handleMessage] Exception in handler: Entity(166): Light not found
[14:02:16.301794] [E] [handleMessage] Exception in handler: Entity(168): Light not found
[14:02:16.302001] [E] [handleMessage] Exception in handler: Entity(170): Light not found
[14:02:16.302325] [I] FLR0026_CAMERA_APPLIED head=(5,0,-5) targetPresent=true target=(0,0,0) dolly=(5,0,5)
[14:02:16.403397] [I] FLR0026_MODEL_STAGE_COMPLETE asset=assets/models/sequoia_ngp.glb pending_models=0
[14:02:16.403782] [E] [handleMessage] Exception in handler: Entity(164): Light not found
[14:02:16.404067] [E] [handleMessage] Exception in handler: Entity(166): Light not found
[14:02:16.404166] [E] [handleMessage] Exception in handler: Entity(168): Light not found
[14:02:16.404242] [E] [handleMessage] Exception in handler: Entity(170): Light not found
[14:02:16.404528] [I] FLR0026_CAMERA_APPLIED head=(5,0,-5) targetPresent=true target=(0,0,0) dolly=(5,0,5)
[14:02:16.505505] [I] FLR0026_MODEL_STAGE_COMPLETE asset=assets/models/sequoia_ngp.glb pending_models=0
[14:02:16.506010] [E] [handleMessage] Exception in handler: Entity(164): Light not found
[14:02:16.506141] [E] [handleMessage] Exception in handler: Entity(166): Light not found
[14:02:16.506216] [E] [handleMessage] Exception in handler: Entity(168): Light not found
[14:02:16.506287] [E] [handleMessage] Exception in handler: Entity(170): Light not found
[14:02:16.506595] [I] FLR0026_CAMERA_APPLIED head=(5,0,-5) targetPresent=true target=(0,0,0) dolly=(5,0,5)
[14:02:16.607502] [I] FLR0026_MODEL_STAGE_COMPLETE asset=assets/models/sequoia_ngp.glb pending_models=0
[14:02:16.608014] [E] [handleMessage] Exception in handler: Entity(164): Light not found
[14:02:16.608145] [E] [handleMessage] Exception in handler: Entity(166): Light not found
[14:02:16.608221] [E] [handleMessage] Exception in handler: Entity(168): Light not found
[14:02:16.608291] [E] [handleMessage] Exception in handler: Entity(170): Light not found
[14:02:16.608575] [I] FLR0026_CAMERA_APPLIED head=(5,0,-5) targetPresent=true target=(0,0,0) dolly=(5,0,5)
[14:02:16.709539] [I] FLR0026_MODEL_STAGE_COMPLETE asset=assets/models/sequoia_ngp.glb pending_models=0
[14:02:16.710059] [E] [handleMessage] Exception in handler: Entity(164): Light not found
[14:02:16.710192] [E] [handleMessage] Exception in handler: Entity(166): Light not found
[14:02:16.710269] [E] [handleMessage] Exception in handler: Entity(168): Light not found
[14:02:16.710335] [E] [handleMessage] Exception in handler: Entity(170): Light not found
[14:02:16.710625] [I] FLR0026_CAMERA_APPLIED head=(5,0,-5) targetPresent=true target=(0,0,0) dolly=(5,0,5)
[14:02:16.811620] [I] FLR0026_MODEL_STAGE_COMPLETE asset=assets/models/sequoia_ngp.glb pending_models=0
[14:02:16.812242] [E] [handleMessage] Exception in handler: Entity(164): Light not found
[14:02:16.812356] [E] [handleMessage] Exception in handler: Entity(166): Light not found
[14:02:16.812423] [E] [handleMessage] Exception in handler: Entity(168): Light not found
[14:02:16.812483] [E] [handleMessage] Exception in handler: Entity(170): Light not found
[14:02:16.812763] [I] FLR0026_CAMERA_APPLIED head=(5,0,-5) targetPresent=true target=(0,0,0) dolly=(5,0,5)
[14:02:16.913701] [I] FLR0026_MODEL_STAGE_COMPLETE asset=assets/models/sequoia_ngp.glb pending_models=0
[14:02:16.914190] [E] [handleMessage] Exception in handler: Entity(164): Light not found
[14:02:16.914289] [E] [handleMessage] Exception in handler: Entity(166): Light not found
[14:02:16.914356] [E] [handleMessage] Exception in handler: Entity(168): Light not found
[14:02:16.914417] [E] [handleMessage] Exception in handler: Entity(170): Light not found
[14:02:16.914709] [I] FLR0026_CAMERA_APPLIED head=(5,0,-5) targetPresent=true target=(0,0,0) dolly=(5,0,5)
[14:02:17.015800] [I] FLR0026_MODEL_STAGE_COMPLETE asset=assets/models/sequoia_ngp.glb pending_models=0
[14:02:17.016325] [E] [handleMessage] Exception in handler: Entity(164): Light not found
[14:02:17.016437] [E] [handleMessage] Exception in handler: Entity(166): Light not found
[14:02:17.016508] [E] [handleMessage] Exception in handler: Entity(168): Light not found
[14:02:17.016575] [E] [handleMessage] Exception in handler: Entity(170): Light not found
[14:02:17.016931] [I] FLR0026_CAMERA_APPLIED head=(5,0,-5) targetPresent=true target=(0,0,0) dolly=(5,0,5)
[14:02:17.118039] [I] FLR0026_MODEL_STAGE_COMPLETE asset=assets/models/sequoia_ngp.glb pending_models=0
[14:02:17.118477] [E] [handleMessage] Exception in handler: Entity(164): Light not found
[14:02:17.118587] [E] [handleMessage] Exception in handler: Entity(166): Light not found
[14:02:17.118656] [E] [handleMessage] Exception in handler: Entity(168): Light not found
[14:02:17.118719] [E] [handleMessage] Exception in handler: Entity(170): Light not found
[14:02:17.119060] [I] FLR0026_CAMERA_APPLIED head=(5,0,-5) targetPresent=true target=(0,0,0) dolly=(5,0,5)
[14:02:17.119416] [I] FLR0026_FRAME_BEGIN seq=400 started=false
[14:02:17.220270] [I] FLR0026_MODEL_STAGE_COMPLETE asset=assets/models/sequoia_ngp.glb pending_models=0
[14:02:17.220678] [E] [handleMessage] Exception in handler: Entity(164): Light not found
[14:02:17.220780] [E] [handleMessage] Exception in handler: Entity(166): Light not found
[14:02:17.220939] [E] [handleMessage] Exception in handler: Entity(168): Light not found
[14:02:17.221030] [E] [handleMessage] Exception in handler: Entity(170): Light not found
[14:02:17.221343] [I] FLR0026_CAMERA_APPLIED head=(5,0,-5) targetPresent=true target=(0,0,0) dolly=(5,0,5)
[14:02:17.322409] [I] FLR0026_MODEL_STAGE_COMPLETE asset=assets/models/sequoia_ngp.glb pending_models=0
[14:02:17.322961] [E] [handleMessage] Exception in handler: Entity(164): Light not found
[14:02:17.323086] [E] [handleMessage] Exception in handler: Entity(166): Light not found
[14:02:17.323162] [E] [handleMessage] Exception in handler: Entity(168): Light not found
[14:02:17.323230] [E] [handleMessage] Exception in handler: Entity(170): Light not found
[14:02:17.323510] [I] FLR0026_CAMERA_APPLIED head=(5,0,-5) targetPresent=true target=(0,0,0) dolly=(5,0,5)
[14:02:17.424220] [I] FLR0026_MODEL_STAGE_COMPLETE asset=assets/models/sequoia_ngp.glb pending_models=0
[14:02:17.424612] [E] [handleMessage] Exception in handler: Entity(164): Light not found
[14:02:17.424713] [E] [handleMessage] Exception in handler: Entity(166): Light not found
[14:02:17.424786] [E] [handleMessage] Exception in handler: Entity(168): Light not found
[14:02:17.425005] [E] [handleMessage] Exception in handler: Entity(170): Light not found
[14:02:17.425336] [I] FLR0026_CAMERA_APPLIED head=(5,0,-5) targetPresent=true target=(0,0,0) dolly=(5,0,5)
[14:02:17.526105] [I] FLR0026_MODEL_STAGE_COMPLETE asset=assets/models/sequoia_ngp.glb pending_models=0
[14:02:17.526538] [E] [handleMessage] Exception in handler: Entity(164): Light not found
[14:02:17.526672] [E] [handleMessage] Exception in handler: Entity(166): Light not found
[14:02:17.526743] [E] [handleMessage] Exception in handler: Entity(168): Light not found
[14:02:17.526809] [E] [handleMessage] Exception in handler: Entity(170): Light not found
[14:02:17.527258] [I] FLR0026_CAMERA_APPLIED head=(5,0,-5) targetPresent=true target=(0,0,0) dolly=(5,0,5)
[14:02:17.627958] [I] FLR0026_MODEL_STAGE_COMPLETE asset=assets/models/sequoia_ngp.glb pending_models=0
[14:02:17.628199] [E] [handleMessage] Exception in handler: Entity(164): Light not found
[14:02:17.628245] [E] [handleMessage] Exception in handler: Entity(166): Light not found
[14:02:17.628274] [E] [handleMessage] Exception in handler: Entity(168): Light not found
[14:02:17.628305] [E] [handleMessage] Exception in handler: Entity(170): Light not found
[14:02:17.628459] [I] FLR0026_CAMERA_APPLIED head=(5,0,-5) targetPresent=true target=(0,0,0) dolly=(5,0,5)
[14:02:17.729159] [I] FLR0026_MODEL_STAGE_COMPLETE asset=assets/models/sequoia_ngp.glb pending_models=0
[14:02:17.729544] [E] [handleMessage] Exception in handler: Entity(164): Light not found
[14:02:17.729646] [E] [handleMessage] Exception in handler: Entity(166): Light not found
[14:02:17.729722] [E] [handleMessage] Exception in handler: Entity(168): Light not found
[14:02:17.729792] [E] [handleMessage] Exception in handler: Entity(170): Light not found
[14:02:17.730218] [I] FLR0026_CAMERA_APPLIED head=(5,0,-5) targetPresent=true target=(0,0,0) dolly=(5,0,5)
[14:02:17.831149] [I] FLR0026_MODEL_STAGE_COMPLETE asset=assets/models/sequoia_ngp.glb pending_models=0
[14:02:17.831540] [E] [handleMessage] Exception in handler: Entity(164): Light not found
[14:02:17.831641] [E] [handleMessage] Exception in handler: Entity(166): Light not found
[14:02:17.831712] [E] [handleMessage] Exception in handler: Entity(168): Light not found
[14:02:17.831779] [E] [handleMessage] Exception in handler: Entity(170): Light not found
[14:02:17.832163] [I] FLR0026_CAMERA_APPLIED head=(5,0,-5) targetPresent=true target=(0,0,0) dolly=(5,0,5)
[14:02:17.932763] [I] FLR0026_MODEL_STAGE_COMPLETE asset=assets/models/sequoia_ngp.glb pending_models=0
[14:02:17.933052] [E] [handleMessage] Exception in handler: Entity(164): Light not found
[14:02:17.933133] [E] [handleMessage] Exception in handler: Entity(166): Light not found
[14:02:17.933205] [E] [handleMessage] Exception in handler: Entity(168): Light not found
[14:02:17.933272] [E] [handleMessage] Exception in handler: Entity(170): Light not found
[14:02:17.933582] [I] FLR0026_CAMERA_APPLIED head=(5,0,-5) targetPresent=true target=(0,0,0) dolly=(5,0,5)
[14:02:18.034558] [I] FLR0026_MODEL_STAGE_COMPLETE asset=assets/models/sequoia_ngp.glb pending_models=0
[14:02:18.035116] [E] [handleMessage] Exception in handler: Entity(164): Light not found
[14:02:18.035170] [E] [handleMessage] Exception in handler: Entity(166): Light not found
[14:02:18.035201] [E] [handleMessage] Exception in handler: Entity(168): Light not found
[14:02:18.035228] [E] [handleMessage] Exception in handler: Entity(170): Light not found
[14:02:18.035400] [I] FLR0026_CAMERA_APPLIED head=(5,0,-5) targetPresent=true target=(0,0,0) dolly=(5,0,5)
[14:02:18.136048] [I] FLR0026_MODEL_STAGE_COMPLETE asset=assets/models/sequoia_ngp.glb pending_models=0
[14:02:18.136445] [E] [handleMessage] Exception in handler: Entity(164): Light not found
[14:02:18.136546] [E] [handleMessage] Exception in handler: Entity(166): Light not found
[14:02:18.136618] [E] [handleMessage] Exception in handler: Entity(168): Light not found
[14:02:18.136686] [E] [handleMessage] Exception in handler: Entity(170): Light not found
[14:02:18.137124] [I] FLR0026_CAMERA_APPLIED head=(5,0,-5) targetPresent=true target=(0,0,0) dolly=(5,0,5)
[14:02:18.137306] [I] FLR0026_FRAME_BEGIN seq=410 started=false
[14:02:18.238111] [I] FLR0026_MODEL_STAGE_COMPLETE asset=assets/models/sequoia_ngp.glb pending_models=0
[14:02:18.238524] [E] [handleMessage] Exception in handler: Entity(164): Light not found
[14:02:18.238643] [E] [handleMessage] Exception in handler: Entity(166): Light not found
[14:02:18.238716] [E] [handleMessage] Exception in handler: Entity(168): Light not found
[14:02:18.238784] [E] [handleMessage] Exception in handler: Entity(170): Light not found
[14:02:18.239109] [I] FLR0026_CAMERA_APPLIED head=(5,0,-5) targetPresent=true target=(0,0,0) dolly=(5,0,5)
[14:02:18.339805] [I] FLR0026_MODEL_STAGE_COMPLETE asset=assets/models/sequoia_ngp.glb pending_models=0
[14:02:18.340191] [E] [handleMessage] Exception in handler: Entity(164): Light not found
[14:02:18.340239] [E] [handleMessage] Exception in handler: Entity(166): Light not found
[14:02:18.340269] [E] [handleMessage] Exception in handler: Entity(168): Light not found
[14:02:18.340296] [E] [handleMessage] Exception in handler: Entity(170): Light not found
[14:02:18.340458] [I] FLR0026_CAMERA_APPLIED head=(5,0,-5) targetPresent=true target=(0,0,0) dolly=(5,0,5)
[14:02:18.441155] [I] FLR0026_MODEL_STAGE_COMPLETE asset=assets/models/sequoia_ngp.glb pending_models=0
[14:02:18.441548] [E] [handleMessage] Exception in handler: Entity(164): Light not found
[14:02:18.441649] [E] [handleMessage] Exception in handler: Entity(166): Light not found
[14:02:18.441720] [E] [handleMessage] Exception in handler: Entity(168): Light not found
[14:02:18.441786] [E] [handleMessage] Exception in handler: Entity(170): Light not found
[14:02:18.442097] [I] FLR0026_CAMERA_APPLIED head=(5,0,-5) targetPresent=true target=(0,0,0) dolly=(5,0,5)
[14:02:18.542805] [I] FLR0026_MODEL_STAGE_COMPLETE asset=assets/models/sequoia_ngp.glb pending_models=0
[14:02:18.543315] [E] [handleMessage] Exception in handler: Entity(164): Light not found
[14:02:18.543414] [E] [handleMessage] Exception in handler: Entity(166): Light not found
[14:02:18.543487] [E] [handleMessage] Exception in handler: Entity(168): Light not found
[14:02:18.543554] [E] [handleMessage] Exception in handler: Entity(170): Light not found
[14:02:18.543898] [I] FLR0026_CAMERA_APPLIED head=(5,0,-5) targetPresent=true target=(0,0,0) dolly=(5,0,5)
[14:02:18.644691] [I] FLR0026_MODEL_STAGE_COMPLETE asset=assets/models/sequoia_ngp.glb pending_models=0
[14:02:18.645250] [E] [handleMessage] Exception in handler: Entity(164): Light not found
[14:02:18.645359] [E] [handleMessage] Exception in handler: Entity(166): Light not found
[14:02:18.645432] [E] [handleMessage] Exception in handler: Entity(168): Light not found
[14:02:18.645499] [E] [handleMessage] Exception in handler: Entity(170): Light not found
[14:02:18.645801] [I] FLR0026_CAMERA_APPLIED head=(5,0,-5) targetPresent=true target=(0,0,0) dolly=(5,0,5)
[14:02:18.746605] [I] FLR0026_MODEL_STAGE_COMPLETE asset=assets/models/sequoia_ngp.glb pending_models=0
[14:02:18.747007] [E] [handleMessage] Exception in handler: Entity(164): Light not found
[14:02:18.747067] [E] [handleMessage] Exception in handler: Entity(166): Light not found
[14:02:18.747139] [E] [handleMessage] Exception in handler: Entity(168): Light not found
[14:02:18.747172] [E] [handleMessage] Exception in handler: Entity(170): Light not found
[14:02:18.747339] [I] FLR0026_CAMERA_APPLIED head=(5,0,-5) targetPresent=true target=(0,0,0) dolly=(5,0,5)
[14:02:18.848101] [I] FLR0026_MODEL_STAGE_COMPLETE asset=assets/models/sequoia_ngp.glb pending_models=0
[14:02:18.848514] [E] [handleMessage] Exception in handler: Entity(164): Light not found
[14:02:18.848613] [E] [handleMessage] Exception in handler: Entity(166): Light not found
[14:02:18.848684] [E] [handleMessage] Exception in handler: Entity(168): Light not found
[14:02:18.848720] [E] [handleMessage] Exception in handler: Entity(170): Light not found
[14:02:18.848940] [I] FLR0026_CAMERA_APPLIED head=(5,0,-5) targetPresent=true target=(0,0,0) dolly=(5,0,5)
[14:02:18.949586] [I] FLR0026_MODEL_STAGE_COMPLETE asset=assets/models/sequoia_ngp.glb pending_models=0
[14:02:18.950010] [E] [handleMessage] Exception in handler: Entity(164): Light not found
[14:02:18.950089] [E] [handleMessage] Exception in handler: Entity(166): Light not found
[14:02:18.950122] [E] [handleMessage] Exception in handler: Entity(168): Light not found
[14:02:18.950152] [E] [handleMessage] Exception in handler: Entity(170): Light not found
[14:02:18.950334] [I] FLR0026_CAMERA_APPLIED head=(5,0,-5) targetPresent=true target=(0,0,0) dolly=(5,0,5)
[14:02:19.051098] [I] FLR0026_MODEL_STAGE_COMPLETE asset=assets/models/sequoia_ngp.glb pending_models=0
[14:02:19.051499] [E] [handleMessage] Exception in handler: Entity(164): Light not found
[14:02:19.051547] [E] [handleMessage] Exception in handler: Entity(166): Light not found
[14:02:19.051576] [E] [handleMessage] Exception in handler: Entity(168): Light not found
[14:02:19.051604] [E] [handleMessage] Exception in handler: Entity(170): Light not found
[14:02:19.051759] [I] FLR0026_CAMERA_APPLIED head=(5,0,-5) targetPresent=true target=(0,0,0) dolly=(5,0,5)
[14:02:19.152458] [I] FLR0026_MODEL_STAGE_PROGRESS seq=420 progress=1 assets=1
[14:02:19.152542] [I] FLR0026_MODEL_STAGE_COMPLETE asset=assets/models/sequoia_ngp.glb pending_models=0
[14:02:19.152713] [E] [handleMessage] Exception in handler: Entity(164): Light not found
[14:02:19.152758] [E] [handleMessage] Exception in handler: Entity(166): Light not found
[14:02:19.152788] [E] [handleMessage] Exception in handler: Entity(168): Light not found
[14:02:19.152939] [E] [handleMessage] Exception in handler: Entity(170): Light not found
[14:02:19.153129] [I] FLR0026_CAMERA_APPLIED head=(5,0,-5) targetPresent=true target=(0,0,0) dolly=(5,0,5)
[14:02:19.153312] [I] FLR0026_FRAME_BEGIN seq=420 started=false
[14:02:19.253699] [I] FLR0026_MODEL_STAGE_COMPLETE asset=assets/models/sequoia_ngp.glb pending_models=0
[14:02:19.253965] [E] [handleMessage] Exception in handler: Entity(164): Light not found
[14:02:19.254016] [E] [handleMessage] Exception in handler: Entity(166): Light not found
[14:02:19.254045] [E] [handleMessage] Exception in handler: Entity(168): Light not found
[14:02:19.254072] [E] [handleMessage] Exception in handler: Entity(170): Light not found
[14:02:19.254235] [I] FLR0026_CAMERA_APPLIED head=(5,0,-5) targetPresent=true target=(0,0,0) dolly=(5,0,5)
[14:02:19.355033] [I] FLR0026_MODEL_STAGE_COMPLETE asset=assets/models/sequoia_ngp.glb pending_models=0
[14:02:19.355452] [E] [handleMessage] Exception in handler: Entity(164): Light not found
[14:02:19.355554] [E] [handleMessage] Exception in handler: Entity(166): Light not found
[14:02:19.355628] [E] [handleMessage] Exception in handler: Entity(168): Light not found
[14:02:19.355697] [E] [handleMessage] Exception in handler: Entity(170): Light not found
[14:02:19.356054] [I] FLR0026_CAMERA_APPLIED head=(5,0,-5) targetPresent=true target=(0,0,0) dolly=(5,0,5)
[14:02:19.456727] [I] FLR0026_MODEL_STAGE_COMPLETE asset=assets/models/sequoia_ngp.glb pending_models=0
[14:02:19.457053] [E] [handleMessage] Exception in handler: Entity(164): Light not found
[14:02:19.457150] [E] [handleMessage] Exception in handler: Entity(166): Light not found
[14:02:19.457224] [E] [handleMessage] Exception in handler: Entity(168): Light not found
[14:02:19.457293] [E] [handleMessage] Exception in handler: Entity(170): Light not found
[14:02:19.457599] [I] FLR0026_CAMERA_APPLIED head=(5,0,-5) targetPresent=true target=(0,0,0) dolly=(5,0,5)
[14:02:19.558463] [I] FLR0026_MODEL_STAGE_COMPLETE asset=assets/models/sequoia_ngp.glb pending_models=0
[14:02:19.558721] [E] [handleMessage] Exception in handler: Entity(164): Light not found
[14:02:19.558768] [E] [handleMessage] Exception in handler: Entity(166): Light not found
[14:02:19.558798] [E] [handleMessage] Exception in handler: Entity(168): Light not found
[14:02:19.558938] [E] [handleMessage] Exception in handler: Entity(170): Light not found
[14:02:19.559131] [I] FLR0026_CAMERA_APPLIED head=(5,0,-5) targetPresent=true target=(0,0,0) dolly=(5,0,5)
[14:02:19.660142] [I] FLR0026_MODEL_STAGE_COMPLETE asset=assets/models/sequoia_ngp.glb pending_models=0
[14:02:19.660549] [E] [handleMessage] Exception in handler: Entity(164): Light not found
[14:02:19.660652] [E] [handleMessage] Exception in handler: Entity(166): Light not found
[14:02:19.660728] [E] [handleMessage] Exception in handler: Entity(168): Light not found
[14:02:19.660797] [E] [handleMessage] Exception in handler: Entity(170): Light not found
[14:02:19.661128] [I] FLR0026_CAMERA_APPLIED head=(5,0,-5) targetPresent=true target=(0,0,0) dolly=(5,0,5)
[14:02:19.761661] [I] FLR0026_MODEL_STAGE_COMPLETE asset=assets/models/sequoia_ngp.glb pending_models=0
[14:02:19.761928] [E] [handleMessage] Exception in handler: Entity(164): Light not found
[14:02:19.761982] [E] [handleMessage] Exception in handler: Entity(166): Light not found
[14:02:19.762014] [E] [handleMessage] Exception in handler: Entity(168): Light not found
[14:02:19.762043] [E] [handleMessage] Exception in handler: Entity(170): Light not found
[14:02:19.762208] [I] FLR0026_CAMERA_APPLIED head=(5,0,-5) targetPresent=true target=(0,0,0) dolly=(5,0,5)
[14:02:19.862744] [I] FLR0026_MODEL_STAGE_COMPLETE asset=assets/models/sequoia_ngp.glb pending_models=0
[14:02:19.863066] [E] [handleMessage] Exception in handler: Entity(164): Light not found
[14:02:19.863116] [E] [handleMessage] Exception in handler: Entity(166): Light not found
[14:02:19.863147] [E] [handleMessage] Exception in handler: Entity(168): Light not found
[14:02:19.863175] [E] [handleMessage] Exception in handler: Entity(170): Light not found
[14:02:19.863331] [I] FLR0026_CAMERA_APPLIED head=(5,0,-5) targetPresent=true target=(0,0,0) dolly=(5,0,5)
[14:02:19.964158] [I] FLR0026_MODEL_STAGE_COMPLETE asset=assets/models/sequoia_ngp.glb pending_models=0
[14:02:19.964561] [E] [handleMessage] Exception in handler: Entity(164): Light not found
[14:02:19.964667] [E] [handleMessage] Exception in handler: Entity(166): Light not found
[14:02:19.964701] [E] [handleMessage] Exception in handler: Entity(168): Light not found
[14:02:19.964731] [E] [handleMessage] Exception in handler: Entity(170): Light not found
[14:02:19.965005] [I] FLR0026_CAMERA_APPLIED head=(5,0,-5) targetPresent=true target=(0,0,0) dolly=(5,0,5)
[14:02:20.065582] [I] FLR0026_MODEL_STAGE_COMPLETE asset=assets/models/sequoia_ngp.glb pending_models=0
[14:02:20.065927] [E] [handleMessage] Exception in handler: Entity(164): Light not found
[14:02:20.065982] [E] [handleMessage] Exception in handler: Entity(166): Light not found
[14:02:20.066015] [E] [handleMessage] Exception in handler: Entity(168): Light not found
[14:02:20.066044] [E] [handleMessage] Exception in handler: Entity(170): Light not found
[14:02:20.066221] [I] FLR0026_CAMERA_APPLIED head=(5,0,-5) targetPresent=true target=(0,0,0) dolly=(5,0,5)
[14:02:20.167011] [I] FLR0026_MODEL_STAGE_COMPLETE asset=assets/models/sequoia_ngp.glb pending_models=0
[14:02:20.167446] [E] [handleMessage] Exception in handler: Entity(164): Light not found
[14:02:20.167503] [E] [handleMessage] Exception in handler: Entity(166): Light not found
[14:02:20.167533] [E] [handleMessage] Exception in handler: Entity(168): Light not found
[14:02:20.167562] [E] [handleMessage] Exception in handler: Entity(170): Light not found
[14:02:20.167726] [I] FLR0026_CAMERA_APPLIED head=(5,0,-5) targetPresent=true target=(0,0,0) dolly=(5,0,5)
[14:02:20.167939] [I] FLR0026_FRAME_BEGIN seq=430 started=false
[14:02:20.268478] [I] FLR0026_MODEL_STAGE_COMPLETE asset=assets/models/sequoia_ngp.glb pending_models=0
[14:02:20.268964] [E] [handleMessage] Exception in handler: Entity(164): Light not found
[14:02:20.269076] [E] [handleMessage] Exception in handler: Entity(166): Light not found
[14:02:20.269151] [E] [handleMessage] Exception in handler: Entity(168): Light not found
[14:02:20.269220] [E] [handleMessage] Exception in handler: Entity(170): Light not found
[14:02:20.269541] [I] FLR0026_CAMERA_APPLIED head=(5,0,-5) targetPresent=true target=(0,0,0) dolly=(5,0,5)
[14:02:20.370284] [I] FLR0026_MODEL_STAGE_COMPLETE asset=assets/models/sequoia_ngp.glb pending_models=0
[14:02:20.370702] [E] [handleMessage] Exception in handler: Entity(164): Light not found
[14:02:20.370807] [E] [handleMessage] Exception in handler: Entity(166): Light not found
[14:02:20.371068] [E] [handleMessage] Exception in handler: Entity(168): Light not found
[14:02:20.371167] [E] [handleMessage] Exception in handler: Entity(170): Light not found
[14:02:20.371491] [I] FLR0026_CAMERA_APPLIED head=(5,0,-5) targetPresent=true target=(0,0,0) dolly=(5,0,5)
[14:02:20.472039] [I] FLR0026_MODEL_STAGE_COMPLETE asset=assets/models/sequoia_ngp.glb pending_models=0
[14:02:20.472279] [E] [handleMessage] Exception in handler: Entity(164): Light not found
[14:02:20.472325] [E] [handleMessage] Exception in handler: Entity(166): Light not found
[14:02:20.472354] [E] [handleMessage] Exception in handler: Entity(168): Light not found
[14:02:20.472382] [E] [handleMessage] Exception in handler: Entity(170): Light not found
[14:02:20.472541] [I] FLR0026_CAMERA_APPLIED head=(5,0,-5) targetPresent=true target=(0,0,0) dolly=(5,0,5)
[14:02:20.573249] [I] FLR0026_MODEL_STAGE_COMPLETE asset=assets/models/sequoia_ngp.glb pending_models=0
[14:02:20.573649] [E] [handleMessage] Exception in handler: Entity(164): Light not found
[14:02:20.573753] [E] [handleMessage] Exception in handler: Entity(166): Light not found
[14:02:20.573986] [E] [handleMessage] Exception in handler: Entity(168): Light not found
[14:02:20.574087] [E] [handleMessage] Exception in handler: Entity(170): Light not found
[14:02:20.574372] [I] FLR0026_CAMERA_APPLIED head=(5,0,-5) targetPresent=true target=(0,0,0) dolly=(5,0,5)
[14:02:20.675049] [I] FLR0026_MODEL_STAGE_COMPLETE asset=assets/models/sequoia_ngp.glb pending_models=0
[14:02:20.675287] [E] [handleMessage] Exception in handler: Entity(164): Light not found
[14:02:20.675333] [E] [handleMessage] Exception in handler: Entity(166): Light not found
[14:02:20.675361] [E] [handleMessage] Exception in handler: Entity(168): Light not found
[14:02:20.675388] [E] [handleMessage] Exception in handler: Entity(170): Light not found
[14:02:20.675548] [I] FLR0026_CAMERA_APPLIED head=(5,0,-5) targetPresent=true target=(0,0,0) dolly=(5,0,5)
[14:02:20.776046] [I] FLR0026_MODEL_STAGE_COMPLETE asset=assets/models/sequoia_ngp.glb pending_models=0
[14:02:20.776271] [E] [handleMessage] Exception in handler: Entity(164): Light not found
[14:02:20.776319] [E] [handleMessage] Exception in handler: Entity(166): Light not found
[14:02:20.776349] [E] [handleMessage] Exception in handler: Entity(168): Light not found
[14:02:20.776379] [E] [handleMessage] Exception in handler: Entity(170): Light not found
[14:02:20.776545] [I] FLR0026_CAMERA_APPLIED head=(5,0,-5) targetPresent=true target=(0,0,0) dolly=(5,0,5)
[14:02:20.877298] [I] FLR0026_MODEL_STAGE_COMPLETE asset=assets/models/sequoia_ngp.glb pending_models=0
[14:02:20.877686] [E] [handleMessage] Exception in handler: Entity(164): Light not found
[14:02:20.877787] [E] [handleMessage] Exception in handler: Entity(166): Light not found
[14:02:20.878012] [E] [handleMessage] Exception in handler: Entity(168): Light not found
[14:02:20.878100] [E] [handleMessage] Exception in handler: Entity(170): Light not found
[14:02:20.878386] [I] FLR0026_CAMERA_APPLIED head=(5,0,-5) targetPresent=true target=(0,0,0) dolly=(5,0,5)
[14:02:20.979342] [I] FLR0026_MODEL_STAGE_COMPLETE asset=assets/models/sequoia_ngp.glb pending_models=0
[14:02:20.979720] [E] [handleMessage] Exception in handler: Entity(164): Light not found
[14:02:20.979945] [E] [handleMessage] Exception in handler: Entity(166): Light not found
[14:02:20.980056] [E] [handleMessage] Exception in handler: Entity(168): Light not found
[14:02:20.980127] [E] [handleMessage] Exception in handler: Entity(170): Light not found
[14:02:20.980421] [I] FLR0026_CAMERA_APPLIED head=(5,0,-5) targetPresent=true target=(0,0,0) dolly=(5,0,5)
[14:02:21.081520] [I] FLR0026_MODEL_STAGE_COMPLETE asset=assets/models/sequoia_ngp.glb pending_models=0
[14:02:21.081974] [E] [handleMessage] Exception in handler: Entity(164): Light not found
[14:02:21.082044] [E] [handleMessage] Exception in handler: Entity(166): Light not found
[14:02:21.082075] [E] [handleMessage] Exception in handler: Entity(168): Light not found
[14:02:21.082102] [E] [handleMessage] Exception in handler: Entity(170): Light not found
[14:02:21.082261] [I] FLR0026_CAMERA_APPLIED head=(5,0,-5) targetPresent=true target=(0,0,0) dolly=(5,0,5)
[14:02:21.183132] [I] FLR0026_MODEL_STAGE_COMPLETE asset=assets/models/sequoia_ngp.glb pending_models=0
[14:02:21.183534] [E] [handleMessage] Exception in handler: Entity(164): Light not found
[14:02:21.183639] [E] [handleMessage] Exception in handler: Entity(166): Light not found
[14:02:21.183714] [E] [handleMessage] Exception in handler: Entity(168): Light not found
[14:02:21.183906] [E] [handleMessage] Exception in handler: Entity(170): Light not found
[14:02:21.184097] [I] FLR0026_CAMERA_APPLIED head=(5,0,-5) targetPresent=true target=(0,0,0) dolly=(5,0,5)
[14:02:21.184303] [I] FLR0026_FRAME_BEGIN seq=440 started=false
[14:02:21.285002] [I] FLR0026_MODEL_STAGE_COMPLETE asset=assets/models/sequoia_ngp.glb pending_models=0
[14:02:21.285379] [E] [handleMessage] Exception in handler: Entity(164): Light not found
[14:02:21.285471] [E] [handleMessage] Exception in handler: Entity(166): Light not found
[14:02:21.285535] [E] [handleMessage] Exception in handler: Entity(168): Light not found
[14:02:21.285595] [E] [handleMessage] Exception in handler: Entity(170): Light not found
[14:02:21.285916] [I] FLR0026_CAMERA_APPLIED head=(5,0,-5) targetPresent=true target=(0,0,0) dolly=(5,0,5)
[14:02:21.387006] [I] FLR0026_MODEL_STAGE_COMPLETE asset=assets/models/sequoia_ngp.glb pending_models=0
[14:02:21.387427] [E] [handleMessage] Exception in handler: Entity(164): Light not found
[14:02:21.387532] [E] [handleMessage] Exception in handler: Entity(166): Light not found
[14:02:21.387607] [E] [handleMessage] Exception in handler: Entity(168): Light not found
[14:02:21.387745] [E] [handleMessage] Exception in handler: Entity(170): Light not found
[14:02:21.388715] [I] FLR0026_CAMERA_APPLIED head=(5,0,-5) targetPresent=true target=(0,0,0) dolly=(5,0,5)
[14:02:21.489956] [I] FLR0026_MODEL_STAGE_COMPLETE asset=assets/models/sequoia_ngp.glb pending_models=0
[14:02:21.490350] [E] [handleMessage] Exception in handler: Entity(164): Light not found
[14:02:21.490468] [E] [handleMessage] Exception in handler: Entity(166): Light not found
[14:02:21.490553] [E] [handleMessage] Exception in handler: Entity(168): Light not found
[14:02:21.490626] [E] [handleMessage] Exception in handler: Entity(170): Light not found
[14:02:21.490986] [I] FLR0026_CAMERA_APPLIED head=(5,0,-5) targetPresent=true target=(0,0,0) dolly=(5,0,5)
[14:02:21.591709] [I] FLR0026_MODEL_STAGE_COMPLETE asset=assets/models/sequoia_ngp.glb pending_models=0
[14:02:21.592262] [E] [handleMessage] Exception in handler: Entity(164): Light not found
[14:02:21.592380] [E] [handleMessage] Exception in handler: Entity(166): Light not found
[14:02:21.592462] [E] [handleMessage] Exception in handler: Entity(168): Light not found
[14:02:21.592537] [E] [handleMessage] Exception in handler: Entity(170): Light not found
[14:02:21.592993] [I] FLR0026_CAMERA_APPLIED head=(5,0,-5) targetPresent=true target=(0,0,0) dolly=(5,0,5)
[14:02:21.694089] [I] FLR0026_MODEL_STAGE_COMPLETE asset=assets/models/sequoia_ngp.glb pending_models=0
[14:02:21.694472] [E] [handleMessage] Exception in handler: Entity(164): Light not found
[14:02:21.694584] [E] [handleMessage] Exception in handler: Entity(166): Light not found
[14:02:21.694660] [E] [handleMessage] Exception in handler: Entity(168): Light not found
[14:02:21.694728] [E] [handleMessage] Exception in handler: Entity(170): Light not found
[14:02:21.695175] [I] FLR0026_CAMERA_APPLIED head=(5,0,-5) targetPresent=true target=(0,0,0) dolly=(5,0,5)
[14:02:21.796230] [I] FLR0026_MODEL_STAGE_COMPLETE asset=assets/models/sequoia_ngp.glb pending_models=0
[14:02:21.796648] [E] [handleMessage] Exception in handler: Entity(164): Light not found
[14:02:21.796752] [E] [handleMessage] Exception in handler: Entity(166): Light not found
[14:02:21.797005] [E] [handleMessage] Exception in handler: Entity(168): Light not found
[14:02:21.797119] [E] [handleMessage] Exception in handler: Entity(170): Light not found
[14:02:21.797411] [I] FLR0026_CAMERA_APPLIED head=(5,0,-5) targetPresent=true target=(0,0,0) dolly=(5,0,5)
FLR0026_VK_SWAPCHAIN_FLUSH_BEGIN\nFLR0026_VK_COMMAND_END_BEGIN buffer=0x7fde4c026940\nFLR0026_VK_COMMAND_END_DONE buffer=0x7fde4c026940\nFLR0026_VK_QUEUE_SUBMIT_BEGIN queue=0x7fde4c02c550 fence=0x7fde4c021260\nFLR0026_VK_QUEUE_SUBMIT_DONE result=0 queue=0x7fde4c02c550 fence=0x7fde4c021260\nFLR0026_VK_SWAPCHAIN_FLUSH_DONE flushed=true\nFLR0026_VK_FINISHED_SIGNAL_ACQUIRE_BEGIN\nFLR0026_VK_FINISHED_SIGNAL_ACQUIRE_DONE present=true\nFLR0026_VK_PRESENT_WAIT_SEMAPHORE enabled=true\nFLR0026_VK_QUEUE_PRESENT_BEGIN queue=0x7fde4c02c550 swapchain=0x7fde4dcb74b0 index=1\n[14:02:21.901018] [I] FLR0026_MODEL_STAGE_COMPLETE asset=assets/models/sequoia_ngp.glb pending_models=0
[14:02:21.901377] [E] [handleMessage] Exception in handler: Entity(164): Light not found
[14:02:21.901470] [E] [handleMessage] Exception in handler: Entity(166): Light not found
[14:02:21.901535] [E] [handleMessage] Exception in handler: Entity(168): Light not found
[14:02:21.901597] [E] [handleMessage] Exception in handler: Entity(170): Light not found
[14:02:21.901976] [I] FLR0026_CAMERA_APPLIED head=(5,0,-5) targetPresent=true target=(0,0,0) dolly=(5,0,5)
[14:02:22.002717] [I] FLR0026_MODEL_STAGE_COMPLETE asset=assets/models/sequoia_ngp.glb pending_models=0
[14:02:22.003000] [E] [handleMessage] Exception in handler: Entity(164): Light not found
[14:02:22.003052] [E] [handleMessage] Exception in handler: Entity(166): Light not found
[14:02:22.003085] [E] [handleMessage] Exception in handler: Entity(168): Light not found
[14:02:22.003114] [E] [handleMessage] Exception in handler: Entity(170): Light not found
[14:02:22.003279] [I] FLR0026_CAMERA_APPLIED head=(5,0,-5) targetPresent=true target=(0,0,0) dolly=(5,0,5)
[14:02:22.104183] [I] FLR0026_MODEL_STAGE_COMPLETE asset=assets/models/sequoia_ngp.glb pending_models=0
[14:02:22.104452] [E] [handleMessage] Exception in handler: Entity(164): Light not found
[14:02:22.104499] [E] [handleMessage] Exception in handler: Entity(166): Light not found
[14:02:22.104529] [E] [handleMessage] Exception in handler: Entity(168): Light not found
[14:02:22.104556] [E] [handleMessage] Exception in handler: Entity(170): Light not found
[14:02:22.104717] [I] FLR0026_CAMERA_APPLIED head=(5,0,-5) targetPresent=true target=(0,0,0) dolly=(5,0,5)
[14:02:22.205292] [I] FLR0026_MODEL_STAGE_COMPLETE asset=assets/models/sequoia_ngp.glb pending_models=0
[14:02:22.205529] [E] [handleMessage] Exception in handler: Entity(164): Light not found
[14:02:22.205575] [E] [handleMessage] Exception in handler: Entity(166): Light not found
[14:02:22.205605] [E] [handleMessage] Exception in handler: Entity(168): Light not found
[14:02:22.205632] [E] [handleMessage] Exception in handler: Entity(170): Light not found
[14:02:22.205790] [I] FLR0026_CAMERA_APPLIED head=(5,0,-5) targetPresent=true target=(0,0,0) dolly=(5,0,5)
[14:02:22.206057] [I] FLR0026_FRAME_BEGIN seq=450 started=false
[14:02:22.306597] [I] FLR0026_MODEL_STAGE_COMPLETE asset=assets/models/sequoia_ngp.glb pending_models=0
[14:02:22.307131] [E] [handleMessage] Exception in handler: Entity(164): Light not found
[14:02:22.307182] [E] [handleMessage] Exception in handler: Entity(166): Light not found
[14:02:22.307213] [E] [handleMessage] Exception in handler: Entity(168): Light not found
[14:02:22.307289] [E] [handleMessage] Exception in handler: Entity(170): Light not found
[14:02:22.307458] [I] FLR0026_CAMERA_APPLIED head=(5,0,-5) targetPresent=true target=(0,0,0) dolly=(5,0,5)
[14:02:22.408042] [I] FLR0026_MODEL_STAGE_COMPLETE asset=assets/models/sequoia_ngp.glb pending_models=0
[14:02:22.408283] [E] [handleMessage] Exception in handler: Entity(164): Light not found
[14:02:22.408330] [E] [handleMessage] Exception in handler: Entity(166): Light not found
[14:02:22.408361] [E] [handleMessage] Exception in handler: Entity(168): Light not found
[14:02:22.408390] [E] [handleMessage] Exception in handler: Entity(170): Light not found
[14:02:22.408548] [I] FLR0026_CAMERA_APPLIED head=(5,0,-5) targetPresent=true target=(0,0,0) dolly=(5,0,5)
[14:02:22.509391] [I] FLR0026_MODEL_STAGE_COMPLETE asset=assets/models/sequoia_ngp.glb pending_models=0
[14:02:22.509787] [E] [handleMessage] Exception in handler: Entity(164): Light not found
[14:02:22.509966] [E] [handleMessage] Exception in handler: Entity(166): Light not found
[14:02:22.510005] [E] [handleMessage] Exception in handler: Entity(168): Light not found
[14:02:22.510042] [E] [handleMessage] Exception in handler: Entity(170): Light not found
[14:02:22.510207] [I] FLR0026_CAMERA_APPLIED head=(5,0,-5) targetPresent=true target=(0,0,0) dolly=(5,0,5)
[14:02:22.610913] [I] FLR0026_MODEL_STAGE_COMPLETE asset=assets/models/sequoia_ngp.glb pending_models=0
[14:02:22.611167] [E] [handleMessage] Exception in handler: Entity(164): Light not found
[14:02:22.611216] [E] [handleMessage] Exception in handler: Entity(166): Light not found
[14:02:22.611258] [E] [handleMessage] Exception in handler: Entity(168): Light not found
[14:02:22.611285] [E] [handleMessage] Exception in handler: Entity(170): Light not found
[14:02:22.611442] [I] FLR0026_CAMERA_APPLIED head=(5,0,-5) targetPresent=true target=(0,0,0) dolly=(5,0,5)
[14:02:22.712147] [I] FLR0026_MODEL_STAGE_COMPLETE asset=assets/models/sequoia_ngp.glb pending_models=0
[14:02:22.712532] [E] [handleMessage] Exception in handler: Entity(164): Light not found
[14:02:22.712631] [E] [handleMessage] Exception in handler: Entity(166): Light not found
[14:02:22.712685] [E] [handleMessage] Exception in handler: Entity(168): Light not found
[14:02:22.712714] [E] [handleMessage] Exception in handler: Entity(170): Light not found
[14:02:22.712984] [I] FLR0026_CAMERA_APPLIED head=(5,0,-5) targetPresent=true target=(0,0,0) dolly=(5,0,5)
[14:02:22.813782] [I] FLR0026_MODEL_STAGE_COMPLETE asset=assets/models/sequoia_ngp.glb pending_models=0
[14:02:22.814295] [E] [handleMessage] Exception in handler: Entity(164): Light not found
[14:02:22.814397] [E] [handleMessage] Exception in handler: Entity(166): Light not found
[14:02:22.814469] [E] [handleMessage] Exception in handler: Entity(168): Light not found
[14:02:22.814557] [E] [handleMessage] Exception in handler: Entity(170): Light not found
[14:02:22.814774] [I] FLR0026_CAMERA_APPLIED head=(5,0,-5) targetPresent=true target=(0,0,0) dolly=(5,0,5)
[14:02:22.915369] [I] FLR0026_MODEL_STAGE_COMPLETE asset=assets/models/sequoia_ngp.glb pending_models=0
[14:02:22.915705] [E] [handleMessage] Exception in handler: Entity(164): Light not found
[14:02:22.915808] [E] [handleMessage] Exception in handler: Entity(166): Light not found
[14:02:22.916043] [E] [handleMessage] Exception in handler: Entity(168): Light not found
[14:02:22.916126] [E] [handleMessage] Exception in handler: Entity(170): Light not found
[14:02:22.916441] [I] FLR0026_CAMERA_APPLIED head=(5,0,-5) targetPresent=true target=(0,0,0) dolly=(5,0,5)
[14:02:23.017279] [I] FLR0026_MODEL_STAGE_COMPLETE asset=assets/models/sequoia_ngp.glb pending_models=0
[14:02:23.017667] [E] [handleMessage] Exception in handler: Entity(164): Light not found
[14:02:23.017759] [E] [handleMessage] Exception in handler: Entity(166): Light not found
[14:02:23.017976] [E] [handleMessage] Exception in handler: Entity(168): Light not found
[14:02:23.018072] [E] [handleMessage] Exception in handler: Entity(170): Light not found
[14:02:23.018378] [I] FLR0026_CAMERA_APPLIED head=(5,0,-5) targetPresent=true target=(0,0,0) dolly=(5,0,5)
[14:02:23.119380] [I] FLR0026_MODEL_STAGE_COMPLETE asset=assets/models/sequoia_ngp.glb pending_models=0
[14:02:23.119772] [E] [handleMessage] Exception in handler: Entity(164): Light not found
[14:02:23.120020] [E] [handleMessage] Exception in handler: Entity(166): Light not found
[14:02:23.120130] [E] [handleMessage] Exception in handler: Entity(168): Light not found
[14:02:23.120214] [E] [handleMessage] Exception in handler: Entity(170): Light not found
[14:02:23.120583] [I] FLR0026_CAMERA_APPLIED head=(5,0,-5) targetPresent=true target=(0,0,0) dolly=(5,0,5)
[14:02:23.221577] [I] FLR0026_MODEL_STAGE_COMPLETE asset=assets/models/sequoia_ngp.glb pending_models=0
[14:02:23.222106] [E] [handleMessage] Exception in handler: Entity(164): Light not found
[14:02:23.222220] [E] [handleMessage] Exception in handler: Entity(166): Light not found
[14:02:23.222296] [E] [handleMessage] Exception in handler: Entity(168): Light not found
[14:02:23.222366] [E] [handleMessage] Exception in handler: Entity(170): Light not found
[14:02:23.222691] [I] FLR0026_CAMERA_APPLIED head=(5,0,-5) targetPresent=true target=(0,0,0) dolly=(5,0,5)
[14:02:23.223122] [I] FLR0026_FRAME_BEGIN seq=460 started=false
[14:02:23.323724] [I] FLR0026_MODEL_STAGE_COMPLETE asset=assets/models/sequoia_ngp.glb pending_models=0
[14:02:23.324231] [E] [handleMessage] Exception in handler: Entity(164): Light not found
[14:02:23.324338] [E] [handleMessage] Exception in handler: Entity(166): Light not found
[14:02:23.324413] [E] [handleMessage] Exception in handler: Entity(168): Light not found
[14:02:23.324482] [E] [handleMessage] Exception in handler: Entity(170): Light not found
[14:02:23.324727] [I] FLR0026_CAMERA_APPLIED head=(5,0,-5) targetPresent=true target=(0,0,0) dolly=(5,0,5)
[14:02:23.425496] [I] FLR0026_MODEL_STAGE_COMPLETE asset=assets/models/sequoia_ngp.glb pending_models=0
[14:02:23.426045] [E] [handleMessage] Exception in handler: Entity(164): Light not found
[14:02:23.426183] [E] [handleMessage] Exception in handler: Entity(166): Light not found
[14:02:23.426260] [E] [handleMessage] Exception in handler: Entity(168): Light not found
[14:02:23.426331] [E] [handleMessage] Exception in handler: Entity(170): Light not found
[14:02:23.426668] [I] FLR0026_CAMERA_APPLIED head=(5,0,-5) targetPresent=true target=(0,0,0) dolly=(5,0,5)
[14:02:23.527431] [I] FLR0026_MODEL_STAGE_COMPLETE asset=assets/models/sequoia_ngp.glb pending_models=0
[14:02:23.527929] [E] [handleMessage] Exception in handler: Entity(164): Light not found
[14:02:23.528055] [E] [handleMessage] Exception in handler: Entity(166): Light not found
[14:02:23.528142] [E] [handleMessage] Exception in handler: Entity(168): Light not found
[14:02:23.528212] [E] [handleMessage] Exception in handler: Entity(170): Light not found
[14:02:23.528518] [I] FLR0026_CAMERA_APPLIED head=(5,0,-5) targetPresent=true target=(0,0,0) dolly=(5,0,5)
[14:02:23.629337] [I] FLR0026_MODEL_STAGE_COMPLETE asset=assets/models/sequoia_ngp.glb pending_models=0
[14:02:23.629745] [E] [handleMessage] Exception in handler: Entity(164): Light not found
[14:02:23.630006] [E] [handleMessage] Exception in handler: Entity(166): Light not found
[14:02:23.630113] [E] [handleMessage] Exception in handler: Entity(168): Light not found
[14:02:23.630190] [E] [handleMessage] Exception in handler: Entity(170): Light not found
[14:02:23.630503] [I] FLR0026_CAMERA_APPLIED head=(5,0,-5) targetPresent=true target=(0,0,0) dolly=(5,0,5)
[14:02:23.731387] [I] FLR0026_MODEL_STAGE_COMPLETE asset=assets/models/sequoia_ngp.glb pending_models=0
[14:02:23.731770] [E] [handleMessage] Exception in handler: Entity(164): Light not found
[14:02:23.732034] [E] [handleMessage] Exception in handler: Entity(166): Light not found
[14:02:23.732137] [E] [handleMessage] Exception in handler: Entity(168): Light not found
[14:02:23.732208] [E] [handleMessage] Exception in handler: Entity(170): Light not found
[14:02:23.732602] [I] FLR0026_CAMERA_APPLIED head=(5,0,-5) targetPresent=true target=(0,0,0) dolly=(5,0,5)
[14:02:23.833624] [I] FLR0026_MODEL_STAGE_COMPLETE asset=assets/models/sequoia_ngp.glb pending_models=0
[14:02:23.834162] [E] [handleMessage] Exception in handler: Entity(164): Light not found
[14:02:23.834274] [E] [handleMessage] Exception in handler: Entity(166): Light not found
[14:02:23.834350] [E] [handleMessage] Exception in handler: Entity(168): Light not found
[14:02:23.834420] [E] [handleMessage] Exception in handler: Entity(170): Light not found
[14:02:23.834749] [I] FLR0026_CAMERA_APPLIED head=(5,0,-5) targetPresent=true target=(0,0,0) dolly=(5,0,5)
[14:02:23.935954] [I] FLR0026_MODEL_STAGE_COMPLETE asset=assets/models/sequoia_ngp.glb pending_models=0
[14:02:23.936372] [E] [handleMessage] Exception in handler: Entity(164): Light not found
[14:02:23.936473] [E] [handleMessage] Exception in handler: Entity(166): Light not found
[14:02:23.936546] [E] [handleMessage] Exception in handler: Entity(168): Light not found
[14:02:23.936615] [E] [handleMessage] Exception in handler: Entity(170): Light not found
[14:02:23.936970] [I] FLR0026_CAMERA_APPLIED head=(5,0,-5) targetPresent=true target=(0,0,0) dolly=(5,0,5)
[14:02:24.037900] [I] FLR0026_MODEL_STAGE_COMPLETE asset=assets/models/sequoia_ngp.glb pending_models=0
[14:02:24.038322] [E] [handleMessage] Exception in handler: Entity(164): Light not found
[14:02:24.038424] [E] [handleMessage] Exception in handler: Entity(166): Light not found
[14:02:24.038501] [E] [handleMessage] Exception in handler: Entity(168): Light not found
[14:02:24.038585] [E] [handleMessage] Exception in handler: Entity(170): Light not found
[14:02:24.038931] [I] FLR0026_CAMERA_APPLIED head=(5,0,-5) targetPresent=true target=(0,0,0) dolly=(5,0,5)
[14:02:24.139961] [I] FLR0026_MODEL_STAGE_COMPLETE asset=assets/models/sequoia_ngp.glb pending_models=0
[14:02:24.140382] [E] [handleMessage] Exception in handler: Entity(164): Light not found
[14:02:24.140485] [E] [handleMessage] Exception in handler: Entity(166): Light not found
[14:02:24.140557] [E] [handleMessage] Exception in handler: Entity(168): Light not found
[14:02:24.140630] [E] [handleMessage] Exception in handler: Entity(170): Light not found
[14:02:24.140966] [I] FLR0026_CAMERA_APPLIED head=(5,0,-5) targetPresent=true target=(0,0,0) dolly=(5,0,5)
[14:02:24.242026] [I] FLR0026_MODEL_STAGE_COMPLETE asset=assets/models/sequoia_ngp.glb pending_models=0
[14:02:24.242403] [E] [handleMessage] Exception in handler: Entity(164): Light not found
[14:02:24.242504] [E] [handleMessage] Exception in handler: Entity(166): Light not found
[14:02:24.242589] [E] [handleMessage] Exception in handler: Entity(168): Light not found
[14:02:24.242657] [E] [handleMessage] Exception in handler: Entity(170): Light not found
[14:02:24.243023] [I] FLR0026_CAMERA_APPLIED head=(5,0,-5) targetPresent=true target=(0,0,0) dolly=(5,0,5)
[14:02:24.243414] [I] FLR0026_FRAME_BEGIN seq=470 started=false
[14:02:24.344107] [I] FLR0026_MODEL_STAGE_COMPLETE asset=assets/models/sequoia_ngp.glb pending_models=0
[14:02:24.344509] [E] [handleMessage] Exception in handler: Entity(164): Light not found
[14:02:24.344613] [E] [handleMessage] Exception in handler: Entity(166): Light not found
[14:02:24.344687] [E] [handleMessage] Exception in handler: Entity(168): Light not found
[14:02:24.344767] [E] [handleMessage] Exception in handler: Entity(170): Light not found
[14:02:24.345133] [I] FLR0026_CAMERA_APPLIED head=(5,0,-5) targetPresent=true target=(0,0,0) dolly=(5,0,5)
[14:02:24.445942] [I] FLR0026_MODEL_STAGE_COMPLETE asset=assets/models/sequoia_ngp.glb pending_models=0
[14:02:24.446177] [E] [handleMessage] Exception in handler: Entity(164): Light not found
[14:02:24.446223] [E] [handleMessage] Exception in handler: Entity(166): Light not found
[14:02:24.446252] [E] [handleMessage] Exception in handler: Entity(168): Light not found
[14:02:24.446317] [E] [handleMessage] Exception in handler: Entity(170): Light not found
[14:02:24.446476] [I] FLR0026_CAMERA_APPLIED head=(5,0,-5) targetPresent=true target=(0,0,0) dolly=(5,0,5)
[14:02:24.547964] [I] FLR0026_MODEL_STAGE_COMPLETE asset=assets/models/sequoia_ngp.glb pending_models=0
[14:02:24.548213] [E] [handleMessage] Exception in handler: Entity(164): Light not found
[14:02:24.548261] [E] [handleMessage] Exception in handler: Entity(166): Light not found
[14:02:24.548293] [E] [handleMessage] Exception in handler: Entity(168): Light not found
[14:02:24.548323] [E] [handleMessage] Exception in handler: Entity(170): Light not found
[14:02:24.548488] [I] FLR0026_CAMERA_APPLIED head=(5,0,-5) targetPresent=true target=(0,0,0) dolly=(5,0,5)
[14:02:24.651983] [I] FLR0026_MODEL_STAGE_COMPLETE asset=assets/models/sequoia_ngp.glb pending_models=0
[14:02:24.652245] [E] [handleMessage] Exception in handler: Entity(164): Light not found
[14:02:24.652296] [E] [handleMessage] Exception in handler: Entity(166): Light not found
[14:02:24.652328] [E] [handleMessage] Exception in handler: Entity(168): Light not found
[14:02:24.652358] [E] [handleMessage] Exception in handler: Entity(170): Light not found
[14:02:24.652529] [I] FLR0026_CAMERA_APPLIED head=(5,0,-5) targetPresent=true target=(0,0,0) dolly=(5,0,5)
[14:02:24.752960] [I] FLR0026_MODEL_STAGE_COMPLETE asset=assets/models/sequoia_ngp.glb pending_models=0
[14:02:24.753182] [E] [handleMessage] Exception in handler: Entity(164): Light not found
[14:02:24.753232] [E] [handleMessage] Exception in handler: Entity(166): Light not found
[14:02:24.753263] [E] [handleMessage] Exception in handler: Entity(168): Light not found
[14:02:24.753294] [E] [handleMessage] Exception in handler: Entity(170): Light not found
[14:02:24.753449] [I] FLR0026_CAMERA_APPLIED head=(5,0,-5) targetPresent=true target=(0,0,0) dolly=(5,0,5)
[14:02:24.856157] [I] FLR0026_MODEL_STAGE_COMPLETE asset=assets/models/sequoia_ngp.glb pending_models=0
[14:02:24.856400] [E] [handleMessage] Exception in handler: Entity(164): Light not found
[14:02:24.856449] [E] [handleMessage] Exception in handler: Entity(166): Light not found
[14:02:24.856480] [E] [handleMessage] Exception in handler: Entity(168): Light not found
[14:02:24.856509] [E] [handleMessage] Exception in handler: Entity(170): Light not found
[14:02:24.856671] [I] FLR0026_CAMERA_APPLIED head=(5,0,-5) targetPresent=true target=(0,0,0) dolly=(5,0,5)
[14:02:24.959951] [I] FLR0026_MODEL_STAGE_COMPLETE asset=assets/models/sequoia_ngp.glb pending_models=0
[14:02:24.960204] [E] [handleMessage] Exception in handler: Entity(164): Light not found
[14:02:24.960253] [E] [handleMessage] Exception in handler: Entity(166): Light not found
[14:02:24.960285] [E] [handleMessage] Exception in handler: Entity(168): Light not found
[14:02:24.960315] [E] [handleMessage] Exception in handler: Entity(170): Light not found
[14:02:24.960512] [I] FLR0026_CAMERA_APPLIED head=(5,0,-5) targetPresent=true target=(0,0,0) dolly=(5,0,5)
[14:02:25.061049] [I] FLR0026_MODEL_STAGE_COMPLETE asset=assets/models/sequoia_ngp.glb pending_models=0
[14:02:25.061309] [E] [handleMessage] Exception in handler: Entity(164): Light not found
[14:02:25.061358] [E] [handleMessage] Exception in handler: Entity(166): Light not found
[14:02:25.061389] [E] [handleMessage] Exception in handler: Entity(168): Light not found
[14:02:25.061418] [E] [handleMessage] Exception in handler: Entity(170): Light not found
[14:02:25.061581] [I] FLR0026_CAMERA_APPLIED head=(5,0,-5) targetPresent=true target=(0,0,0) dolly=(5,0,5)
[14:02:25.164951] [I] FLR0026_MODEL_STAGE_COMPLETE asset=assets/models/sequoia_ngp.glb pending_models=0
[14:02:25.165195] [E] [handleMessage] Exception in handler: Entity(164): Light not found
[14:02:25.165244] [E] [handleMessage] Exception in handler: Entity(166): Light not found
[14:02:25.165276] [E] [handleMessage] Exception in handler: Entity(168): Light not found
[14:02:25.165306] [E] [handleMessage] Exception in handler: Entity(170): Light not found
[14:02:25.165520] [I] FLR0026_CAMERA_APPLIED head=(5,0,-5) targetPresent=true target=(0,0,0) dolly=(5,0,5)
[14:02:25.265975] [I] FLR0026_MODEL_STAGE_PROGRESS seq=480 progress=1 assets=1
[14:02:25.266057] [I] FLR0026_MODEL_STAGE_COMPLETE asset=assets/models/sequoia_ngp.glb pending_models=0
[14:02:25.266246] [E] [handleMessage] Exception in handler: Entity(164): Light not found
[14:02:25.266293] [E] [handleMessage] Exception in handler: Entity(166): Light not found
[14:02:25.266323] [E] [handleMessage] Exception in handler: Entity(168): Light not found
[14:02:25.266352] [E] [handleMessage] Exception in handler: Entity(170): Light not found
[14:02:25.266512] [I] FLR0026_CAMERA_APPLIED head=(5,0,-5) targetPresent=true target=(0,0,0) dolly=(5,0,5)
[14:02:25.266713] [I] FLR0026_FRAME_BEGIN seq=480 started=false
[14:02:25.367129] [I] FLR0026_MODEL_STAGE_COMPLETE asset=assets/models/sequoia_ngp.glb pending_models=0
[14:02:25.367380] [E] [handleMessage] Exception in handler: Entity(164): Light not found
[14:02:25.367429] [E] [handleMessage] Exception in handler: Entity(166): Light not found
[14:02:25.367461] [E] [handleMessage] Exception in handler: Entity(168): Light not found
[14:02:25.367490] [E] [handleMessage] Exception in handler: Entity(170): Light not found
[14:02:25.367654] [I] FLR0026_CAMERA_APPLIED head=(5,0,-5) targetPresent=true target=(0,0,0) dolly=(5,0,5)
[14:02:25.469966] [I] FLR0026_MODEL_STAGE_COMPLETE asset=assets/models/sequoia_ngp.glb pending_models=0
[14:02:25.470209] [E] [handleMessage] Exception in handler: Entity(164): Light not found
[14:02:25.470257] [E] [handleMessage] Exception in handler: Entity(166): Light not found
[14:02:25.470292] [E] [handleMessage] Exception in handler: Entity(168): Light not found
[14:02:25.470330] [E] [handleMessage] Exception in handler: Entity(170): Light not found
[14:02:25.470500] [I] FLR0026_CAMERA_APPLIED head=(5,0,-5) targetPresent=true target=(0,0,0) dolly=(5,0,5)
[14:02:25.571982] [I] FLR0026_MODEL_STAGE_COMPLETE asset=assets/models/sequoia_ngp.glb pending_models=0
[14:02:25.572234] [E] [handleMessage] Exception in handler: Entity(164): Light not found
[14:02:25.572288] [E] [handleMessage] Exception in handler: Entity(166): Light not found
[14:02:25.572320] [E] [handleMessage] Exception in handler: Entity(168): Light not found
[14:02:25.572350] [E] [handleMessage] Exception in handler: Entity(170): Light not found
[14:02:25.572517] [I] FLR0026_CAMERA_APPLIED head=(5,0,-5) targetPresent=true target=(0,0,0) dolly=(5,0,5)
[14:02:25.673965] [I] FLR0026_MODEL_STAGE_COMPLETE asset=assets/models/sequoia_ngp.glb pending_models=0
[14:02:25.674216] [E] [handleMessage] Exception in handler: Entity(164): Light not found
[14:02:25.674265] [E] [handleMessage] Exception in handler: Entity(166): Light not found
[14:02:25.674301] [E] [handleMessage] Exception in handler: Entity(168): Light not found
[14:02:25.674330] [E] [handleMessage] Exception in handler: Entity(170): Light not found
[14:02:25.674493] [I] FLR0026_CAMERA_APPLIED head=(5,0,-5) targetPresent=true target=(0,0,0) dolly=(5,0,5)
[14:02:25.777966] [I] FLR0026_MODEL_STAGE_COMPLETE asset=assets/models/sequoia_ngp.glb pending_models=0
[14:02:25.778222] [E] [handleMessage] Exception in handler: Entity(164): Light not found
[14:02:25.778272] [E] [handleMessage] Exception in handler: Entity(166): Light not found
[14:02:25.778304] [E] [handleMessage] Exception in handler: Entity(168): Light not found
[14:02:25.778334] [E] [handleMessage] Exception in handler: Entity(170): Light not found
[14:02:25.778501] [I] FLR0026_CAMERA_APPLIED head=(5,0,-5) targetPresent=true target=(0,0,0) dolly=(5,0,5)
[14:02:25.879234] [I] FLR0026_MODEL_STAGE_COMPLETE asset=assets/models/sequoia_ngp.glb pending_models=0
[14:02:25.879478] [E] [handleMessage] Exception in handler: Entity(164): Light not found
[14:02:25.879529] [E] [handleMessage] Exception in handler: Entity(166): Light not found
[14:02:25.879561] [E] [handleMessage] Exception in handler: Entity(168): Light not found
[14:02:25.879635] [E] [handleMessage] Exception in handler: Entity(170): Light not found
[14:02:25.879804] [I] FLR0026_CAMERA_APPLIED head=(5,0,-5) targetPresent=true target=(0,0,0) dolly=(5,0,5)
[14:02:25.986281] [I] FLR0026_MODEL_STAGE_COMPLETE asset=assets/models/sequoia_ngp.glb pending_models=0
[14:02:25.986674] [E] [handleMessage] Exception in handler: Entity(164): Light not found
[14:02:25.986734] [E] [handleMessage] Exception in handler: Entity(166): Light not found
[14:02:25.986768] [E] [handleMessage] Exception in handler: Entity(168): Light not found
[14:02:25.986799] [E] [handleMessage] Exception in handler: Entity(170): Light not found
[14:02:25.987087] [I] FLR0026_CAMERA_APPLIED head=(5,0,-5) targetPresent=true target=(0,0,0) dolly=(5,0,5)
[14:02:26.087708] [I] FLR0026_MODEL_STAGE_COMPLETE asset=assets/models/sequoia_ngp.glb pending_models=0
[14:02:26.088011] [E] [handleMessage] Exception in handler: Entity(164): Light not found
[14:02:26.088068] [E] [handleMessage] Exception in handler: Entity(166): Light not found
[14:02:26.088101] [E] [handleMessage] Exception in handler: Entity(168): Light not found
[14:02:26.088131] [E] [handleMessage] Exception in handler: Entity(170): Light not found
[14:02:26.088296] [I] FLR0026_CAMERA_APPLIED head=(5,0,-5) targetPresent=true target=(0,0,0) dolly=(5,0,5)
[14:02:26.189134] [I] FLR0026_MODEL_STAGE_COMPLETE asset=assets/models/sequoia_ngp.glb pending_models=0
[14:02:26.189536] [E] [handleMessage] Exception in handler: Entity(164): Light not found
[14:02:26.189644] [E] [handleMessage] Exception in handler: Entity(166): Light not found
[14:02:26.189720] [E] [handleMessage] Exception in handler: Entity(168): Light not found
[14:02:26.189792] [E] [handleMessage] Exception in handler: Entity(170): Light not found
[14:02:26.190192] [I] FLR0026_CAMERA_APPLIED head=(5,0,-5) targetPresent=true target=(0,0,0) dolly=(5,0,5)
[14:02:26.291054] [I] FLR0026_MODEL_STAGE_COMPLETE asset=assets/models/sequoia_ngp.glb pending_models=0
[14:02:26.291451] [E] [handleMessage] Exception in handler: Entity(164): Light not found
[14:02:26.291551] [E] [handleMessage] Exception in handler: Entity(166): Light not found
[14:02:26.291623] [E] [handleMessage] Exception in handler: Entity(168): Light not found
[14:02:26.291691] [E] [handleMessage] Exception in handler: Entity(170): Light not found
[14:02:26.292061] [I] FLR0026_CAMERA_APPLIED head=(5,0,-5) targetPresent=true target=(0,0,0) dolly=(5,0,5)
[14:02:26.292456] [I] FLR0026_FRAME_BEGIN seq=490 started=false
[14:02:26.393052] [I] FLR0026_MODEL_STAGE_COMPLETE asset=assets/models/sequoia_ngp.glb pending_models=0
[14:02:26.393484] [E] [handleMessage] Exception in handler: Entity(164): Light not found
[14:02:26.393591] [E] [handleMessage] Exception in handler: Entity(166): Light not found
[14:02:26.393667] [E] [handleMessage] Exception in handler: Entity(168): Light not found
[14:02:26.393738] [E] [handleMessage] Exception in handler: Entity(170): Light not found
[14:02:26.394207] [I] FLR0026_CAMERA_APPLIED head=(5,0,-5) targetPresent=true target=(0,0,0) dolly=(5,0,5)
[14:02:26.495122] [I] FLR0026_MODEL_STAGE_COMPLETE asset=assets/models/sequoia_ngp.glb pending_models=0
[14:02:26.495503] [E] [handleMessage] Exception in handler: Entity(164): Light not found
[14:02:26.495603] [E] [handleMessage] Exception in handler: Entity(166): Light not found
[14:02:26.495677] [E] [handleMessage] Exception in handler: Entity(168): Light not found
[14:02:26.495750] [E] [handleMessage] Exception in handler: Entity(170): Light not found
[14:02:26.496132] [I] FLR0026_CAMERA_APPLIED head=(5,0,-5) targetPresent=true target=(0,0,0) dolly=(5,0,5)
[14:02:26.597982] [I] FLR0026_MODEL_STAGE_COMPLETE asset=assets/models/sequoia_ngp.glb pending_models=0
[14:02:26.598251] [E] [handleMessage] Exception in handler: Entity(164): Light not found
[14:02:26.598303] [E] [handleMessage] Exception in handler: Entity(166): Light not found
[14:02:26.598381] [E] [handleMessage] Exception in handler: Entity(168): Light not found
[14:02:26.598418] [E] [handleMessage] Exception in handler: Entity(170): Light not found
[14:02:26.598590] [I] FLR0026_CAMERA_APPLIED head=(5,0,-5) targetPresent=true target=(0,0,0) dolly=(5,0,5)
FLR0026_VK_QUEUE_PRESENT result=0 surface=7fde4dcdbe60 swapchain=7fde4dcb74b0 index=1
FLR0026_VK_SWAPCHAIN_FLUSH_BEGIN\nFLR0026_VK_COMMAND_END_BEGIN buffer=0x7fde4c026940\nFLR0026_VK_COMMAND_END_DONE buffer=0x7fde4c026940\nFLR0026_VK_QUEUE_SUBMIT_BEGIN queue=0x7fde4c02c550 fence=0x7fde4c021260\nFLR0026_VK_QUEUE_SUBMIT_DONE result=0 queue=0x7fde4c02c550 fence=0x7fde4c021260\nFLR0026_VK_SWAPCHAIN_FLUSH_DONE flushed=true\nFLR0026_VK_FINISHED_SIGNAL_ACQUIRE_BEGIN\nFLR0026_VK_FINISHED_SIGNAL_ACQUIRE_DONE present=true\nFLR0026_VK_PRESENT_WAIT_SEMAPHORE enabled=true\nFLR0026_VK_QUEUE_PRESENT_BEGIN queue=0x7fde4c02c550 swapchain=0x7fde4dcb74b0 index=0\nFLR0026_VK_END_FRAME_BEGIN
[14:02:26.701965] [I] FLR0026_MODEL_STAGE_COMPLETE asset=assets/models/sequoia_ngp.glb pending_models=0
[14:02:26.702207] [E] [handleMessage] Exception in handler: Entity(164): Light not found
[14:02:26.702255] [E] [handleMessage] Exception in handler: Entity(166): Light not found
[14:02:26.702286] [E] [handleMessage] Exception in handler: Entity(168): Light not found
[14:02:26.702315] [E] [handleMessage] Exception in handler: Entity(170): Light not found
[14:02:26.702478] [I] FLR0026_CAMERA_APPLIED head=(5,0,-5) targetPresent=true target=(0,0,0) dolly=(5,0,5)
FLR0026_VK_QUEUE_PRESENT result=0 surface=7fde4dcdbe60 swapchain=7fde4dcb74b0 index=0
FLR0026_VK_SWAPCHAIN_FLUSH_BEGIN\nFLR0026_VK_COMMAND_END_BEGIN buffer=0x7fde4c0251c0\nFLR0026_VK_COMMAND_END_DONE buffer=0x7fde4c0251c0\nFLR0026_VK_QUEUE_SUBMIT_BEGIN queue=0x7fde4c02c550 fence=0x7fde4db00850\nFLR0026_VK_QUEUE_SUBMIT_DONE result=0 queue=0x7fde4c02c550 fence=0x7fde4db00850\nFLR0026_VK_SWAPCHAIN_FLUSH_DONE flushed=true\nFLR0026_VK_FINISHED_SIGNAL_ACQUIRE_BEGIN\nFLR0026_VK_FINISHED_SIGNAL_ACQUIRE_DONE present=true\nFLR0026_VK_PRESENT_WAIT_SEMAPHORE enabled=true\nFLR0026_VK_QUEUE_PRESENT_BEGIN queue=0x7fde4c02c550 swapchain=0x7fde4dcb74b0 index=1\nFLR0026_VK_END_FRAME_BEGIN
[14:02:28.675900] [I] FLR0026_MODEL_STAGE_COMPLETE asset=assets/models/sequoia_ngp.glb pending_models=0
[14:02:28.676151] [E] [handleMessage] Exception in handler: Entity(164): Light not found
[14:02:28.676199] [E] [handleMessage] Exception in handler: Entity(166): Light not found
[14:02:28.676230] [E] [handleMessage] Exception in handler: Entity(168): Light not found
[14:02:28.676259] [E] [handleMessage] Exception in handler: Entity(170): Light not found
[14:02:28.676435] [I] FLR0026_CAMERA_APPLIED head=(5,0,-5) targetPresent=true target=(0,0,0) dolly=(5,0,5)
