[13:57:41.596826] [I] FLR0026_MODEL_SELECTED ordinal=0 asset=assets/models/sequoia_ngp.glb
[13:57:41.597153] [I] FLR0026_MODEL_LOAD_PLAN total=60 limit=1 match= inspected=2 queued=1
[13:57:41.599667] [I] FLR0026_LIGHT_SELECTED ordinal=0 guid=126 type=POINT
[13:57:41.599982] [I] FLR0026_LIGHT_SETUP_PLAN total=13 limit=1 type_filter= skip_guid_filter= trace_guid_filter= position_override_guid=0 position_override_enabled=false selected=1
[13:57:41.630225] [I] FLR0026_SHAPE_READY guid=188 entity=6 renderable=true
[13:57:41.630636] [I] FLR0026_SHAPE_READY guid=190 entity=7 renderable=true
[13:57:41.630792] [I] FLR0026_SHAPE_READY guid=192 entity=8 renderable=true
[13:57:41.926144] [I] FLR0026_SHAPE_READY guid=194 entity=9 renderable=true
[13:57:41.926696] [I] FLR0026_SHAPE_READY guid=196 entity=10 renderable=true
[13:57:41.927228] [I] FLR0026_SHAPE_READY guid=198 entity=11 renderable=true
[13:57:41.928031] [I] FLR0026_SHAPE_READY guid=200 entity=12 renderable=true
[13:57:41.928168] [I] FLR0026_SHAPE_READY guid=202 entity=13 renderable=true
[13:57:41.928288] [I] FLR0026_SHAPE_READY guid=212 entity=14 renderable=true
[13:57:41.928430] [I] FLR0026_SHAPE_READY guid=204 entity=15 renderable=true
[13:57:41.928521] [I] FLR0026_SHAPE_READY guid=206 entity=16 renderable=true
[13:57:41.928612] [I] FLR0026_SHAPE_READY guid=208 entity=17 renderable=true
[13:57:41.928768] [I] FLR0026_SHAPE_READY guid=210 entity=18 renderable=true
[13:57:41.928866] [I] FLR0026_SHAPE_READY guid=118 entity=19 renderable=true
[13:57:41.928967] [I] FLR0026_SHAPE_READY guid=120 entity=20 renderable=true
[13:57:41.929104] [I] FLR0026_SHAPE_READY guid=216 entity=21 renderable=true
[13:57:41.929247] [I] FLR0026_SHAPE_READY guid=244 entity=22 renderable=true
[13:57:41.929464] [I] FLR0026_SHAPE_READY guid=246 entity=23 renderable=true
[13:57:41.929600] [I] FLR0026_SHAPE_READY guid=248 entity=24 renderable=true
[13:57:41.929728] [I] FLR0026_SHAPE_READY guid=250 entity=25 renderable=true
[13:57:41.929860] [I] FLR0026_SHAPE_READY guid=252 entity=26 renderable=true
[13:57:41.929992] [I] FLR0026_SHAPE_READY guid=254 entity=27 renderable=true
[13:57:41.930114] [I] FLR0026_SHAPE_READY guid=256 entity=28 renderable=true
[13:57:41.930235] [I] FLR0026_SHAPE_READY guid=258 entity=29 renderable=true
[13:57:41.930386] [I] FLR0026_SHAPE_READY guid=260 entity=30 renderable=true
[13:57:41.930525] [I] FLR0026_SHAPE_READY guid=262 entity=31 renderable=true
[13:57:41.930785] [I] FLR0026_SHAPE_READY guid=220 entity=32 renderable=true
[13:57:41.931033] [I] FLR0026_SHAPE_READY guid=222 entity=33 renderable=true
[13:57:41.931281] [I] FLR0026_SHAPE_READY guid=224 entity=34 renderable=true
[13:57:41.931602] [I] FLR0026_SHAPE_READY guid=226 entity=35 renderable=true
[13:57:41.931907] [I] FLR0026_SHAPE_READY guid=228 entity=36 renderable=true
[13:57:41.932159] [I] FLR0026_SHAPE_READY guid=230 entity=37 renderable=true
[13:57:41.932444] [I] FLR0026_SHAPE_READY guid=232 entity=38 renderable=true
[13:57:41.932758] [I] FLR0026_SHAPE_READY guid=234 entity=39 renderable=true
[13:57:41.933073] [I] FLR0026_SHAPE_READY guid=236 entity=40 renderable=true
[13:57:41.933346] [I] FLR0026_SHAPE_READY guid=238 entity=41 renderable=true
[13:57:41.933532] [I] FLR0026_SHAPE_READY guid=264 entity=42 renderable=true
[13:57:42.040428] [I] FLR0026_MODEL_STAGE_PROGRESS seq=1 progress=0 assets=1
[13:57:42.043604] [I] FLR0026_SHAPE_READY guid=197 entity=52 renderable=true
[13:57:42.044491] [I] FLR0026_SHAPE_READY guid=199 entity=53 renderable=true
[13:57:42.044972] [I] FLR0026_SHAPE_READY guid=201 entity=54 renderable=true
[13:57:42.045396] [I] FLR0026_SHAPE_READY guid=203 entity=55 renderable=true
[13:57:42.045798] [I] FLR0026_SHAPE_READY guid=205 entity=56 renderable=true
[13:57:42.046202] [I] FLR0026_SHAPE_READY guid=207 entity=57 renderable=true
[13:57:42.046661] [I] FLR0026_SHAPE_READY guid=209 entity=58 renderable=true
[13:57:42.051271] [I] FLR0026_FRAME_BEGIN seq=1 started=true
[13:57:42.234431] [I] FLR0026_MODEL_STAGE_ASSET_CREATED asset=assets/models/sequoia_ngp.glb guid=2 bytes=13671064 entities=22
[13:57:42.312893] [I] FLR0026_MODEL_STAGE_ASYNC_BEGIN asset=assets/models/sequoia_ngp.glb guid=2
[13:57:42.313137] [I] FLR0026_MODEL_STAGE_INSTANCE_READY asset=assets/models/sequoia_ngp.glb guid=2 instance=0x7f8dc811efd0
[13:57:42.980743] [I] FLR0026_MODEL_STAGE_PROGRESS seq=2 progress=1 assets=1
[13:57:42.981012] [I] FLR0026_MODEL_STAGE_COMPLETE asset=assets/models/sequoia_ngp.glb pending_models=1
[13:57:42.982138] [I] FLR0026_FRAME_BEGIN seq=2 started=true
[13:57:43.085579] [I] FLR0026_MODEL_STAGE_PROGRESS seq=3 progress=1 assets=1
[13:57:43.085761] [I] FLR0026_MODEL_STAGE_COMPLETE asset=assets/models/sequoia_ngp.glb pending_models=0
[13:57:43.086978] [I] FLR0026_FRAME_BEGIN seq=3 started=false
[13:57:43.189764] [I] FLR0026_MODEL_STAGE_PROGRESS seq=4 progress=1 assets=1
[13:57:43.189969] [I] FLR0026_MODEL_STAGE_COMPLETE asset=assets/models/sequoia_ngp.glb pending_models=0
[13:57:43.291268] [I] FLR0026_MODEL_STAGE_PROGRESS seq=5 progress=1 assets=1
[13:57:43.291441] [I] FLR0026_MODEL_STAGE_COMPLETE asset=assets/models/sequoia_ngp.glb pending_models=0
[13:57:43.393613] [I] FLR0026_MODEL_STAGE_COMPLETE asset=assets/models/sequoia_ngp.glb pending_models=0
[13:57:43.495820] [I] FLR0026_MODEL_STAGE_COMPLETE asset=assets/models/sequoia_ngp.glb pending_models=0
[13:57:43.497415] [I] FLR0026_CAMERA_APPLIED head=(5,0,-5) targetPresent=true target=(0,0,0) dolly=(5,0,5)
[13:57:43.599186] [I] FLR0026_MODEL_STAGE_COMPLETE asset=assets/models/sequoia_ngp.glb pending_models=0
[13:57:43.609004] [E] [handleMessage] Exception in handler: Entity(164): Light not found
[13:57:43.609621] [E] [handleMessage] Exception in handler: Entity(166): Light not found
[13:57:43.609731] [E] [handleMessage] Exception in handler: Entity(168): Light not found
[13:57:43.609804] [E] [handleMessage] Exception in handler: Entity(170): Light not found
[13:57:43.610158] [I] FLR0026_CAMERA_APPLIED head=(5,0,-5) targetPresent=true target=(0,0,0) dolly=(5,0,5)
[13:57:43.711459] [I] FLR0026_MODEL_STAGE_COMPLETE asset=assets/models/sequoia_ngp.glb pending_models=0
[13:57:43.711861] [E] [handleMessage] Exception in handler: Entity(164): Light not found
[13:57:43.711961] [E] [handleMessage] Exception in handler: Entity(166): Light not found
[13:57:43.712035] [E] [handleMessage] Exception in handler: Entity(168): Light not found
[13:57:43.712101] [E] [handleMessage] Exception in handler: Entity(170): Light not found
[13:57:43.712495] [I] FLR0026_CAMERA_APPLIED head=(5,0,-5) targetPresent=true target=(0,0,0) dolly=(5,0,5)
[13:57:43.814038] [I] FLR0026_MODEL_STAGE_COMPLETE asset=assets/models/sequoia_ngp.glb pending_models=0
[13:57:43.814478] [E] [handleMessage] Exception in handler: Entity(164): Light not found
[13:57:43.814593] [E] [handleMessage] Exception in handler: Entity(166): Light not found
[13:57:43.814669] [E] [handleMessage] Exception in handler: Entity(168): Light not found
[13:57:43.814737] [E] [handleMessage] Exception in handler: Entity(170): Light not found
[13:57:43.815072] [I] FLR0026_CAMERA_APPLIED head=(5,0,-5) targetPresent=true target=(0,0,0) dolly=(5,0,5)
[13:57:43.815560] [I] FLR0026_FRAME_BEGIN seq=10 started=false
[13:57:43.916223] [I] FLR0026_MODEL_STAGE_COMPLETE asset=assets/models/sequoia_ngp.glb pending_models=0
[13:57:43.916719] [E] [handleMessage] Exception in handler: Entity(164): Light not found
[13:57:43.916827] [E] [handleMessage] Exception in handler: Entity(166): Light not found
[13:57:43.916897] [E] [handleMessage] Exception in handler: Entity(168): Light not found
[13:57:43.916964] [E] [handleMessage] Exception in handler: Entity(170): Light not found
[13:57:43.917290] [I] FLR0026_CAMERA_APPLIED head=(5,0,-5) targetPresent=true target=(0,0,0) dolly=(5,0,5)
[13:57:44.018269] [I] FLR0026_MODEL_STAGE_COMPLETE asset=assets/models/sequoia_ngp.glb pending_models=0
[13:57:44.018698] [E] [handleMessage] Exception in handler: Entity(164): Light not found
[13:57:44.018799] [E] [handleMessage] Exception in handler: Entity(166): Light not found
[13:57:44.018870] [E] [handleMessage] Exception in handler: Entity(168): Light not found
[13:57:44.018936] [E] [handleMessage] Exception in handler: Entity(170): Light not found
[13:57:44.019235] [I] FLR0026_CAMERA_APPLIED head=(5,0,-5) targetPresent=true target=(0,0,0) dolly=(5,0,5)
[13:57:44.120199] [I] FLR0026_MODEL_STAGE_COMPLETE asset=assets/models/sequoia_ngp.glb pending_models=0
[13:57:44.120442] [E] [handleMessage] Exception in handler: Entity(164): Light not found
[13:57:44.120499] [E] [handleMessage] Exception in handler: Entity(166): Light not found
[13:57:44.120528] [E] [handleMessage] Exception in handler: Entity(168): Light not found
[13:57:44.120554] [E] [handleMessage] Exception in handler: Entity(170): Light not found
[13:57:44.120697] [I] FLR0026_CAMERA_APPLIED head=(5,0,-5) targetPresent=true target=(0,0,0) dolly=(5,0,5)
[13:57:44.224161] [I] FLR0026_MODEL_STAGE_COMPLETE asset=assets/models/sequoia_ngp.glb pending_models=0
[13:57:44.224636] [E] [handleMessage] Exception in handler: Entity(164): Light not found
[13:57:44.224736] [E] [handleMessage] Exception in handler: Entity(166): Light not found
[13:57:44.224803] [E] [handleMessage] Exception in handler: Entity(168): Light not found
[13:57:44.224866] [E] [handleMessage] Exception in handler: Entity(170): Light not found
[13:57:44.225160] [I] FLR0026_CAMERA_APPLIED head=(5,0,-5) targetPresent=true target=(0,0,0) dolly=(5,0,5)
[13:57:44.326131] [I] FLR0026_MODEL_STAGE_COMPLETE asset=assets/models/sequoia_ngp.glb pending_models=0
[13:57:44.326575] [E] [handleMessage] Exception in handler: Entity(164): Light not found
[13:57:44.326678] [E] [handleMessage] Exception in handler: Entity(166): Light not found
[13:57:44.326746] [E] [handleMessage] Exception in handler: Entity(168): Light not found
[13:57:44.326810] [E] [handleMessage] Exception in handler: Entity(170): Light not found
[13:57:44.327128] [I] FLR0026_CAMERA_APPLIED head=(5,0,-5) targetPresent=true target=(0,0,0) dolly=(5,0,5)
[13:57:44.427971] [I] FLR0026_MODEL_STAGE_COMPLETE asset=assets/models/sequoia_ngp.glb pending_models=0
[13:57:44.428198] [E] [handleMessage] Exception in handler: Entity(164): Light not found
[13:57:44.428244] [E] [handleMessage] Exception in handler: Entity(166): Light not found
[13:57:44.428273] [E] [handleMessage] Exception in handler: Entity(168): Light not found
[13:57:44.428300] [E] [handleMessage] Exception in handler: Entity(170): Light not found
[13:57:44.428513] [I] FLR0026_CAMERA_APPLIED head=(5,0,-5) targetPresent=true target=(0,0,0) dolly=(5,0,5)
[13:57:44.531494] [I] FLR0026_MODEL_STAGE_COMPLETE asset=assets/models/sequoia_ngp.glb pending_models=0
[13:57:44.531718] [E] [handleMessage] Exception in handler: Entity(164): Light not found
[13:57:44.531761] [E] [handleMessage] Exception in handler: Entity(166): Light not found
[13:57:44.531788] [E] [handleMessage] Exception in handler: Entity(168): Light not found
[13:57:44.531813] [E] [handleMessage] Exception in handler: Entity(170): Light not found
[13:57:44.531955] [I] FLR0026_CAMERA_APPLIED head=(5,0,-5) targetPresent=true target=(0,0,0) dolly=(5,0,5)
[13:57:44.633772] [I] FLR0026_MODEL_STAGE_COMPLETE asset=assets/models/sequoia_ngp.glb pending_models=0
[13:57:44.634131] [E] [handleMessage] Exception in handler: Entity(164): Light not found
[13:57:44.634228] [E] [handleMessage] Exception in handler: Entity(166): Light not found
[13:57:44.634297] [E] [handleMessage] Exception in handler: Entity(168): Light not found
[13:57:44.634569] [E] [handleMessage] Exception in handler: Entity(170): Light not found
[13:57:44.634902] [I] FLR0026_CAMERA_APPLIED head=(5,0,-5) targetPresent=true target=(0,0,0) dolly=(5,0,5)
[13:57:44.735825] [I] FLR0026_MODEL_STAGE_COMPLETE asset=assets/models/sequoia_ngp.glb pending_models=0
[13:57:44.736181] [E] [handleMessage] Exception in handler: Entity(164): Light not found
[13:57:44.736278] [E] [handleMessage] Exception in handler: Entity(166): Light not found
[13:57:44.736347] [E] [handleMessage] Exception in handler: Entity(168): Light not found
[13:57:44.736515] [E] [handleMessage] Exception in handler: Entity(170): Light not found
[13:57:44.736841] [I] FLR0026_CAMERA_APPLIED head=(5,0,-5) targetPresent=true target=(0,0,0) dolly=(5,0,5)
[13:57:44.837879] [I] FLR0026_MODEL_STAGE_COMPLETE asset=assets/models/sequoia_ngp.glb pending_models=0
[13:57:44.838254] [E] [handleMessage] Exception in handler: Entity(164): Light not found
[13:57:44.838349] [E] [handleMessage] Exception in handler: Entity(166): Light not found
[13:57:44.838516] [E] [handleMessage] Exception in handler: Entity(168): Light not found
[13:57:44.838586] [E] [handleMessage] Exception in handler: Entity(170): Light not found
[13:57:44.838905] [I] FLR0026_CAMERA_APPLIED head=(5,0,-5) targetPresent=true target=(0,0,0) dolly=(5,0,5)
[13:57:44.839285] [I] FLR0026_FRAME_BEGIN seq=20 started=false
[13:57:44.940047] [I] FLR0026_MODEL_STAGE_COMPLETE asset=assets/models/sequoia_ngp.glb pending_models=0
[13:57:44.940644] [E] [handleMessage] Exception in handler: Entity(164): Light not found
[13:57:44.940772] [E] [handleMessage] Exception in handler: Entity(166): Light not found
[13:57:44.940853] [E] [handleMessage] Exception in handler: Entity(168): Light not found
[13:57:44.940927] [E] [handleMessage] Exception in handler: Entity(170): Light not found
[13:57:44.941240] [I] FLR0026_CAMERA_APPLIED head=(5,0,-5) targetPresent=true target=(0,0,0) dolly=(5,0,5)
[13:57:45.042299] [I] FLR0026_MODEL_STAGE_COMPLETE asset=assets/models/sequoia_ngp.glb pending_models=0
[13:57:45.042823] [E] [handleMessage] Exception in handler: Entity(164): Light not found
[13:57:45.042930] [E] [handleMessage] Exception in handler: Entity(166): Light not found
[13:57:45.043006] [E] [handleMessage] Exception in handler: Entity(168): Light not found
[13:57:45.043080] [E] [handleMessage] Exception in handler: Entity(170): Light not found
[13:57:45.043466] [I] FLR0026_CAMERA_APPLIED head=(5,0,-5) targetPresent=true target=(0,0,0) dolly=(5,0,5)
[13:57:45.144614] [I] FLR0026_MODEL_STAGE_COMPLETE asset=assets/models/sequoia_ngp.glb pending_models=0
[13:57:45.144996] [E] [handleMessage] Exception in handler: Entity(164): Light not found
[13:57:45.145102] [E] [handleMessage] Exception in handler: Entity(166): Light not found
[13:57:45.145179] [E] [handleMessage] Exception in handler: Entity(168): Light not found
[13:57:45.145253] [E] [handleMessage] Exception in handler: Entity(170): Light not found
[13:57:45.145660] [I] FLR0026_CAMERA_APPLIED head=(5,0,-5) targetPresent=true target=(0,0,0) dolly=(5,0,5)
[13:57:45.246848] [I] FLR0026_MODEL_STAGE_COMPLETE asset=assets/models/sequoia_ngp.glb pending_models=0
[13:57:45.247230] [E] [handleMessage] Exception in handler: Entity(164): Light not found
[13:57:45.247546] [E] [handleMessage] Exception in handler: Entity(166): Light not found
[13:57:45.247652] [E] [handleMessage] Exception in handler: Entity(168): Light not found
[13:57:45.247728] [E] [handleMessage] Exception in handler: Entity(170): Light not found
[13:57:45.248070] [I] FLR0026_CAMERA_APPLIED head=(5,0,-5) targetPresent=true target=(0,0,0) dolly=(5,0,5)
[13:57:45.349127] [I] FLR0026_MODEL_STAGE_COMPLETE asset=assets/models/sequoia_ngp.glb pending_models=0
[13:57:45.349596] [E] [handleMessage] Exception in handler: Entity(164): Light not found
[13:57:45.349715] [E] [handleMessage] Exception in handler: Entity(166): Light not found
[13:57:45.349869] [E] [handleMessage] Exception in handler: Entity(168): Light not found
[13:57:45.349954] [E] [handleMessage] Exception in handler: Entity(170): Light not found
[13:57:45.350306] [I] FLR0026_CAMERA_APPLIED head=(5,0,-5) targetPresent=true target=(0,0,0) dolly=(5,0,5)
[13:57:45.456474] [I] FLR0026_MODEL_STAGE_COMPLETE asset=assets/models/sequoia_ngp.glb pending_models=0
[13:57:45.456696] [E] [handleMessage] Exception in handler: Entity(164): Light not found
[13:57:45.456739] [E] [handleMessage] Exception in handler: Entity(166): Light not found
[13:57:45.456768] [E] [handleMessage] Exception in handler: Entity(168): Light not found
[13:57:45.456794] [E] [handleMessage] Exception in handler: Entity(170): Light not found
[13:57:45.456941] [I] FLR0026_CAMERA_APPLIED head=(5,0,-5) targetPresent=true target=(0,0,0) dolly=(5,0,5)
[13:57:45.557599] [I] FLR0026_MODEL_STAGE_COMPLETE asset=assets/models/sequoia_ngp.glb pending_models=0
[13:57:45.557825] [E] [handleMessage] Exception in handler: Entity(164): Light not found
[13:57:45.557931] [E] [handleMessage] Exception in handler: Entity(166): Light not found
[13:57:45.557962] [E] [handleMessage] Exception in handler: Entity(168): Light not found
[13:57:45.557990] [E] [handleMessage] Exception in handler: Entity(170): Light not found
[13:57:45.558156] [I] FLR0026_CAMERA_APPLIED head=(5,0,-5) targetPresent=true target=(0,0,0) dolly=(5,0,5)
[13:57:45.662504] [I] FLR0026_MODEL_STAGE_COMPLETE asset=assets/models/sequoia_ngp.glb pending_models=0
[13:57:45.662734] [E] [handleMessage] Exception in handler: Entity(164): Light not found
[13:57:45.662777] [E] [handleMessage] Exception in handler: Entity(166): Light not found
[13:57:45.662806] [E] [handleMessage] Exception in handler: Entity(168): Light not found
[13:57:45.662833] [E] [handleMessage] Exception in handler: Entity(170): Light not found
[13:57:45.662997] [I] FLR0026_CAMERA_APPLIED head=(5,0,-5) targetPresent=true target=(0,0,0) dolly=(5,0,5)
[13:57:45.763978] [I] FLR0026_MODEL_STAGE_COMPLETE asset=assets/models/sequoia_ngp.glb pending_models=0
[13:57:45.764351] [E] [handleMessage] Exception in handler: Entity(164): Light not found
[13:57:45.764614] [E] [handleMessage] Exception in handler: Entity(166): Light not found
[13:57:45.764644] [E] [handleMessage] Exception in handler: Entity(168): Light not found
[13:57:45.764670] [E] [handleMessage] Exception in handler: Entity(170): Light not found
[13:57:45.764839] [I] FLR0026_CAMERA_APPLIED head=(5,0,-5) targetPresent=true target=(0,0,0) dolly=(5,0,5)
[13:57:45.865599] [I] FLR0026_MODEL_STAGE_COMPLETE asset=assets/models/sequoia_ngp.glb pending_models=0
[13:57:45.865826] [E] [handleMessage] Exception in handler: Entity(164): Light not found
[13:57:45.865872] [E] [handleMessage] Exception in handler: Entity(166): Light not found
[13:57:45.865901] [E] [handleMessage] Exception in handler: Entity(168): Light not found
[13:57:45.865928] [E] [handleMessage] Exception in handler: Entity(170): Light not found
[13:57:45.866091] [I] FLR0026_CAMERA_APPLIED head=(5,0,-5) targetPresent=true target=(0,0,0) dolly=(5,0,5)
[13:57:45.866270] [I] FLR0026_FRAME_BEGIN seq=30 started=false
[13:57:45.968008] [I] FLR0026_MODEL_STAGE_COMPLETE asset=assets/models/sequoia_ngp.glb pending_models=0
[13:57:45.968256] [E] [handleMessage] Exception in handler: Entity(164): Light not found
[13:57:45.968300] [E] [handleMessage] Exception in handler: Entity(166): Light not found
[13:57:45.968329] [E] [handleMessage] Exception in handler: Entity(168): Light not found
[13:57:45.968404] [E] [handleMessage] Exception in handler: Entity(170): Light not found
[13:57:45.968565] [I] FLR0026_CAMERA_APPLIED head=(5,0,-5) targetPresent=true target=(0,0,0) dolly=(5,0,5)
[13:57:46.069260] [I] FLR0026_MODEL_STAGE_COMPLETE asset=assets/models/sequoia_ngp.glb pending_models=0
[13:57:46.069552] [E] [handleMessage] Exception in handler: Entity(164): Light not found
[13:57:46.069603] [E] [handleMessage] Exception in handler: Entity(166): Light not found
[13:57:46.069686] [E] [handleMessage] Exception in handler: Entity(168): Light not found
[13:57:46.069718] [E] [handleMessage] Exception in handler: Entity(170): Light not found
[13:57:46.069869] [I] FLR0026_CAMERA_APPLIED head=(5,0,-5) targetPresent=true target=(0,0,0) dolly=(5,0,5)
[13:57:46.171504] [I] FLR0026_MODEL_STAGE_COMPLETE asset=assets/models/sequoia_ngp.glb pending_models=0
[13:57:46.171734] [E] [handleMessage] Exception in handler: Entity(164): Light not found
[13:57:46.171780] [E] [handleMessage] Exception in handler: Entity(166): Light not found
[13:57:46.171809] [E] [handleMessage] Exception in handler: Entity(168): Light not found
[13:57:46.171836] [E] [handleMessage] Exception in handler: Entity(170): Light not found
[13:57:46.171988] [I] FLR0026_CAMERA_APPLIED head=(5,0,-5) targetPresent=true target=(0,0,0) dolly=(5,0,5)
[13:57:46.276524] [I] FLR0026_MODEL_STAGE_COMPLETE asset=assets/models/sequoia_ngp.glb pending_models=0
[13:57:46.276756] [E] [handleMessage] Exception in handler: Entity(164): Light not found
[13:57:46.276804] [E] [handleMessage] Exception in handler: Entity(166): Light not found
[13:57:46.276833] [E] [handleMessage] Exception in handler: Entity(168): Light not found
[13:57:46.276861] [E] [handleMessage] Exception in handler: Entity(170): Light not found
[13:57:46.277013] [I] FLR0026_CAMERA_APPLIED head=(5,0,-5) targetPresent=true target=(0,0,0) dolly=(5,0,5)
[13:57:46.377503] [I] FLR0026_MODEL_STAGE_COMPLETE asset=assets/models/sequoia_ngp.glb pending_models=0
[13:57:46.377733] [E] [handleMessage] Exception in handler: Entity(164): Light not found
[13:57:46.377781] [E] [handleMessage] Exception in handler: Entity(166): Light not found
[13:57:46.377811] [E] [handleMessage] Exception in handler: Entity(168): Light not found
[13:57:46.377838] [E] [handleMessage] Exception in handler: Entity(170): Light not found
[13:57:46.377989] [I] FLR0026_CAMERA_APPLIED head=(5,0,-5) targetPresent=true target=(0,0,0) dolly=(5,0,5)
[13:57:46.478781] [I] FLR0026_MODEL_STAGE_COMPLETE asset=assets/models/sequoia_ngp.glb pending_models=0
[13:57:46.479016] [E] [handleMessage] Exception in handler: Entity(164): Light not found
[13:57:46.479063] [E] [handleMessage] Exception in handler: Entity(166): Light not found
[13:57:46.479092] [E] [handleMessage] Exception in handler: Entity(168): Light not found
[13:57:46.479119] [E] [handleMessage] Exception in handler: Entity(170): Light not found
[13:57:46.479273] [I] FLR0026_CAMERA_APPLIED head=(5,0,-5) targetPresent=true target=(0,0,0) dolly=(5,0,5)
[13:57:46.580106] [I] FLR0026_MODEL_STAGE_COMPLETE asset=assets/models/sequoia_ngp.glb pending_models=0
[13:57:46.580342] [E] [handleMessage] Exception in handler: Entity(164): Light not found
[13:57:46.580441] [E] [handleMessage] Exception in handler: Entity(166): Light not found
[13:57:46.580472] [E] [handleMessage] Exception in handler: Entity(168): Light not found
[13:57:46.580500] [E] [handleMessage] Exception in handler: Entity(170): Light not found
[13:57:46.580676] [I] FLR0026_CAMERA_APPLIED head=(5,0,-5) targetPresent=true target=(0,0,0) dolly=(5,0,5)
[13:57:46.683628] [I] FLR0026_MODEL_STAGE_COMPLETE asset=assets/models/sequoia_ngp.glb pending_models=0
[13:57:46.683856] [E] [handleMessage] Exception in handler: Entity(164): Light not found
[13:57:46.683903] [E] [handleMessage] Exception in handler: Entity(166): Light not found
[13:57:46.683932] [E] [handleMessage] Exception in handler: Entity(168): Light not found
[13:57:46.683959] [E] [handleMessage] Exception in handler: Entity(170): Light not found
[13:57:46.684123] [I] FLR0026_CAMERA_APPLIED head=(5,0,-5) targetPresent=true target=(0,0,0) dolly=(5,0,5)
[13:57:46.784691] [I] FLR0026_MODEL_STAGE_COMPLETE asset=assets/models/sequoia_ngp.glb pending_models=0
[13:57:46.784926] [E] [handleMessage] Exception in handler: Entity(164): Light not found
[13:57:46.784971] [E] [handleMessage] Exception in handler: Entity(166): Light not found
[13:57:46.785000] [E] [handleMessage] Exception in handler: Entity(168): Light not found
[13:57:46.785077] [E] [handleMessage] Exception in handler: Entity(170): Light not found
[13:57:46.785252] [I] FLR0026_CAMERA_APPLIED head=(5,0,-5) targetPresent=true target=(0,0,0) dolly=(5,0,5)
[13:57:46.887754] [I] FLR0026_MODEL_STAGE_COMPLETE asset=assets/models/sequoia_ngp.glb pending_models=0
[13:57:46.887985] [E] [handleMessage] Exception in handler: Entity(164): Light not found
[13:57:46.888028] [E] [handleMessage] Exception in handler: Entity(166): Light not found
[13:57:46.888057] [E] [handleMessage] Exception in handler: Entity(168): Light not found
[13:57:46.888085] [E] [handleMessage] Exception in handler: Entity(170): Light not found
[13:57:46.888237] [I] FLR0026_CAMERA_APPLIED head=(5,0,-5) targetPresent=true target=(0,0,0) dolly=(5,0,5)
[13:57:46.888470] [I] FLR0026_FRAME_BEGIN seq=40 started=false
[13:57:46.991057] [I] FLR0026_MODEL_STAGE_COMPLETE asset=assets/models/sequoia_ngp.glb pending_models=0
[13:57:46.991294] [E] [handleMessage] Exception in handler: Entity(164): Light not found
[13:57:46.991338] [E] [handleMessage] Exception in handler: Entity(166): Light not found
[13:57:46.991471] [E] [handleMessage] Exception in handler: Entity(168): Light not found
[13:57:46.991503] [E] [handleMessage] Exception in handler: Entity(170): Light not found
[13:57:46.991657] [I] FLR0026_CAMERA_APPLIED head=(5,0,-5) targetPresent=true target=(0,0,0) dolly=(5,0,5)
[13:57:47.092743] [I] FLR0026_MODEL_STAGE_COMPLETE asset=assets/models/sequoia_ngp.glb pending_models=0
[13:57:47.093011] [E] [handleMessage] Exception in handler: Entity(164): Light not found
[13:57:47.093058] [E] [handleMessage] Exception in handler: Entity(166): Light not found
[13:57:47.093086] [E] [handleMessage] Exception in handler: Entity(168): Light not found
[13:57:47.093112] [E] [handleMessage] Exception in handler: Entity(170): Light not found
[13:57:47.093268] [I] FLR0026_CAMERA_APPLIED head=(5,0,-5) targetPresent=true target=(0,0,0) dolly=(5,0,5)
[13:57:47.194965] [I] FLR0026_MODEL_STAGE_COMPLETE asset=assets/models/sequoia_ngp.glb pending_models=0
[13:57:47.195197] [E] [handleMessage] Exception in handler: Entity(164): Light not found
[13:57:47.195241] [E] [handleMessage] Exception in handler: Entity(166): Light not found
[13:57:47.195269] [E] [handleMessage] Exception in handler: Entity(168): Light not found
[13:57:47.195296] [E] [handleMessage] Exception in handler: Entity(170): Light not found
[13:57:47.195502] [I] FLR0026_CAMERA_APPLIED head=(5,0,-5) targetPresent=true target=(0,0,0) dolly=(5,0,5)
[13:57:47.298496] [I] FLR0026_MODEL_STAGE_COMPLETE asset=assets/models/sequoia_ngp.glb pending_models=0
[13:57:47.298718] [E] [handleMessage] Exception in handler: Entity(164): Light not found
[13:57:47.298761] [E] [handleMessage] Exception in handler: Entity(166): Light not found
[13:57:47.298788] [E] [handleMessage] Exception in handler: Entity(168): Light not found
[13:57:47.298813] [E] [handleMessage] Exception in handler: Entity(170): Light not found
[13:57:47.298969] [I] FLR0026_CAMERA_APPLIED head=(5,0,-5) targetPresent=true target=(0,0,0) dolly=(5,0,5)
[13:57:47.399509] [I] FLR0026_MODEL_STAGE_COMPLETE asset=assets/models/sequoia_ngp.glb pending_models=0
[13:57:47.399736] [E] [handleMessage] Exception in handler: Entity(164): Light not found
[13:57:47.399779] [E] [handleMessage] Exception in handler: Entity(166): Light not found
[13:57:47.399808] [E] [handleMessage] Exception in handler: Entity(168): Light not found
[13:57:47.399834] [E] [handleMessage] Exception in handler: Entity(170): Light not found
[13:57:47.399996] [I] FLR0026_CAMERA_APPLIED head=(5,0,-5) targetPresent=true target=(0,0,0) dolly=(5,0,5)
[13:57:47.500531] [I] FLR0026_MODEL_STAGE_COMPLETE asset=assets/models/sequoia_ngp.glb pending_models=0
[13:57:47.500765] [E] [handleMessage] Exception in handler: Entity(164): Light not found
[13:57:47.500809] [E] [handleMessage] Exception in handler: Entity(166): Light not found
[13:57:47.500895] [E] [handleMessage] Exception in handler: Entity(168): Light not found
[13:57:47.500931] [E] [handleMessage] Exception in handler: Entity(170): Light not found
[13:57:47.501096] [I] FLR0026_CAMERA_APPLIED head=(5,0,-5) targetPresent=true target=(0,0,0) dolly=(5,0,5)
[13:57:47.605502] [I] FLR0026_MODEL_STAGE_COMPLETE asset=assets/models/sequoia_ngp.glb pending_models=0
[13:57:47.605737] [E] [handleMessage] Exception in handler: Entity(164): Light not found
[13:57:47.605782] [E] [handleMessage] Exception in handler: Entity(166): Light not found
[13:57:47.605811] [E] [handleMessage] Exception in handler: Entity(168): Light not found
[13:57:47.605838] [E] [handleMessage] Exception in handler: Entity(170): Light not found
[13:57:47.605990] [I] FLR0026_CAMERA_APPLIED head=(5,0,-5) targetPresent=true target=(0,0,0) dolly=(5,0,5)
[13:57:47.712519] [I] FLR0026_MODEL_STAGE_COMPLETE asset=assets/models/sequoia_ngp.glb pending_models=0
[13:57:47.712756] [E] [handleMessage] Exception in handler: Entity(164): Light not found
[13:57:47.712801] [E] [handleMessage] Exception in handler: Entity(166): Light not found
[13:57:47.712830] [E] [handleMessage] Exception in handler: Entity(168): Light not found
[13:57:47.712857] [E] [handleMessage] Exception in handler: Entity(170): Light not found
[13:57:47.713008] [I] FLR0026_CAMERA_APPLIED head=(5,0,-5) targetPresent=true target=(0,0,0) dolly=(5,0,5)
[13:57:47.813734] [I] FLR0026_MODEL_STAGE_COMPLETE asset=assets/models/sequoia_ngp.glb pending_models=0
[13:57:47.815770] [E] [handleMessage] Exception in handler: Entity(164): Light not found
[13:57:47.815831] [E] [handleMessage] Exception in handler: Entity(166): Light not found
[13:57:47.815860] [E] [handleMessage] Exception in handler: Entity(168): Light not found
[13:57:47.815885] [E] [handleMessage] Exception in handler: Entity(170): Light not found
[13:57:47.816037] [I] FLR0026_CAMERA_APPLIED head=(5,0,-5) targetPresent=true target=(0,0,0) dolly=(5,0,5)
[13:57:47.918508] [I] FLR0026_MODEL_STAGE_COMPLETE asset=assets/models/sequoia_ngp.glb pending_models=0
[13:57:47.918740] [E] [handleMessage] Exception in handler: Entity(164): Light not found
[13:57:47.918782] [E] [handleMessage] Exception in handler: Entity(166): Light not found
[13:57:47.918810] [E] [handleMessage] Exception in handler: Entity(168): Light not found
[13:57:47.918837] [E] [handleMessage] Exception in handler: Entity(170): Light not found
[13:57:47.918987] [I] FLR0026_CAMERA_APPLIED head=(5,0,-5) targetPresent=true target=(0,0,0) dolly=(5,0,5)
[13:57:47.919159] [I] FLR0026_FRAME_BEGIN seq=50 started=false
[13:57:48.023418] [I] FLR0026_MODEL_STAGE_COMPLETE asset=assets/models/sequoia_ngp.glb pending_models=0
[13:57:48.023671] [E] [handleMessage] Exception in handler: Entity(164): Light not found
[13:57:48.023719] [E] [handleMessage] Exception in handler: Entity(166): Light not found
[13:57:48.023748] [E] [handleMessage] Exception in handler: Entity(168): Light not found
[13:57:48.023776] [E] [handleMessage] Exception in handler: Entity(170): Light not found
[13:57:48.023968] [I] FLR0026_CAMERA_APPLIED head=(5,0,-5) targetPresent=true target=(0,0,0) dolly=(5,0,5)
[13:57:48.124806] [I] FLR0026_MODEL_STAGE_COMPLETE asset=assets/models/sequoia_ngp.glb pending_models=0
[13:57:48.125044] [E] [handleMessage] Exception in handler: Entity(164): Light not found
[13:57:48.125093] [E] [handleMessage] Exception in handler: Entity(166): Light not found
[13:57:48.125122] [E] [handleMessage] Exception in handler: Entity(168): Light not found
[13:57:48.125150] [E] [handleMessage] Exception in handler: Entity(170): Light not found
[13:57:48.125307] [I] FLR0026_CAMERA_APPLIED head=(5,0,-5) targetPresent=true target=(0,0,0) dolly=(5,0,5)
[13:57:48.227542] [I] FLR0026_MODEL_STAGE_COMPLETE asset=assets/models/sequoia_ngp.glb pending_models=0
[13:57:48.227779] [E] [handleMessage] Exception in handler: Entity(164): Light not found
[13:57:48.227877] [E] [handleMessage] Exception in handler: Entity(166): Light not found
[13:57:48.227912] [E] [handleMessage] Exception in handler: Entity(168): Light not found
[13:57:48.227940] [E] [handleMessage] Exception in handler: Entity(170): Light not found
[13:57:48.228097] [I] FLR0026_CAMERA_APPLIED head=(5,0,-5) targetPresent=true target=(0,0,0) dolly=(5,0,5)
[13:57:48.331759] [I] FLR0026_MODEL_STAGE_COMPLETE asset=assets/models/sequoia_ngp.glb pending_models=0
[13:57:48.331991] [E] [handleMessage] Exception in handler: Entity(164): Light not found
[13:57:48.332038] [E] [handleMessage] Exception in handler: Entity(166): Light not found
[13:57:48.332067] [E] [handleMessage] Exception in handler: Entity(168): Light not found
[13:57:48.332095] [E] [handleMessage] Exception in handler: Entity(170): Light not found
[13:57:48.332247] [I] FLR0026_CAMERA_APPLIED head=(5,0,-5) targetPresent=true target=(0,0,0) dolly=(5,0,5)
[13:57:48.432808] [I] FLR0026_MODEL_STAGE_COMPLETE asset=assets/models/sequoia_ngp.glb pending_models=0
[13:57:48.433060] [E] [handleMessage] Exception in handler: Entity(164): Light not found
[13:57:48.433108] [E] [handleMessage] Exception in handler: Entity(166): Light not found
[13:57:48.433137] [E] [handleMessage] Exception in handler: Entity(168): Light not found
[13:57:48.433163] [E] [handleMessage] Exception in handler: Entity(170): Light not found
[13:57:48.433319] [I] FLR0026_CAMERA_APPLIED head=(5,0,-5) targetPresent=true target=(0,0,0) dolly=(5,0,5)
[13:57:48.537207] [I] FLR0026_MODEL_STAGE_COMPLETE asset=assets/models/sequoia_ngp.glb pending_models=0
[13:57:48.537497] [E] [handleMessage] Exception in handler: Entity(164): Light not found
[13:57:48.537557] [E] [handleMessage] Exception in handler: Entity(166): Light not found
[13:57:48.537588] [E] [handleMessage] Exception in handler: Entity(168): Light not found
[13:57:48.537616] [E] [handleMessage] Exception in handler: Entity(170): Light not found
[13:57:48.537773] [I] FLR0026_CAMERA_APPLIED head=(5,0,-5) targetPresent=true target=(0,0,0) dolly=(5,0,5)
[13:57:48.638955] [I] FLR0026_MODEL_STAGE_COMPLETE asset=assets/models/sequoia_ngp.glb pending_models=0
[13:57:48.639189] [E] [handleMessage] Exception in handler: Entity(164): Light not found
[13:57:48.639236] [E] [handleMessage] Exception in handler: Entity(166): Light not found
[13:57:48.639265] [E] [handleMessage] Exception in handler: Entity(168): Light not found
[13:57:48.639293] [E] [handleMessage] Exception in handler: Entity(170): Light not found
[13:57:48.639556] [I] FLR0026_CAMERA_APPLIED head=(5,0,-5) targetPresent=true target=(0,0,0) dolly=(5,0,5)
[13:57:48.744698] [I] FLR0026_MODEL_STAGE_COMPLETE asset=assets/models/sequoia_ngp.glb pending_models=0
[13:57:48.744929] [E] [handleMessage] Exception in handler: Entity(164): Light not found
[13:57:48.744973] [E] [handleMessage] Exception in handler: Entity(166): Light not found
[13:57:48.745002] [E] [handleMessage] Exception in handler: Entity(168): Light not found
[13:57:48.745029] [E] [handleMessage] Exception in handler: Entity(170): Light not found
[13:57:48.745181] [I] FLR0026_CAMERA_APPLIED head=(5,0,-5) targetPresent=true target=(0,0,0) dolly=(5,0,5)
[13:57:48.858519] [I] FLR0026_MODEL_STAGE_COMPLETE asset=assets/models/sequoia_ngp.glb pending_models=0
[13:57:48.858754] [E] [handleMessage] Exception in handler: Entity(164): Light not found
[13:57:48.858800] [E] [handleMessage] Exception in handler: Entity(166): Light not found
[13:57:48.858829] [E] [handleMessage] Exception in handler: Entity(168): Light not found
[13:57:48.858856] [E] [handleMessage] Exception in handler: Entity(170): Light not found
[13:57:48.859009] [I] FLR0026_CAMERA_APPLIED head=(5,0,-5) targetPresent=true target=(0,0,0) dolly=(5,0,5)
[13:57:48.964029] [I] FLR0026_MODEL_STAGE_PROGRESS seq=60 progress=1 assets=1
[13:57:48.964117] [I] FLR0026_MODEL_STAGE_COMPLETE asset=assets/models/sequoia_ngp.glb pending_models=0
[13:57:48.964279] [E] [handleMessage] Exception in handler: Entity(164): Light not found
[13:57:48.964321] [E] [handleMessage] Exception in handler: Entity(166): Light not found
[13:57:48.964503] [E] [handleMessage] Exception in handler: Entity(168): Light not found
[13:57:48.964541] [E] [handleMessage] Exception in handler: Entity(170): Light not found
[13:57:48.964690] [I] FLR0026_CAMERA_APPLIED head=(5,0,-5) targetPresent=true target=(0,0,0) dolly=(5,0,5)
[13:57:48.964868] [I] FLR0026_FRAME_BEGIN seq=60 started=false
[13:57:49.072514] [I] FLR0026_MODEL_STAGE_COMPLETE asset=assets/models/sequoia_ngp.glb pending_models=0
[13:57:49.072756] [E] [handleMessage] Exception in handler: Entity(164): Light not found
[13:57:49.072800] [E] [handleMessage] Exception in handler: Entity(166): Light not found
[13:57:49.072829] [E] [handleMessage] Exception in handler: Entity(168): Light not found
[13:57:49.072855] [E] [handleMessage] Exception in handler: Entity(170): Light not found
[13:57:49.073009] [I] FLR0026_CAMERA_APPLIED head=(5,0,-5) targetPresent=true target=(0,0,0) dolly=(5,0,5)
[13:57:49.177925] [I] FLR0026_MODEL_STAGE_COMPLETE asset=assets/models/sequoia_ngp.glb pending_models=0
[13:57:49.178156] [E] [handleMessage] Exception in handler: Entity(164): Light not found
[13:57:49.178201] [E] [handleMessage] Exception in handler: Entity(166): Light not found
[13:57:49.178230] [E] [handleMessage] Exception in handler: Entity(168): Light not found
[13:57:49.178257] [E] [handleMessage] Exception in handler: Entity(170): Light not found
[13:57:49.178469] [I] FLR0026_CAMERA_APPLIED head=(5,0,-5) targetPresent=true target=(0,0,0) dolly=(5,0,5)
[13:57:49.278932] [I] FLR0026_MODEL_STAGE_COMPLETE asset=assets/models/sequoia_ngp.glb pending_models=0
[13:57:49.279163] [E] [handleMessage] Exception in handler: Entity(164): Light not found
[13:57:49.279210] [E] [handleMessage] Exception in handler: Entity(166): Light not found
[13:57:49.279239] [E] [handleMessage] Exception in handler: Entity(168): Light not found
[13:57:49.279267] [E] [handleMessage] Exception in handler: Entity(170): Light not found
[13:57:49.279481] [I] FLR0026_CAMERA_APPLIED head=(5,0,-5) targetPresent=true target=(0,0,0) dolly=(5,0,5)
[13:57:49.383541] [I] FLR0026_MODEL_STAGE_COMPLETE asset=assets/models/sequoia_ngp.glb pending_models=0
[13:57:49.383773] [E] [handleMessage] Exception in handler: Entity(164): Light not found
[13:57:49.383839] [E] [handleMessage] Exception in handler: Entity(166): Light not found
[13:57:49.383870] [E] [handleMessage] Exception in handler: Entity(168): Light not found
[13:57:49.383897] [E] [handleMessage] Exception in handler: Entity(170): Light not found
[13:57:49.384097] [I] FLR0026_CAMERA_APPLIED head=(5,0,-5) targetPresent=true target=(0,0,0) dolly=(5,0,5)
[13:57:49.484774] [I] FLR0026_MODEL_STAGE_COMPLETE asset=assets/models/sequoia_ngp.glb pending_models=0
[13:57:49.485007] [E] [handleMessage] Exception in handler: Entity(164): Light not found
[13:57:49.485052] [E] [handleMessage] Exception in handler: Entity(166): Light not found
[13:57:49.485082] [E] [handleMessage] Exception in handler: Entity(168): Light not found
[13:57:49.485110] [E] [handleMessage] Exception in handler: Entity(170): Light not found
[13:57:49.485262] [I] FLR0026_CAMERA_APPLIED head=(5,0,-5) targetPresent=true target=(0,0,0) dolly=(5,0,5)
[13:57:49.589510] [I] FLR0026_MODEL_STAGE_COMPLETE asset=assets/models/sequoia_ngp.glb pending_models=0
[13:57:49.589746] [E] [handleMessage] Exception in handler: Entity(164): Light not found
[13:57:49.589794] [E] [handleMessage] Exception in handler: Entity(166): Light not found
[13:57:49.589824] [E] [handleMessage] Exception in handler: Entity(168): Light not found
[13:57:49.589852] [E] [handleMessage] Exception in handler: Entity(170): Light not found
[13:57:49.590004] [I] FLR0026_CAMERA_APPLIED head=(5,0,-5) targetPresent=true target=(0,0,0) dolly=(5,0,5)
[13:57:49.700509] [I] FLR0026_MODEL_STAGE_COMPLETE asset=assets/models/sequoia_ngp.glb pending_models=0
[13:57:49.700752] [E] [handleMessage] Exception in handler: Entity(164): Light not found
[13:57:49.700860] [E] [handleMessage] Exception in handler: Entity(166): Light not found
[13:57:49.700897] [E] [handleMessage] Exception in handler: Entity(168): Light not found
[13:57:49.700940] [E] [handleMessage] Exception in handler: Entity(170): Light not found
[13:57:49.701093] [I] FLR0026_CAMERA_APPLIED head=(5,0,-5) targetPresent=true target=(0,0,0) dolly=(5,0,5)
[13:57:49.809627] [I] FLR0026_MODEL_STAGE_COMPLETE asset=assets/models/sequoia_ngp.glb pending_models=0
[13:57:49.809865] [E] [handleMessage] Exception in handler: Entity(164): Light not found
[13:57:49.809914] [E] [handleMessage] Exception in handler: Entity(166): Light not found
[13:57:49.809944] [E] [handleMessage] Exception in handler: Entity(168): Light not found
[13:57:49.809972] [E] [handleMessage] Exception in handler: Entity(170): Light not found
[13:57:49.810126] [I] FLR0026_CAMERA_APPLIED head=(5,0,-5) targetPresent=true target=(0,0,0) dolly=(5,0,5)
[13:57:49.915511] [I] FLR0026_MODEL_STAGE_COMPLETE asset=assets/models/sequoia_ngp.glb pending_models=0
[13:57:49.915813] [E] [handleMessage] Exception in handler: Entity(164): Light not found
[13:57:49.915864] [E] [handleMessage] Exception in handler: Entity(166): Light not found
[13:57:49.915895] [E] [handleMessage] Exception in handler: Entity(168): Light not found
[13:57:49.915923] [E] [handleMessage] Exception in handler: Entity(170): Light not found
[13:57:49.916084] [I] FLR0026_CAMERA_APPLIED head=(5,0,-5) targetPresent=true target=(0,0,0) dolly=(5,0,5)
[13:57:50.021014] [I] FLR0026_MODEL_STAGE_COMPLETE asset=assets/models/sequoia_ngp.glb pending_models=0
[13:57:50.021259] [E] [handleMessage] Exception in handler: Entity(164): Light not found
[13:57:50.021305] [E] [handleMessage] Exception in handler: Entity(166): Light not found
[13:57:50.021333] [E] [handleMessage] Exception in handler: Entity(168): Light not found
[13:57:50.023448] [E] [handleMessage] Exception in handler: Entity(170): Light not found
[13:57:50.023655] [I] FLR0026_CAMERA_APPLIED head=(5,0,-5) targetPresent=true target=(0,0,0) dolly=(5,0,5)
[13:57:50.023838] [I] FLR0026_FRAME_BEGIN seq=70 started=false
[13:57:50.124285] [I] FLR0026_MODEL_STAGE_COMPLETE asset=assets/models/sequoia_ngp.glb pending_models=0
[13:57:50.124569] [E] [handleMessage] Exception in handler: Entity(164): Light not found
[13:57:50.124616] [E] [handleMessage] Exception in handler: Entity(166): Light not found
[13:57:50.124644] [E] [handleMessage] Exception in handler: Entity(168): Light not found
[13:57:50.124669] [E] [handleMessage] Exception in handler: Entity(170): Light not found
[13:57:50.124821] [I] FLR0026_CAMERA_APPLIED head=(5,0,-5) targetPresent=true target=(0,0,0) dolly=(5,0,5)
[13:57:50.227986] [I] FLR0026_MODEL_STAGE_COMPLETE asset=assets/models/sequoia_ngp.glb pending_models=0
[13:57:50.228219] [E] [handleMessage] Exception in handler: Entity(164): Light not found
[13:57:50.228264] [E] [handleMessage] Exception in handler: Entity(166): Light not found
[13:57:50.228293] [E] [handleMessage] Exception in handler: Entity(168): Light not found
[13:57:50.228320] [E] [handleMessage] Exception in handler: Entity(170): Light not found
[13:57:50.228524] [I] FLR0026_CAMERA_APPLIED head=(5,0,-5) targetPresent=true target=(0,0,0) dolly=(5,0,5)
[13:57:50.329303] [I] FLR0026_MODEL_STAGE_COMPLETE asset=assets/models/sequoia_ngp.glb pending_models=0
[13:57:50.329605] [E] [handleMessage] Exception in handler: Entity(164): Light not found
[13:57:50.329653] [E] [handleMessage] Exception in handler: Entity(166): Light not found
[13:57:50.329683] [E] [handleMessage] Exception in handler: Entity(168): Light not found
[13:57:50.329709] [E] [handleMessage] Exception in handler: Entity(170): Light not found
[13:57:50.329864] [I] FLR0026_CAMERA_APPLIED head=(5,0,-5) targetPresent=true target=(0,0,0) dolly=(5,0,5)
[13:57:50.432309] [I] FLR0026_MODEL_STAGE_COMPLETE asset=assets/models/sequoia_ngp.glb pending_models=0
[13:57:50.432709] [E] [handleMessage] Exception in handler: Entity(164): Light not found
[13:57:50.432765] [E] [handleMessage] Exception in handler: Entity(166): Light not found
[13:57:50.432795] [E] [handleMessage] Exception in handler: Entity(168): Light not found
[13:57:50.432823] [E] [handleMessage] Exception in handler: Entity(170): Light not found
[13:57:50.432984] [I] FLR0026_CAMERA_APPLIED head=(5,0,-5) targetPresent=true target=(0,0,0) dolly=(5,0,5)
[13:57:50.536511] [I] FLR0026_MODEL_STAGE_COMPLETE asset=assets/models/sequoia_ngp.glb pending_models=0
[13:57:50.536742] [E] [handleMessage] Exception in handler: Entity(164): Light not found
[13:57:50.536796] [E] [handleMessage] Exception in handler: Entity(166): Light not found
[13:57:50.536826] [E] [handleMessage] Exception in handler: Entity(168): Light not found
[13:57:50.536854] [E] [handleMessage] Exception in handler: Entity(170): Light not found
[13:57:50.537009] [I] FLR0026_CAMERA_APPLIED head=(5,0,-5) targetPresent=true target=(0,0,0) dolly=(5,0,5)
[13:57:50.637519] [I] FLR0026_MODEL_STAGE_COMPLETE asset=assets/models/sequoia_ngp.glb pending_models=0
[13:57:50.637758] [E] [handleMessage] Exception in handler: Entity(164): Light not found
[13:57:50.637812] [E] [handleMessage] Exception in handler: Entity(166): Light not found
[13:57:50.637842] [E] [handleMessage] Exception in handler: Entity(168): Light not found
[13:57:50.637871] [E] [handleMessage] Exception in handler: Entity(170): Light not found
[13:57:50.638028] [I] FLR0026_CAMERA_APPLIED head=(5,0,-5) targetPresent=true target=(0,0,0) dolly=(5,0,5)
[13:57:50.740507] [I] FLR0026_MODEL_STAGE_COMPLETE asset=assets/models/sequoia_ngp.glb pending_models=0
[13:57:50.740751] [E] [handleMessage] Exception in handler: Entity(164): Light not found
[13:57:50.740802] [E] [handleMessage] Exception in handler: Entity(166): Light not found
[13:57:50.740830] [E] [handleMessage] Exception in handler: Entity(168): Light not found
[13:57:50.740858] [E] [handleMessage] Exception in handler: Entity(170): Light not found
[13:57:50.741013] [I] FLR0026_CAMERA_APPLIED head=(5,0,-5) targetPresent=true target=(0,0,0) dolly=(5,0,5)
[13:57:50.845507] [I] FLR0026_MODEL_STAGE_COMPLETE asset=assets/models/sequoia_ngp.glb pending_models=0
[13:57:50.845740] [E] [handleMessage] Exception in handler: Entity(164): Light not found
[13:57:50.845792] [E] [handleMessage] Exception in handler: Entity(166): Light not found
[13:57:50.845822] [E] [handleMessage] Exception in handler: Entity(168): Light not found
[13:57:50.845849] [E] [handleMessage] Exception in handler: Entity(170): Light not found
[13:57:50.846011] [I] FLR0026_CAMERA_APPLIED head=(5,0,-5) targetPresent=true target=(0,0,0) dolly=(5,0,5)
[13:57:50.946784] [I] FLR0026_MODEL_STAGE_COMPLETE asset=assets/models/sequoia_ngp.glb pending_models=0
[13:57:50.947142] [E] [handleMessage] Exception in handler: Entity(164): Light not found
[13:57:50.947236] [E] [handleMessage] Exception in handler: Entity(166): Light not found
[13:57:50.947303] [E] [handleMessage] Exception in handler: Entity(168): Light not found
[13:57:50.947339] [E] [handleMessage] Exception in handler: Entity(170): Light not found
[13:57:50.947595] [I] FLR0026_CAMERA_APPLIED head=(5,0,-5) targetPresent=true target=(0,0,0) dolly=(5,0,5)
[13:57:51.049800] [I] FLR0026_MODEL_STAGE_COMPLETE asset=assets/models/sequoia_ngp.glb pending_models=0
[13:57:51.054491] [E] [handleMessage] Exception in handler: Entity(164): Light not found
[13:57:51.054760] [E] [handleMessage] Exception in handler: Entity(166): Light not found
[13:57:51.054798] [E] [handleMessage] Exception in handler: Entity(168): Light not found
[13:57:51.054825] [E] [handleMessage] Exception in handler: Entity(170): Light not found
[13:57:51.054995] [I] FLR0026_CAMERA_APPLIED head=(5,0,-5) targetPresent=true target=(0,0,0) dolly=(5,0,5)
[13:57:51.055173] [I] FLR0026_FRAME_BEGIN seq=80 started=false
[13:57:51.155524] [I] FLR0026_MODEL_STAGE_COMPLETE asset=assets/models/sequoia_ngp.glb pending_models=0
[13:57:51.155788] [E] [handleMessage] Exception in handler: Entity(164): Light not found
[13:57:51.155837] [E] [handleMessage] Exception in handler: Entity(166): Light not found
[13:57:51.155866] [E] [handleMessage] Exception in handler: Entity(168): Light not found
[13:57:51.155893] [E] [handleMessage] Exception in handler: Entity(170): Light not found
[13:57:51.156047] [I] FLR0026_CAMERA_APPLIED head=(5,0,-5) targetPresent=true target=(0,0,0) dolly=(5,0,5)
[13:57:51.260505] [I] FLR0026_MODEL_STAGE_COMPLETE asset=assets/models/sequoia_ngp.glb pending_models=0
[13:57:51.260737] [E] [handleMessage] Exception in handler: Entity(164): Light not found
[13:57:51.260784] [E] [handleMessage] Exception in handler: Entity(166): Light not found
[13:57:51.260813] [E] [handleMessage] Exception in handler: Entity(168): Light not found
[13:57:51.260841] [E] [handleMessage] Exception in handler: Entity(170): Light not found
[13:57:51.260993] [I] FLR0026_CAMERA_APPLIED head=(5,0,-5) targetPresent=true target=(0,0,0) dolly=(5,0,5)
[13:57:51.361525] [I] FLR0026_MODEL_STAGE_COMPLETE asset=assets/models/sequoia_ngp.glb pending_models=0
[13:57:51.361758] [E] [handleMessage] Exception in handler: Entity(164): Light not found
[13:57:51.361805] [E] [handleMessage] Exception in handler: Entity(166): Light not found
[13:57:51.361835] [E] [handleMessage] Exception in handler: Entity(168): Light not found
[13:57:51.361862] [E] [handleMessage] Exception in handler: Entity(170): Light not found
[13:57:51.362015] [I] FLR0026_CAMERA_APPLIED head=(5,0,-5) targetPresent=true target=(0,0,0) dolly=(5,0,5)
[13:57:51.475799] [I] FLR0026_MODEL_STAGE_COMPLETE asset=assets/models/sequoia_ngp.glb pending_models=0
[13:57:51.476033] [E] [handleMessage] Exception in handler: Entity(164): Light not found
[13:57:51.476078] [E] [handleMessage] Exception in handler: Entity(166): Light not found
[13:57:51.476107] [E] [handleMessage] Exception in handler: Entity(168): Light not found
[13:57:51.476134] [E] [handleMessage] Exception in handler: Entity(170): Light not found
[13:57:51.476289] [I] FLR0026_CAMERA_APPLIED head=(5,0,-5) targetPresent=true target=(0,0,0) dolly=(5,0,5)
[13:57:51.576821] [I] FLR0026_MODEL_STAGE_COMPLETE asset=assets/models/sequoia_ngp.glb pending_models=0
[13:57:51.577052] [E] [handleMessage] Exception in handler: Entity(164): Light not found
[13:57:51.577095] [E] [handleMessage] Exception in handler: Entity(166): Light not found
[13:57:51.577124] [E] [handleMessage] Exception in handler: Entity(168): Light not found
[13:57:51.577151] [E] [handleMessage] Exception in handler: Entity(170): Light not found
[13:57:51.577301] [I] FLR0026_CAMERA_APPLIED head=(5,0,-5) targetPresent=true target=(0,0,0) dolly=(5,0,5)
[13:57:51.685546] [I] FLR0026_MODEL_STAGE_COMPLETE asset=assets/models/sequoia_ngp.glb pending_models=0
[13:57:51.685773] [E] [handleMessage] Exception in handler: Entity(164): Light not found
[13:57:51.685816] [E] [handleMessage] Exception in handler: Entity(166): Light not found
[13:57:51.685845] [E] [handleMessage] Exception in handler: Entity(168): Light not found
[13:57:51.685871] [E] [handleMessage] Exception in handler: Entity(170): Light not found
[13:57:51.686023] [I] FLR0026_CAMERA_APPLIED head=(5,0,-5) targetPresent=true target=(0,0,0) dolly=(5,0,5)
[13:57:51.787726] [I] FLR0026_MODEL_STAGE_COMPLETE asset=assets/models/sequoia_ngp.glb pending_models=0
[13:57:51.787964] [E] [handleMessage] Exception in handler: Entity(164): Light not found
[13:57:51.788007] [E] [handleMessage] Exception in handler: Entity(166): Light not found
[13:57:51.788034] [E] [handleMessage] Exception in handler: Entity(168): Light not found
[13:57:51.788059] [E] [handleMessage] Exception in handler: Entity(170): Light not found
[13:57:51.788211] [I] FLR0026_CAMERA_APPLIED head=(5,0,-5) targetPresent=true target=(0,0,0) dolly=(5,0,5)
[13:57:51.888778] [I] FLR0026_MODEL_STAGE_COMPLETE asset=assets/models/sequoia_ngp.glb pending_models=0
[13:57:51.889007] [E] [handleMessage] Exception in handler: Entity(164): Light not found
[13:57:51.889095] [E] [handleMessage] Exception in handler: Entity(166): Light not found
[13:57:51.889130] [E] [handleMessage] Exception in handler: Entity(168): Light not found
[13:57:51.889157] [E] [handleMessage] Exception in handler: Entity(170): Light not found
[13:57:51.889310] [I] FLR0026_CAMERA_APPLIED head=(5,0,-5) targetPresent=true target=(0,0,0) dolly=(5,0,5)
[13:57:51.989961] [I] FLR0026_MODEL_STAGE_COMPLETE asset=assets/models/sequoia_ngp.glb pending_models=0
[13:57:51.990337] [E] [handleMessage] Exception in handler: Entity(164): Light not found
[13:57:51.990443] [E] [handleMessage] Exception in handler: Entity(166): Light not found
[13:57:51.990479] [E] [handleMessage] Exception in handler: Entity(168): Light not found
[13:57:51.990508] [E] [handleMessage] Exception in handler: Entity(170): Light not found
[13:57:51.990731] [I] FLR0026_CAMERA_APPLIED head=(5,0,-5) targetPresent=true target=(0,0,0) dolly=(5,0,5)
[13:57:52.095714] [I] FLR0026_MODEL_STAGE_COMPLETE asset=assets/models/sequoia_ngp.glb pending_models=0
[13:57:52.095959] [E] [handleMessage] Exception in handler: Entity(164): Light not found
[13:57:52.096006] [E] [handleMessage] Exception in handler: Entity(166): Light not found
[13:57:52.096035] [E] [handleMessage] Exception in handler: Entity(168): Light not found
[13:57:52.096063] [E] [handleMessage] Exception in handler: Entity(170): Light not found
[13:57:52.096218] [I] FLR0026_CAMERA_APPLIED head=(5,0,-5) targetPresent=true target=(0,0,0) dolly=(5,0,5)
[13:57:52.096440] [I] FLR0026_FRAME_BEGIN seq=90 started=false
[13:57:52.200091] [I] FLR0026_MODEL_STAGE_COMPLETE asset=assets/models/sequoia_ngp.glb pending_models=0
[13:57:52.200326] [E] [handleMessage] Exception in handler: Entity(164): Light not found
[13:57:52.200422] [E] [handleMessage] Exception in handler: Entity(166): Light not found
[13:57:52.200459] [E] [handleMessage] Exception in handler: Entity(168): Light not found
[13:57:52.200487] [E] [handleMessage] Exception in handler: Entity(170): Light not found
[13:57:52.200643] [I] FLR0026_CAMERA_APPLIED head=(5,0,-5) targetPresent=true target=(0,0,0) dolly=(5,0,5)
[13:57:52.303534] [I] FLR0026_MODEL_STAGE_COMPLETE asset=assets/models/sequoia_ngp.glb pending_models=0
[13:57:52.303763] [E] [handleMessage] Exception in handler: Entity(164): Light not found
[13:57:52.303807] [E] [handleMessage] Exception in handler: Entity(166): Light not found
[13:57:52.303834] [E] [handleMessage] Exception in handler: Entity(168): Light not found
[13:57:52.303860] [E] [handleMessage] Exception in handler: Entity(170): Light not found
[13:57:52.304009] [I] FLR0026_CAMERA_APPLIED head=(5,0,-5) targetPresent=true target=(0,0,0) dolly=(5,0,5)
[13:57:52.409249] [I] FLR0026_MODEL_STAGE_COMPLETE asset=assets/models/sequoia_ngp.glb pending_models=0
[13:57:52.409684] [E] [handleMessage] Exception in handler: Entity(164): Light not found
[13:57:52.409742] [E] [handleMessage] Exception in handler: Entity(166): Light not found
[13:57:52.409773] [E] [handleMessage] Exception in handler: Entity(168): Light not found
[13:57:52.409801] [E] [handleMessage] Exception in handler: Entity(170): Light not found
[13:57:52.414668] [I] FLR0026_CAMERA_APPLIED head=(5,0,-5) targetPresent=true target=(0,0,0) dolly=(5,0,5)
[13:57:52.515452] [I] FLR0026_MODEL_STAGE_COMPLETE asset=assets/models/sequoia_ngp.glb pending_models=0
[13:57:52.515691] [E] [handleMessage] Exception in handler: Entity(164): Light not found
[13:57:52.515739] [E] [handleMessage] Exception in handler: Entity(166): Light not found
[13:57:52.515770] [E] [handleMessage] Exception in handler: Entity(168): Light not found
[13:57:52.515799] [E] [handleMessage] Exception in handler: Entity(170): Light not found
[13:57:52.515961] [I] FLR0026_CAMERA_APPLIED head=(5,0,-5) targetPresent=true target=(0,0,0) dolly=(5,0,5)
[13:57:52.616556] [I] FLR0026_MODEL_STAGE_COMPLETE asset=assets/models/sequoia_ngp.glb pending_models=0
[13:57:52.616895] [E] [handleMessage] Exception in handler: Entity(164): Light not found
[13:57:52.616949] [E] [handleMessage] Exception in handler: Entity(166): Light not found
[13:57:52.616980] [E] [handleMessage] Exception in handler: Entity(168): Light not found
[13:57:52.617009] [E] [handleMessage] Exception in handler: Entity(170): Light not found
[13:57:52.617165] [I] FLR0026_CAMERA_APPLIED head=(5,0,-5) targetPresent=true target=(0,0,0) dolly=(5,0,5)
[13:57:52.717774] [I] FLR0026_MODEL_STAGE_COMPLETE asset=assets/models/sequoia_ngp.glb pending_models=0
[13:57:52.718061] [E] [handleMessage] Exception in handler: Entity(164): Light not found
[13:57:52.718111] [E] [handleMessage] Exception in handler: Entity(166): Light not found
[13:57:52.718141] [E] [handleMessage] Exception in handler: Entity(168): Light not found
[13:57:52.718168] [E] [handleMessage] Exception in handler: Entity(170): Light not found
[13:57:52.718333] [I] FLR0026_CAMERA_APPLIED head=(5,0,-5) targetPresent=true target=(0,0,0) dolly=(5,0,5)
[13:57:52.821513] [I] FLR0026_MODEL_STAGE_COMPLETE asset=assets/models/sequoia_ngp.glb pending_models=0
[13:57:52.821755] [E] [handleMessage] Exception in handler: Entity(164): Light not found
[13:57:52.821802] [E] [handleMessage] Exception in handler: Entity(166): Light not found
[13:57:52.821832] [E] [handleMessage] Exception in handler: Entity(168): Light not found
[13:57:52.821860] [E] [handleMessage] Exception in handler: Entity(170): Light not found
[13:57:52.822014] [I] FLR0026_CAMERA_APPLIED head=(5,0,-5) targetPresent=true target=(0,0,0) dolly=(5,0,5)
[13:57:52.925434] [I] FLR0026_MODEL_STAGE_COMPLETE asset=assets/models/sequoia_ngp.glb pending_models=0
[13:57:52.925665] [E] [handleMessage] Exception in handler: Entity(164): Light not found
[13:57:52.925710] [E] [handleMessage] Exception in handler: Entity(166): Light not found
[13:57:52.925738] [E] [handleMessage] Exception in handler: Entity(168): Light not found
[13:57:52.925763] [E] [handleMessage] Exception in handler: Entity(170): Light not found
[13:57:52.925912] [I] FLR0026_CAMERA_APPLIED head=(5,0,-5) targetPresent=true target=(0,0,0) dolly=(5,0,5)
[13:57:53.027467] [I] FLR0026_MODEL_STAGE_COMPLETE asset=assets/models/sequoia_ngp.glb pending_models=0
[13:57:53.027713] [E] [handleMessage] Exception in handler: Entity(164): Light not found
[13:57:53.027761] [E] [handleMessage] Exception in handler: Entity(166): Light not found
[13:57:53.027791] [E] [handleMessage] Exception in handler: Entity(168): Light not found
[13:57:53.027820] [E] [handleMessage] Exception in handler: Entity(170): Light not found
[13:57:53.027975] [I] FLR0026_CAMERA_APPLIED head=(5,0,-5) targetPresent=true target=(0,0,0) dolly=(5,0,5)
[13:57:53.128519] [I] FLR0026_MODEL_STAGE_COMPLETE asset=assets/models/sequoia_ngp.glb pending_models=0
[13:57:53.128751] [E] [handleMessage] Exception in handler: Entity(164): Light not found
[13:57:53.128797] [E] [handleMessage] Exception in handler: Entity(166): Light not found
[13:57:53.128827] [E] [handleMessage] Exception in handler: Entity(168): Light not found
[13:57:53.128855] [E] [handleMessage] Exception in handler: Entity(170): Light not found
[13:57:53.129011] [I] FLR0026_CAMERA_APPLIED head=(5,0,-5) targetPresent=true target=(0,0,0) dolly=(5,0,5)
[13:57:53.129194] [I] FLR0026_FRAME_BEGIN seq=100 started=false
[13:57:53.231653] [I] FLR0026_MODEL_STAGE_COMPLETE asset=assets/models/sequoia_ngp.glb pending_models=0
[13:57:53.231888] [E] [handleMessage] Exception in handler: Entity(164): Light not found
[13:57:53.231932] [E] [handleMessage] Exception in handler: Entity(166): Light not found
[13:57:53.231961] [E] [handleMessage] Exception in handler: Entity(168): Light not found
[13:57:53.231988] [E] [handleMessage] Exception in handler: Entity(170): Light not found
[13:57:53.232142] [I] FLR0026_CAMERA_APPLIED head=(5,0,-5) targetPresent=true target=(0,0,0) dolly=(5,0,5)
[13:57:53.332708] [I] FLR0026_MODEL_STAGE_COMPLETE asset=assets/models/sequoia_ngp.glb pending_models=0
[13:57:53.332996] [E] [handleMessage] Exception in handler: Entity(164): Light not found
[13:57:53.333049] [E] [handleMessage] Exception in handler: Entity(166): Light not found
[13:57:53.333080] [E] [handleMessage] Exception in handler: Entity(168): Light not found
[13:57:53.333107] [E] [handleMessage] Exception in handler: Entity(170): Light not found
[13:57:53.333260] [I] FLR0026_CAMERA_APPLIED head=(5,0,-5) targetPresent=true target=(0,0,0) dolly=(5,0,5)
[13:57:53.436314] [I] FLR0026_MODEL_STAGE_COMPLETE asset=assets/models/sequoia_ngp.glb pending_models=0
[13:57:53.436711] [E] [handleMessage] Exception in handler: Entity(164): Light not found
[13:57:53.436763] [E] [handleMessage] Exception in handler: Entity(166): Light not found
[13:57:53.436792] [E] [handleMessage] Exception in handler: Entity(168): Light not found
[13:57:53.436818] [E] [handleMessage] Exception in handler: Entity(170): Light not found
[13:57:53.436968] [I] FLR0026_CAMERA_APPLIED head=(5,0,-5) targetPresent=true target=(0,0,0) dolly=(5,0,5)
[13:57:53.537501] [I] FLR0026_MODEL_STAGE_COMPLETE asset=assets/models/sequoia_ngp.glb pending_models=0
[13:57:53.537735] [E] [handleMessage] Exception in handler: Entity(164): Light not found
[13:57:53.537782] [E] [handleMessage] Exception in handler: Entity(166): Light not found
[13:57:53.537812] [E] [handleMessage] Exception in handler: Entity(168): Light not found
[13:57:53.537840] [E] [handleMessage] Exception in handler: Entity(170): Light not found
[13:57:53.537994] [I] FLR0026_CAMERA_APPLIED head=(5,0,-5) targetPresent=true target=(0,0,0) dolly=(5,0,5)
[13:57:53.638539] [I] FLR0026_MODEL_STAGE_COMPLETE asset=assets/models/sequoia_ngp.glb pending_models=0
[13:57:53.638777] [E] [handleMessage] Exception in handler: Entity(164): Light not found
[13:57:53.638823] [E] [handleMessage] Exception in handler: Entity(166): Light not found
[13:57:53.638853] [E] [handleMessage] Exception in handler: Entity(168): Light not found
[13:57:53.638882] [E] [handleMessage] Exception in handler: Entity(170): Light not found
[13:57:53.639035] [I] FLR0026_CAMERA_APPLIED head=(5,0,-5) targetPresent=true target=(0,0,0) dolly=(5,0,5)
[13:57:53.739567] [I] FLR0026_MODEL_STAGE_COMPLETE asset=assets/models/sequoia_ngp.glb pending_models=0
[13:57:53.739814] [E] [handleMessage] Exception in handler: Entity(164): Light not found
[13:57:53.739861] [E] [handleMessage] Exception in handler: Entity(166): Light not found
[13:57:53.739890] [E] [handleMessage] Exception in handler: Entity(168): Light not found
[13:57:53.739918] [E] [handleMessage] Exception in handler: Entity(170): Light not found
[13:57:53.740075] [I] FLR0026_CAMERA_APPLIED head=(5,0,-5) targetPresent=true target=(0,0,0) dolly=(5,0,5)
[13:57:53.842514] [I] FLR0026_MODEL_STAGE_COMPLETE asset=assets/models/sequoia_ngp.glb pending_models=0
[13:57:53.842742] [E] [handleMessage] Exception in handler: Entity(164): Light not found
[13:57:53.842788] [E] [handleMessage] Exception in handler: Entity(166): Light not found
[13:57:53.842818] [E] [handleMessage] Exception in handler: Entity(168): Light not found
[13:57:53.842845] [E] [handleMessage] Exception in handler: Entity(170): Light not found
[13:57:53.842997] [I] FLR0026_CAMERA_APPLIED head=(5,0,-5) targetPresent=true target=(0,0,0) dolly=(5,0,5)
[13:57:53.951537] [I] FLR0026_MODEL_STAGE_COMPLETE asset=assets/models/sequoia_ngp.glb pending_models=0
[13:57:53.951768] [E] [handleMessage] Exception in handler: Entity(164): Light not found
[13:57:53.951813] [E] [handleMessage] Exception in handler: Entity(166): Light not found
[13:57:53.951842] [E] [handleMessage] Exception in handler: Entity(168): Light not found
[13:57:53.951869] [E] [handleMessage] Exception in handler: Entity(170): Light not found
[13:57:53.952032] [I] FLR0026_CAMERA_APPLIED head=(5,0,-5) targetPresent=true target=(0,0,0) dolly=(5,0,5)
[13:57:54.056520] [I] FLR0026_MODEL_STAGE_COMPLETE asset=assets/models/sequoia_ngp.glb pending_models=0
[13:57:54.056775] [E] [handleMessage] Exception in handler: Entity(164): Light not found
[13:57:54.056880] [E] [handleMessage] Exception in handler: Entity(166): Light not found
[13:57:54.056914] [E] [handleMessage] Exception in handler: Entity(168): Light not found
[13:57:54.056941] [E] [handleMessage] Exception in handler: Entity(170): Light not found
[13:57:54.057096] [I] FLR0026_CAMERA_APPLIED head=(5,0,-5) targetPresent=true target=(0,0,0) dolly=(5,0,5)
[13:57:54.160521] [I] FLR0026_MODEL_STAGE_COMPLETE asset=assets/models/sequoia_ngp.glb pending_models=0
[13:57:54.160756] [E] [handleMessage] Exception in handler: Entity(164): Light not found
[13:57:54.160803] [E] [handleMessage] Exception in handler: Entity(166): Light not found
[13:57:54.160833] [E] [handleMessage] Exception in handler: Entity(168): Light not found
[13:57:54.160861] [E] [handleMessage] Exception in handler: Entity(170): Light not found
[13:57:54.161016] [I] FLR0026_CAMERA_APPLIED head=(5,0,-5) targetPresent=true target=(0,0,0) dolly=(5,0,5)
[13:57:54.161197] [I] FLR0026_FRAME_BEGIN seq=110 started=false
[13:57:54.261541] [I] FLR0026_MODEL_STAGE_COMPLETE asset=assets/models/sequoia_ngp.glb pending_models=0
[13:57:54.261794] [E] [handleMessage] Exception in handler: Entity(164): Light not found
[13:57:54.261840] [E] [handleMessage] Exception in handler: Entity(166): Light not found
[13:57:54.261870] [E] [handleMessage] Exception in handler: Entity(168): Light not found
[13:57:54.261898] [E] [handleMessage] Exception in handler: Entity(170): Light not found
[13:57:54.262051] [I] FLR0026_CAMERA_APPLIED head=(5,0,-5) targetPresent=true target=(0,0,0) dolly=(5,0,5)
[13:57:54.362635] [I] FLR0026_MODEL_STAGE_COMPLETE asset=assets/models/sequoia_ngp.glb pending_models=0
[13:57:54.362868] [E] [handleMessage] Exception in handler: Entity(164): Light not found
[13:57:54.362913] [E] [handleMessage] Exception in handler: Entity(166): Light not found
[13:57:54.362942] [E] [handleMessage] Exception in handler: Entity(168): Light not found
[13:57:54.362969] [E] [handleMessage] Exception in handler: Entity(170): Light not found
[13:57:54.363121] [I] FLR0026_CAMERA_APPLIED head=(5,0,-5) targetPresent=true target=(0,0,0) dolly=(5,0,5)
[13:57:54.463881] [I] FLR0026_MODEL_STAGE_COMPLETE asset=assets/models/sequoia_ngp.glb pending_models=0
[13:57:54.464106] [E] [handleMessage] Exception in handler: Entity(164): Light not found
[13:57:54.464150] [E] [handleMessage] Exception in handler: Entity(166): Light not found
[13:57:54.464180] [E] [handleMessage] Exception in handler: Entity(168): Light not found
[13:57:54.464208] [E] [handleMessage] Exception in handler: Entity(170): Light not found
[13:57:54.464413] [I] FLR0026_CAMERA_APPLIED head=(5,0,-5) targetPresent=true target=(0,0,0) dolly=(5,0,5)
[13:57:54.565867] [I] FLR0026_MODEL_STAGE_COMPLETE asset=assets/models/sequoia_ngp.glb pending_models=0
[13:57:54.566165] [E] [handleMessage] Exception in handler: Entity(164): Light not found
[13:57:54.566227] [E] [handleMessage] Exception in handler: Entity(166): Light not found
[13:57:54.566264] [E] [handleMessage] Exception in handler: Entity(168): Light not found
[13:57:54.566298] [E] [handleMessage] Exception in handler: Entity(170): Light not found
[13:57:54.566569] [I] FLR0026_CAMERA_APPLIED head=(5,0,-5) targetPresent=true target=(0,0,0) dolly=(5,0,5)
[13:57:54.669442] [I] FLR0026_MODEL_STAGE_COMPLETE asset=assets/models/sequoia_ngp.glb pending_models=0
[13:57:54.669683] [E] [handleMessage] Exception in handler: Entity(164): Light not found
[13:57:54.669732] [E] [handleMessage] Exception in handler: Entity(166): Light not found
[13:57:54.669762] [E] [handleMessage] Exception in handler: Entity(168): Light not found
[13:57:54.669791] [E] [handleMessage] Exception in handler: Entity(170): Light not found
[13:57:54.669948] [I] FLR0026_CAMERA_APPLIED head=(5,0,-5) targetPresent=true target=(0,0,0) dolly=(5,0,5)
[13:57:54.771554] [I] FLR0026_MODEL_STAGE_COMPLETE asset=assets/models/sequoia_ngp.glb pending_models=0
[13:57:54.771839] [E] [handleMessage] Exception in handler: Entity(164): Light not found
[13:57:54.771887] [E] [handleMessage] Exception in handler: Entity(166): Light not found
[13:57:54.771917] [E] [handleMessage] Exception in handler: Entity(168): Light not found
[13:57:54.771944] [E] [handleMessage] Exception in handler: Entity(170): Light not found
[13:57:54.772104] [I] FLR0026_CAMERA_APPLIED head=(5,0,-5) targetPresent=true target=(0,0,0) dolly=(5,0,5)
[13:57:54.878511] [I] FLR0026_MODEL_STAGE_COMPLETE asset=assets/models/sequoia_ngp.glb pending_models=0
[13:57:54.878746] [E] [handleMessage] Exception in handler: Entity(164): Light not found
[13:57:54.878791] [E] [handleMessage] Exception in handler: Entity(166): Light not found
[13:57:54.878821] [E] [handleMessage] Exception in handler: Entity(168): Light not found
[13:57:54.878848] [E] [handleMessage] Exception in handler: Entity(170): Light not found
[13:57:54.878998] [I] FLR0026_CAMERA_APPLIED head=(5,0,-5) targetPresent=true target=(0,0,0) dolly=(5,0,5)
[13:57:54.979540] [I] FLR0026_MODEL_STAGE_COMPLETE asset=assets/models/sequoia_ngp.glb pending_models=0
[13:57:54.979774] [E] [handleMessage] Exception in handler: Entity(164): Light not found
[13:57:54.979820] [E] [handleMessage] Exception in handler: Entity(166): Light not found
[13:57:54.979849] [E] [handleMessage] Exception in handler: Entity(168): Light not found
[13:57:54.979876] [E] [handleMessage] Exception in handler: Entity(170): Light not found
[13:57:54.980032] [I] FLR0026_CAMERA_APPLIED head=(5,0,-5) targetPresent=true target=(0,0,0) dolly=(5,0,5)
[13:57:55.081527] [I] FLR0026_MODEL_STAGE_COMPLETE asset=assets/models/sequoia_ngp.glb pending_models=0
[13:57:55.081758] [E] [handleMessage] Exception in handler: Entity(164): Light not found
[13:57:55.081805] [E] [handleMessage] Exception in handler: Entity(166): Light not found
[13:57:55.081835] [E] [handleMessage] Exception in handler: Entity(168): Light not found
[13:57:55.081864] [E] [handleMessage] Exception in handler: Entity(170): Light not found
[13:57:55.082020] [I] FLR0026_CAMERA_APPLIED head=(5,0,-5) targetPresent=true target=(0,0,0) dolly=(5,0,5)
[13:57:55.182624] [I] FLR0026_MODEL_STAGE_PROGRESS seq=120 progress=1 assets=1
[13:57:55.182754] [I] FLR0026_MODEL_STAGE_COMPLETE asset=assets/models/sequoia_ngp.glb pending_models=0
[13:57:55.183006] [E] [handleMessage] Exception in handler: Entity(164): Light not found
[13:57:55.183055] [E] [handleMessage] Exception in handler: Entity(166): Light not found
[13:57:55.183084] [E] [handleMessage] Exception in handler: Entity(168): Light not found
[13:57:55.183113] [E] [handleMessage] Exception in handler: Entity(170): Light not found
[13:57:55.183323] [I] FLR0026_CAMERA_APPLIED head=(5,0,-5) targetPresent=true target=(0,0,0) dolly=(5,0,5)
[13:57:55.183614] [I] FLR0026_FRAME_BEGIN seq=120 started=false
[13:57:55.284411] [I] FLR0026_MODEL_STAGE_COMPLETE asset=assets/models/sequoia_ngp.glb pending_models=0
[13:57:55.284646] [E] [handleMessage] Exception in handler: Entity(164): Light not found
[13:57:55.284692] [E] [handleMessage] Exception in handler: Entity(166): Light not found
[13:57:55.284722] [E] [handleMessage] Exception in handler: Entity(168): Light not found
[13:57:55.284750] [E] [handleMessage] Exception in handler: Entity(170): Light not found
[13:57:55.284904] [I] FLR0026_CAMERA_APPLIED head=(5,0,-5) targetPresent=true target=(0,0,0) dolly=(5,0,5)
[13:57:55.397752] [I] FLR0026_MODEL_STAGE_COMPLETE asset=assets/models/sequoia_ngp.glb pending_models=0
[13:57:55.398008] [E] [handleMessage] Exception in handler: Entity(164): Light not found
[13:57:55.398061] [E] [handleMessage] Exception in handler: Entity(166): Light not found
[13:57:55.398096] [E] [handleMessage] Exception in handler: Entity(168): Light not found
[13:57:55.398124] [E] [handleMessage] Exception in handler: Entity(170): Light not found
[13:57:55.398281] [I] FLR0026_CAMERA_APPLIED head=(5,0,-5) targetPresent=true target=(0,0,0) dolly=(5,0,5)
[13:57:55.500490] [I] FLR0026_MODEL_STAGE_COMPLETE asset=assets/models/sequoia_ngp.glb pending_models=0
[13:57:55.500730] [E] [handleMessage] Exception in handler: Entity(164): Light not found
[13:57:55.500776] [E] [handleMessage] Exception in handler: Entity(166): Light not found
[13:57:55.500807] [E] [handleMessage] Exception in handler: Entity(168): Light not found
[13:57:55.500836] [E] [handleMessage] Exception in handler: Entity(170): Light not found
[13:57:55.500993] [I] FLR0026_CAMERA_APPLIED head=(5,0,-5) targetPresent=true target=(0,0,0) dolly=(5,0,5)
[13:57:55.601535] [I] FLR0026_MODEL_STAGE_COMPLETE asset=assets/models/sequoia_ngp.glb pending_models=0
[13:57:55.601777] [E] [handleMessage] Exception in handler: Entity(164): Light not found
[13:57:55.601822] [E] [handleMessage] Exception in handler: Entity(166): Light not found
[13:57:55.601851] [E] [handleMessage] Exception in handler: Entity(168): Light not found
[13:57:55.601877] [E] [handleMessage] Exception in handler: Entity(170): Light not found
[13:57:55.602026] [I] FLR0026_CAMERA_APPLIED head=(5,0,-5) targetPresent=true target=(0,0,0) dolly=(5,0,5)
[13:57:55.702511] [I] FLR0026_MODEL_STAGE_COMPLETE asset=assets/models/sequoia_ngp.glb pending_models=0
[13:57:55.702747] [E] [handleMessage] Exception in handler: Entity(164): Light not found
[13:57:55.702796] [E] [handleMessage] Exception in handler: Entity(166): Light not found
[13:57:55.702827] [E] [handleMessage] Exception in handler: Entity(168): Light not found
[13:57:55.702856] [E] [handleMessage] Exception in handler: Entity(170): Light not found
[13:57:55.703017] [I] FLR0026_CAMERA_APPLIED head=(5,0,-5) targetPresent=true target=(0,0,0) dolly=(5,0,5)
[13:57:55.803534] [I] FLR0026_MODEL_STAGE_COMPLETE asset=assets/models/sequoia_ngp.glb pending_models=0
[13:57:55.803771] [E] [handleMessage] Exception in handler: Entity(164): Light not found
[13:57:55.803818] [E] [handleMessage] Exception in handler: Entity(166): Light not found
[13:57:55.803849] [E] [handleMessage] Exception in handler: Entity(168): Light not found
[13:57:55.803879] [E] [handleMessage] Exception in handler: Entity(170): Light not found
[13:57:55.804035] [I] FLR0026_CAMERA_APPLIED head=(5,0,-5) targetPresent=true target=(0,0,0) dolly=(5,0,5)
[13:57:55.904495] [I] FLR0026_MODEL_STAGE_COMPLETE asset=assets/models/sequoia_ngp.glb pending_models=0
[13:57:55.904725] [E] [handleMessage] Exception in handler: Entity(164): Light not found
[13:57:55.904771] [E] [handleMessage] Exception in handler: Entity(166): Light not found
[13:57:55.904801] [E] [handleMessage] Exception in handler: Entity(168): Light not found
[13:57:55.904829] [E] [handleMessage] Exception in handler: Entity(170): Light not found
[13:57:55.904979] [I] FLR0026_CAMERA_APPLIED head=(5,0,-5) targetPresent=true target=(0,0,0) dolly=(5,0,5)
[13:57:56.007913] [I] FLR0026_MODEL_STAGE_COMPLETE asset=assets/models/sequoia_ngp.glb pending_models=0
[13:57:56.008159] [E] [handleMessage] Exception in handler: Entity(164): Light not found
[13:57:56.008205] [E] [handleMessage] Exception in handler: Entity(166): Light not found
[13:57:56.008235] [E] [handleMessage] Exception in handler: Entity(168): Light not found
[13:57:56.008264] [E] [handleMessage] Exception in handler: Entity(170): Light not found
[13:57:56.008468] [I] FLR0026_CAMERA_APPLIED head=(5,0,-5) targetPresent=true target=(0,0,0) dolly=(5,0,5)
[13:57:56.109008] [I] FLR0026_MODEL_STAGE_COMPLETE asset=assets/models/sequoia_ngp.glb pending_models=0
[13:57:56.109240] [E] [handleMessage] Exception in handler: Entity(164): Light not found
[13:57:56.109286] [E] [handleMessage] Exception in handler: Entity(166): Light not found
[13:57:56.109316] [E] [handleMessage] Exception in handler: Entity(168): Light not found
[13:57:56.109345] [E] [handleMessage] Exception in handler: Entity(170): Light not found
[13:57:56.109553] [I] FLR0026_CAMERA_APPLIED head=(5,0,-5) targetPresent=true target=(0,0,0) dolly=(5,0,5)
[13:57:56.211144] [I] FLR0026_MODEL_STAGE_COMPLETE asset=assets/models/sequoia_ngp.glb pending_models=0
[13:57:56.211513] [E] [handleMessage] Exception in handler: Entity(164): Light not found
[13:57:56.211575] [E] [handleMessage] Exception in handler: Entity(166): Light not found
[13:57:56.211608] [E] [handleMessage] Exception in handler: Entity(168): Light not found
[13:57:56.211638] [E] [handleMessage] Exception in handler: Entity(170): Light not found
[13:57:56.211860] [I] FLR0026_CAMERA_APPLIED head=(5,0,-5) targetPresent=true target=(0,0,0) dolly=(5,0,5)
[13:57:56.212085] [I] FLR0026_FRAME_BEGIN seq=130 started=false
[13:57:56.319549] [I] FLR0026_MODEL_STAGE_COMPLETE asset=assets/models/sequoia_ngp.glb pending_models=0
[13:57:56.319783] [E] [handleMessage] Exception in handler: Entity(164): Light not found
[13:57:56.319829] [E] [handleMessage] Exception in handler: Entity(166): Light not found
[13:57:56.319860] [E] [handleMessage] Exception in handler: Entity(168): Light not found
[13:57:56.319890] [E] [handleMessage] Exception in handler: Entity(170): Light not found
[13:57:56.320056] [I] FLR0026_CAMERA_APPLIED head=(5,0,-5) targetPresent=true target=(0,0,0) dolly=(5,0,5)
[13:57:56.420676] [I] FLR0026_MODEL_STAGE_COMPLETE asset=assets/models/sequoia_ngp.glb pending_models=0
[13:57:56.420919] [E] [handleMessage] Exception in handler: Entity(164): Light not found
[13:57:56.420965] [E] [handleMessage] Exception in handler: Entity(166): Light not found
[13:57:56.420995] [E] [handleMessage] Exception in handler: Entity(168): Light not found
[13:57:56.421023] [E] [handleMessage] Exception in handler: Entity(170): Light not found
[13:57:56.421201] [I] FLR0026_CAMERA_APPLIED head=(5,0,-5) targetPresent=true target=(0,0,0) dolly=(5,0,5)
[13:57:56.521803] [I] FLR0026_MODEL_STAGE_COMPLETE asset=assets/models/sequoia_ngp.glb pending_models=0
[13:57:56.522038] [E] [handleMessage] Exception in handler: Entity(164): Light not found
[13:57:56.522084] [E] [handleMessage] Exception in handler: Entity(166): Light not found
[13:57:56.522114] [E] [handleMessage] Exception in handler: Entity(168): Light not found
[13:57:56.522143] [E] [handleMessage] Exception in handler: Entity(170): Light not found
[13:57:56.522296] [I] FLR0026_CAMERA_APPLIED head=(5,0,-5) targetPresent=true target=(0,0,0) dolly=(5,0,5)
[13:57:56.627997] [I] FLR0026_MODEL_STAGE_COMPLETE asset=assets/models/sequoia_ngp.glb pending_models=0
[13:57:56.628242] [E] [handleMessage] Exception in handler: Entity(164): Light not found
[13:57:56.628290] [E] [handleMessage] Exception in handler: Entity(166): Light not found
[13:57:56.628319] [E] [handleMessage] Exception in handler: Entity(168): Light not found
[13:57:56.628346] [E] [handleMessage] Exception in handler: Entity(170): Light not found
[13:57:56.628573] [I] FLR0026_CAMERA_APPLIED head=(5,0,-5) targetPresent=true target=(0,0,0) dolly=(5,0,5)
[13:57:56.729094] [I] FLR0026_MODEL_STAGE_COMPLETE asset=assets/models/sequoia_ngp.glb pending_models=0
[13:57:56.729321] [E] [handleMessage] Exception in handler: Entity(164): Light not found
[13:57:56.729414] [E] [handleMessage] Exception in handler: Entity(166): Light not found
[13:57:56.729451] [E] [handleMessage] Exception in handler: Entity(168): Light not found
[13:57:56.729478] [E] [handleMessage] Exception in handler: Entity(170): Light not found
[13:57:56.729628] [I] FLR0026_CAMERA_APPLIED head=(5,0,-5) targetPresent=true target=(0,0,0) dolly=(5,0,5)
[13:57:56.832185] [I] FLR0026_MODEL_STAGE_COMPLETE asset=assets/models/sequoia_ngp.glb pending_models=0
[13:57:56.832461] [E] [handleMessage] Exception in handler: Entity(164): Light not found
[13:57:56.832514] [E] [handleMessage] Exception in handler: Entity(166): Light not found
[13:57:56.832544] [E] [handleMessage] Exception in handler: Entity(168): Light not found
[13:57:56.832572] [E] [handleMessage] Exception in handler: Entity(170): Light not found
[13:57:56.832729] [I] FLR0026_CAMERA_APPLIED head=(5,0,-5) targetPresent=true target=(0,0,0) dolly=(5,0,5)
[13:57:56.933538] [I] FLR0026_MODEL_STAGE_COMPLETE asset=assets/models/sequoia_ngp.glb pending_models=0
[13:57:56.933766] [E] [handleMessage] Exception in handler: Entity(164): Light not found
[13:57:56.933812] [E] [handleMessage] Exception in handler: Entity(166): Light not found
[13:57:56.933844] [E] [handleMessage] Exception in handler: Entity(168): Light not found
[13:57:56.933872] [E] [handleMessage] Exception in handler: Entity(170): Light not found
[13:57:56.934027] [I] FLR0026_CAMERA_APPLIED head=(5,0,-5) targetPresent=true target=(0,0,0) dolly=(5,0,5)
[13:57:57.036877] [I] FLR0026_MODEL_STAGE_COMPLETE asset=assets/models/sequoia_ngp.glb pending_models=0
[13:57:57.037124] [E] [handleMessage] Exception in handler: Entity(164): Light not found
[13:57:57.037170] [E] [handleMessage] Exception in handler: Entity(166): Light not found
[13:57:57.037200] [E] [handleMessage] Exception in handler: Entity(168): Light not found
[13:57:57.037229] [E] [handleMessage] Exception in handler: Entity(170): Light not found
[13:57:57.037437] [I] FLR0026_CAMERA_APPLIED head=(5,0,-5) targetPresent=true target=(0,0,0) dolly=(5,0,5)
[13:57:57.143549] [I] FLR0026_MODEL_STAGE_COMPLETE asset=assets/models/sequoia_ngp.glb pending_models=0
[13:57:57.143789] [E] [handleMessage] Exception in handler: Entity(164): Light not found
[13:57:57.143836] [E] [handleMessage] Exception in handler: Entity(166): Light not found
[13:57:57.143866] [E] [handleMessage] Exception in handler: Entity(168): Light not found
[13:57:57.143894] [E] [handleMessage] Exception in handler: Entity(170): Light not found
[13:57:57.144082] [I] FLR0026_CAMERA_APPLIED head=(5,0,-5) targetPresent=true target=(0,0,0) dolly=(5,0,5)
[13:57:57.250506] [I] FLR0026_MODEL_STAGE_COMPLETE asset=assets/models/sequoia_ngp.glb pending_models=0
[13:57:57.250753] [E] [handleMessage] Exception in handler: Entity(164): Light not found
[13:57:57.250801] [E] [handleMessage] Exception in handler: Entity(166): Light not found
[13:57:57.250832] [E] [handleMessage] Exception in handler: Entity(168): Light not found
[13:57:57.250860] [E] [handleMessage] Exception in handler: Entity(170): Light not found
[13:57:57.251045] [I] FLR0026_CAMERA_APPLIED head=(5,0,-5) targetPresent=true target=(0,0,0) dolly=(5,0,5)
[13:57:57.251228] [I] FLR0026_FRAME_BEGIN seq=140 started=false
[13:57:57.351522] [I] FLR0026_MODEL_STAGE_COMPLETE asset=assets/models/sequoia_ngp.glb pending_models=0
[13:57:57.351756] [E] [handleMessage] Exception in handler: Entity(164): Light not found
[13:57:57.351804] [E] [handleMessage] Exception in handler: Entity(166): Light not found
[13:57:57.351834] [E] [handleMessage] Exception in handler: Entity(168): Light not found
[13:57:57.351863] [E] [handleMessage] Exception in handler: Entity(170): Light not found
[13:57:57.352033] [I] FLR0026_CAMERA_APPLIED head=(5,0,-5) targetPresent=true target=(0,0,0) dolly=(5,0,5)
[13:57:57.455229] [I] FLR0026_MODEL_STAGE_COMPLETE asset=assets/models/sequoia_ngp.glb pending_models=0
[13:57:57.455541] [E] [handleMessage] Exception in handler: Entity(164): Light not found
[13:57:57.455599] [E] [handleMessage] Exception in handler: Entity(166): Light not found
[13:57:57.455631] [E] [handleMessage] Exception in handler: Entity(168): Light not found
[13:57:57.455660] [E] [handleMessage] Exception in handler: Entity(170): Light not found
[13:57:57.455844] [I] FLR0026_CAMERA_APPLIED head=(5,0,-5) targetPresent=true target=(0,0,0) dolly=(5,0,5)
[13:57:57.562724] [I] FLR0026_MODEL_STAGE_COMPLETE asset=assets/models/sequoia_ngp.glb pending_models=0
[13:57:57.562965] [E] [handleMessage] Exception in handler: Entity(164): Light not found
[13:57:57.563012] [E] [handleMessage] Exception in handler: Entity(166): Light not found
[13:57:57.563042] [E] [handleMessage] Exception in handler: Entity(168): Light not found
[13:57:57.563069] [E] [handleMessage] Exception in handler: Entity(170): Light not found
[13:57:57.563239] [I] FLR0026_CAMERA_APPLIED head=(5,0,-5) targetPresent=true target=(0,0,0) dolly=(5,0,5)
[13:57:57.667313] [I] FLR0026_MODEL_STAGE_COMPLETE asset=assets/models/sequoia_ngp.glb pending_models=0
[13:57:57.667637] [E] [handleMessage] Exception in handler: Entity(164): Light not found
[13:57:57.667685] [E] [handleMessage] Exception in handler: Entity(166): Light not found
[13:57:57.667715] [E] [handleMessage] Exception in handler: Entity(168): Light not found
[13:57:57.667743] [E] [handleMessage] Exception in handler: Entity(170): Light not found
[13:57:57.667896] [I] FLR0026_CAMERA_APPLIED head=(5,0,-5) targetPresent=true target=(0,0,0) dolly=(5,0,5)
[13:57:57.770497] [I] FLR0026_MODEL_STAGE_COMPLETE asset=assets/models/sequoia_ngp.glb pending_models=0
[13:57:57.770739] [E] [handleMessage] Exception in handler: Entity(164): Light not found
[13:57:57.770785] [E] [handleMessage] Exception in handler: Entity(166): Light not found
[13:57:57.770816] [E] [handleMessage] Exception in handler: Entity(168): Light not found
[13:57:57.770844] [E] [handleMessage] Exception in handler: Entity(170): Light not found
[13:57:57.770995] [I] FLR0026_CAMERA_APPLIED head=(5,0,-5) targetPresent=true target=(0,0,0) dolly=(5,0,5)
[13:57:57.871526] [I] FLR0026_MODEL_STAGE_COMPLETE asset=assets/models/sequoia_ngp.glb pending_models=0
[13:57:57.871764] [E] [handleMessage] Exception in handler: Entity(164): Light not found
[13:57:57.871811] [E] [handleMessage] Exception in handler: Entity(166): Light not found
[13:57:57.871842] [E] [handleMessage] Exception in handler: Entity(168): Light not found
[13:57:57.871870] [E] [handleMessage] Exception in handler: Entity(170): Light not found
[13:57:57.872026] [I] FLR0026_CAMERA_APPLIED head=(5,0,-5) targetPresent=true target=(0,0,0) dolly=(5,0,5)
[13:57:57.972536] [I] FLR0026_MODEL_STAGE_COMPLETE asset=assets/models/sequoia_ngp.glb pending_models=0
[13:57:57.972780] [E] [handleMessage] Exception in handler: Entity(164): Light not found
[13:57:57.972828] [E] [handleMessage] Exception in handler: Entity(166): Light not found
[13:57:57.972861] [E] [handleMessage] Exception in handler: Entity(168): Light not found
[13:57:57.972889] [E] [handleMessage] Exception in handler: Entity(170): Light not found
[13:57:57.973047] [I] FLR0026_CAMERA_APPLIED head=(5,0,-5) targetPresent=true target=(0,0,0) dolly=(5,0,5)
[13:57:58.073860] [I] FLR0026_MODEL_STAGE_COMPLETE asset=assets/models/sequoia_ngp.glb pending_models=0
[13:57:58.074277] [E] [handleMessage] Exception in handler: Entity(164): Light not found
[13:57:58.074808] [E] [handleMessage] Exception in handler: Entity(166): Light not found
[13:57:58.074996] [E] [handleMessage] Exception in handler: Entity(168): Light not found
[13:57:58.075079] [E] [handleMessage] Exception in handler: Entity(170): Light not found
[13:57:58.077629] [I] FLR0026_CAMERA_APPLIED head=(5,0,-5) targetPresent=true target=(0,0,0) dolly=(5,0,5)
[13:57:58.180189] [I] FLR0026_MODEL_STAGE_COMPLETE asset=assets/models/sequoia_ngp.glb pending_models=0
[13:57:58.180595] [E] [handleMessage] Exception in handler: Entity(164): Light not found
[13:57:58.180657] [E] [handleMessage] Exception in handler: Entity(166): Light not found
[13:57:58.180706] [E] [handleMessage] Exception in handler: Entity(168): Light not found
[13:57:58.180735] [E] [handleMessage] Exception in handler: Entity(170): Light not found
[13:57:58.180985] [I] FLR0026_CAMERA_APPLIED head=(5,0,-5) targetPresent=true target=(0,0,0) dolly=(5,0,5)
[13:57:58.281510] [I] FLR0026_MODEL_STAGE_COMPLETE asset=assets/models/sequoia_ngp.glb pending_models=0
[13:57:58.281737] [E] [handleMessage] Exception in handler: Entity(164): Light not found
[13:57:58.281782] [E] [handleMessage] Exception in handler: Entity(166): Light not found
[13:57:58.281810] [E] [handleMessage] Exception in handler: Entity(168): Light not found
[13:57:58.281838] [E] [handleMessage] Exception in handler: Entity(170): Light not found
[13:57:58.282001] [I] FLR0026_CAMERA_APPLIED head=(5,0,-5) targetPresent=true target=(0,0,0) dolly=(5,0,5)
[13:57:58.282173] [I] FLR0026_FRAME_BEGIN seq=150 started=false
[13:57:58.382640] [I] FLR0026_MODEL_STAGE_COMPLETE asset=assets/models/sequoia_ngp.glb pending_models=0
[13:57:58.382864] [E] [handleMessage] Exception in handler: Entity(164): Light not found
[13:57:58.382910] [E] [handleMessage] Exception in handler: Entity(166): Light not found
[13:57:58.382940] [E] [handleMessage] Exception in handler: Entity(168): Light not found
[13:57:58.382968] [E] [handleMessage] Exception in handler: Entity(170): Light not found
[13:57:58.383122] [I] FLR0026_CAMERA_APPLIED head=(5,0,-5) targetPresent=true target=(0,0,0) dolly=(5,0,5)
[13:57:58.496504] [I] FLR0026_MODEL_STAGE_COMPLETE asset=assets/models/sequoia_ngp.glb pending_models=0
[13:57:58.496728] [E] [handleMessage] Exception in handler: Entity(164): Light not found
[13:57:58.496772] [E] [handleMessage] Exception in handler: Entity(166): Light not found
[13:57:58.496801] [E] [handleMessage] Exception in handler: Entity(168): Light not found
[13:57:58.496828] [E] [handleMessage] Exception in handler: Entity(170): Light not found
[13:57:58.496977] [I] FLR0026_CAMERA_APPLIED head=(5,0,-5) targetPresent=true target=(0,0,0) dolly=(5,0,5)
[13:57:58.602504] [I] FLR0026_MODEL_STAGE_COMPLETE asset=assets/models/sequoia_ngp.glb pending_models=0
[13:57:58.602731] [E] [handleMessage] Exception in handler: Entity(164): Light not found
[13:57:58.602777] [E] [handleMessage] Exception in handler: Entity(166): Light not found
[13:57:58.602805] [E] [handleMessage] Exception in handler: Entity(168): Light not found
[13:57:58.602832] [E] [handleMessage] Exception in handler: Entity(170): Light not found
[13:57:58.602983] [I] FLR0026_CAMERA_APPLIED head=(5,0,-5) targetPresent=true target=(0,0,0) dolly=(5,0,5)
[13:57:58.704497] [I] FLR0026_MODEL_STAGE_COMPLETE asset=assets/models/sequoia_ngp.glb pending_models=0
[13:57:58.704727] [E] [handleMessage] Exception in handler: Entity(164): Light not found
[13:57:58.704772] [E] [handleMessage] Exception in handler: Entity(166): Light not found
[13:57:58.704801] [E] [handleMessage] Exception in handler: Entity(168): Light not found
[13:57:58.704828] [E] [handleMessage] Exception in handler: Entity(170): Light not found
[13:57:58.704988] [I] FLR0026_CAMERA_APPLIED head=(5,0,-5) targetPresent=true target=(0,0,0) dolly=(5,0,5)
[13:57:58.809488] [I] FLR0026_MODEL_STAGE_COMPLETE asset=assets/models/sequoia_ngp.glb pending_models=0
[13:57:58.809724] [E] [handleMessage] Exception in handler: Entity(164): Light not found
[13:57:58.809769] [E] [handleMessage] Exception in handler: Entity(166): Light not found
[13:57:58.809798] [E] [handleMessage] Exception in handler: Entity(168): Light not found
[13:57:58.809824] [E] [handleMessage] Exception in handler: Entity(170): Light not found
[13:57:58.809974] [I] FLR0026_CAMERA_APPLIED head=(5,0,-5) targetPresent=true target=(0,0,0) dolly=(5,0,5)
[13:57:58.910559] [I] FLR0026_MODEL_STAGE_COMPLETE asset=assets/models/sequoia_ngp.glb pending_models=0
[13:57:58.910797] [E] [handleMessage] Exception in handler: Entity(164): Light not found
[13:57:58.910849] [E] [handleMessage] Exception in handler: Entity(166): Light not found
[13:57:58.910880] [E] [handleMessage] Exception in handler: Entity(168): Light not found
[13:57:58.910908] [E] [handleMessage] Exception in handler: Entity(170): Light not found
[13:57:58.911080] [I] FLR0026_CAMERA_APPLIED head=(5,0,-5) targetPresent=true target=(0,0,0) dolly=(5,0,5)
[13:57:59.011934] [I] FLR0026_MODEL_STAGE_COMPLETE asset=assets/models/sequoia_ngp.glb pending_models=0
[13:57:59.012179] [E] [handleMessage] Exception in handler: Entity(164): Light not found
[13:57:59.012227] [E] [handleMessage] Exception in handler: Entity(166): Light not found
[13:57:59.012256] [E] [handleMessage] Exception in handler: Entity(168): Light not found
[13:57:59.012284] [E] [handleMessage] Exception in handler: Entity(170): Light not found
[13:57:59.012509] [I] FLR0026_CAMERA_APPLIED head=(5,0,-5) targetPresent=true target=(0,0,0) dolly=(5,0,5)
[13:57:59.113154] [I] FLR0026_MODEL_STAGE_COMPLETE asset=assets/models/sequoia_ngp.glb pending_models=0
[13:57:59.113475] [E] [handleMessage] Exception in handler: Entity(164): Light not found
[13:57:59.113531] [E] [handleMessage] Exception in handler: Entity(166): Light not found
[13:57:59.113563] [E] [handleMessage] Exception in handler: Entity(168): Light not found
[13:57:59.113590] [E] [handleMessage] Exception in handler: Entity(170): Light not found
[13:57:59.113763] [I] FLR0026_CAMERA_APPLIED head=(5,0,-5) targetPresent=true target=(0,0,0) dolly=(5,0,5)
[13:57:59.215420] [I] FLR0026_MODEL_STAGE_COMPLETE asset=assets/models/sequoia_ngp.glb pending_models=0
[13:57:59.215663] [E] [handleMessage] Exception in handler: Entity(164): Light not found
[13:57:59.215708] [E] [handleMessage] Exception in handler: Entity(166): Light not found
[13:57:59.215749] [E] [handleMessage] Exception in handler: Entity(168): Light not found
[13:57:59.215793] [E] [handleMessage] Exception in handler: Entity(170): Light not found
[13:57:59.216045] [I] FLR0026_CAMERA_APPLIED head=(5,0,-5) targetPresent=true target=(0,0,0) dolly=(5,0,5)
[13:57:59.322511] [I] FLR0026_MODEL_STAGE_COMPLETE asset=assets/models/sequoia_ngp.glb pending_models=0
[13:57:59.322740] [E] [handleMessage] Exception in handler: Entity(164): Light not found
[13:57:59.322784] [E] [handleMessage] Exception in handler: Entity(166): Light not found
[13:57:59.322812] [E] [handleMessage] Exception in handler: Entity(168): Light not found
[13:57:59.322839] [E] [handleMessage] Exception in handler: Entity(170): Light not found
[13:57:59.322992] [I] FLR0026_CAMERA_APPLIED head=(5,0,-5) targetPresent=true target=(0,0,0) dolly=(5,0,5)
[13:57:59.323166] [I] FLR0026_FRAME_BEGIN seq=160 started=false
[13:57:59.423670] [I] FLR0026_MODEL_STAGE_COMPLETE asset=assets/models/sequoia_ngp.glb pending_models=0
[13:57:59.423903] [E] [handleMessage] Exception in handler: Entity(164): Light not found
[13:57:59.423947] [E] [handleMessage] Exception in handler: Entity(166): Light not found
[13:57:59.423975] [E] [handleMessage] Exception in handler: Entity(168): Light not found
[13:57:59.424001] [E] [handleMessage] Exception in handler: Entity(170): Light not found
[13:57:59.424151] [I] FLR0026_CAMERA_APPLIED head=(5,0,-5) targetPresent=true target=(0,0,0) dolly=(5,0,5)
[13:57:59.527519] [I] FLR0026_MODEL_STAGE_COMPLETE asset=assets/models/sequoia_ngp.glb pending_models=0
[13:57:59.527750] [E] [handleMessage] Exception in handler: Entity(164): Light not found
[13:57:59.527795] [E] [handleMessage] Exception in handler: Entity(166): Light not found
[13:57:59.527824] [E] [handleMessage] Exception in handler: Entity(168): Light not found
[13:57:59.527850] [E] [handleMessage] Exception in handler: Entity(170): Light not found
[13:57:59.528002] [I] FLR0026_CAMERA_APPLIED head=(5,0,-5) targetPresent=true target=(0,0,0) dolly=(5,0,5)
[13:57:59.628566] [I] FLR0026_MODEL_STAGE_COMPLETE asset=assets/models/sequoia_ngp.glb pending_models=0
[13:57:59.628775] [E] [handleMessage] Exception in handler: Entity(164): Light not found
[13:57:59.628821] [E] [handleMessage] Exception in handler: Entity(166): Light not found
[13:57:59.628849] [E] [handleMessage] Exception in handler: Entity(168): Light not found
[13:57:59.628875] [E] [handleMessage] Exception in handler: Entity(170): Light not found
[13:57:59.629027] [I] FLR0026_CAMERA_APPLIED head=(5,0,-5) targetPresent=true target=(0,0,0) dolly=(5,0,5)
[13:57:59.730487] [I] FLR0026_MODEL_STAGE_COMPLETE asset=assets/models/sequoia_ngp.glb pending_models=0
[13:57:59.730766] [E] [handleMessage] Exception in handler: Entity(164): Light not found
[13:57:59.730814] [E] [handleMessage] Exception in handler: Entity(166): Light not found
[13:57:59.730844] [E] [handleMessage] Exception in handler: Entity(168): Light not found
[13:57:59.730871] [E] [handleMessage] Exception in handler: Entity(170): Light not found
[13:57:59.731026] [I] FLR0026_CAMERA_APPLIED head=(5,0,-5) targetPresent=true target=(0,0,0) dolly=(5,0,5)
[13:57:59.834298] [I] FLR0026_MODEL_STAGE_COMPLETE asset=assets/models/sequoia_ngp.glb pending_models=0
[13:57:59.834595] [E] [handleMessage] Exception in handler: Entity(164): Light not found
[13:57:59.834642] [E] [handleMessage] Exception in handler: Entity(166): Light not found
[13:57:59.834673] [E] [handleMessage] Exception in handler: Entity(168): Light not found
[13:57:59.834701] [E] [handleMessage] Exception in handler: Entity(170): Light not found
[13:57:59.834854] [I] FLR0026_CAMERA_APPLIED head=(5,0,-5) targetPresent=true target=(0,0,0) dolly=(5,0,5)
[13:57:59.938085] [I] FLR0026_MODEL_STAGE_COMPLETE asset=assets/models/sequoia_ngp.glb pending_models=0
[13:57:59.938316] [E] [handleMessage] Exception in handler: Entity(164): Light not found
[13:57:59.938405] [E] [handleMessage] Exception in handler: Entity(166): Light not found
[13:57:59.938442] [E] [handleMessage] Exception in handler: Entity(168): Light not found
[13:57:59.938470] [E] [handleMessage] Exception in handler: Entity(170): Light not found
[13:57:59.938624] [I] FLR0026_CAMERA_APPLIED head=(5,0,-5) targetPresent=true target=(0,0,0) dolly=(5,0,5)
[13:58:00.041688] [I] FLR0026_MODEL_STAGE_COMPLETE asset=assets/models/sequoia_ngp.glb pending_models=0
[13:58:00.041929] [E] [handleMessage] Exception in handler: Entity(164): Light not found
[13:58:00.041973] [E] [handleMessage] Exception in handler: Entity(166): Light not found
[13:58:00.042002] [E] [handleMessage] Exception in handler: Entity(168): Light not found
[13:58:00.042029] [E] [handleMessage] Exception in handler: Entity(170): Light not found
[13:58:00.042179] [I] FLR0026_CAMERA_APPLIED head=(5,0,-5) targetPresent=true target=(0,0,0) dolly=(5,0,5)
[13:58:00.145588] [I] FLR0026_MODEL_STAGE_COMPLETE asset=assets/models/sequoia_ngp.glb pending_models=0
[13:58:00.145823] [E] [handleMessage] Exception in handler: Entity(164): Light not found
[13:58:00.145867] [E] [handleMessage] Exception in handler: Entity(166): Light not found
[13:58:00.145896] [E] [handleMessage] Exception in handler: Entity(168): Light not found
[13:58:00.145922] [E] [handleMessage] Exception in handler: Entity(170): Light not found
[13:58:00.146078] [I] FLR0026_CAMERA_APPLIED head=(5,0,-5) targetPresent=true target=(0,0,0) dolly=(5,0,5)
[13:58:00.250755] [I] FLR0026_MODEL_STAGE_COMPLETE asset=assets/models/sequoia_ngp.glb pending_models=0
[13:58:00.250993] [E] [handleMessage] Exception in handler: Entity(164): Light not found
[13:58:00.251038] [E] [handleMessage] Exception in handler: Entity(166): Light not found
[13:58:00.251067] [E] [handleMessage] Exception in handler: Entity(168): Light not found
[13:58:00.251094] [E] [handleMessage] Exception in handler: Entity(170): Light not found
[13:58:00.251248] [I] FLR0026_CAMERA_APPLIED head=(5,0,-5) targetPresent=true target=(0,0,0) dolly=(5,0,5)
[13:58:00.358904] [I] FLR0026_MODEL_STAGE_COMPLETE asset=assets/models/sequoia_ngp.glb pending_models=0
[13:58:00.359150] [E] [handleMessage] Exception in handler: Entity(164): Light not found
[13:58:00.359195] [E] [handleMessage] Exception in handler: Entity(166): Light not found
[13:58:00.359224] [E] [handleMessage] Exception in handler: Entity(168): Light not found
[13:58:00.359251] [E] [handleMessage] Exception in handler: Entity(170): Light not found
[13:58:00.359490] [I] FLR0026_CAMERA_APPLIED head=(5,0,-5) targetPresent=true target=(0,0,0) dolly=(5,0,5)
[13:58:00.359675] [I] FLR0026_FRAME_BEGIN seq=170 started=false
[13:58:00.460737] [I] FLR0026_MODEL_STAGE_COMPLETE asset=assets/models/sequoia_ngp.glb pending_models=0
[13:58:00.460964] [E] [handleMessage] Exception in handler: Entity(164): Light not found
[13:58:00.461008] [E] [handleMessage] Exception in handler: Entity(166): Light not found
[13:58:00.461035] [E] [handleMessage] Exception in handler: Entity(168): Light not found
[13:58:00.461061] [E] [handleMessage] Exception in handler: Entity(170): Light not found
[13:58:00.461270] [I] FLR0026_CAMERA_APPLIED head=(5,0,-5) targetPresent=true target=(0,0,0) dolly=(5,0,5)
[13:58:00.565086] [I] FLR0026_MODEL_STAGE_COMPLETE asset=assets/models/sequoia_ngp.glb pending_models=0
[13:58:00.565313] [E] [handleMessage] Exception in handler: Entity(164): Light not found
[13:58:00.565400] [E] [handleMessage] Exception in handler: Entity(166): Light not found
[13:58:00.565437] [E] [handleMessage] Exception in handler: Entity(168): Light not found
[13:58:00.565466] [E] [handleMessage] Exception in handler: Entity(170): Light not found
[13:58:00.565661] [I] FLR0026_CAMERA_APPLIED head=(5,0,-5) targetPresent=true target=(0,0,0) dolly=(5,0,5)
[13:58:00.666174] [I] FLR0026_MODEL_STAGE_COMPLETE asset=assets/models/sequoia_ngp.glb pending_models=0
[13:58:00.666439] [E] [handleMessage] Exception in handler: Entity(164): Light not found
[13:58:00.666489] [E] [handleMessage] Exception in handler: Entity(166): Light not found
[13:58:00.666519] [E] [handleMessage] Exception in handler: Entity(168): Light not found
[13:58:00.666547] [E] [handleMessage] Exception in handler: Entity(170): Light not found
[13:58:00.666701] [I] FLR0026_CAMERA_APPLIED head=(5,0,-5) targetPresent=true target=(0,0,0) dolly=(5,0,5)
[13:58:00.767213] [I] FLR0026_MODEL_STAGE_COMPLETE asset=assets/models/sequoia_ngp.glb pending_models=0
[13:58:00.767488] [E] [handleMessage] Exception in handler: Entity(164): Light not found
[13:58:00.767539] [E] [handleMessage] Exception in handler: Entity(166): Light not found
[13:58:00.767569] [E] [handleMessage] Exception in handler: Entity(168): Light not found
[13:58:00.767596] [E] [handleMessage] Exception in handler: Entity(170): Light not found
[13:58:00.767749] [I] FLR0026_CAMERA_APPLIED head=(5,0,-5) targetPresent=true target=(0,0,0) dolly=(5,0,5)
[13:58:00.870517] [I] FLR0026_MODEL_STAGE_COMPLETE asset=assets/models/sequoia_ngp.glb pending_models=0
[13:58:00.870751] [E] [handleMessage] Exception in handler: Entity(164): Light not found
[13:58:00.870795] [E] [handleMessage] Exception in handler: Entity(166): Light not found
[13:58:00.870824] [E] [handleMessage] Exception in handler: Entity(168): Light not found
[13:58:00.870850] [E] [handleMessage] Exception in handler: Entity(170): Light not found
[13:58:00.871003] [I] FLR0026_CAMERA_APPLIED head=(5,0,-5) targetPresent=true target=(0,0,0) dolly=(5,0,5)
[13:58:00.974474] [I] FLR0026_MODEL_STAGE_COMPLETE asset=assets/models/sequoia_ngp.glb pending_models=0
[13:58:00.974709] [E] [handleMessage] Exception in handler: Entity(164): Light not found
[13:58:00.974758] [E] [handleMessage] Exception in handler: Entity(166): Light not found
[13:58:00.974787] [E] [handleMessage] Exception in handler: Entity(168): Light not found
[13:58:00.974814] [E] [handleMessage] Exception in handler: Entity(170): Light not found
[13:58:00.974976] [I] FLR0026_CAMERA_APPLIED head=(5,0,-5) targetPresent=true target=(0,0,0) dolly=(5,0,5)
[13:58:01.077606] [I] FLR0026_MODEL_STAGE_COMPLETE asset=assets/models/sequoia_ngp.glb pending_models=0
[13:58:01.077851] [E] [handleMessage] Exception in handler: Entity(164): Light not found
[13:58:01.077897] [E] [handleMessage] Exception in handler: Entity(166): Light not found
[13:58:01.077926] [E] [handleMessage] Exception in handler: Entity(168): Light not found
[13:58:01.077953] [E] [handleMessage] Exception in handler: Entity(170): Light not found
[13:58:01.078109] [I] FLR0026_CAMERA_APPLIED head=(5,0,-5) targetPresent=true target=(0,0,0) dolly=(5,0,5)
[13:58:01.179752] [I] FLR0026_MODEL_STAGE_COMPLETE asset=assets/models/sequoia_ngp.glb pending_models=0
[13:58:01.179989] [E] [handleMessage] Exception in handler: Entity(164): Light not found
[13:58:01.180038] [E] [handleMessage] Exception in handler: Entity(166): Light not found
[13:58:01.180068] [E] [handleMessage] Exception in handler: Entity(168): Light not found
[13:58:01.180095] [E] [handleMessage] Exception in handler: Entity(170): Light not found
[13:58:01.180256] [I] FLR0026_CAMERA_APPLIED head=(5,0,-5) targetPresent=true target=(0,0,0) dolly=(5,0,5)
[13:58:01.283641] [I] FLR0026_MODEL_STAGE_COMPLETE asset=assets/models/sequoia_ngp.glb pending_models=0
[13:58:01.283901] [E] [handleMessage] Exception in handler: Entity(164): Light not found
[13:58:01.283947] [E] [handleMessage] Exception in handler: Entity(166): Light not found
[13:58:01.283974] [E] [handleMessage] Exception in handler: Entity(168): Light not found
[13:58:01.284001] [E] [handleMessage] Exception in handler: Entity(170): Light not found
[13:58:01.284166] [I] FLR0026_CAMERA_APPLIED head=(5,0,-5) targetPresent=true target=(0,0,0) dolly=(5,0,5)
[13:58:01.384928] [I] FLR0026_MODEL_STAGE_PROGRESS seq=180 progress=1 assets=1
[13:58:01.385020] [I] FLR0026_MODEL_STAGE_COMPLETE asset=assets/models/sequoia_ngp.glb pending_models=0
[13:58:01.385194] [E] [handleMessage] Exception in handler: Entity(164): Light not found
[13:58:01.385238] [E] [handleMessage] Exception in handler: Entity(166): Light not found
[13:58:01.385267] [E] [handleMessage] Exception in handler: Entity(168): Light not found
[13:58:01.385295] [E] [handleMessage] Exception in handler: Entity(170): Light not found
[13:58:01.388053] [I] FLR0026_CAMERA_APPLIED head=(5,0,-5) targetPresent=true target=(0,0,0) dolly=(5,0,5)
[13:58:01.388311] [I] FLR0026_FRAME_BEGIN seq=180 started=false
[13:58:01.490520] [I] FLR0026_MODEL_STAGE_COMPLETE asset=assets/models/sequoia_ngp.glb pending_models=0
[13:58:01.490756] [E] [handleMessage] Exception in handler: Entity(164): Light not found
[13:58:01.490802] [E] [handleMessage] Exception in handler: Entity(166): Light not found
[13:58:01.490830] [E] [handleMessage] Exception in handler: Entity(168): Light not found
[13:58:01.490857] [E] [handleMessage] Exception in handler: Entity(170): Light not found
[13:58:01.491024] [I] FLR0026_CAMERA_APPLIED head=(5,0,-5) targetPresent=true target=(0,0,0) dolly=(5,0,5)
[13:58:01.591537] [I] FLR0026_MODEL_STAGE_COMPLETE asset=assets/models/sequoia_ngp.glb pending_models=0
[13:58:01.591765] [E] [handleMessage] Exception in handler: Entity(164): Light not found
[13:58:01.591813] [E] [handleMessage] Exception in handler: Entity(166): Light not found
[13:58:01.591843] [E] [handleMessage] Exception in handler: Entity(168): Light not found
[13:58:01.591871] [E] [handleMessage] Exception in handler: Entity(170): Light not found
[13:58:01.592023] [I] FLR0026_CAMERA_APPLIED head=(5,0,-5) targetPresent=true target=(0,0,0) dolly=(5,0,5)
[13:58:01.692801] [I] FLR0026_MODEL_STAGE_COMPLETE asset=assets/models/sequoia_ngp.glb pending_models=0
[13:58:01.693033] [E] [handleMessage] Exception in handler: Entity(164): Light not found
[13:58:01.693078] [E] [handleMessage] Exception in handler: Entity(166): Light not found
[13:58:01.693106] [E] [handleMessage] Exception in handler: Entity(168): Light not found
[13:58:01.693133] [E] [handleMessage] Exception in handler: Entity(170): Light not found
[13:58:01.693285] [I] FLR0026_CAMERA_APPLIED head=(5,0,-5) targetPresent=true target=(0,0,0) dolly=(5,0,5)
[13:58:01.796500] [I] FLR0026_MODEL_STAGE_COMPLETE asset=assets/models/sequoia_ngp.glb pending_models=0
[13:58:01.796739] [E] [handleMessage] Exception in handler: Entity(164): Light not found
[13:58:01.796786] [E] [handleMessage] Exception in handler: Entity(166): Light not found
[13:58:01.796817] [E] [handleMessage] Exception in handler: Entity(168): Light not found
[13:58:01.796846] [E] [handleMessage] Exception in handler: Entity(170): Light not found
[13:58:01.797003] [I] FLR0026_CAMERA_APPLIED head=(5,0,-5) targetPresent=true target=(0,0,0) dolly=(5,0,5)
[13:58:01.900646] [I] FLR0026_MODEL_STAGE_COMPLETE asset=assets/models/sequoia_ngp.glb pending_models=0
[13:58:01.900885] [E] [handleMessage] Exception in handler: Entity(164): Light not found
[13:58:01.900936] [E] [handleMessage] Exception in handler: Entity(166): Light not found
[13:58:01.900964] [E] [handleMessage] Exception in handler: Entity(168): Light not found
[13:58:01.901051] [E] [handleMessage] Exception in handler: Entity(170): Light not found
[13:58:01.901208] [I] FLR0026_CAMERA_APPLIED head=(5,0,-5) targetPresent=true target=(0,0,0) dolly=(5,0,5)
[13:58:02.002168] [I] FLR0026_MODEL_STAGE_COMPLETE asset=assets/models/sequoia_ngp.glb pending_models=0
[13:58:02.002444] [E] [handleMessage] Exception in handler: Entity(164): Light not found
[13:58:02.002494] [E] [handleMessage] Exception in handler: Entity(166): Light not found
[13:58:02.002524] [E] [handleMessage] Exception in handler: Entity(168): Light not found
[13:58:02.002551] [E] [handleMessage] Exception in handler: Entity(170): Light not found
[13:58:02.002705] [I] FLR0026_CAMERA_APPLIED head=(5,0,-5) targetPresent=true target=(0,0,0) dolly=(5,0,5)
[13:58:02.109492] [I] FLR0026_MODEL_STAGE_COMPLETE asset=assets/models/sequoia_ngp.glb pending_models=0
[13:58:02.109738] [E] [handleMessage] Exception in handler: Entity(164): Light not found
[13:58:02.109783] [E] [handleMessage] Exception in handler: Entity(166): Light not found
[13:58:02.109812] [E] [handleMessage] Exception in handler: Entity(168): Light not found
[13:58:02.109839] [E] [handleMessage] Exception in handler: Entity(170): Light not found
[13:58:02.109993] [I] FLR0026_CAMERA_APPLIED head=(5,0,-5) targetPresent=true target=(0,0,0) dolly=(5,0,5)
[13:58:02.210533] [I] FLR0026_MODEL_STAGE_COMPLETE asset=assets/models/sequoia_ngp.glb pending_models=0
[13:58:02.210793] [E] [handleMessage] Exception in handler: Entity(164): Light not found
[13:58:02.210842] [E] [handleMessage] Exception in handler: Entity(166): Light not found
[13:58:02.210870] [E] [handleMessage] Exception in handler: Entity(168): Light not found
[13:58:02.210896] [E] [handleMessage] Exception in handler: Entity(170): Light not found
[13:58:02.211043] [I] FLR0026_CAMERA_APPLIED head=(5,0,-5) targetPresent=true target=(0,0,0) dolly=(5,0,5)
[13:58:02.313932] [I] FLR0026_MODEL_STAGE_COMPLETE asset=assets/models/sequoia_ngp.glb pending_models=0
[13:58:02.314177] [E] [handleMessage] Exception in handler: Entity(164): Light not found
[13:58:02.314225] [E] [handleMessage] Exception in handler: Entity(166): Light not found
[13:58:02.314265] [E] [handleMessage] Exception in handler: Entity(168): Light not found
[13:58:02.314292] [E] [handleMessage] Exception in handler: Entity(170): Light not found
[13:58:02.314537] [I] FLR0026_CAMERA_APPLIED head=(5,0,-5) targetPresent=true target=(0,0,0) dolly=(5,0,5)
[13:58:02.415051] [I] FLR0026_MODEL_STAGE_COMPLETE asset=assets/models/sequoia_ngp.glb pending_models=0
[13:58:02.415277] [E] [handleMessage] Exception in handler: Entity(164): Light not found
[13:58:02.415321] [E] [handleMessage] Exception in handler: Entity(166): Light not found
[13:58:02.415407] [E] [handleMessage] Exception in handler: Entity(168): Light not found
[13:58:02.415453] [E] [handleMessage] Exception in handler: Entity(170): Light not found
[13:58:02.415618] [I] FLR0026_CAMERA_APPLIED head=(5,0,-5) targetPresent=true target=(0,0,0) dolly=(5,0,5)
[13:58:02.415797] [I] FLR0026_FRAME_BEGIN seq=190 started=false
[13:58:02.518498] [I] FLR0026_MODEL_STAGE_COMPLETE asset=assets/models/sequoia_ngp.glb pending_models=0
[13:58:02.518735] [E] [handleMessage] Exception in handler: Entity(164): Light not found
[13:58:02.518782] [E] [handleMessage] Exception in handler: Entity(166): Light not found
[13:58:02.518810] [E] [handleMessage] Exception in handler: Entity(168): Light not found
[13:58:02.518837] [E] [handleMessage] Exception in handler: Entity(170): Light not found
[13:58:02.518997] [I] FLR0026_CAMERA_APPLIED head=(5,0,-5) targetPresent=true target=(0,0,0) dolly=(5,0,5)
[13:58:02.619542] [I] FLR0026_MODEL_STAGE_COMPLETE asset=assets/models/sequoia_ngp.glb pending_models=0
[13:58:02.619782] [E] [handleMessage] Exception in handler: Entity(164): Light not found
[13:58:02.619827] [E] [handleMessage] Exception in handler: Entity(166): Light not found
[13:58:02.619856] [E] [handleMessage] Exception in handler: Entity(168): Light not found
[13:58:02.619933] [E] [handleMessage] Exception in handler: Entity(170): Light not found
[13:58:02.620092] [I] FLR0026_CAMERA_APPLIED head=(5,0,-5) targetPresent=true target=(0,0,0) dolly=(5,0,5)
[13:58:02.720938] [I] FLR0026_MODEL_STAGE_COMPLETE asset=assets/models/sequoia_ngp.glb pending_models=0
[13:58:02.721173] [E] [handleMessage] Exception in handler: Entity(164): Light not found
[13:58:02.721218] [E] [handleMessage] Exception in handler: Entity(166): Light not found
[13:58:02.721247] [E] [handleMessage] Exception in handler: Entity(168): Light not found
[13:58:02.721274] [E] [handleMessage] Exception in handler: Entity(170): Light not found
[13:58:02.721470] [I] FLR0026_CAMERA_APPLIED head=(5,0,-5) targetPresent=true target=(0,0,0) dolly=(5,0,5)
[13:58:02.827531] [I] FLR0026_MODEL_STAGE_COMPLETE asset=assets/models/sequoia_ngp.glb pending_models=0
[13:58:02.827773] [E] [handleMessage] Exception in handler: Entity(164): Light not found
[13:58:02.827819] [E] [handleMessage] Exception in handler: Entity(166): Light not found
[13:58:02.827848] [E] [handleMessage] Exception in handler: Entity(168): Light not found
[13:58:02.827876] [E] [handleMessage] Exception in handler: Entity(170): Light not found
[13:58:02.828038] [I] FLR0026_CAMERA_APPLIED head=(5,0,-5) targetPresent=true target=(0,0,0) dolly=(5,0,5)
[13:58:02.930724] [I] FLR0026_MODEL_STAGE_COMPLETE asset=assets/models/sequoia_ngp.glb pending_models=0
[13:58:02.930951] [E] [handleMessage] Exception in handler: Entity(164): Light not found
[13:58:02.930996] [E] [handleMessage] Exception in handler: Entity(166): Light not found
[13:58:02.931024] [E] [handleMessage] Exception in handler: Entity(168): Light not found
[13:58:02.931051] [E] [handleMessage] Exception in handler: Entity(170): Light not found
[13:58:02.931204] [I] FLR0026_CAMERA_APPLIED head=(5,0,-5) targetPresent=true target=(0,0,0) dolly=(5,0,5)
[13:58:03.034502] [I] FLR0026_MODEL_STAGE_COMPLETE asset=assets/models/sequoia_ngp.glb pending_models=0
[13:58:03.034732] [E] [handleMessage] Exception in handler: Entity(164): Light not found
[13:58:03.034778] [E] [handleMessage] Exception in handler: Entity(166): Light not found
[13:58:03.034806] [E] [handleMessage] Exception in handler: Entity(168): Light not found
[13:58:03.034832] [E] [handleMessage] Exception in handler: Entity(170): Light not found
[13:58:03.034984] [I] FLR0026_CAMERA_APPLIED head=(5,0,-5) targetPresent=true target=(0,0,0) dolly=(5,0,5)
[13:58:03.135719] [I] FLR0026_MODEL_STAGE_COMPLETE asset=assets/models/sequoia_ngp.glb pending_models=0
[13:58:03.135947] [E] [handleMessage] Exception in handler: Entity(164): Light not found
[13:58:03.135991] [E] [handleMessage] Exception in handler: Entity(166): Light not found
[13:58:03.136018] [E] [handleMessage] Exception in handler: Entity(168): Light not found
[13:58:03.136044] [E] [handleMessage] Exception in handler: Entity(170): Light not found
[13:58:03.136200] [I] FLR0026_CAMERA_APPLIED head=(5,0,-5) targetPresent=true target=(0,0,0) dolly=(5,0,5)
[13:58:03.239503] [I] FLR0026_MODEL_STAGE_COMPLETE asset=assets/models/sequoia_ngp.glb pending_models=0
[13:58:03.239728] [E] [handleMessage] Exception in handler: Entity(164): Light not found
[13:58:03.239771] [E] [handleMessage] Exception in handler: Entity(166): Light not found
[13:58:03.239799] [E] [handleMessage] Exception in handler: Entity(168): Light not found
[13:58:03.239826] [E] [handleMessage] Exception in handler: Entity(170): Light not found
[13:58:03.239975] [I] FLR0026_CAMERA_APPLIED head=(5,0,-5) targetPresent=true target=(0,0,0) dolly=(5,0,5)
[13:58:03.342748] [I] FLR0026_MODEL_STAGE_COMPLETE asset=assets/models/sequoia_ngp.glb pending_models=0
[13:58:03.342984] [E] [handleMessage] Exception in handler: Entity(164): Light not found
[13:58:03.343029] [E] [handleMessage] Exception in handler: Entity(166): Light not found
[13:58:03.343058] [E] [handleMessage] Exception in handler: Entity(168): Light not found
[13:58:03.343085] [E] [handleMessage] Exception in handler: Entity(170): Light not found
[13:58:03.343290] [I] FLR0026_CAMERA_APPLIED head=(5,0,-5) targetPresent=true target=(0,0,0) dolly=(5,0,5)
[13:58:03.445404] [I] FLR0026_MODEL_STAGE_COMPLETE asset=assets/models/sequoia_ngp.glb pending_models=0
[13:58:03.445634] [E] [handleMessage] Exception in handler: Entity(164): Light not found
[13:58:03.445678] [E] [handleMessage] Exception in handler: Entity(166): Light not found
[13:58:03.445707] [E] [handleMessage] Exception in handler: Entity(168): Light not found
[13:58:03.445734] [E] [handleMessage] Exception in handler: Entity(170): Light not found
[13:58:03.445884] [I] FLR0026_CAMERA_APPLIED head=(5,0,-5) targetPresent=true target=(0,0,0) dolly=(5,0,5)
[13:58:03.446058] [I] FLR0026_FRAME_BEGIN seq=200 started=false
[13:58:03.546455] [I] FLR0026_MODEL_STAGE_COMPLETE asset=assets/models/sequoia_ngp.glb pending_models=0
[13:58:03.546689] [E] [handleMessage] Exception in handler: Entity(164): Light not found
[13:58:03.546733] [E] [handleMessage] Exception in handler: Entity(166): Light not found
[13:58:03.546761] [E] [handleMessage] Exception in handler: Entity(168): Light not found
[13:58:03.546789] [E] [handleMessage] Exception in handler: Entity(170): Light not found
[13:58:03.546942] [I] FLR0026_CAMERA_APPLIED head=(5,0,-5) targetPresent=true target=(0,0,0) dolly=(5,0,5)
[13:58:03.647733] [I] FLR0026_MODEL_STAGE_COMPLETE asset=assets/models/sequoia_ngp.glb pending_models=0
[13:58:03.647965] [E] [handleMessage] Exception in handler: Entity(164): Light not found
[13:58:03.648011] [E] [handleMessage] Exception in handler: Entity(166): Light not found
[13:58:03.648040] [E] [handleMessage] Exception in handler: Entity(168): Light not found
[13:58:03.648068] [E] [handleMessage] Exception in handler: Entity(170): Light not found
[13:58:03.648222] [I] FLR0026_CAMERA_APPLIED head=(5,0,-5) targetPresent=true target=(0,0,0) dolly=(5,0,5)
[13:58:03.749615] [I] FLR0026_MODEL_STAGE_COMPLETE asset=assets/models/sequoia_ngp.glb pending_models=0
[13:58:03.749875] [E] [handleMessage] Exception in handler: Entity(164): Light not found
[13:58:03.749925] [E] [handleMessage] Exception in handler: Entity(166): Light not found
[13:58:03.749956] [E] [handleMessage] Exception in handler: Entity(168): Light not found
[13:58:03.749985] [E] [handleMessage] Exception in handler: Entity(170): Light not found
[13:58:03.750152] [I] FLR0026_CAMERA_APPLIED head=(5,0,-5) targetPresent=true target=(0,0,0) dolly=(5,0,5)
[13:58:03.850763] [I] FLR0026_MODEL_STAGE_COMPLETE asset=assets/models/sequoia_ngp.glb pending_models=0
[13:58:03.850992] [E] [handleMessage] Exception in handler: Entity(164): Light not found
[13:58:03.851037] [E] [handleMessage] Exception in handler: Entity(166): Light not found
[13:58:03.851065] [E] [handleMessage] Exception in handler: Entity(168): Light not found
[13:58:03.851092] [E] [handleMessage] Exception in handler: Entity(170): Light not found
[13:58:03.851247] [I] FLR0026_CAMERA_APPLIED head=(5,0,-5) targetPresent=true target=(0,0,0) dolly=(5,0,5)
[13:58:03.954590] [I] FLR0026_MODEL_STAGE_COMPLETE asset=assets/models/sequoia_ngp.glb pending_models=0
[13:58:03.954817] [E] [handleMessage] Exception in handler: Entity(164): Light not found
[13:58:03.954864] [E] [handleMessage] Exception in handler: Entity(166): Light not found
[13:58:03.954893] [E] [handleMessage] Exception in handler: Entity(168): Light not found
[13:58:03.954920] [E] [handleMessage] Exception in handler: Entity(170): Light not found
[13:58:03.955077] [I] FLR0026_CAMERA_APPLIED head=(5,0,-5) targetPresent=true target=(0,0,0) dolly=(5,0,5)
[13:58:04.057504] [I] FLR0026_MODEL_STAGE_COMPLETE asset=assets/models/sequoia_ngp.glb pending_models=0
[13:58:04.057745] [E] [handleMessage] Exception in handler: Entity(164): Light not found
[13:58:04.057791] [E] [handleMessage] Exception in handler: Entity(166): Light not found
[13:58:04.057820] [E] [handleMessage] Exception in handler: Entity(168): Light not found
[13:58:04.057892] [E] [handleMessage] Exception in handler: Entity(170): Light not found
[13:58:04.058053] [I] FLR0026_CAMERA_APPLIED head=(5,0,-5) targetPresent=true target=(0,0,0) dolly=(5,0,5)
[13:58:04.159719] [I] FLR0026_MODEL_STAGE_COMPLETE asset=assets/models/sequoia_ngp.glb pending_models=0
[13:58:04.159959] [E] [handleMessage] Exception in handler: Entity(164): Light not found
[13:58:04.160006] [E] [handleMessage] Exception in handler: Entity(166): Light not found
[13:58:04.160036] [E] [handleMessage] Exception in handler: Entity(168): Light not found
[13:58:04.160063] [E] [handleMessage] Exception in handler: Entity(170): Light not found
[13:58:04.160222] [I] FLR0026_CAMERA_APPLIED head=(5,0,-5) targetPresent=true target=(0,0,0) dolly=(5,0,5)
[13:58:04.260992] [I] FLR0026_MODEL_STAGE_COMPLETE asset=assets/models/sequoia_ngp.glb pending_models=0
[13:58:04.261225] [E] [handleMessage] Exception in handler: Entity(164): Light not found
[13:58:04.261275] [E] [handleMessage] Exception in handler: Entity(166): Light not found
[13:58:04.261303] [E] [handleMessage] Exception in handler: Entity(168): Light not found
[13:58:04.261330] [E] [handleMessage] Exception in handler: Entity(170): Light not found
[13:58:04.261545] [I] FLR0026_CAMERA_APPLIED head=(5,0,-5) targetPresent=true target=(0,0,0) dolly=(5,0,5)
[13:58:04.364485] [I] FLR0026_MODEL_STAGE_COMPLETE asset=assets/models/sequoia_ngp.glb pending_models=0
[13:58:04.364723] [E] [handleMessage] Exception in handler: Entity(164): Light not found
[13:58:04.364771] [E] [handleMessage] Exception in handler: Entity(166): Light not found
[13:58:04.364801] [E] [handleMessage] Exception in handler: Entity(168): Light not found
[13:58:04.364828] [E] [handleMessage] Exception in handler: Entity(170): Light not found
[13:58:04.365001] [I] FLR0026_CAMERA_APPLIED head=(5,0,-5) targetPresent=true target=(0,0,0) dolly=(5,0,5)
[13:58:04.469682] [I] FLR0026_MODEL_STAGE_COMPLETE asset=assets/models/sequoia_ngp.glb pending_models=0
[13:58:04.469918] [E] [handleMessage] Exception in handler: Entity(164): Light not found
[13:58:04.469963] [E] [handleMessage] Exception in handler: Entity(166): Light not found
[13:58:04.469991] [E] [handleMessage] Exception in handler: Entity(168): Light not found
[13:58:04.470017] [E] [handleMessage] Exception in handler: Entity(170): Light not found
[13:58:04.470188] [I] FLR0026_CAMERA_APPLIED head=(5,0,-5) targetPresent=true target=(0,0,0) dolly=(5,0,5)
[13:58:04.470435] [I] FLR0026_FRAME_BEGIN seq=210 started=false
[13:58:04.570795] [I] FLR0026_MODEL_STAGE_COMPLETE asset=assets/models/sequoia_ngp.glb pending_models=0
[13:58:04.571027] [E] [handleMessage] Exception in handler: Entity(164): Light not found
[13:58:04.571072] [E] [handleMessage] Exception in handler: Entity(166): Light not found
[13:58:04.571101] [E] [handleMessage] Exception in handler: Entity(168): Light not found
[13:58:04.571129] [E] [handleMessage] Exception in handler: Entity(170): Light not found
[13:58:04.571282] [I] FLR0026_CAMERA_APPLIED head=(5,0,-5) targetPresent=true target=(0,0,0) dolly=(5,0,5)
[13:58:04.673517] [I] FLR0026_MODEL_STAGE_COMPLETE asset=assets/models/sequoia_ngp.glb pending_models=0
[13:58:04.673754] [E] [handleMessage] Exception in handler: Entity(164): Light not found
[13:58:04.673799] [E] [handleMessage] Exception in handler: Entity(166): Light not found
[13:58:04.673828] [E] [handleMessage] Exception in handler: Entity(168): Light not found
[13:58:04.673855] [E] [handleMessage] Exception in handler: Entity(170): Light not found
[13:58:04.674006] [I] FLR0026_CAMERA_APPLIED head=(5,0,-5) targetPresent=true target=(0,0,0) dolly=(5,0,5)
[13:58:04.774896] [I] FLR0026_MODEL_STAGE_COMPLETE asset=assets/models/sequoia_ngp.glb pending_models=0
[13:58:04.775253] [E] [handleMessage] Exception in handler: Entity(164): Light not found
[13:58:04.775305] [E] [handleMessage] Exception in handler: Entity(166): Light not found
[13:58:04.775544] [E] [handleMessage] Exception in handler: Entity(168): Light not found
[13:58:04.775587] [E] [handleMessage] Exception in handler: Entity(170): Light not found
[13:58:04.775815] [I] FLR0026_CAMERA_APPLIED head=(5,0,-5) targetPresent=true target=(0,0,0) dolly=(5,0,5)
[13:58:04.883526] [I] FLR0026_MODEL_STAGE_COMPLETE asset=assets/models/sequoia_ngp.glb pending_models=0
[13:58:04.883755] [E] [handleMessage] Exception in handler: Entity(164): Light not found
[13:58:04.883797] [E] [handleMessage] Exception in handler: Entity(166): Light not found
[13:58:04.883825] [E] [handleMessage] Exception in handler: Entity(168): Light not found
[13:58:04.883852] [E] [handleMessage] Exception in handler: Entity(170): Light not found
[13:58:04.884002] [I] FLR0026_CAMERA_APPLIED head=(5,0,-5) targetPresent=true target=(0,0,0) dolly=(5,0,5)
FLR0026_VK_SWAPCHAIN_FLUSH_BEGIN\nFLR0026_VK_COMMAND_END_BEGIN buffer=0x7f8dbc026940\nFLR0026_VK_COMMAND_END_DONE buffer=0x7f8dbc026940\nFLR0026_VK_QUEUE_SUBMIT_BEGIN queue=0x7f8dbc02c550 fence=0x7f8dbdb03cf0\nFLR0026_VK_QUEUE_SUBMIT_DONE result=0 queue=0x7f8dbc02c550 fence=0x7f8dbdb03cf0\nFLR0026_VK_SWAPCHAIN_FLUSH_DONE flushed=true\nFLR0026_VK_FINISHED_SIGNAL_ACQUIRE_BEGIN\nFLR0026_VK_FINISHED_SIGNAL_ACQUIRE_DONE present=true\nFLR0026_VK_PRESENT_WAIT_SEMAPHORE enabled=true\nFLR0026_VK_QUEUE_PRESENT_BEGIN queue=0x7f8dbc02c550 swapchain=0x7f8dbdc4e740 index=0\n[13:58:04.993546] [I] FLR0026_MODEL_STAGE_COMPLETE asset=assets/models/sequoia_ngp.glb pending_models=0
[13:58:04.993912] [E] [handleMessage] Exception in handler: Entity(164): Light not found
[13:58:04.993968] [E] [handleMessage] Exception in handler: Entity(166): Light not found
[13:58:04.993998] [E] [handleMessage] Exception in handler: Entity(168): Light not found
[13:58:04.994026] [E] [handleMessage] Exception in handler: Entity(170): Light not found
[13:58:04.994259] [I] FLR0026_CAMERA_APPLIED head=(5,0,-5) targetPresent=true target=(0,0,0) dolly=(5,0,5)
[13:58:05.096501] [I] FLR0026_MODEL_STAGE_COMPLETE asset=assets/models/sequoia_ngp.glb pending_models=0
[13:58:05.096745] [E] [handleMessage] Exception in handler: Entity(164): Light not found
[13:58:05.096790] [E] [handleMessage] Exception in handler: Entity(166): Light not found
[13:58:05.096819] [E] [handleMessage] Exception in handler: Entity(168): Light not found
[13:58:05.096846] [E] [handleMessage] Exception in handler: Entity(170): Light not found
[13:58:05.096998] [I] FLR0026_CAMERA_APPLIED head=(5,0,-5) targetPresent=true target=(0,0,0) dolly=(5,0,5)
[13:58:05.199524] [I] FLR0026_MODEL_STAGE_COMPLETE asset=assets/models/sequoia_ngp.glb pending_models=0
[13:58:05.199764] [E] [handleMessage] Exception in handler: Entity(164): Light not found
[13:58:05.199808] [E] [handleMessage] Exception in handler: Entity(166): Light not found
[13:58:05.199836] [E] [handleMessage] Exception in handler: Entity(168): Light not found
[13:58:05.199861] [E] [handleMessage] Exception in handler: Entity(170): Light not found
[13:58:05.200011] [I] FLR0026_CAMERA_APPLIED head=(5,0,-5) targetPresent=true target=(0,0,0) dolly=(5,0,5)
[13:58:05.300566] [I] FLR0026_MODEL_STAGE_COMPLETE asset=assets/models/sequoia_ngp.glb pending_models=0
[13:58:05.300799] [E] [handleMessage] Exception in handler: Entity(164): Light not found
[13:58:05.300842] [E] [handleMessage] Exception in handler: Entity(166): Light not found
[13:58:05.300869] [E] [handleMessage] Exception in handler: Entity(168): Light not found
[13:58:05.300895] [E] [handleMessage] Exception in handler: Entity(170): Light not found
[13:58:05.301049] [I] FLR0026_CAMERA_APPLIED head=(5,0,-5) targetPresent=true target=(0,0,0) dolly=(5,0,5)
[13:58:05.404569] [I] FLR0026_MODEL_STAGE_COMPLETE asset=assets/models/sequoia_ngp.glb pending_models=0
[13:58:05.404800] [E] [handleMessage] Exception in handler: Entity(164): Light not found
[13:58:05.404849] [E] [handleMessage] Exception in handler: Entity(166): Light not found
[13:58:05.404878] [E] [handleMessage] Exception in handler: Entity(168): Light not found
[13:58:05.404964] [E] [handleMessage] Exception in handler: Entity(170): Light not found
[13:58:05.405137] [I] FLR0026_CAMERA_APPLIED head=(5,0,-5) targetPresent=true target=(0,0,0) dolly=(5,0,5)
[13:58:05.507295] [I] FLR0026_MODEL_STAGE_COMPLETE asset=assets/models/sequoia_ngp.glb pending_models=0
[13:58:05.507602] [E] [handleMessage] Exception in handler: Entity(164): Light not found
[13:58:05.507649] [E] [handleMessage] Exception in handler: Entity(166): Light not found
[13:58:05.507679] [E] [handleMessage] Exception in handler: Entity(168): Light not found
[13:58:05.507707] [E] [handleMessage] Exception in handler: Entity(170): Light not found
[13:58:05.507871] [I] FLR0026_CAMERA_APPLIED head=(5,0,-5) targetPresent=true target=(0,0,0) dolly=(5,0,5)
[13:58:05.508050] [I] FLR0026_FRAME_BEGIN seq=220 started=false
[13:58:05.608440] [I] FLR0026_MODEL_STAGE_COMPLETE asset=assets/models/sequoia_ngp.glb pending_models=0
[13:58:05.608672] [E] [handleMessage] Exception in handler: Entity(164): Light not found
[13:58:05.608717] [E] [handleMessage] Exception in handler: Entity(166): Light not found
[13:58:05.608746] [E] [handleMessage] Exception in handler: Entity(168): Light not found
[13:58:05.608773] [E] [handleMessage] Exception in handler: Entity(170): Light not found
[13:58:05.608972] [I] FLR0026_CAMERA_APPLIED head=(5,0,-5) targetPresent=true target=(0,0,0) dolly=(5,0,5)
[13:58:05.710504] [I] FLR0026_MODEL_STAGE_COMPLETE asset=assets/models/sequoia_ngp.glb pending_models=0
[13:58:05.710724] [E] [handleMessage] Exception in handler: Entity(164): Light not found
[13:58:05.710770] [E] [handleMessage] Exception in handler: Entity(166): Light not found
[13:58:05.710799] [E] [handleMessage] Exception in handler: Entity(168): Light not found
[13:58:05.710826] [E] [handleMessage] Exception in handler: Entity(170): Light not found
[13:58:05.710980] [I] FLR0026_CAMERA_APPLIED head=(5,0,-5) targetPresent=true target=(0,0,0) dolly=(5,0,5)
[13:58:05.815697] [I] FLR0026_MODEL_STAGE_COMPLETE asset=assets/models/sequoia_ngp.glb pending_models=0
[13:58:05.815936] [E] [handleMessage] Exception in handler: Entity(164): Light not found
[13:58:05.815982] [E] [handleMessage] Exception in handler: Entity(166): Light not found
[13:58:05.816010] [E] [handleMessage] Exception in handler: Entity(168): Light not found
[13:58:05.816037] [E] [handleMessage] Exception in handler: Entity(170): Light not found
[13:58:05.816192] [I] FLR0026_CAMERA_APPLIED head=(5,0,-5) targetPresent=true target=(0,0,0) dolly=(5,0,5)
[13:58:05.923495] [I] FLR0026_MODEL_STAGE_COMPLETE asset=assets/models/sequoia_ngp.glb pending_models=0
[13:58:05.923732] [E] [handleMessage] Exception in handler: Entity(164): Light not found
[13:58:05.923776] [E] [handleMessage] Exception in handler: Entity(166): Light not found
[13:58:05.923805] [E] [handleMessage] Exception in handler: Entity(168): Light not found
[13:58:05.923832] [E] [handleMessage] Exception in handler: Entity(170): Light not found
[13:58:05.923986] [I] FLR0026_CAMERA_APPLIED head=(5,0,-5) targetPresent=true target=(0,0,0) dolly=(5,0,5)
[13:58:06.024490] [I] FLR0026_MODEL_STAGE_COMPLETE asset=assets/models/sequoia_ngp.glb pending_models=0
[13:58:06.024728] [E] [handleMessage] Exception in handler: Entity(164): Light not found
[13:58:06.024772] [E] [handleMessage] Exception in handler: Entity(166): Light not found
[13:58:06.024800] [E] [handleMessage] Exception in handler: Entity(168): Light not found
[13:58:06.024826] [E] [handleMessage] Exception in handler: Entity(170): Light not found
[13:58:06.024976] [I] FLR0026_CAMERA_APPLIED head=(5,0,-5) targetPresent=true target=(0,0,0) dolly=(5,0,5)
[13:58:06.125549] [I] FLR0026_MODEL_STAGE_COMPLETE asset=assets/models/sequoia_ngp.glb pending_models=0
[13:58:06.125763] [E] [handleMessage] Exception in handler: Entity(164): Light not found
[13:58:06.125807] [E] [handleMessage] Exception in handler: Entity(166): Light not found
[13:58:06.125874] [E] [handleMessage] Exception in handler: Entity(168): Light not found
[13:58:06.125904] [E] [handleMessage] Exception in handler: Entity(170): Light not found
[13:58:06.126068] [I] FLR0026_CAMERA_APPLIED head=(5,0,-5) targetPresent=true target=(0,0,0) dolly=(5,0,5)
[13:58:06.227521] [I] FLR0026_MODEL_STAGE_COMPLETE asset=assets/models/sequoia_ngp.glb pending_models=0
[13:58:06.227766] [E] [handleMessage] Exception in handler: Entity(164): Light not found
[13:58:06.227813] [E] [handleMessage] Exception in handler: Entity(166): Light not found
[13:58:06.227842] [E] [handleMessage] Exception in handler: Entity(168): Light not found
[13:58:06.227869] [E] [handleMessage] Exception in handler: Entity(170): Light not found
[13:58:06.228042] [I] FLR0026_CAMERA_APPLIED head=(5,0,-5) targetPresent=true target=(0,0,0) dolly=(5,0,5)
[13:58:06.333888] [I] FLR0026_MODEL_STAGE_COMPLETE asset=assets/models/sequoia_ngp.glb pending_models=0
[13:58:06.334117] [E] [handleMessage] Exception in handler: Entity(164): Light not found
[13:58:06.334161] [E] [handleMessage] Exception in handler: Entity(166): Light not found
[13:58:06.334189] [E] [handleMessage] Exception in handler: Entity(168): Light not found
[13:58:06.334216] [E] [handleMessage] Exception in handler: Entity(170): Light not found
[13:58:06.334420] [I] FLR0026_CAMERA_APPLIED head=(5,0,-5) targetPresent=true target=(0,0,0) dolly=(5,0,5)
[13:58:06.438695] [I] FLR0026_MODEL_STAGE_COMPLETE asset=assets/models/sequoia_ngp.glb pending_models=0
[13:58:06.438926] [E] [handleMessage] Exception in handler: Entity(164): Light not found
[13:58:06.438970] [E] [handleMessage] Exception in handler: Entity(166): Light not found
[13:58:06.438999] [E] [handleMessage] Exception in handler: Entity(168): Light not found
[13:58:06.439026] [E] [handleMessage] Exception in handler: Entity(170): Light not found
[13:58:06.439178] [I] FLR0026_CAMERA_APPLIED head=(5,0,-5) targetPresent=true target=(0,0,0) dolly=(5,0,5)
[13:58:06.541976] [I] FLR0026_MODEL_STAGE_COMPLETE asset=assets/models/sequoia_ngp.glb pending_models=0
[13:58:06.542221] [E] [handleMessage] Exception in handler: Entity(164): Light not found
[13:58:06.542265] [E] [handleMessage] Exception in handler: Entity(166): Light not found
[13:58:06.542293] [E] [handleMessage] Exception in handler: Entity(168): Light not found
[13:58:06.542320] [E] [handleMessage] Exception in handler: Entity(170): Light not found
[13:58:06.542545] [I] FLR0026_CAMERA_APPLIED head=(5,0,-5) targetPresent=true target=(0,0,0) dolly=(5,0,5)
[13:58:06.542731] [I] FLR0026_FRAME_BEGIN seq=230 started=false
[13:58:06.651627] [I] FLR0026_MODEL_STAGE_COMPLETE asset=assets/models/sequoia_ngp.glb pending_models=0
[13:58:06.651853] [E] [handleMessage] Exception in handler: Entity(164): Light not found
[13:58:06.651897] [E] [handleMessage] Exception in handler: Entity(166): Light not found
[13:58:06.651926] [E] [handleMessage] Exception in handler: Entity(168): Light not found
[13:58:06.651952] [E] [handleMessage] Exception in handler: Entity(170): Light not found
[13:58:06.652102] [I] FLR0026_CAMERA_APPLIED head=(5,0,-5) targetPresent=true target=(0,0,0) dolly=(5,0,5)
[13:58:06.757498] [I] FLR0026_MODEL_STAGE_COMPLETE asset=assets/models/sequoia_ngp.glb pending_models=0
[13:58:06.757733] [E] [handleMessage] Exception in handler: Entity(164): Light not found
[13:58:06.757783] [E] [handleMessage] Exception in handler: Entity(166): Light not found
[13:58:06.757812] [E] [handleMessage] Exception in handler: Entity(168): Light not found
[13:58:06.757839] [E] [handleMessage] Exception in handler: Entity(170): Light not found
[13:58:06.757991] [I] FLR0026_CAMERA_APPLIED head=(5,0,-5) targetPresent=true target=(0,0,0) dolly=(5,0,5)
[13:58:06.858746] [I] FLR0026_MODEL_STAGE_COMPLETE asset=assets/models/sequoia_ngp.glb pending_models=0
[13:58:06.858977] [E] [handleMessage] Exception in handler: Entity(164): Light not found
[13:58:06.859023] [E] [handleMessage] Exception in handler: Entity(166): Light not found
[13:58:06.859110] [E] [handleMessage] Exception in handler: Entity(168): Light not found
[13:58:06.859143] [E] [handleMessage] Exception in handler: Entity(170): Light not found
[13:58:06.859319] [I] FLR0026_CAMERA_APPLIED head=(5,0,-5) targetPresent=true target=(0,0,0) dolly=(5,0,5)
[13:58:06.983554] [I] FLR0026_MODEL_STAGE_COMPLETE asset=assets/models/sequoia_ngp.glb pending_models=0
[13:58:06.983920] [E] [handleMessage] Exception in handler: Entity(164): Light not found
[13:58:06.983979] [E] [handleMessage] Exception in handler: Entity(166): Light not found
[13:58:06.984011] [E] [handleMessage] Exception in handler: Entity(168): Light not found
[13:58:06.984040] [E] [handleMessage] Exception in handler: Entity(170): Light not found
[13:58:06.984308] [I] FLR0026_CAMERA_APPLIED head=(5,0,-5) targetPresent=true target=(0,0,0) dolly=(5,0,5)
[13:58:07.084980] [I] FLR0026_MODEL_STAGE_COMPLETE asset=assets/models/sequoia_ngp.glb pending_models=0
[13:58:07.085220] [E] [handleMessage] Exception in handler: Entity(164): Light not found
[13:58:07.085268] [E] [handleMessage] Exception in handler: Entity(166): Light not found
[13:58:07.085298] [E] [handleMessage] Exception in handler: Entity(168): Light not found
[13:58:07.085325] [E] [handleMessage] Exception in handler: Entity(170): Light not found
[13:58:07.085542] [I] FLR0026_CAMERA_APPLIED head=(5,0,-5) targetPresent=true target=(0,0,0) dolly=(5,0,5)
[13:58:07.186098] [I] FLR0026_MODEL_STAGE_COMPLETE asset=assets/models/sequoia_ngp.glb pending_models=0
[13:58:07.186503] [E] [handleMessage] Exception in handler: Entity(164): Light not found
[13:58:07.186568] [E] [handleMessage] Exception in handler: Entity(166): Light not found
[13:58:07.186600] [E] [handleMessage] Exception in handler: Entity(168): Light not found
[13:58:07.186628] [E] [handleMessage] Exception in handler: Entity(170): Light not found
[13:58:07.186873] [I] FLR0026_CAMERA_APPLIED head=(5,0,-5) targetPresent=true target=(0,0,0) dolly=(5,0,5)
[13:58:07.300659] [I] FLR0026_MODEL_STAGE_COMPLETE asset=assets/models/sequoia_ngp.glb pending_models=0
[13:58:07.300895] [E] [handleMessage] Exception in handler: Entity(164): Light not found
[13:58:07.300942] [E] [handleMessage] Exception in handler: Entity(166): Light not found
[13:58:07.300971] [E] [handleMessage] Exception in handler: Entity(168): Light not found
[13:58:07.300997] [E] [handleMessage] Exception in handler: Entity(170): Light not found
[13:58:07.301152] [I] FLR0026_CAMERA_APPLIED head=(5,0,-5) targetPresent=true target=(0,0,0) dolly=(5,0,5)
[13:58:07.411589] [I] FLR0026_MODEL_STAGE_COMPLETE asset=assets/models/sequoia_ngp.glb pending_models=0
[13:58:07.412257] [E] [handleMessage] Exception in handler: Entity(164): Light not found
[13:58:07.412336] [E] [handleMessage] Exception in handler: Entity(166): Light not found
[13:58:07.412420] [E] [handleMessage] Exception in handler: Entity(168): Light not found
[13:58:07.412460] [E] [handleMessage] Exception in handler: Entity(170): Light not found
[13:58:07.412619] [I] FLR0026_CAMERA_APPLIED head=(5,0,-5) targetPresent=true target=(0,0,0) dolly=(5,0,5)
[13:58:07.515491] [I] FLR0026_MODEL_STAGE_COMPLETE asset=assets/models/sequoia_ngp.glb pending_models=0
[13:58:07.515723] [E] [handleMessage] Exception in handler: Entity(164): Light not found
[13:58:07.515769] [E] [handleMessage] Exception in handler: Entity(166): Light not found
[13:58:07.515799] [E] [handleMessage] Exception in handler: Entity(168): Light not found
[13:58:07.515827] [E] [handleMessage] Exception in handler: Entity(170): Light not found
[13:58:07.515997] [I] FLR0026_CAMERA_APPLIED head=(5,0,-5) targetPresent=true target=(0,0,0) dolly=(5,0,5)
[13:58:07.626491] [I] FLR0026_MODEL_STAGE_PROGRESS seq=240 progress=1 assets=1
[13:58:07.626572] [I] FLR0026_MODEL_STAGE_COMPLETE asset=assets/models/sequoia_ngp.glb pending_models=0
[13:58:07.626731] [E] [handleMessage] Exception in handler: Entity(164): Light not found
[13:58:07.626773] [E] [handleMessage] Exception in handler: Entity(166): Light not found
[13:58:07.626867] [E] [handleMessage] Exception in handler: Entity(168): Light not found
[13:58:07.626900] [E] [handleMessage] Exception in handler: Entity(170): Light not found
[13:58:07.627064] [I] FLR0026_CAMERA_APPLIED head=(5,0,-5) targetPresent=true target=(0,0,0) dolly=(5,0,5)
[13:58:07.627242] [I] FLR0026_FRAME_BEGIN seq=240 started=false
[13:58:07.730498] [I] FLR0026_MODEL_STAGE_COMPLETE asset=assets/models/sequoia_ngp.glb pending_models=0
[13:58:07.730728] [E] [handleMessage] Exception in handler: Entity(164): Light not found
[13:58:07.730771] [E] [handleMessage] Exception in handler: Entity(166): Light not found
[13:58:07.730800] [E] [handleMessage] Exception in handler: Entity(168): Light not found
[13:58:07.730826] [E] [handleMessage] Exception in handler: Entity(170): Light not found
[13:58:07.730990] [I] FLR0026_CAMERA_APPLIED head=(5,0,-5) targetPresent=true target=(0,0,0) dolly=(5,0,5)
[13:58:07.831546] [I] FLR0026_MODEL_STAGE_COMPLETE asset=assets/models/sequoia_ngp.glb pending_models=0
[13:58:07.831782] [E] [handleMessage] Exception in handler: Entity(164): Light not found
[13:58:07.831827] [E] [handleMessage] Exception in handler: Entity(166): Light not found
[13:58:07.831856] [E] [handleMessage] Exception in handler: Entity(168): Light not found
[13:58:07.831884] [E] [handleMessage] Exception in handler: Entity(170): Light not found
[13:58:07.832039] [I] FLR0026_CAMERA_APPLIED head=(5,0,-5) targetPresent=true target=(0,0,0) dolly=(5,0,5)
[13:58:07.933515] [I] FLR0026_MODEL_STAGE_COMPLETE asset=assets/models/sequoia_ngp.glb pending_models=0
[13:58:07.933749] [E] [handleMessage] Exception in handler: Entity(164): Light not found
[13:58:07.933793] [E] [handleMessage] Exception in handler: Entity(166): Light not found
[13:58:07.933822] [E] [handleMessage] Exception in handler: Entity(168): Light not found
[13:58:07.933849] [E] [handleMessage] Exception in handler: Entity(170): Light not found
[13:58:07.934000] [I] FLR0026_CAMERA_APPLIED head=(5,0,-5) targetPresent=true target=(0,0,0) dolly=(5,0,5)
[13:58:08.037500] [I] FLR0026_MODEL_STAGE_COMPLETE asset=assets/models/sequoia_ngp.glb pending_models=0
[13:58:08.037739] [E] [handleMessage] Exception in handler: Entity(164): Light not found
[13:58:08.037785] [E] [handleMessage] Exception in handler: Entity(166): Light not found
[13:58:08.037813] [E] [handleMessage] Exception in handler: Entity(168): Light not found
[13:58:08.037838] [E] [handleMessage] Exception in handler: Entity(170): Light not found
[13:58:08.037987] [I] FLR0026_CAMERA_APPLIED head=(5,0,-5) targetPresent=true target=(0,0,0) dolly=(5,0,5)
[13:58:08.138983] [I] FLR0026_MODEL_STAGE_COMPLETE asset=assets/models/sequoia_ngp.glb pending_models=0
[13:58:08.139220] [E] [handleMessage] Exception in handler: Entity(164): Light not found
[13:58:08.139269] [E] [handleMessage] Exception in handler: Entity(166): Light not found
[13:58:08.139299] [E] [handleMessage] Exception in handler: Entity(168): Light not found
[13:58:08.139327] [E] [handleMessage] Exception in handler: Entity(170): Light not found
[13:58:08.139534] [I] FLR0026_CAMERA_APPLIED head=(5,0,-5) targetPresent=true target=(0,0,0) dolly=(5,0,5)
FLR0026_VK_QUEUE_PRESENT result=0 surface=7f8dbdcbc9b0 swapchain=7f8dbdc4e740 index=0
[13:58:08.243165] [I] FLR0026_MODEL_STAGE_COMPLETE asset=assets/models/sequoia_ngp.glb pending_models=0
[13:58:08.243453] [E] [handleMessage] Exception in handler: Entity(164): Light not found
[13:58:08.243512] [E] [handleMessage] Exception in handler: Entity(166): Light not found
[13:58:08.243542] [E] [handleMessage] Exception in handler: Entity(168): Light not found
[13:58:08.243610] [E] [handleMessage] Exception in handler: Entity(170): Light not found
[13:58:08.243772] [I] FLR0026_CAMERA_APPLIED head=(5,0,-5) targetPresent=true target=(0,0,0) dolly=(5,0,5)
[13:58:08.355959] [I] FLR0026_MODEL_STAGE_COMPLETE asset=assets/models/sequoia_ngp.glb pending_models=0
[13:58:08.356205] [E] [handleMessage] Exception in handler: Entity(164): Light not found
[13:58:08.356250] [E] [handleMessage] Exception in handler: Entity(166): Light not found
[13:58:08.356279] [E] [handleMessage] Exception in handler: Entity(168): Light not found
[13:58:08.356307] [E] [handleMessage] Exception in handler: Entity(170): Light not found
[13:58:08.356532] [I] FLR0026_CAMERA_APPLIED head=(5,0,-5) targetPresent=true target=(0,0,0) dolly=(5,0,5)
[13:58:08.457254] [I] FLR0026_MODEL_STAGE_COMPLETE asset=assets/models/sequoia_ngp.glb pending_models=0
[13:58:08.457707] [E] [handleMessage] Exception in handler: Entity(164): Light not found
[13:58:08.457754] [E] [handleMessage] Exception in handler: Entity(166): Light not found
[13:58:08.457783] [E] [handleMessage] Exception in handler: Entity(168): Light not found
[13:58:08.457808] [E] [handleMessage] Exception in handler: Entity(170): Light not found
[13:58:08.457964] [I] FLR0026_CAMERA_APPLIED head=(5,0,-5) targetPresent=true target=(0,0,0) dolly=(5,0,5)
FLR0026_VK_ACQUIRE_WAIT_SEMAPHORE enabled=true\n[13:58:08.573559] [I] FLR0026_MODEL_STAGE_COMPLETE asset=assets/models/sequoia_ngp.glb pending_models=0
[13:58:08.573958] [E] [handleMessage] Exception in handler: Entity(164): Light not found
[13:58:08.574059] [E] [handleMessage] Exception in handler: Entity(166): Light not found
[13:58:08.574122] [E] [handleMessage] Exception in handler: Entity(168): Light not found
[13:58:08.574182] [E] [handleMessage] Exception in handler: Entity(170): Light not found
[13:58:08.574523] [I] FLR0026_CAMERA_APPLIED head=(5,0,-5) targetPresent=true target=(0,0,0) dolly=(5,0,5)
[13:58:08.689789] [I] FLR0026_MODEL_STAGE_COMPLETE asset=assets/models/sequoia_ngp.glb pending_models=0
[13:58:08.690165] [E] [handleMessage] Exception in handler: Entity(164): Light not found
[13:58:08.690257] [E] [handleMessage] Exception in handler: Entity(166): Light not found
[13:58:08.690326] [E] [handleMessage] Exception in handler: Entity(168): Light not found
[13:58:08.690484] [E] [handleMessage] Exception in handler: Entity(170): Light not found
[13:58:08.690670] [I] FLR0026_CAMERA_APPLIED head=(5,0,-5) targetPresent=true target=(0,0,0) dolly=(5,0,5)
[13:58:08.690847] [I] FLR0026_FRAME_BEGIN seq=250 started=false
[13:58:08.791225] [I] FLR0026_MODEL_STAGE_COMPLETE asset=assets/models/sequoia_ngp.glb pending_models=0
[13:58:08.791797] [E] [handleMessage] Exception in handler: Entity(164): Light not found
[13:58:08.791907] [E] [handleMessage] Exception in handler: Entity(166): Light not found
[13:58:08.791980] [E] [handleMessage] Exception in handler: Entity(168): Light not found
[13:58:08.792046] [E] [handleMessage] Exception in handler: Entity(170): Light not found
[13:58:08.792352] [I] FLR0026_CAMERA_APPLIED head=(5,0,-5) targetPresent=true target=(0,0,0) dolly=(5,0,5)
[13:58:08.893089] [I] FLR0026_MODEL_STAGE_COMPLETE asset=assets/models/sequoia_ngp.glb pending_models=0
[13:58:08.893597] [E] [handleMessage] Exception in handler: Entity(164): Light not found
[13:58:08.893704] [E] [handleMessage] Exception in handler: Entity(166): Light not found
[13:58:08.893775] [E] [handleMessage] Exception in handler: Entity(168): Light not found
[13:58:08.893839] [E] [handleMessage] Exception in handler: Entity(170): Light not found
[13:58:08.894139] [I] FLR0026_CAMERA_APPLIED head=(5,0,-5) targetPresent=true target=(0,0,0) dolly=(5,0,5)
[13:58:08.995010] [I] FLR0026_MODEL_STAGE_COMPLETE asset=assets/models/sequoia_ngp.glb pending_models=0
[13:58:08.995574] [E] [handleMessage] Exception in handler: Entity(164): Light not found
[13:58:08.995805] [E] [handleMessage] Exception in handler: Entity(166): Light not found
[13:58:08.995890] [E] [handleMessage] Exception in handler: Entity(168): Light not found
[13:58:08.995957] [E] [handleMessage] Exception in handler: Entity(170): Light not found
[13:58:08.996275] [I] FLR0026_CAMERA_APPLIED head=(5,0,-5) targetPresent=true target=(0,0,0) dolly=(5,0,5)
[13:58:09.097113] [I] FLR0026_MODEL_STAGE_COMPLETE asset=assets/models/sequoia_ngp.glb pending_models=0
[13:58:09.097602] [E] [handleMessage] Exception in handler: Entity(164): Light not found
[13:58:09.097707] [E] [handleMessage] Exception in handler: Entity(166): Light not found
[13:58:09.097777] [E] [handleMessage] Exception in handler: Entity(168): Light not found
[13:58:09.097840] [E] [handleMessage] Exception in handler: Entity(170): Light not found
[13:58:09.098137] [I] FLR0026_CAMERA_APPLIED head=(5,0,-5) targetPresent=true target=(0,0,0) dolly=(5,0,5)
[13:58:09.199140] [I] FLR0026_MODEL_STAGE_COMPLETE asset=assets/models/sequoia_ngp.glb pending_models=0
[13:58:09.199684] [E] [handleMessage] Exception in handler: Entity(164): Light not found
[13:58:09.199791] [E] [handleMessage] Exception in handler: Entity(166): Light not found
[13:58:09.199861] [E] [handleMessage] Exception in handler: Entity(168): Light not found
[13:58:09.199923] [E] [handleMessage] Exception in handler: Entity(170): Light not found
[13:58:09.200214] [I] FLR0026_CAMERA_APPLIED head=(5,0,-5) targetPresent=true target=(0,0,0) dolly=(5,0,5)
[13:58:09.301068] [I] FLR0026_MODEL_STAGE_COMPLETE asset=assets/models/sequoia_ngp.glb pending_models=0
[13:58:09.301337] [E] [handleMessage] Exception in handler: Entity(164): Light not found
[13:58:09.301658] [E] [handleMessage] Exception in handler: Entity(166): Light not found
[13:58:09.301748] [E] [handleMessage] Exception in handler: Entity(168): Light not found
[13:58:09.301816] [E] [handleMessage] Exception in handler: Entity(170): Light not found
[13:58:09.302121] [I] FLR0026_CAMERA_APPLIED head=(5,0,-5) targetPresent=true target=(0,0,0) dolly=(5,0,5)
[13:58:09.403003] [I] FLR0026_MODEL_STAGE_COMPLETE asset=assets/models/sequoia_ngp.glb pending_models=0
[13:58:09.403505] [E] [handleMessage] Exception in handler: Entity(164): Light not found
[13:58:09.403630] [E] [handleMessage] Exception in handler: Entity(166): Light not found
[13:58:09.403701] [E] [handleMessage] Exception in handler: Entity(168): Light not found
[13:58:09.403766] [E] [handleMessage] Exception in handler: Entity(170): Light not found
[13:58:09.404059] [I] FLR0026_CAMERA_APPLIED head=(5,0,-5) targetPresent=true target=(0,0,0) dolly=(5,0,5)
[13:58:09.504891] [I] FLR0026_MODEL_STAGE_COMPLETE asset=assets/models/sequoia_ngp.glb pending_models=0
[13:58:09.505245] [E] [handleMessage] Exception in handler: Entity(164): Light not found
[13:58:09.505329] [E] [handleMessage] Exception in handler: Entity(166): Light not found
[13:58:09.505525] [E] [handleMessage] Exception in handler: Entity(168): Light not found
[13:58:09.505604] [E] [handleMessage] Exception in handler: Entity(170): Light not found
[13:58:09.505878] [I] FLR0026_CAMERA_APPLIED head=(5,0,-5) targetPresent=true target=(0,0,0) dolly=(5,0,5)
[13:58:09.606784] [I] FLR0026_MODEL_STAGE_COMPLETE asset=assets/models/sequoia_ngp.glb pending_models=0
[13:58:09.607150] [E] [handleMessage] Exception in handler: Entity(164): Light not found
[13:58:09.607241] [E] [handleMessage] Exception in handler: Entity(166): Light not found
[13:58:09.607268] [E] [handleMessage] Exception in handler: Entity(168): Light not found
[13:58:09.607293] [E] [handleMessage] Exception in handler: Entity(170): Light not found
[13:58:09.607513] [I] FLR0026_CAMERA_APPLIED head=(5,0,-5) targetPresent=true target=(0,0,0) dolly=(5,0,5)
[13:58:09.708099] [I] FLR0026_MODEL_STAGE_COMPLETE asset=assets/models/sequoia_ngp.glb pending_models=0
[13:58:09.708602] [E] [handleMessage] Exception in handler: Entity(164): Light not found
[13:58:09.708709] [E] [handleMessage] Exception in handler: Entity(166): Light not found
[13:58:09.708853] [E] [handleMessage] Exception in handler: Entity(168): Light not found
[13:58:09.708925] [E] [handleMessage] Exception in handler: Entity(170): Light not found
[13:58:09.709214] [I] FLR0026_CAMERA_APPLIED head=(5,0,-5) targetPresent=true target=(0,0,0) dolly=(5,0,5)
[13:58:09.709511] [I] FLR0026_FRAME_BEGIN seq=260 started=false
[13:58:09.810107] [I] FLR0026_MODEL_STAGE_COMPLETE asset=assets/models/sequoia_ngp.glb pending_models=0
[13:58:09.810626] [E] [handleMessage] Exception in handler: Entity(164): Light not found
[13:58:09.810733] [E] [handleMessage] Exception in handler: Entity(166): Light not found
[13:58:09.810802] [E] [handleMessage] Exception in handler: Entity(168): Light not found
[13:58:09.810864] [E] [handleMessage] Exception in handler: Entity(170): Light not found
[13:58:09.811158] [I] FLR0026_CAMERA_APPLIED head=(5,0,-5) targetPresent=true target=(0,0,0) dolly=(5,0,5)
[13:58:09.911966] [I] FLR0026_MODEL_STAGE_COMPLETE asset=assets/models/sequoia_ngp.glb pending_models=0
[13:58:09.912496] [E] [handleMessage] Exception in handler: Entity(164): Light not found
[13:58:09.912610] [E] [handleMessage] Exception in handler: Entity(166): Light not found
[13:58:09.912696] [E] [handleMessage] Exception in handler: Entity(168): Light not found
[13:58:09.912761] [E] [handleMessage] Exception in handler: Entity(170): Light not found
[13:58:09.913054] [I] FLR0026_CAMERA_APPLIED head=(5,0,-5) targetPresent=true target=(0,0,0) dolly=(5,0,5)
[13:58:10.013737] [I] FLR0026_MODEL_STAGE_COMPLETE asset=assets/models/sequoia_ngp.glb pending_models=0
[13:58:10.013996] [E] [handleMessage] Exception in handler: Entity(164): Light not found
[13:58:10.014063] [E] [handleMessage] Exception in handler: Entity(166): Light not found
[13:58:10.014129] [E] [handleMessage] Exception in handler: Entity(168): Light not found
[13:58:10.014192] [E] [handleMessage] Exception in handler: Entity(170): Light not found
[13:58:10.014638] [I] FLR0026_CAMERA_APPLIED head=(5,0,-5) targetPresent=true target=(0,0,0) dolly=(5,0,5)
[13:58:10.115752] [I] FLR0026_MODEL_STAGE_COMPLETE asset=assets/models/sequoia_ngp.glb pending_models=0
[13:58:10.116135] [E] [handleMessage] Exception in handler: Entity(164): Light not found
[13:58:10.116233] [E] [handleMessage] Exception in handler: Entity(166): Light not found
[13:58:10.116300] [E] [handleMessage] Exception in handler: Entity(168): Light not found
[13:58:10.116550] [E] [handleMessage] Exception in handler: Entity(170): Light not found
[13:58:10.116872] [I] FLR0026_CAMERA_APPLIED head=(5,0,-5) targetPresent=true target=(0,0,0) dolly=(5,0,5)
[13:58:10.217794] [I] FLR0026_MODEL_STAGE_COMPLETE asset=assets/models/sequoia_ngp.glb pending_models=0
[13:58:10.218158] [E] [handleMessage] Exception in handler: Entity(164): Light not found
[13:58:10.218247] [E] [handleMessage] Exception in handler: Entity(166): Light not found
[13:58:10.218317] [E] [handleMessage] Exception in handler: Entity(168): Light not found
[13:58:10.218561] [E] [handleMessage] Exception in handler: Entity(170): Light not found
[13:58:10.218871] [I] FLR0026_CAMERA_APPLIED head=(5,0,-5) targetPresent=true target=(0,0,0) dolly=(5,0,5)
[13:58:10.319594] [I] FLR0026_MODEL_STAGE_COMPLETE asset=assets/models/sequoia_ngp.glb pending_models=0
[13:58:10.319816] [E] [handleMessage] Exception in handler: Entity(164): Light not found
[13:58:10.319861] [E] [handleMessage] Exception in handler: Entity(166): Light not found
[13:58:10.319888] [E] [handleMessage] Exception in handler: Entity(168): Light not found
[13:58:10.319915] [E] [handleMessage] Exception in handler: Entity(170): Light not found
[13:58:10.320087] [I] FLR0026_CAMERA_APPLIED head=(5,0,-5) targetPresent=true target=(0,0,0) dolly=(5,0,5)
[13:58:10.421167] [I] FLR0026_MODEL_STAGE_COMPLETE asset=assets/models/sequoia_ngp.glb pending_models=0
[13:58:10.421698] [E] [handleMessage] Exception in handler: Entity(164): Light not found
[13:58:10.421803] [E] [handleMessage] Exception in handler: Entity(166): Light not found
[13:58:10.421959] [E] [handleMessage] Exception in handler: Entity(168): Light not found
[13:58:10.422031] [E] [handleMessage] Exception in handler: Entity(170): Light not found
[13:58:10.422193] [I] FLR0026_CAMERA_APPLIED head=(5,0,-5) targetPresent=true target=(0,0,0) dolly=(5,0,5)
[13:58:10.522977] [I] FLR0026_MODEL_STAGE_COMPLETE asset=assets/models/sequoia_ngp.glb pending_models=0
[13:58:10.523507] [E] [handleMessage] Exception in handler: Entity(164): Light not found
[13:58:10.523617] [E] [handleMessage] Exception in handler: Entity(166): Light not found
[13:58:10.523687] [E] [handleMessage] Exception in handler: Entity(168): Light not found
[13:58:10.523750] [E] [handleMessage] Exception in handler: Entity(170): Light not found
[13:58:10.524047] [I] FLR0026_CAMERA_APPLIED head=(5,0,-5) targetPresent=true target=(0,0,0) dolly=(5,0,5)
[13:58:10.624723] [I] FLR0026_MODEL_STAGE_COMPLETE asset=assets/models/sequoia_ngp.glb pending_models=0
[13:58:10.624988] [E] [handleMessage] Exception in handler: Entity(164): Light not found
[13:58:10.625031] [E] [handleMessage] Exception in handler: Entity(166): Light not found
[13:58:10.625059] [E] [handleMessage] Exception in handler: Entity(168): Light not found
[13:58:10.625084] [E] [handleMessage] Exception in handler: Entity(170): Light not found
[13:58:10.625243] [I] FLR0026_CAMERA_APPLIED head=(5,0,-5) targetPresent=true target=(0,0,0) dolly=(5,0,5)
[13:58:10.725987] [I] FLR0026_MODEL_STAGE_COMPLETE asset=assets/models/sequoia_ngp.glb pending_models=0
[13:58:10.726503] [E] [handleMessage] Exception in handler: Entity(164): Light not found
[13:58:10.726616] [E] [handleMessage] Exception in handler: Entity(166): Light not found
[13:58:10.726700] [E] [handleMessage] Exception in handler: Entity(168): Light not found
[13:58:10.726766] [E] [handleMessage] Exception in handler: Entity(170): Light not found
[13:58:10.726953] [I] FLR0026_CAMERA_APPLIED head=(5,0,-5) targetPresent=true target=(0,0,0) dolly=(5,0,5)
[13:58:10.727126] [I] FLR0026_FRAME_BEGIN seq=270 started=false
[13:58:10.827702] [I] FLR0026_MODEL_STAGE_COMPLETE asset=assets/models/sequoia_ngp.glb pending_models=0
[13:58:10.828070] [E] [handleMessage] Exception in handler: Entity(164): Light not found
[13:58:10.828163] [E] [handleMessage] Exception in handler: Entity(166): Light not found
[13:58:10.828229] [E] [handleMessage] Exception in handler: Entity(168): Light not found
[13:58:10.828291] [E] [handleMessage] Exception in handler: Entity(170): Light not found
[13:58:10.828730] [I] FLR0026_CAMERA_APPLIED head=(5,0,-5) targetPresent=true target=(0,0,0) dolly=(5,0,5)
[13:58:10.929614] [I] FLR0026_MODEL_STAGE_COMPLETE asset=assets/models/sequoia_ngp.glb pending_models=0
[13:58:10.929995] [E] [handleMessage] Exception in handler: Entity(164): Light not found
[13:58:10.930089] [E] [handleMessage] Exception in handler: Entity(166): Light not found
[13:58:10.930156] [E] [handleMessage] Exception in handler: Entity(168): Light not found
[13:58:10.930218] [E] [handleMessage] Exception in handler: Entity(170): Light not found
[13:58:10.930564] [I] FLR0026_CAMERA_APPLIED head=(5,0,-5) targetPresent=true target=(0,0,0) dolly=(5,0,5)
[13:58:11.031556] [I] FLR0026_MODEL_STAGE_COMPLETE asset=assets/models/sequoia_ngp.glb pending_models=0
[13:58:11.031954] [E] [handleMessage] Exception in handler: Entity(164): Light not found
[13:58:11.032052] [E] [handleMessage] Exception in handler: Entity(166): Light not found
[13:58:11.032120] [E] [handleMessage] Exception in handler: Entity(168): Light not found
[13:58:11.032183] [E] [handleMessage] Exception in handler: Entity(170): Light not found
[13:58:11.032568] [I] FLR0026_CAMERA_APPLIED head=(5,0,-5) targetPresent=true target=(0,0,0) dolly=(5,0,5)
[13:58:11.133671] [I] FLR0026_MODEL_STAGE_COMPLETE asset=assets/models/sequoia_ngp.glb pending_models=0
[13:58:11.134036] [E] [handleMessage] Exception in handler: Entity(164): Light not found
[13:58:11.134200] [E] [handleMessage] Exception in handler: Entity(166): Light not found
[13:58:11.134274] [E] [handleMessage] Exception in handler: Entity(168): Light not found
[13:58:11.134337] [E] [handleMessage] Exception in handler: Entity(170): Light not found
[13:58:11.134700] [I] FLR0026_CAMERA_APPLIED head=(5,0,-5) targetPresent=true target=(0,0,0) dolly=(5,0,5)
[13:58:11.235640] [I] FLR0026_MODEL_STAGE_COMPLETE asset=assets/models/sequoia_ngp.glb pending_models=0
[13:58:11.236003] [E] [handleMessage] Exception in handler: Entity(164): Light not found
[13:58:11.236094] [E] [handleMessage] Exception in handler: Entity(166): Light not found
[13:58:11.236164] [E] [handleMessage] Exception in handler: Entity(168): Light not found
[13:58:11.236228] [E] [handleMessage] Exception in handler: Entity(170): Light not found
[13:58:11.236641] [I] FLR0026_CAMERA_APPLIED head=(5,0,-5) targetPresent=true target=(0,0,0) dolly=(5,0,5)
[13:58:11.337635] [I] FLR0026_MODEL_STAGE_COMPLETE asset=assets/models/sequoia_ngp.glb pending_models=0
[13:58:11.338008] [E] [handleMessage] Exception in handler: Entity(164): Light not found
[13:58:11.338101] [E] [handleMessage] Exception in handler: Entity(166): Light not found
[13:58:11.338167] [E] [handleMessage] Exception in handler: Entity(168): Light not found
[13:58:11.338230] [E] [handleMessage] Exception in handler: Entity(170): Light not found
[13:58:11.338695] [I] FLR0026_CAMERA_APPLIED head=(5,0,-5) targetPresent=true target=(0,0,0) dolly=(5,0,5)
[13:58:11.439496] [I] FLR0026_MODEL_STAGE_COMPLETE asset=assets/models/sequoia_ngp.glb pending_models=0
[13:58:11.439845] [E] [handleMessage] Exception in handler: Entity(164): Light not found
[13:58:11.439937] [E] [handleMessage] Exception in handler: Entity(166): Light not found
[13:58:11.440004] [E] [handleMessage] Exception in handler: Entity(168): Light not found
[13:58:11.440065] [E] [handleMessage] Exception in handler: Entity(170): Light not found
[13:58:11.440415] [I] FLR0026_CAMERA_APPLIED head=(5,0,-5) targetPresent=true target=(0,0,0) dolly=(5,0,5)
[13:58:11.541223] [I] FLR0026_MODEL_STAGE_COMPLETE asset=assets/models/sequoia_ngp.glb pending_models=0
[13:58:11.541520] [E] [handleMessage] Exception in handler: Entity(164): Light not found
[13:58:11.541567] [E] [handleMessage] Exception in handler: Entity(166): Light not found
[13:58:11.541601] [E] [handleMessage] Exception in handler: Entity(168): Light not found
[13:58:11.541655] [E] [handleMessage] Exception in handler: Entity(170): Light not found
[13:58:11.541950] [I] FLR0026_CAMERA_APPLIED head=(5,0,-5) targetPresent=true target=(0,0,0) dolly=(5,0,5)
[13:58:11.642982] [I] FLR0026_MODEL_STAGE_COMPLETE asset=assets/models/sequoia_ngp.glb pending_models=0
[13:58:11.643350] [E] [handleMessage] Exception in handler: Entity(164): Light not found
[13:58:11.643627] [E] [handleMessage] Exception in handler: Entity(166): Light not found
[13:58:11.643660] [E] [handleMessage] Exception in handler: Entity(168): Light not found
[13:58:11.643686] [E] [handleMessage] Exception in handler: Entity(170): Light not found
[13:58:11.643839] [I] FLR0026_CAMERA_APPLIED head=(5,0,-5) targetPresent=true target=(0,0,0) dolly=(5,0,5)
[13:58:11.744555] [I] FLR0026_MODEL_STAGE_COMPLETE asset=assets/models/sequoia_ngp.glb pending_models=0
[13:58:11.744804] [E] [handleMessage] Exception in handler: Entity(164): Light not found
[13:58:11.744847] [E] [handleMessage] Exception in handler: Entity(166): Light not found
[13:58:11.744874] [E] [handleMessage] Exception in handler: Entity(168): Light not found
[13:58:11.744900] [E] [handleMessage] Exception in handler: Entity(170): Light not found
[13:58:11.745051] [I] FLR0026_CAMERA_APPLIED head=(5,0,-5) targetPresent=true target=(0,0,0) dolly=(5,0,5)
[13:58:11.745225] [I] FLR0026_FRAME_BEGIN seq=280 started=false
[13:58:11.845701] [I] FLR0026_MODEL_STAGE_COMPLETE asset=assets/models/sequoia_ngp.glb pending_models=0
[13:58:11.846137] [E] [handleMessage] Exception in handler: Entity(164): Light not found
[13:58:11.846237] [E] [handleMessage] Exception in handler: Entity(166): Light not found
[13:58:11.846305] [E] [handleMessage] Exception in handler: Entity(168): Light not found
[13:58:11.846487] [E] [handleMessage] Exception in handler: Entity(170): Light not found
[13:58:11.846793] [I] FLR0026_CAMERA_APPLIED head=(5,0,-5) targetPresent=true target=(0,0,0) dolly=(5,0,5)
[13:58:11.947774] [I] FLR0026_MODEL_STAGE_COMPLETE asset=assets/models/sequoia_ngp.glb pending_models=0
[13:58:11.948147] [E] [handleMessage] Exception in handler: Entity(164): Light not found
[13:58:11.948240] [E] [handleMessage] Exception in handler: Entity(166): Light not found
[13:58:11.948307] [E] [handleMessage] Exception in handler: Entity(168): Light not found
[13:58:11.948483] [E] [handleMessage] Exception in handler: Entity(170): Light not found
[13:58:11.948649] [I] FLR0026_CAMERA_APPLIED head=(5,0,-5) targetPresent=true target=(0,0,0) dolly=(5,0,5)
[13:58:12.049503] [I] FLR0026_MODEL_STAGE_COMPLETE asset=assets/models/sequoia_ngp.glb pending_models=0
[13:58:12.049908] [E] [handleMessage] Exception in handler: Entity(164): Light not found
[13:58:12.050001] [E] [handleMessage] Exception in handler: Entity(166): Light not found
[13:58:12.050066] [E] [handleMessage] Exception in handler: Entity(168): Light not found
[13:58:12.050134] [E] [handleMessage] Exception in handler: Entity(170): Light not found
[13:58:12.050471] [I] FLR0026_CAMERA_APPLIED head=(5,0,-5) targetPresent=true target=(0,0,0) dolly=(5,0,5)
[13:58:12.151509] [I] FLR0026_MODEL_STAGE_COMPLETE asset=assets/models/sequoia_ngp.glb pending_models=0
[13:58:12.151895] [E] [handleMessage] Exception in handler: Entity(164): Light not found
[13:58:12.151989] [E] [handleMessage] Exception in handler: Entity(166): Light not found
[13:58:12.152067] [E] [handleMessage] Exception in handler: Entity(168): Light not found
[13:58:12.152135] [E] [handleMessage] Exception in handler: Entity(170): Light not found
[13:58:12.152462] [I] FLR0026_CAMERA_APPLIED head=(5,0,-5) targetPresent=true target=(0,0,0) dolly=(5,0,5)
[13:58:12.253160] [I] FLR0026_MODEL_STAGE_COMPLETE asset=assets/models/sequoia_ngp.glb pending_models=0
[13:58:12.253680] [E] [handleMessage] Exception in handler: Entity(164): Light not found
[13:58:12.253781] [E] [handleMessage] Exception in handler: Entity(166): Light not found
[13:58:12.253849] [E] [handleMessage] Exception in handler: Entity(168): Light not found
[13:58:12.253912] [E] [handleMessage] Exception in handler: Entity(170): Light not found
[13:58:12.254206] [I] FLR0026_CAMERA_APPLIED head=(5,0,-5) targetPresent=true target=(0,0,0) dolly=(5,0,5)
[13:58:12.355080] [I] FLR0026_MODEL_STAGE_COMPLETE asset=assets/models/sequoia_ngp.glb pending_models=0
[13:58:12.355608] [E] [handleMessage] Exception in handler: Entity(164): Light not found
[13:58:12.355739] [E] [handleMessage] Exception in handler: Entity(166): Light not found
[13:58:12.355812] [E] [handleMessage] Exception in handler: Entity(168): Light not found
[13:58:12.355878] [E] [handleMessage] Exception in handler: Entity(170): Light not found
[13:58:12.356182] [I] FLR0026_CAMERA_APPLIED head=(5,0,-5) targetPresent=true target=(0,0,0) dolly=(5,0,5)
[13:58:12.457035] [I] FLR0026_MODEL_STAGE_COMPLETE asset=assets/models/sequoia_ngp.glb pending_models=0
[13:58:12.457578] [E] [handleMessage] Exception in handler: Entity(164): Light not found
[13:58:12.457708] [E] [handleMessage] Exception in handler: Entity(166): Light not found
[13:58:12.457779] [E] [handleMessage] Exception in handler: Entity(168): Light not found
[13:58:12.457842] [E] [handleMessage] Exception in handler: Entity(170): Light not found
[13:58:12.458139] [I] FLR0026_CAMERA_APPLIED head=(5,0,-5) targetPresent=true target=(0,0,0) dolly=(5,0,5)
[13:58:12.558970] [I] FLR0026_MODEL_STAGE_COMPLETE asset=assets/models/sequoia_ngp.glb pending_models=0
[13:58:12.559483] [E] [handleMessage] Exception in handler: Entity(164): Light not found
[13:58:12.559706] [E] [handleMessage] Exception in handler: Entity(166): Light not found
[13:58:12.559787] [E] [handleMessage] Exception in handler: Entity(168): Light not found
[13:58:12.559853] [E] [handleMessage] Exception in handler: Entity(170): Light not found
[13:58:12.560163] [I] FLR0026_CAMERA_APPLIED head=(5,0,-5) targetPresent=true target=(0,0,0) dolly=(5,0,5)
[13:58:12.661222] [I] FLR0026_MODEL_STAGE_COMPLETE asset=assets/models/sequoia_ngp.glb pending_models=0
[13:58:12.661742] [E] [handleMessage] Exception in handler: Entity(164): Light not found
[13:58:12.661845] [E] [handleMessage] Exception in handler: Entity(166): Light not found
[13:58:12.661913] [E] [handleMessage] Exception in handler: Entity(168): Light not found
[13:58:12.661977] [E] [handleMessage] Exception in handler: Entity(170): Light not found
[13:58:12.662270] [I] FLR0026_CAMERA_APPLIED head=(5,0,-5) targetPresent=true target=(0,0,0) dolly=(5,0,5)
[13:58:12.763085] [I] FLR0026_MODEL_STAGE_COMPLETE asset=assets/models/sequoia_ngp.glb pending_models=0
[13:58:12.763616] [E] [handleMessage] Exception in handler: Entity(164): Light not found
[13:58:12.763725] [E] [handleMessage] Exception in handler: Entity(166): Light not found
[13:58:12.763797] [E] [handleMessage] Exception in handler: Entity(168): Light not found
[13:58:12.763863] [E] [handleMessage] Exception in handler: Entity(170): Light not found
[13:58:12.764164] [I] FLR0026_CAMERA_APPLIED head=(5,0,-5) targetPresent=true target=(0,0,0) dolly=(5,0,5)
[13:58:12.764589] [I] FLR0026_FRAME_BEGIN seq=290 started=false
[13:58:12.865233] [I] FLR0026_MODEL_STAGE_COMPLETE asset=assets/models/sequoia_ngp.glb pending_models=0
[13:58:12.865751] [E] [handleMessage] Exception in handler: Entity(164): Light not found
[13:58:12.865854] [E] [handleMessage] Exception in handler: Entity(166): Light not found
[13:58:12.865922] [E] [handleMessage] Exception in handler: Entity(168): Light not found
[13:58:12.865985] [E] [handleMessage] Exception in handler: Entity(170): Light not found
[13:58:12.866278] [I] FLR0026_CAMERA_APPLIED head=(5,0,-5) targetPresent=true target=(0,0,0) dolly=(5,0,5)
[13:58:12.967709] [I] FLR0026_MODEL_STAGE_COMPLETE asset=assets/models/sequoia_ngp.glb pending_models=0
[13:58:12.968090] [E] [handleMessage] Exception in handler: Entity(164): Light not found
[13:58:12.968185] [E] [handleMessage] Exception in handler: Entity(166): Light not found
[13:58:12.968254] [E] [handleMessage] Exception in handler: Entity(168): Light not found
[13:58:12.968319] [E] [handleMessage] Exception in handler: Entity(170): Light not found
[13:58:12.968627] [I] FLR0026_CAMERA_APPLIED head=(5,0,-5) targetPresent=true target=(0,0,0) dolly=(5,0,5)
[13:58:13.069340] [I] FLR0026_MODEL_STAGE_COMPLETE asset=assets/models/sequoia_ngp.glb pending_models=0
[13:58:13.069877] [E] [handleMessage] Exception in handler: Entity(164): Light not found
[13:58:13.069995] [E] [handleMessage] Exception in handler: Entity(166): Light not found
[13:58:13.070061] [E] [handleMessage] Exception in handler: Entity(168): Light not found
[13:58:13.070122] [E] [handleMessage] Exception in handler: Entity(170): Light not found
[13:58:13.070459] [I] FLR0026_CAMERA_APPLIED head=(5,0,-5) targetPresent=true target=(0,0,0) dolly=(5,0,5)
[13:58:13.171510] [I] FLR0026_MODEL_STAGE_COMPLETE asset=assets/models/sequoia_ngp.glb pending_models=0
[13:58:13.171916] [E] [handleMessage] Exception in handler: Entity(164): Light not found
[13:58:13.172013] [E] [handleMessage] Exception in handler: Entity(166): Light not found
[13:58:13.172084] [E] [handleMessage] Exception in handler: Entity(168): Light not found
[13:58:13.172150] [E] [handleMessage] Exception in handler: Entity(170): Light not found
[13:58:13.172465] [I] FLR0026_CAMERA_APPLIED head=(5,0,-5) targetPresent=true target=(0,0,0) dolly=(5,0,5)
[13:58:13.273103] [I] FLR0026_MODEL_STAGE_COMPLETE asset=assets/models/sequoia_ngp.glb pending_models=0
[13:58:13.273547] [E] [handleMessage] Exception in handler: Entity(164): Light not found
[13:58:13.273724] [E] [handleMessage] Exception in handler: Entity(166): Light not found
[13:58:13.273804] [E] [handleMessage] Exception in handler: Entity(168): Light not found
[13:58:13.273871] [E] [handleMessage] Exception in handler: Entity(170): Light not found
[13:58:13.274227] [I] FLR0026_CAMERA_APPLIED head=(5,0,-5) targetPresent=true target=(0,0,0) dolly=(5,0,5)
[13:58:13.375067] [I] FLR0026_MODEL_STAGE_COMPLETE asset=assets/models/sequoia_ngp.glb pending_models=0
[13:58:13.375599] [E] [handleMessage] Exception in handler: Entity(164): Light not found
[13:58:13.375711] [E] [handleMessage] Exception in handler: Entity(166): Light not found
[13:58:13.375785] [E] [handleMessage] Exception in handler: Entity(168): Light not found
[13:58:13.375851] [E] [handleMessage] Exception in handler: Entity(170): Light not found
[13:58:13.376155] [I] FLR0026_CAMERA_APPLIED head=(5,0,-5) targetPresent=true target=(0,0,0) dolly=(5,0,5)
[13:58:13.477103] [I] FLR0026_MODEL_STAGE_COMPLETE asset=assets/models/sequoia_ngp.glb pending_models=0
[13:58:13.477666] [E] [handleMessage] Exception in handler: Entity(164): Light not found
[13:58:13.477773] [E] [handleMessage] Exception in handler: Entity(166): Light not found
[13:58:13.477843] [E] [handleMessage] Exception in handler: Entity(168): Light not found
[13:58:13.477906] [E] [handleMessage] Exception in handler: Entity(170): Light not found
[13:58:13.478198] [I] FLR0026_CAMERA_APPLIED head=(5,0,-5) targetPresent=true target=(0,0,0) dolly=(5,0,5)
[13:58:13.578985] [I] FLR0026_MODEL_STAGE_COMPLETE asset=assets/models/sequoia_ngp.glb pending_models=0
[13:58:13.579518] [E] [handleMessage] Exception in handler: Entity(164): Light not found
[13:58:13.579648] [E] [handleMessage] Exception in handler: Entity(166): Light not found
[13:58:13.579722] [E] [handleMessage] Exception in handler: Entity(168): Light not found
[13:58:13.579788] [E] [handleMessage] Exception in handler: Entity(170): Light not found
[13:58:13.580098] [I] FLR0026_CAMERA_APPLIED head=(5,0,-5) targetPresent=true target=(0,0,0) dolly=(5,0,5)
[13:58:13.681109] [I] FLR0026_MODEL_STAGE_COMPLETE asset=assets/models/sequoia_ngp.glb pending_models=0
[13:58:13.681666] [E] [handleMessage] Exception in handler: Entity(164): Light not found
[13:58:13.681775] [E] [handleMessage] Exception in handler: Entity(166): Light not found
[13:58:13.681844] [E] [handleMessage] Exception in handler: Entity(168): Light not found
[13:58:13.681907] [E] [handleMessage] Exception in handler: Entity(170): Light not found
[13:58:13.682203] [I] FLR0026_CAMERA_APPLIED head=(5,0,-5) targetPresent=true target=(0,0,0) dolly=(5,0,5)
[13:58:13.783039] [I] FLR0026_MODEL_STAGE_PROGRESS seq=300 progress=1 assets=1
[13:58:13.783165] [I] FLR0026_MODEL_STAGE_COMPLETE asset=assets/models/sequoia_ngp.glb pending_models=0
[13:58:13.783641] [E] [handleMessage] Exception in handler: Entity(164): Light not found
[13:58:13.783773] [E] [handleMessage] Exception in handler: Entity(166): Light not found
[13:58:13.783846] [E] [handleMessage] Exception in handler: Entity(168): Light not found
[13:58:13.783912] [E] [handleMessage] Exception in handler: Entity(170): Light not found
[13:58:13.784213] [I] FLR0026_CAMERA_APPLIED head=(5,0,-5) targetPresent=true target=(0,0,0) dolly=(5,0,5)
[13:58:13.784519] [I] FLR0026_FRAME_BEGIN seq=300 started=false
[13:58:13.885081] [I] FLR0026_MODEL_STAGE_COMPLETE asset=assets/models/sequoia_ngp.glb pending_models=0
[13:58:13.885542] [E] [handleMessage] Exception in handler: Entity(164): Light not found
[13:58:13.885647] [E] [handleMessage] Exception in handler: Entity(166): Light not found
[13:58:13.885719] [E] [handleMessage] Exception in handler: Entity(168): Light not found
[13:58:13.885790] [E] [handleMessage] Exception in handler: Entity(170): Light not found
[13:58:13.886086] [I] FLR0026_CAMERA_APPLIED head=(5,0,-5) targetPresent=true target=(0,0,0) dolly=(5,0,5)
[13:58:13.987242] [I] FLR0026_MODEL_STAGE_COMPLETE asset=assets/models/sequoia_ngp.glb pending_models=0
[13:58:13.987833] [E] [handleMessage] Exception in handler: Entity(164): Light not found
[13:58:13.987944] [E] [handleMessage] Exception in handler: Entity(166): Light not found
[13:58:13.988019] [E] [handleMessage] Exception in handler: Entity(168): Light not found
[13:58:13.988086] [E] [handleMessage] Exception in handler: Entity(170): Light not found
[13:58:13.988476] [I] FLR0026_CAMERA_APPLIED head=(5,0,-5) targetPresent=true target=(0,0,0) dolly=(5,0,5)
[13:58:14.089206] [I] FLR0026_MODEL_STAGE_COMPLETE asset=assets/models/sequoia_ngp.glb pending_models=0
[13:58:14.089760] [E] [handleMessage] Exception in handler: Entity(164): Light not found
[13:58:14.089864] [E] [handleMessage] Exception in handler: Entity(166): Light not found
[13:58:14.089933] [E] [handleMessage] Exception in handler: Entity(168): Light not found
[13:58:14.089996] [E] [handleMessage] Exception in handler: Entity(170): Light not found
[13:58:14.090292] [I] FLR0026_CAMERA_APPLIED head=(5,0,-5) targetPresent=true target=(0,0,0) dolly=(5,0,5)
[13:58:14.191060] [I] FLR0026_MODEL_STAGE_COMPLETE asset=assets/models/sequoia_ngp.glb pending_models=0
[13:58:14.191615] [E] [handleMessage] Exception in handler: Entity(164): Light not found
[13:58:14.191750] [E] [handleMessage] Exception in handler: Entity(166): Light not found
[13:58:14.191823] [E] [handleMessage] Exception in handler: Entity(168): Light not found
[13:58:14.191890] [E] [handleMessage] Exception in handler: Entity(170): Light not found
[13:58:14.192199] [I] FLR0026_CAMERA_APPLIED head=(5,0,-5) targetPresent=true target=(0,0,0) dolly=(5,0,5)
[13:58:14.293036] [I] FLR0026_MODEL_STAGE_COMPLETE asset=assets/models/sequoia_ngp.glb pending_models=0
[13:58:14.293597] [E] [handleMessage] Exception in handler: Entity(164): Light not found
[13:58:14.293723] [E] [handleMessage] Exception in handler: Entity(166): Light not found
[13:58:14.293792] [E] [handleMessage] Exception in handler: Entity(168): Light not found
[13:58:14.293856] [E] [handleMessage] Exception in handler: Entity(170): Light not found
[13:58:14.294154] [I] FLR0026_CAMERA_APPLIED head=(5,0,-5) targetPresent=true target=(0,0,0) dolly=(5,0,5)
[13:58:14.395017] [I] FLR0026_MODEL_STAGE_COMPLETE asset=assets/models/sequoia_ngp.glb pending_models=0
[13:58:14.395584] [E] [handleMessage] Exception in handler: Entity(164): Light not found
[13:58:14.395713] [E] [handleMessage] Exception in handler: Entity(166): Light not found
[13:58:14.395787] [E] [handleMessage] Exception in handler: Entity(168): Light not found
[13:58:14.395855] [E] [handleMessage] Exception in handler: Entity(170): Light not found
[13:58:14.396168] [I] FLR0026_CAMERA_APPLIED head=(5,0,-5) targetPresent=true target=(0,0,0) dolly=(5,0,5)
[13:58:14.497051] [I] FLR0026_MODEL_STAGE_COMPLETE asset=assets/models/sequoia_ngp.glb pending_models=0
[13:58:14.497569] [E] [handleMessage] Exception in handler: Entity(164): Light not found
[13:58:14.497676] [E] [handleMessage] Exception in handler: Entity(166): Light not found
[13:58:14.497746] [E] [handleMessage] Exception in handler: Entity(168): Light not found
[13:58:14.497810] [E] [handleMessage] Exception in handler: Entity(170): Light not found
[13:58:14.498110] [I] FLR0026_CAMERA_APPLIED head=(5,0,-5) targetPresent=true target=(0,0,0) dolly=(5,0,5)
[13:58:14.599020] [I] FLR0026_MODEL_STAGE_COMPLETE asset=assets/models/sequoia_ngp.glb pending_models=0
[13:58:14.599563] [E] [handleMessage] Exception in handler: Entity(164): Light not found
[13:58:14.599694] [E] [handleMessage] Exception in handler: Entity(166): Light not found
[13:58:14.599764] [E] [handleMessage] Exception in handler: Entity(168): Light not found
[13:58:14.599826] [E] [handleMessage] Exception in handler: Entity(170): Light not found
[13:58:14.600120] [I] FLR0026_CAMERA_APPLIED head=(5,0,-5) targetPresent=true target=(0,0,0) dolly=(5,0,5)
[13:58:14.700985] [I] FLR0026_MODEL_STAGE_COMPLETE asset=assets/models/sequoia_ngp.glb pending_models=0
[13:58:14.701350] [E] [handleMessage] Exception in handler: Entity(164): Light not found
[13:58:14.701511] [E] [handleMessage] Exception in handler: Entity(166): Light not found
[13:58:14.701543] [E] [handleMessage] Exception in handler: Entity(168): Light not found
[13:58:14.701569] [E] [handleMessage] Exception in handler: Entity(170): Light not found
[13:58:14.701738] [I] FLR0026_CAMERA_APPLIED head=(5,0,-5) targetPresent=true target=(0,0,0) dolly=(5,0,5)
[13:58:14.802544] [I] FLR0026_MODEL_STAGE_COMPLETE asset=assets/models/sequoia_ngp.glb pending_models=0
[13:58:14.802932] [E] [handleMessage] Exception in handler: Entity(164): Light not found
[13:58:14.803025] [E] [handleMessage] Exception in handler: Entity(166): Light not found
[13:58:14.803090] [E] [handleMessage] Exception in handler: Entity(168): Light not found
[13:58:14.803152] [E] [handleMessage] Exception in handler: Entity(170): Light not found
[13:58:14.803326] [I] FLR0026_CAMERA_APPLIED head=(5,0,-5) targetPresent=true target=(0,0,0) dolly=(5,0,5)
[13:58:14.803556] [I] FLR0026_FRAME_BEGIN seq=310 started=false
[13:58:14.903946] [I] FLR0026_MODEL_STAGE_COMPLETE asset=assets/models/sequoia_ngp.glb pending_models=0
[13:58:14.904291] [E] [handleMessage] Exception in handler: Entity(164): Light not found
[13:58:14.904512] [E] [handleMessage] Exception in handler: Entity(166): Light not found
[13:58:14.904622] [E] [handleMessage] Exception in handler: Entity(168): Light not found
[13:58:14.904688] [E] [handleMessage] Exception in handler: Entity(170): Light not found
[13:58:14.904984] [I] FLR0026_CAMERA_APPLIED head=(5,0,-5) targetPresent=true target=(0,0,0) dolly=(5,0,5)
[13:58:15.005887] [I] FLR0026_MODEL_STAGE_COMPLETE asset=assets/models/sequoia_ngp.glb pending_models=0
[13:58:15.006275] [E] [handleMessage] Exception in handler: Entity(164): Light not found
[13:58:15.006527] [E] [handleMessage] Exception in handler: Entity(166): Light not found
[13:58:15.006608] [E] [handleMessage] Exception in handler: Entity(168): Light not found
[13:58:15.006674] [E] [handleMessage] Exception in handler: Entity(170): Light not found
[13:58:15.006979] [I] FLR0026_CAMERA_APPLIED head=(5,0,-5) targetPresent=true target=(0,0,0) dolly=(5,0,5)
[13:58:15.107853] [I] FLR0026_MODEL_STAGE_COMPLETE asset=assets/models/sequoia_ngp.glb pending_models=0
[13:58:15.108233] [E] [handleMessage] Exception in handler: Entity(164): Light not found
[13:58:15.108327] [E] [handleMessage] Exception in handler: Entity(166): Light not found
[13:58:15.108558] [E] [handleMessage] Exception in handler: Entity(168): Light not found
[13:58:15.108651] [E] [handleMessage] Exception in handler: Entity(170): Light not found
[13:58:15.108955] [I] FLR0026_CAMERA_APPLIED head=(5,0,-5) targetPresent=true target=(0,0,0) dolly=(5,0,5)
[13:58:15.209968] [I] FLR0026_MODEL_STAGE_COMPLETE asset=assets/models/sequoia_ngp.glb pending_models=0
[13:58:15.210473] [E] [handleMessage] Exception in handler: Entity(164): Light not found
[13:58:15.210583] [E] [handleMessage] Exception in handler: Entity(166): Light not found
[13:58:15.210661] [E] [handleMessage] Exception in handler: Entity(168): Light not found
[13:58:15.210724] [E] [handleMessage] Exception in handler: Entity(170): Light not found
[13:58:15.211020] [I] FLR0026_CAMERA_APPLIED head=(5,0,-5) targetPresent=true target=(0,0,0) dolly=(5,0,5)
[13:58:15.311805] [I] FLR0026_MODEL_STAGE_COMPLETE asset=assets/models/sequoia_ngp.glb pending_models=0
[13:58:15.312190] [E] [handleMessage] Exception in handler: Entity(164): Light not found
[13:58:15.312283] [E] [handleMessage] Exception in handler: Entity(166): Light not found
[13:58:15.312485] [E] [handleMessage] Exception in handler: Entity(168): Light not found
[13:58:15.312579] [E] [handleMessage] Exception in handler: Entity(170): Light not found
[13:58:15.312910] [I] FLR0026_CAMERA_APPLIED head=(5,0,-5) targetPresent=true target=(0,0,0) dolly=(5,0,5)
[13:58:15.413793] [I] FLR0026_MODEL_STAGE_COMPLETE asset=assets/models/sequoia_ngp.glb pending_models=0
[13:58:15.414080] [E] [handleMessage] Exception in handler: Entity(164): Light not found
[13:58:15.414128] [E] [handleMessage] Exception in handler: Entity(166): Light not found
[13:58:15.414155] [E] [handleMessage] Exception in handler: Entity(168): Light not found
[13:58:15.414181] [E] [handleMessage] Exception in handler: Entity(170): Light not found
[13:58:15.414341] [I] FLR0026_CAMERA_APPLIED head=(5,0,-5) targetPresent=true target=(0,0,0) dolly=(5,0,5)
[13:58:15.515124] [I] FLR0026_MODEL_STAGE_COMPLETE asset=assets/models/sequoia_ngp.glb pending_models=0
[13:58:15.515669] [E] [handleMessage] Exception in handler: Entity(164): Light not found
[13:58:15.515779] [E] [handleMessage] Exception in handler: Entity(166): Light not found
[13:58:15.515851] [E] [handleMessage] Exception in handler: Entity(168): Light not found
[13:58:15.515915] [E] [handleMessage] Exception in handler: Entity(170): Light not found
[13:58:15.516127] [I] FLR0026_CAMERA_APPLIED head=(5,0,-5) targetPresent=true target=(0,0,0) dolly=(5,0,5)
[13:58:15.616901] [I] FLR0026_MODEL_STAGE_COMPLETE asset=assets/models/sequoia_ngp.glb pending_models=0
[13:58:15.617292] [E] [handleMessage] Exception in handler: Entity(164): Light not found
[13:58:15.617562] [E] [handleMessage] Exception in handler: Entity(166): Light not found
[13:58:15.617674] [E] [handleMessage] Exception in handler: Entity(168): Light not found
[13:58:15.617742] [E] [handleMessage] Exception in handler: Entity(170): Light not found
[13:58:15.618030] [I] FLR0026_CAMERA_APPLIED head=(5,0,-5) targetPresent=true target=(0,0,0) dolly=(5,0,5)
[13:58:15.718727] [I] FLR0026_MODEL_STAGE_COMPLETE asset=assets/models/sequoia_ngp.glb pending_models=0
[13:58:15.719132] [E] [handleMessage] Exception in handler: Entity(164): Light not found
[13:58:15.719229] [E] [handleMessage] Exception in handler: Entity(166): Light not found
[13:58:15.719301] [E] [handleMessage] Exception in handler: Entity(168): Light not found
[13:58:15.719530] [E] [handleMessage] Exception in handler: Entity(170): Light not found
[13:58:15.719867] [I] FLR0026_CAMERA_APPLIED head=(5,0,-5) targetPresent=true target=(0,0,0) dolly=(5,0,5)
[13:58:15.820799] [I] FLR0026_MODEL_STAGE_COMPLETE asset=assets/models/sequoia_ngp.glb pending_models=0
[13:58:15.821176] [E] [handleMessage] Exception in handler: Entity(164): Light not found
[13:58:15.821270] [E] [handleMessage] Exception in handler: Entity(166): Light not found
[13:58:15.821336] [E] [handleMessage] Exception in handler: Entity(168): Light not found
[13:58:15.821510] [E] [handleMessage] Exception in handler: Entity(170): Light not found
[13:58:15.821823] [I] FLR0026_CAMERA_APPLIED head=(5,0,-5) targetPresent=true target=(0,0,0) dolly=(5,0,5)
[13:58:15.822188] [I] FLR0026_FRAME_BEGIN seq=320 started=false
[13:58:15.923024] [I] FLR0026_MODEL_STAGE_COMPLETE asset=assets/models/sequoia_ngp.glb pending_models=0
[13:58:15.923578] [E] [handleMessage] Exception in handler: Entity(164): Light not found
[13:58:15.923706] [E] [handleMessage] Exception in handler: Entity(166): Light not found
[13:58:15.923775] [E] [handleMessage] Exception in handler: Entity(168): Light not found
[13:58:15.923839] [E] [handleMessage] Exception in handler: Entity(170): Light not found
[13:58:15.924066] [I] FLR0026_CAMERA_APPLIED head=(5,0,-5) targetPresent=true target=(0,0,0) dolly=(5,0,5)
[13:58:16.024761] [I] FLR0026_MODEL_STAGE_COMPLETE asset=assets/models/sequoia_ngp.glb pending_models=0
[13:58:16.025155] [E] [handleMessage] Exception in handler: Entity(164): Light not found
[13:58:16.025248] [E] [handleMessage] Exception in handler: Entity(166): Light not found
[13:58:16.025316] [E] [handleMessage] Exception in handler: Entity(168): Light not found
[13:58:16.025528] [E] [handleMessage] Exception in handler: Entity(170): Light not found
[13:58:16.025855] [I] FLR0026_CAMERA_APPLIED head=(5,0,-5) targetPresent=true target=(0,0,0) dolly=(5,0,5)
[13:58:16.126654] [I] FLR0026_MODEL_STAGE_COMPLETE asset=assets/models/sequoia_ngp.glb pending_models=0
[13:58:16.127051] [E] [handleMessage] Exception in handler: Entity(164): Light not found
[13:58:16.127145] [E] [handleMessage] Exception in handler: Entity(166): Light not found
[13:58:16.127214] [E] [handleMessage] Exception in handler: Entity(168): Light not found
[13:58:16.127277] [E] [handleMessage] Exception in handler: Entity(170): Light not found
[13:58:16.127740] [I] FLR0026_CAMERA_APPLIED head=(5,0,-5) targetPresent=true target=(0,0,0) dolly=(5,0,5)
[13:58:16.228657] [I] FLR0026_MODEL_STAGE_COMPLETE asset=assets/models/sequoia_ngp.glb pending_models=0
[13:58:16.229031] [E] [handleMessage] Exception in handler: Entity(164): Light not found
[13:58:16.229125] [E] [handleMessage] Exception in handler: Entity(166): Light not found
[13:58:16.229191] [E] [handleMessage] Exception in handler: Entity(168): Light not found
[13:58:16.229254] [E] [handleMessage] Exception in handler: Entity(170): Light not found
[13:58:16.229684] [I] FLR0026_CAMERA_APPLIED head=(5,0,-5) targetPresent=true target=(0,0,0) dolly=(5,0,5)
[13:58:16.330613] [I] FLR0026_MODEL_STAGE_COMPLETE asset=assets/models/sequoia_ngp.glb pending_models=0
[13:58:16.330986] [E] [handleMessage] Exception in handler: Entity(164): Light not found
[13:58:16.331099] [E] [handleMessage] Exception in handler: Entity(166): Light not found
[13:58:16.331167] [E] [handleMessage] Exception in handler: Entity(168): Light not found
[13:58:16.331231] [E] [handleMessage] Exception in handler: Entity(170): Light not found
[13:58:16.331680] [I] FLR0026_CAMERA_APPLIED head=(5,0,-5) targetPresent=true target=(0,0,0) dolly=(5,0,5)
[13:58:16.432654] [I] FLR0026_MODEL_STAGE_COMPLETE asset=assets/models/sequoia_ngp.glb pending_models=0
[13:58:16.433021] [E] [handleMessage] Exception in handler: Entity(164): Light not found
[13:58:16.433114] [E] [handleMessage] Exception in handler: Entity(166): Light not found
[13:58:16.433181] [E] [handleMessage] Exception in handler: Entity(168): Light not found
[13:58:16.433243] [E] [handleMessage] Exception in handler: Entity(170): Light not found
[13:58:16.433636] [I] FLR0026_CAMERA_APPLIED head=(5,0,-5) targetPresent=true target=(0,0,0) dolly=(5,0,5)
[13:58:16.534631] [I] FLR0026_MODEL_STAGE_COMPLETE asset=assets/models/sequoia_ngp.glb pending_models=0
[13:58:16.534932] [E] [handleMessage] Exception in handler: Entity(164): Light not found
[13:58:16.534976] [E] [handleMessage] Exception in handler: Entity(166): Light not found
[13:58:16.535003] [E] [handleMessage] Exception in handler: Entity(168): Light not found
[13:58:16.535029] [E] [handleMessage] Exception in handler: Entity(170): Light not found
[13:58:16.535181] [I] FLR0026_CAMERA_APPLIED head=(5,0,-5) targetPresent=true target=(0,0,0) dolly=(5,0,5)
[13:58:16.635942] [I] FLR0026_MODEL_STAGE_COMPLETE asset=assets/models/sequoia_ngp.glb pending_models=0
[13:58:16.636315] [E] [handleMessage] Exception in handler: Entity(164): Light not found
[13:58:16.636574] [E] [handleMessage] Exception in handler: Entity(166): Light not found
[13:58:16.636664] [E] [handleMessage] Exception in handler: Entity(168): Light not found
[13:58:16.636731] [E] [handleMessage] Exception in handler: Entity(170): Light not found
[13:58:16.636912] [I] FLR0026_CAMERA_APPLIED head=(5,0,-5) targetPresent=true target=(0,0,0) dolly=(5,0,5)
[13:58:16.737652] [I] FLR0026_MODEL_STAGE_COMPLETE asset=assets/models/sequoia_ngp.glb pending_models=0
[13:58:16.738033] [E] [handleMessage] Exception in handler: Entity(164): Light not found
[13:58:16.738126] [E] [handleMessage] Exception in handler: Entity(166): Light not found
[13:58:16.738193] [E] [handleMessage] Exception in handler: Entity(168): Light not found
[13:58:16.738256] [E] [handleMessage] Exception in handler: Entity(170): Light not found
[13:58:16.738680] [I] FLR0026_CAMERA_APPLIED head=(5,0,-5) targetPresent=true target=(0,0,0) dolly=(5,0,5)
[13:58:16.839546] [I] FLR0026_MODEL_STAGE_COMPLETE asset=assets/models/sequoia_ngp.glb pending_models=0
[13:58:16.840018] [E] [handleMessage] Exception in handler: Entity(164): Light not found
[13:58:16.840120] [E] [handleMessage] Exception in handler: Entity(166): Light not found
[13:58:16.840187] [E] [handleMessage] Exception in handler: Entity(168): Light not found
[13:58:16.840250] [E] [handleMessage] Exception in handler: Entity(170): Light not found
[13:58:16.840601] [I] FLR0026_CAMERA_APPLIED head=(5,0,-5) targetPresent=true target=(0,0,0) dolly=(5,0,5)
[13:58:16.840897] [I] FLR0026_FRAME_BEGIN seq=330 started=false
[13:58:16.941667] [I] FLR0026_MODEL_STAGE_COMPLETE asset=assets/models/sequoia_ngp.glb pending_models=0
[13:58:16.942055] [E] [handleMessage] Exception in handler: Entity(164): Light not found
[13:58:16.942150] [E] [handleMessage] Exception in handler: Entity(166): Light not found
[13:58:16.942218] [E] [handleMessage] Exception in handler: Entity(168): Light not found
[13:58:16.942282] [E] [handleMessage] Exception in handler: Entity(170): Light not found
[13:58:16.942632] [I] FLR0026_CAMERA_APPLIED head=(5,0,-5) targetPresent=true target=(0,0,0) dolly=(5,0,5)
[13:58:17.043548] [I] FLR0026_MODEL_STAGE_COMPLETE asset=assets/models/sequoia_ngp.glb pending_models=0
[13:58:17.043957] [E] [handleMessage] Exception in handler: Entity(164): Light not found
[13:58:17.044055] [E] [handleMessage] Exception in handler: Entity(166): Light not found
[13:58:17.044124] [E] [handleMessage] Exception in handler: Entity(168): Light not found
[13:58:17.044189] [E] [handleMessage] Exception in handler: Entity(170): Light not found
[13:58:17.044566] [I] FLR0026_CAMERA_APPLIED head=(5,0,-5) targetPresent=true target=(0,0,0) dolly=(5,0,5)
[13:58:17.145655] [I] FLR0026_MODEL_STAGE_COMPLETE asset=assets/models/sequoia_ngp.glb pending_models=0
[13:58:17.146059] [E] [handleMessage] Exception in handler: Entity(164): Light not found
[13:58:17.146153] [E] [handleMessage] Exception in handler: Entity(166): Light not found
[13:58:17.146221] [E] [handleMessage] Exception in handler: Entity(168): Light not found
[13:58:17.146284] [E] [handleMessage] Exception in handler: Entity(170): Light not found
[13:58:17.146644] [I] FLR0026_CAMERA_APPLIED head=(5,0,-5) targetPresent=true target=(0,0,0) dolly=(5,0,5)
[13:58:17.247565] [I] FLR0026_MODEL_STAGE_COMPLETE asset=assets/models/sequoia_ngp.glb pending_models=0
[13:58:17.247821] [E] [handleMessage] Exception in handler: Entity(164): Light not found
[13:58:17.247866] [E] [handleMessage] Exception in handler: Entity(166): Light not found
[13:58:17.247895] [E] [handleMessage] Exception in handler: Entity(168): Light not found
[13:58:17.247920] [E] [handleMessage] Exception in handler: Entity(170): Light not found
[13:58:17.248076] [I] FLR0026_CAMERA_APPLIED head=(5,0,-5) targetPresent=true target=(0,0,0) dolly=(5,0,5)
[13:58:17.348621] [I] FLR0026_MODEL_STAGE_COMPLETE asset=assets/models/sequoia_ngp.glb pending_models=0
[13:58:17.348851] [E] [handleMessage] Exception in handler: Entity(164): Light not found
[13:58:17.348895] [E] [handleMessage] Exception in handler: Entity(166): Light not found
[13:58:17.348923] [E] [handleMessage] Exception in handler: Entity(168): Light not found
[13:58:17.348948] [E] [handleMessage] Exception in handler: Entity(170): Light not found
[13:58:17.349102] [I] FLR0026_CAMERA_APPLIED head=(5,0,-5) targetPresent=true target=(0,0,0) dolly=(5,0,5)
[13:58:17.449696] [I] FLR0026_MODEL_STAGE_COMPLETE asset=assets/models/sequoia_ngp.glb pending_models=0
[13:58:17.449935] [E] [handleMessage] Exception in handler: Entity(164): Light not found
[13:58:17.449994] [E] [handleMessage] Exception in handler: Entity(166): Light not found
[13:58:17.450021] [E] [handleMessage] Exception in handler: Entity(168): Light not found
[13:58:17.450047] [E] [handleMessage] Exception in handler: Entity(170): Light not found
[13:58:17.450206] [I] FLR0026_CAMERA_APPLIED head=(5,0,-5) targetPresent=true target=(0,0,0) dolly=(5,0,5)
[13:58:17.550915] [I] FLR0026_MODEL_STAGE_COMPLETE asset=assets/models/sequoia_ngp.glb pending_models=0
[13:58:17.551542] [E] [handleMessage] Exception in handler: Entity(164): Light not found
[13:58:17.551684] [E] [handleMessage] Exception in handler: Entity(166): Light not found
[13:58:17.551758] [E] [handleMessage] Exception in handler: Entity(168): Light not found
[13:58:17.551826] [E] [handleMessage] Exception in handler: Entity(170): Light not found
[13:58:17.552135] [I] FLR0026_CAMERA_APPLIED head=(5,0,-5) targetPresent=true target=(0,0,0) dolly=(5,0,5)
[13:58:17.653014] [I] FLR0026_MODEL_STAGE_COMPLETE asset=assets/models/sequoia_ngp.glb pending_models=0
[13:58:17.653532] [E] [handleMessage] Exception in handler: Entity(164): Light not found
[13:58:17.653641] [E] [handleMessage] Exception in handler: Entity(166): Light not found
[13:58:17.653731] [E] [handleMessage] Exception in handler: Entity(168): Light not found
[13:58:17.653794] [E] [handleMessage] Exception in handler: Entity(170): Light not found
[13:58:17.654099] [I] FLR0026_CAMERA_APPLIED head=(5,0,-5) targetPresent=true target=(0,0,0) dolly=(5,0,5)
[13:58:17.755045] [I] FLR0026_MODEL_STAGE_COMPLETE asset=assets/models/sequoia_ngp.glb pending_models=0
[13:58:17.757409] [E] [handleMessage] Exception in handler: Entity(164): Light not found
[13:58:17.757498] [E] [handleMessage] Exception in handler: Entity(166): Light not found
[13:58:17.757530] [E] [handleMessage] Exception in handler: Entity(168): Light not found
[13:58:17.757559] [E] [handleMessage] Exception in handler: Entity(170): Light not found
[13:58:17.757901] [I] FLR0026_CAMERA_APPLIED head=(5,0,-5) targetPresent=true target=(0,0,0) dolly=(5,0,5)
[13:58:17.858994] [I] FLR0026_MODEL_STAGE_COMPLETE asset=assets/models/sequoia_ngp.glb pending_models=0
[13:58:17.859558] [E] [handleMessage] Exception in handler: Entity(164): Light not found
[13:58:17.859635] [E] [handleMessage] Exception in handler: Entity(166): Light not found
[13:58:17.859664] [E] [handleMessage] Exception in handler: Entity(168): Light not found
[13:58:17.859690] [E] [handleMessage] Exception in handler: Entity(170): Light not found
[13:58:17.859850] [I] FLR0026_CAMERA_APPLIED head=(5,0,-5) targetPresent=true target=(0,0,0) dolly=(5,0,5)
[13:58:17.860026] [I] FLR0026_FRAME_BEGIN seq=340 started=false
FLR0026_VK_SWAPCHAIN_FLUSH_BEGIN\nFLR0026_VK_COMMAND_END_BEGIN buffer=0x7f8dbc0280c0\nFLR0026_VK_COMMAND_END_DONE buffer=0x7f8dbc0280c0\nFLR0026_VK_QUEUE_SUBMIT_BEGIN queue=0x7f8dbc02c550 fence=0x7f8dbc021340\nFLR0026_VK_QUEUE_SUBMIT_DONE result=0 queue=0x7f8dbc02c550 fence=0x7f8dbc021340\nFLR0026_VK_SWAPCHAIN_FLUSH_DONE flushed=true\nFLR0026_VK_FINISHED_SIGNAL_ACQUIRE_BEGIN\nFLR0026_VK_FINISHED_SIGNAL_ACQUIRE_DONE present=true\nFLR0026_VK_PRESENT_WAIT_SEMAPHORE enabled=true\nFLR0026_VK_QUEUE_PRESENT_BEGIN queue=0x7f8dbc02c550 swapchain=0x7f8dbdc4e740 index=0\n[13:58:17.960632] [I] FLR0026_MODEL_STAGE_COMPLETE asset=assets/models/sequoia_ngp.glb pending_models=0
[13:58:17.961040] [E] [handleMessage] Exception in handler: Entity(164): Light not found
[13:58:17.961143] [E] [handleMessage] Exception in handler: Entity(166): Light not found
[13:58:17.961216] [E] [handleMessage] Exception in handler: Entity(168): Light not found
[13:58:17.961285] [E] [handleMessage] Exception in handler: Entity(170): Light not found
[13:58:17.961717] [I] FLR0026_CAMERA_APPLIED head=(5,0,-5) targetPresent=true target=(0,0,0) dolly=(5,0,5)
[13:58:18.062560] [I] FLR0026_MODEL_STAGE_COMPLETE asset=assets/models/sequoia_ngp.glb pending_models=0
[13:58:18.062804] [E] [handleMessage] Exception in handler: Entity(164): Light not found
[13:58:18.062849] [E] [handleMessage] Exception in handler: Entity(166): Light not found
[13:58:18.062877] [E] [handleMessage] Exception in handler: Entity(168): Light not found
[13:58:18.062903] [E] [handleMessage] Exception in handler: Entity(170): Light not found
[13:58:18.063107] [I] FLR0026_CAMERA_APPLIED head=(5,0,-5) targetPresent=true target=(0,0,0) dolly=(5,0,5)
[13:58:18.174898] [I] FLR0026_MODEL_STAGE_COMPLETE asset=assets/models/sequoia_ngp.glb pending_models=0
[13:58:18.175285] [E] [handleMessage] Exception in handler: Entity(164): Light not found
[13:58:18.175336] [E] [handleMessage] Exception in handler: Entity(166): Light not found
[13:58:18.175367] [E] [handleMessage] Exception in handler: Entity(168): Light not found
[13:58:18.175519] [E] [handleMessage] Exception in handler: Entity(170): Light not found
[13:58:18.175720] [I] FLR0026_CAMERA_APPLIED head=(5,0,-5) targetPresent=true target=(0,0,0) dolly=(5,0,5)
[13:58:18.276688] [I] FLR0026_MODEL_STAGE_COMPLETE asset=assets/models/sequoia_ngp.glb pending_models=0
[13:58:18.276925] [E] [handleMessage] Exception in handler: Entity(164): Light not found
[13:58:18.276970] [E] [handleMessage] Exception in handler: Entity(166): Light not found
[13:58:18.276999] [E] [handleMessage] Exception in handler: Entity(168): Light not found
[13:58:18.277026] [E] [handleMessage] Exception in handler: Entity(170): Light not found
[13:58:18.277184] [I] FLR0026_CAMERA_APPLIED head=(5,0,-5) targetPresent=true target=(0,0,0) dolly=(5,0,5)
[13:58:18.377958] [I] FLR0026_MODEL_STAGE_COMPLETE asset=assets/models/sequoia_ngp.glb pending_models=0
[13:58:18.378199] [E] [handleMessage] Exception in handler: Entity(164): Light not found
[13:58:18.378243] [E] [handleMessage] Exception in handler: Entity(166): Light not found
[13:58:18.378277] [E] [handleMessage] Exception in handler: Entity(168): Light not found
[13:58:18.378306] [E] [handleMessage] Exception in handler: Entity(170): Light not found
[13:58:18.378551] [I] FLR0026_CAMERA_APPLIED head=(5,0,-5) targetPresent=true target=(0,0,0) dolly=(5,0,5)
[13:58:18.479095] [I] FLR0026_MODEL_STAGE_COMPLETE asset=assets/models/sequoia_ngp.glb pending_models=0
[13:58:18.479346] [E] [handleMessage] Exception in handler: Entity(164): Light not found
[13:58:18.479443] [E] [handleMessage] Exception in handler: Entity(166): Light not found
[13:58:18.479483] [E] [handleMessage] Exception in handler: Entity(168): Light not found
[13:58:18.479511] [E] [handleMessage] Exception in handler: Entity(170): Light not found
[13:58:18.479669] [I] FLR0026_CAMERA_APPLIED head=(5,0,-5) targetPresent=true target=(0,0,0) dolly=(5,0,5)
[13:58:18.580336] [I] FLR0026_MODEL_STAGE_COMPLETE asset=assets/models/sequoia_ngp.glb pending_models=0
[13:58:18.580831] [E] [handleMessage] Exception in handler: Entity(164): Light not found
[13:58:18.580878] [E] [handleMessage] Exception in handler: Entity(166): Light not found
[13:58:18.580907] [E] [handleMessage] Exception in handler: Entity(168): Light not found
[13:58:18.580934] [E] [handleMessage] Exception in handler: Entity(170): Light not found
[13:58:18.581092] [I] FLR0026_CAMERA_APPLIED head=(5,0,-5) targetPresent=true target=(0,0,0) dolly=(5,0,5)
[13:58:18.681764] [I] FLR0026_MODEL_STAGE_COMPLETE asset=assets/models/sequoia_ngp.glb pending_models=0
[13:58:18.682139] [E] [handleMessage] Exception in handler: Entity(164): Light not found
[13:58:18.682233] [E] [handleMessage] Exception in handler: Entity(166): Light not found
[13:58:18.682302] [E] [handleMessage] Exception in handler: Entity(168): Light not found
[13:58:18.682559] [E] [handleMessage] Exception in handler: Entity(170): Light not found
[13:58:18.682869] [I] FLR0026_CAMERA_APPLIED head=(5,0,-5) targetPresent=true target=(0,0,0) dolly=(5,0,5)
[13:58:18.783782] [I] FLR0026_MODEL_STAGE_COMPLETE asset=assets/models/sequoia_ngp.glb pending_models=0
[13:58:18.784170] [E] [handleMessage] Exception in handler: Entity(164): Light not found
[13:58:18.784270] [E] [handleMessage] Exception in handler: Entity(166): Light not found
[13:58:18.784342] [E] [handleMessage] Exception in handler: Entity(168): Light not found
[13:58:18.784575] [E] [handleMessage] Exception in handler: Entity(170): Light not found
[13:58:18.784852] [I] FLR0026_CAMERA_APPLIED head=(5,0,-5) targetPresent=true target=(0,0,0) dolly=(5,0,5)
[13:58:18.887473] [I] FLR0026_MODEL_STAGE_COMPLETE asset=assets/models/sequoia_ngp.glb pending_models=0
[13:58:18.887706] [E] [handleMessage] Exception in handler: Entity(164): Light not found
[13:58:18.887752] [E] [handleMessage] Exception in handler: Entity(166): Light not found
[13:58:18.887781] [E] [handleMessage] Exception in handler: Entity(168): Light not found
[13:58:18.887810] [E] [handleMessage] Exception in handler: Entity(170): Light not found
[13:58:18.887969] [I] FLR0026_CAMERA_APPLIED head=(5,0,-5) targetPresent=true target=(0,0,0) dolly=(5,0,5)
[13:58:18.888147] [I] FLR0026_FRAME_BEGIN seq=350 started=false
[13:58:18.988678] [I] FLR0026_MODEL_STAGE_COMPLETE asset=assets/models/sequoia_ngp.glb pending_models=0
[13:58:18.989012] [E] [handleMessage] Exception in handler: Entity(164): Light not found
[13:58:18.989102] [E] [handleMessage] Exception in handler: Entity(166): Light not found
[13:58:18.989160] [E] [handleMessage] Exception in handler: Entity(168): Light not found
[13:58:18.989215] [E] [handleMessage] Exception in handler: Entity(170): Light not found
[13:58:18.989646] [I] FLR0026_CAMERA_APPLIED head=(5,0,-5) targetPresent=true target=(0,0,0) dolly=(5,0,5)
[13:58:19.090624] [I] FLR0026_MODEL_STAGE_COMPLETE asset=assets/models/sequoia_ngp.glb pending_models=0
[13:58:19.090990] [E] [handleMessage] Exception in handler: Entity(164): Light not found
[13:58:19.091068] [E] [handleMessage] Exception in handler: Entity(166): Light not found
[13:58:19.091123] [E] [handleMessage] Exception in handler: Entity(168): Light not found
[13:58:19.091176] [E] [handleMessage] Exception in handler: Entity(170): Light not found
[13:58:19.091543] [I] FLR0026_CAMERA_APPLIED head=(5,0,-5) targetPresent=true target=(0,0,0) dolly=(5,0,5)
[13:58:19.192327] [I] FLR0026_MODEL_STAGE_COMPLETE asset=assets/models/sequoia_ngp.glb pending_models=0
[13:58:19.192806] [E] [handleMessage] Exception in handler: Entity(164): Light not found
[13:58:19.192852] [E] [handleMessage] Exception in handler: Entity(166): Light not found
[13:58:19.192881] [E] [handleMessage] Exception in handler: Entity(168): Light not found
[13:58:19.192908] [E] [handleMessage] Exception in handler: Entity(170): Light not found
[13:58:19.193066] [I] FLR0026_CAMERA_APPLIED head=(5,0,-5) targetPresent=true target=(0,0,0) dolly=(5,0,5)
[13:58:19.293645] [I] FLR0026_MODEL_STAGE_COMPLETE asset=assets/models/sequoia_ngp.glb pending_models=0
[13:58:19.293985] [E] [handleMessage] Exception in handler: Entity(164): Light not found
[13:58:19.294065] [E] [handleMessage] Exception in handler: Entity(166): Light not found
[13:58:19.294121] [E] [handleMessage] Exception in handler: Entity(168): Light not found
[13:58:19.294174] [E] [handleMessage] Exception in handler: Entity(170): Light not found
[13:58:19.294565] [I] FLR0026_CAMERA_APPLIED head=(5,0,-5) targetPresent=true target=(0,0,0) dolly=(5,0,5)
[13:58:19.397851] [I] FLR0026_MODEL_STAGE_COMPLETE asset=assets/models/sequoia_ngp.glb pending_models=0
[13:58:19.398298] [E] [handleMessage] Exception in handler: Entity(164): Light not found
[13:58:19.398423] [E] [handleMessage] Exception in handler: Entity(166): Light not found
[13:58:19.398468] [E] [handleMessage] Exception in handler: Entity(168): Light not found
[13:58:19.398499] [E] [handleMessage] Exception in handler: Entity(170): Light not found
[13:58:19.398722] [I] FLR0026_CAMERA_APPLIED head=(5,0,-5) targetPresent=true target=(0,0,0) dolly=(5,0,5)
[13:58:19.499536] [I] FLR0026_MODEL_STAGE_COMPLETE asset=assets/models/sequoia_ngp.glb pending_models=0
[13:58:19.499870] [E] [handleMessage] Exception in handler: Entity(164): Light not found
[13:58:19.499948] [E] [handleMessage] Exception in handler: Entity(166): Light not found
[13:58:19.499998] [E] [handleMessage] Exception in handler: Entity(168): Light not found
[13:58:19.500026] [E] [handleMessage] Exception in handler: Entity(170): Light not found
[13:58:19.500185] [I] FLR0026_CAMERA_APPLIED head=(5,0,-5) targetPresent=true target=(0,0,0) dolly=(5,0,5)
[13:58:19.602513] [I] FLR0026_MODEL_STAGE_COMPLETE asset=assets/models/sequoia_ngp.glb pending_models=0
[13:58:19.602753] [E] [handleMessage] Exception in handler: Entity(164): Light not found
[13:58:19.602797] [E] [handleMessage] Exception in handler: Entity(166): Light not found
[13:58:19.602845] [E] [handleMessage] Exception in handler: Entity(168): Light not found
[13:58:19.602883] [E] [handleMessage] Exception in handler: Entity(170): Light not found
[13:58:19.603058] [I] FLR0026_CAMERA_APPLIED head=(5,0,-5) targetPresent=true target=(0,0,0) dolly=(5,0,5)
[13:58:19.706492] [I] FLR0026_MODEL_STAGE_COMPLETE asset=assets/models/sequoia_ngp.glb pending_models=0
[13:58:19.706734] [E] [handleMessage] Exception in handler: Entity(164): Light not found
[13:58:19.706779] [E] [handleMessage] Exception in handler: Entity(166): Light not found
[13:58:19.706810] [E] [handleMessage] Exception in handler: Entity(168): Light not found
[13:58:19.706838] [E] [handleMessage] Exception in handler: Entity(170): Light not found
[13:58:19.707003] [I] FLR0026_CAMERA_APPLIED head=(5,0,-5) targetPresent=true target=(0,0,0) dolly=(5,0,5)
[13:58:19.807507] [I] FLR0026_MODEL_STAGE_COMPLETE asset=assets/models/sequoia_ngp.glb pending_models=0
[13:58:19.807746] [E] [handleMessage] Exception in handler: Entity(164): Light not found
[13:58:19.807791] [E] [handleMessage] Exception in handler: Entity(166): Light not found
[13:58:19.807820] [E] [handleMessage] Exception in handler: Entity(168): Light not found
[13:58:19.807847] [E] [handleMessage] Exception in handler: Entity(170): Light not found
[13:58:19.808007] [I] FLR0026_CAMERA_APPLIED head=(5,0,-5) targetPresent=true target=(0,0,0) dolly=(5,0,5)
[13:58:19.908498] [I] FLR0026_MODEL_STAGE_PROGRESS seq=360 progress=1 assets=1
[13:58:19.908580] [I] FLR0026_MODEL_STAGE_COMPLETE asset=assets/models/sequoia_ngp.glb pending_models=0
[13:58:19.908748] [E] [handleMessage] Exception in handler: Entity(164): Light not found
[13:58:19.908791] [E] [handleMessage] Exception in handler: Entity(166): Light not found
[13:58:19.908820] [E] [handleMessage] Exception in handler: Entity(168): Light not found
[13:58:19.908848] [E] [handleMessage] Exception in handler: Entity(170): Light not found
[13:58:19.909007] [I] FLR0026_CAMERA_APPLIED head=(5,0,-5) targetPresent=true target=(0,0,0) dolly=(5,0,5)
[13:58:19.909193] [I] FLR0026_FRAME_BEGIN seq=360 started=false
[13:58:20.012528] [I] FLR0026_MODEL_STAGE_COMPLETE asset=assets/models/sequoia_ngp.glb pending_models=0
[13:58:20.012803] [E] [handleMessage] Exception in handler: Entity(164): Light not found
[13:58:20.012847] [E] [handleMessage] Exception in handler: Entity(166): Light not found
[13:58:20.012875] [E] [handleMessage] Exception in handler: Entity(168): Light not found
[13:58:20.012901] [E] [handleMessage] Exception in handler: Entity(170): Light not found
[13:58:20.013060] [I] FLR0026_CAMERA_APPLIED head=(5,0,-5) targetPresent=true target=(0,0,0) dolly=(5,0,5)
[13:58:20.113627] [I] FLR0026_MODEL_STAGE_COMPLETE asset=assets/models/sequoia_ngp.glb pending_models=0
[13:58:20.113864] [E] [handleMessage] Exception in handler: Entity(164): Light not found
[13:58:20.113909] [E] [handleMessage] Exception in handler: Entity(166): Light not found
[13:58:20.113938] [E] [handleMessage] Exception in handler: Entity(168): Light not found
[13:58:20.113965] [E] [handleMessage] Exception in handler: Entity(170): Light not found
[13:58:20.114129] [I] FLR0026_CAMERA_APPLIED head=(5,0,-5) targetPresent=true target=(0,0,0) dolly=(5,0,5)
[13:58:20.214677] [I] FLR0026_MODEL_STAGE_COMPLETE asset=assets/models/sequoia_ngp.glb pending_models=0
[13:58:20.214912] [E] [handleMessage] Exception in handler: Entity(164): Light not found
[13:58:20.214956] [E] [handleMessage] Exception in handler: Entity(166): Light not found
[13:58:20.214982] [E] [handleMessage] Exception in handler: Entity(168): Light not found
[13:58:20.215045] [E] [handleMessage] Exception in handler: Entity(170): Light not found
[13:58:20.215212] [I] FLR0026_CAMERA_APPLIED head=(5,0,-5) targetPresent=true target=(0,0,0) dolly=(5,0,5)
[13:58:20.316345] [I] FLR0026_MODEL_STAGE_COMPLETE asset=assets/models/sequoia_ngp.glb pending_models=0
[13:58:20.316832] [E] [handleMessage] Exception in handler: Entity(164): Light not found
[13:58:20.316901] [E] [handleMessage] Exception in handler: Entity(166): Light not found
[13:58:20.316931] [E] [handleMessage] Exception in handler: Entity(168): Light not found
[13:58:20.316956] [E] [handleMessage] Exception in handler: Entity(170): Light not found
[13:58:20.317116] [I] FLR0026_CAMERA_APPLIED head=(5,0,-5) targetPresent=true target=(0,0,0) dolly=(5,0,5)
[13:58:20.421502] [I] FLR0026_MODEL_STAGE_COMPLETE asset=assets/models/sequoia_ngp.glb pending_models=0
[13:58:20.421743] [E] [handleMessage] Exception in handler: Entity(164): Light not found
[13:58:20.421788] [E] [handleMessage] Exception in handler: Entity(166): Light not found
[13:58:20.421817] [E] [handleMessage] Exception in handler: Entity(168): Light not found
[13:58:20.421844] [E] [handleMessage] Exception in handler: Entity(170): Light not found
[13:58:20.422005] [I] FLR0026_CAMERA_APPLIED head=(5,0,-5) targetPresent=true target=(0,0,0) dolly=(5,0,5)
[13:58:20.522681] [I] FLR0026_MODEL_STAGE_COMPLETE asset=assets/models/sequoia_ngp.glb pending_models=0
[13:58:20.523062] [E] [handleMessage] Exception in handler: Entity(164): Light not found
[13:58:20.523158] [E] [handleMessage] Exception in handler: Entity(166): Light not found
[13:58:20.523225] [E] [handleMessage] Exception in handler: Entity(168): Light not found
[13:58:20.523288] [E] [handleMessage] Exception in handler: Entity(170): Light not found
[13:58:20.523665] [I] FLR0026_CAMERA_APPLIED head=(5,0,-5) targetPresent=true target=(0,0,0) dolly=(5,0,5)
[13:58:20.626495] [I] FLR0026_MODEL_STAGE_COMPLETE asset=assets/models/sequoia_ngp.glb pending_models=0
[13:58:20.626735] [E] [handleMessage] Exception in handler: Entity(164): Light not found
[13:58:20.626779] [E] [handleMessage] Exception in handler: Entity(166): Light not found
[13:58:20.626809] [E] [handleMessage] Exception in handler: Entity(168): Light not found
[13:58:20.626836] [E] [handleMessage] Exception in handler: Entity(170): Light not found
[13:58:20.626997] [I] FLR0026_CAMERA_APPLIED head=(5,0,-5) targetPresent=true target=(0,0,0) dolly=(5,0,5)
[13:58:20.727528] [I] FLR0026_MODEL_STAGE_COMPLETE asset=assets/models/sequoia_ngp.glb pending_models=0
[13:58:20.727765] [E] [handleMessage] Exception in handler: Entity(164): Light not found
[13:58:20.727809] [E] [handleMessage] Exception in handler: Entity(166): Light not found
[13:58:20.727838] [E] [handleMessage] Exception in handler: Entity(168): Light not found
[13:58:20.727865] [E] [handleMessage] Exception in handler: Entity(170): Light not found
[13:58:20.728024] [I] FLR0026_CAMERA_APPLIED head=(5,0,-5) targetPresent=true target=(0,0,0) dolly=(5,0,5)
[13:58:20.832161] [I] FLR0026_MODEL_STAGE_COMPLETE asset=assets/models/sequoia_ngp.glb pending_models=0
[13:58:20.832463] [E] [handleMessage] Exception in handler: Entity(164): Light not found
[13:58:20.832514] [E] [handleMessage] Exception in handler: Entity(166): Light not found
[13:58:20.832543] [E] [handleMessage] Exception in handler: Entity(168): Light not found
[13:58:20.832569] [E] [handleMessage] Exception in handler: Entity(170): Light not found
[13:58:20.832727] [I] FLR0026_CAMERA_APPLIED head=(5,0,-5) targetPresent=true target=(0,0,0) dolly=(5,0,5)
[13:58:20.951674] [I] FLR0026_MODEL_STAGE_COMPLETE asset=assets/models/sequoia_ngp.glb pending_models=0
[13:58:20.952036] [E] [handleMessage] Exception in handler: Entity(164): Light not found
[13:58:20.952081] [E] [handleMessage] Exception in handler: Entity(166): Light not found
[13:58:20.952109] [E] [handleMessage] Exception in handler: Entity(168): Light not found
[13:58:20.952135] [E] [handleMessage] Exception in handler: Entity(170): Light not found
[13:58:20.952297] [I] FLR0026_CAMERA_APPLIED head=(5,0,-5) targetPresent=true target=(0,0,0) dolly=(5,0,5)
[13:58:20.952588] [I] FLR0026_FRAME_BEGIN seq=370 started=false
[13:58:21.054528] [I] FLR0026_MODEL_STAGE_COMPLETE asset=assets/models/sequoia_ngp.glb pending_models=0
[13:58:21.054773] [E] [handleMessage] Exception in handler: Entity(164): Light not found
[13:58:21.054819] [E] [handleMessage] Exception in handler: Entity(166): Light not found
[13:58:21.054847] [E] [handleMessage] Exception in handler: Entity(168): Light not found
[13:58:21.054874] [E] [handleMessage] Exception in handler: Entity(170): Light not found
[13:58:21.055033] [I] FLR0026_CAMERA_APPLIED head=(5,0,-5) targetPresent=true target=(0,0,0) dolly=(5,0,5)
[13:58:21.155556] [I] FLR0026_MODEL_STAGE_COMPLETE asset=assets/models/sequoia_ngp.glb pending_models=0
[13:58:21.155801] [E] [handleMessage] Exception in handler: Entity(164): Light not found
[13:58:21.155848] [E] [handleMessage] Exception in handler: Entity(166): Light not found
[13:58:21.155878] [E] [handleMessage] Exception in handler: Entity(168): Light not found
[13:58:21.155905] [E] [handleMessage] Exception in handler: Entity(170): Light not found
[13:58:21.156071] [I] FLR0026_CAMERA_APPLIED head=(5,0,-5) targetPresent=true target=(0,0,0) dolly=(5,0,5)
[13:58:21.256605] [I] FLR0026_MODEL_STAGE_COMPLETE asset=assets/models/sequoia_ngp.glb pending_models=0
[13:58:21.256843] [E] [handleMessage] Exception in handler: Entity(164): Light not found
[13:58:21.256889] [E] [handleMessage] Exception in handler: Entity(166): Light not found
[13:58:21.256918] [E] [handleMessage] Exception in handler: Entity(168): Light not found
[13:58:21.256948] [E] [handleMessage] Exception in handler: Entity(170): Light not found
[13:58:21.257109] [I] FLR0026_CAMERA_APPLIED head=(5,0,-5) targetPresent=true target=(0,0,0) dolly=(5,0,5)
[13:58:21.359558] [I] FLR0026_MODEL_STAGE_COMPLETE asset=assets/models/sequoia_ngp.glb pending_models=0
[13:58:21.359920] [E] [handleMessage] Exception in handler: Entity(164): Light not found
[13:58:21.359972] [E] [handleMessage] Exception in handler: Entity(166): Light not found
[13:58:21.360004] [E] [handleMessage] Exception in handler: Entity(168): Light not found
[13:58:21.360036] [E] [handleMessage] Exception in handler: Entity(170): Light not found
[13:58:21.360261] [I] FLR0026_CAMERA_APPLIED head=(5,0,-5) targetPresent=true target=(0,0,0) dolly=(5,0,5)
[13:58:21.460885] [I] FLR0026_MODEL_STAGE_COMPLETE asset=assets/models/sequoia_ngp.glb pending_models=0
[13:58:21.461126] [E] [handleMessage] Exception in handler: Entity(164): Light not found
[13:58:21.461173] [E] [handleMessage] Exception in handler: Entity(166): Light not found
[13:58:21.461202] [E] [handleMessage] Exception in handler: Entity(168): Light not found
[13:58:21.461229] [E] [handleMessage] Exception in handler: Entity(170): Light not found
[13:58:21.462519] [I] FLR0026_CAMERA_APPLIED head=(5,0,-5) targetPresent=true target=(0,0,0) dolly=(5,0,5)
[13:58:21.563022] [I] FLR0026_MODEL_STAGE_COMPLETE asset=assets/models/sequoia_ngp.glb pending_models=0
[13:58:21.563263] [E] [handleMessage] Exception in handler: Entity(164): Light not found
[13:58:21.563311] [E] [handleMessage] Exception in handler: Entity(166): Light not found
[13:58:21.563341] [E] [handleMessage] Exception in handler: Entity(168): Light not found
[13:58:21.563400] [E] [handleMessage] Exception in handler: Entity(170): Light not found
[13:58:21.563577] [I] FLR0026_CAMERA_APPLIED head=(5,0,-5) targetPresent=true target=(0,0,0) dolly=(5,0,5)
[13:58:21.666505] [I] FLR0026_MODEL_STAGE_COMPLETE asset=assets/models/sequoia_ngp.glb pending_models=0
[13:58:21.666745] [E] [handleMessage] Exception in handler: Entity(164): Light not found
[13:58:21.666793] [E] [handleMessage] Exception in handler: Entity(166): Light not found
[13:58:21.666822] [E] [handleMessage] Exception in handler: Entity(168): Light not found
[13:58:21.666850] [E] [handleMessage] Exception in handler: Entity(170): Light not found
[13:58:21.667067] [I] FLR0026_CAMERA_APPLIED head=(5,0,-5) targetPresent=true target=(0,0,0) dolly=(5,0,5)
[13:58:21.770505] [I] FLR0026_MODEL_STAGE_COMPLETE asset=assets/models/sequoia_ngp.glb pending_models=0
[13:58:21.770757] [E] [handleMessage] Exception in handler: Entity(164): Light not found
[13:58:21.770807] [E] [handleMessage] Exception in handler: Entity(166): Light not found
[13:58:21.770838] [E] [handleMessage] Exception in handler: Entity(168): Light not found
[13:58:21.770867] [E] [handleMessage] Exception in handler: Entity(170): Light not found
[13:58:21.771036] [I] FLR0026_CAMERA_APPLIED head=(5,0,-5) targetPresent=true target=(0,0,0) dolly=(5,0,5)
[13:58:21.871839] [I] FLR0026_MODEL_STAGE_COMPLETE asset=assets/models/sequoia_ngp.glb pending_models=0
[13:58:21.872085] [E] [handleMessage] Exception in handler: Entity(164): Light not found
[13:58:21.872134] [E] [handleMessage] Exception in handler: Entity(166): Light not found
[13:58:21.872164] [E] [handleMessage] Exception in handler: Entity(168): Light not found
[13:58:21.872192] [E] [handleMessage] Exception in handler: Entity(170): Light not found
[13:58:21.872418] [I] FLR0026_CAMERA_APPLIED head=(5,0,-5) targetPresent=true target=(0,0,0) dolly=(5,0,5)
FLR0026_VK_QUEUE_PRESENT result=0 surface=7f8dbdcbc9b0 swapchain=7f8dbdc4e740 index=0
[13:58:21.974533] [I] FLR0026_MODEL_STAGE_COMPLETE asset=assets/models/sequoia_ngp.glb pending_models=0
[13:58:21.974771] [E] [handleMessage] Exception in handler: Entity(164): Light not found
[13:58:21.974821] [E] [handleMessage] Exception in handler: Entity(166): Light not found
[13:58:21.974852] [E] [handleMessage] Exception in handler: Entity(168): Light not found
[13:58:21.974881] [E] [handleMessage] Exception in handler: Entity(170): Light not found
[13:58:21.975049] [I] FLR0026_CAMERA_APPLIED head=(5,0,-5) targetPresent=true target=(0,0,0) dolly=(5,0,5)
[13:58:28.431627] [I] FLR0026_FRAME_BEGIN seq=380 started=true
FLR0026_VK_SWAPCHAIN_FLUSH_BEGIN\nFLR0026_VK_COMMAND_END_BEGIN buffer=0x7f8dbc0251c0\nFLR0026_VK_COMMAND_END_DONE buffer=0x7f8dbc0251c0\nFLR0026_VK_QUEUE_SUBMIT_BEGIN queue=0x7f8dbc02c550 fence=0x7f8dbdb008b0\nFLR0026_VK_QUEUE_SUBMIT_DONE result=0 queue=0x7f8dbc02c550 fence=0x7f8dbdb008b0\nFLR0026_VK_SWAPCHAIN_FLUSH_DONE flushed=true\nFLR0026_VK_FINISHED_SIGNAL_ACQUIRE_BEGIN\nFLR0026_VK_FINISHED_SIGNAL_ACQUIRE_DONE present=true\nFLR0026_VK_PRESENT_WAIT_SEMAPHORE enabled=true\nFLR0026_VK_QUEUE_PRESENT_BEGIN queue=0x7f8dbc02c550 swapchain=0x7f8dbdc4e740 index=1\n[13:58:28.534648] [I] FLR0026_MODEL_STAGE_COMPLETE asset=assets/models/sequoia_ngp.glb pending_models=0
[13:58:28.535035] [E] [handleMessage] Exception in handler: Entity(164): Light not found
[13:58:28.535135] [E] [handleMessage] Exception in handler: Entity(166): Light not found
[13:58:28.535209] [E] [handleMessage] Exception in handler: Entity(168): Light not found
[13:58:28.535278] [E] [handleMessage] Exception in handler: Entity(170): Light not found
[13:58:28.535677] [I] FLR0026_CAMERA_APPLIED head=(5,0,-5) targetPresent=true target=(0,0,0) dolly=(5,0,5)
[13:58:28.636649] [I] FLR0026_MODEL_STAGE_COMPLETE asset=assets/models/sequoia_ngp.glb pending_models=0
[13:58:28.637029] [E] [handleMessage] Exception in handler: Entity(164): Light not found
[13:58:28.637122] [E] [handleMessage] Exception in handler: Entity(166): Light not found
[13:58:28.637275] [E] [handleMessage] Exception in handler: Entity(168): Light not found
[13:58:28.637347] [E] [handleMessage] Exception in handler: Entity(170): Light not found
[13:58:28.637820] [I] FLR0026_CAMERA_APPLIED head=(5,0,-5) targetPresent=true target=(0,0,0) dolly=(5,0,5)
[13:58:28.738679] [I] FLR0026_MODEL_STAGE_COMPLETE asset=assets/models/sequoia_ngp.glb pending_models=0
[13:58:28.739052] [E] [handleMessage] Exception in handler: Entity(164): Light not found
[13:58:28.739147] [E] [handleMessage] Exception in handler: Entity(166): Light not found
[13:58:28.739221] [E] [handleMessage] Exception in handler: Entity(168): Light not found
[13:58:28.739283] [E] [handleMessage] Exception in handler: Entity(170): Light not found
[13:58:28.739683] [I] FLR0026_CAMERA_APPLIED head=(5,0,-5) targetPresent=true target=(0,0,0) dolly=(5,0,5)
[13:58:28.842617] [I] FLR0026_MODEL_STAGE_COMPLETE asset=assets/models/sequoia_ngp.glb pending_models=0
[13:58:28.843024] [E] [handleMessage] Exception in handler: Entity(164): Light not found
[13:58:28.843119] [E] [handleMessage] Exception in handler: Entity(166): Light not found
[13:58:28.843148] [E] [handleMessage] Exception in handler: Entity(168): Light not found
[13:58:28.843174] [E] [handleMessage] Exception in handler: Entity(170): Light not found
[13:58:28.843331] [I] FLR0026_CAMERA_APPLIED head=(5,0,-5) targetPresent=true target=(0,0,0) dolly=(5,0,5)
[13:58:28.944101] [I] FLR0026_MODEL_STAGE_COMPLETE asset=assets/models/sequoia_ngp.glb pending_models=0
[13:58:28.944642] [E] [handleMessage] Exception in handler: Entity(164): Light not found
[13:58:28.944751] [E] [handleMessage] Exception in handler: Entity(166): Light not found
[13:58:28.944821] [E] [handleMessage] Exception in handler: Entity(168): Light not found
[13:58:28.944883] [E] [handleMessage] Exception in handler: Entity(170): Light not found
[13:58:28.945163] [I] FLR0026_CAMERA_APPLIED head=(5,0,-5) targetPresent=true target=(0,0,0) dolly=(5,0,5)
[13:58:29.045922] [I] FLR0026_MODEL_STAGE_COMPLETE asset=assets/models/sequoia_ngp.glb pending_models=0
[13:58:29.046306] [E] [handleMessage] Exception in handler: Entity(164): Light not found
[13:58:29.046559] [E] [handleMessage] Exception in handler: Entity(166): Light not found
[13:58:29.046666] [E] [handleMessage] Exception in handler: Entity(168): Light not found
[13:58:29.046734] [E] [handleMessage] Exception in handler: Entity(170): Light not found
[13:58:29.047035] [I] FLR0026_CAMERA_APPLIED head=(5,0,-5) targetPresent=true target=(0,0,0) dolly=(5,0,5)
[13:58:29.147907] [I] FLR0026_MODEL_STAGE_COMPLETE asset=assets/models/sequoia_ngp.glb pending_models=0
[13:58:29.148312] [E] [handleMessage] Exception in handler: Entity(164): Light not found
[13:58:29.148576] [E] [handleMessage] Exception in handler: Entity(166): Light not found
[13:58:29.148667] [E] [handleMessage] Exception in handler: Entity(168): Light not found
[13:58:29.148736] [E] [handleMessage] Exception in handler: Entity(170): Light not found
[13:58:29.149118] [I] FLR0026_CAMERA_APPLIED head=(5,0,-5) targetPresent=true target=(0,0,0) dolly=(5,0,5)
[13:58:29.250109] [I] FLR0026_MODEL_STAGE_COMPLETE asset=assets/models/sequoia_ngp.glb pending_models=0
[13:58:29.250603] [E] [handleMessage] Exception in handler: Entity(164): Light not found
[13:58:29.250712] [E] [handleMessage] Exception in handler: Entity(166): Light not found
[13:58:29.250783] [E] [handleMessage] Exception in handler: Entity(168): Light not found
[13:58:29.250845] [E] [handleMessage] Exception in handler: Entity(170): Light not found
[13:58:29.251143] [I] FLR0026_CAMERA_APPLIED head=(5,0,-5) targetPresent=true target=(0,0,0) dolly=(5,0,5)
[13:58:29.352008] [I] FLR0026_MODEL_STAGE_COMPLETE asset=assets/models/sequoia_ngp.glb pending_models=0
[13:58:29.352573] [E] [handleMessage] Exception in handler: Entity(164): Light not found
[13:58:29.352709] [E] [handleMessage] Exception in handler: Entity(166): Light not found
[13:58:29.352782] [E] [handleMessage] Exception in handler: Entity(168): Light not found
[13:58:29.352849] [E] [handleMessage] Exception in handler: Entity(170): Light not found
[13:58:29.353184] [I] FLR0026_CAMERA_APPLIED head=(5,0,-5) targetPresent=true target=(0,0,0) dolly=(5,0,5)
[13:58:29.453980] [I] FLR0026_MODEL_STAGE_COMPLETE asset=assets/models/sequoia_ngp.glb pending_models=0
[13:58:29.454489] [E] [handleMessage] Exception in handler: Entity(164): Light not found
[13:58:29.454613] [E] [handleMessage] Exception in handler: Entity(166): Light not found
[13:58:29.454688] [E] [handleMessage] Exception in handler: Entity(168): Light not found
[13:58:29.454754] [E] [handleMessage] Exception in handler: Entity(170): Light not found
[13:58:29.455059] [I] FLR0026_CAMERA_APPLIED head=(5,0,-5) targetPresent=true target=(0,0,0) dolly=(5,0,5)
[13:58:29.455279] [I] FLR0026_FRAME_BEGIN seq=390 started=false
[13:58:29.555876] [I] FLR0026_MODEL_STAGE_COMPLETE asset=assets/models/sequoia_ngp.glb pending_models=0
[13:58:29.556259] [E] [handleMessage] Exception in handler: Entity(164): Light not found
[13:58:29.556474] [E] [handleMessage] Exception in handler: Entity(166): Light not found
[13:58:29.556569] [E] [handleMessage] Exception in handler: Entity(168): Light not found
[13:58:29.556641] [E] [handleMessage] Exception in handler: Entity(170): Light not found
[13:58:29.556958] [I] FLR0026_CAMERA_APPLIED head=(5,0,-5) targetPresent=true target=(0,0,0) dolly=(5,0,5)
[13:58:29.657738] [I] FLR0026_MODEL_STAGE_COMPLETE asset=assets/models/sequoia_ngp.glb pending_models=0
[13:58:29.658062] [E] [handleMessage] Exception in handler: Entity(164): Light not found
[13:58:29.658105] [E] [handleMessage] Exception in handler: Entity(166): Light not found
[13:58:29.658132] [E] [handleMessage] Exception in handler: Entity(168): Light not found
[13:58:29.658157] [E] [handleMessage] Exception in handler: Entity(170): Light not found
[13:58:29.658317] [I] FLR0026_CAMERA_APPLIED head=(5,0,-5) targetPresent=true target=(0,0,0) dolly=(5,0,5)
[13:58:29.759077] [I] FLR0026_MODEL_STAGE_COMPLETE asset=assets/models/sequoia_ngp.glb pending_models=0
[13:58:29.759621] [E] [handleMessage] Exception in handler: Entity(164): Light not found
[13:58:29.759736] [E] [handleMessage] Exception in handler: Entity(166): Light not found
[13:58:29.759811] [E] [handleMessage] Exception in handler: Entity(168): Light not found
[13:58:29.759878] [E] [handleMessage] Exception in handler: Entity(170): Light not found
[13:58:29.760139] [I] FLR0026_CAMERA_APPLIED head=(5,0,-5) targetPresent=true target=(0,0,0) dolly=(5,0,5)
[13:58:29.860879] [I] FLR0026_MODEL_STAGE_COMPLETE asset=assets/models/sequoia_ngp.glb pending_models=0
[13:58:29.861262] [E] [handleMessage] Exception in handler: Entity(164): Light not found
[13:58:29.861491] [E] [handleMessage] Exception in handler: Entity(166): Light not found
[13:58:29.861583] [E] [handleMessage] Exception in handler: Entity(168): Light not found
[13:58:29.861653] [E] [handleMessage] Exception in handler: Entity(170): Light not found
[13:58:29.861944] [I] FLR0026_CAMERA_APPLIED head=(5,0,-5) targetPresent=true target=(0,0,0) dolly=(5,0,5)
[13:58:29.962484] [I] FLR0026_MODEL_STAGE_COMPLETE asset=assets/models/sequoia_ngp.glb pending_models=0
[13:58:29.962718] [E] [handleMessage] Exception in handler: Entity(164): Light not found
[13:58:29.962793] [E] [handleMessage] Exception in handler: Entity(166): Light not found
[13:58:29.962862] [E] [handleMessage] Exception in handler: Entity(168): Light not found
[13:58:29.962927] [E] [handleMessage] Exception in handler: Entity(170): Light not found
[13:58:29.963231] [I] FLR0026_CAMERA_APPLIED head=(5,0,-5) targetPresent=true target=(0,0,0) dolly=(5,0,5)
[13:58:30.064495] [I] FLR0026_MODEL_STAGE_COMPLETE asset=assets/models/sequoia_ngp.glb pending_models=0
[13:58:30.064851] [E] [handleMessage] Exception in handler: Entity(164): Light not found
[13:58:30.064899] [E] [handleMessage] Exception in handler: Entity(166): Light not found
[13:58:30.064927] [E] [handleMessage] Exception in handler: Entity(168): Light not found
[13:58:30.065018] [E] [handleMessage] Exception in handler: Entity(170): Light not found
[13:58:30.065178] [I] FLR0026_CAMERA_APPLIED head=(5,0,-5) targetPresent=true target=(0,0,0) dolly=(5,0,5)
[13:58:30.165959] [I] FLR0026_MODEL_STAGE_COMPLETE asset=assets/models/sequoia_ngp.glb pending_models=0
[13:58:30.166337] [E] [handleMessage] Exception in handler: Entity(164): Light not found
[13:58:30.166574] [E] [handleMessage] Exception in handler: Entity(166): Light not found
[13:58:30.166659] [E] [handleMessage] Exception in handler: Entity(168): Light not found
[13:58:30.166724] [E] [handleMessage] Exception in handler: Entity(170): Light not found
[13:58:30.166880] [I] FLR0026_CAMERA_APPLIED head=(5,0,-5) targetPresent=true target=(0,0,0) dolly=(5,0,5)
[13:58:30.267748] [I] FLR0026_MODEL_STAGE_COMPLETE asset=assets/models/sequoia_ngp.glb pending_models=0
[13:58:30.268133] [E] [handleMessage] Exception in handler: Entity(164): Light not found
[13:58:30.268232] [E] [handleMessage] Exception in handler: Entity(166): Light not found
[13:58:30.268302] [E] [handleMessage] Exception in handler: Entity(168): Light not found
[13:58:30.268476] [E] [handleMessage] Exception in handler: Entity(170): Light not found
[13:58:30.268790] [I] FLR0026_CAMERA_APPLIED head=(5,0,-5) targetPresent=true target=(0,0,0) dolly=(5,0,5)
[13:58:30.369671] [I] FLR0026_MODEL_STAGE_COMPLETE asset=assets/models/sequoia_ngp.glb pending_models=0
[13:58:30.370057] [E] [handleMessage] Exception in handler: Entity(164): Light not found
[13:58:30.370175] [E] [handleMessage] Exception in handler: Entity(166): Light not found
[13:58:30.370244] [E] [handleMessage] Exception in handler: Entity(168): Light not found
[13:58:30.370310] [E] [handleMessage] Exception in handler: Entity(170): Light not found
[13:58:30.370681] [I] FLR0026_CAMERA_APPLIED head=(5,0,-5) targetPresent=true target=(0,0,0) dolly=(5,0,5)
[13:58:30.471526] [I] FLR0026_MODEL_STAGE_COMPLETE asset=assets/models/sequoia_ngp.glb pending_models=0
[13:58:30.471924] [E] [handleMessage] Exception in handler: Entity(164): Light not found
[13:58:30.472022] [E] [handleMessage] Exception in handler: Entity(166): Light not found
[13:58:30.472090] [E] [handleMessage] Exception in handler: Entity(168): Light not found
[13:58:30.472154] [E] [handleMessage] Exception in handler: Entity(170): Light not found
[13:58:30.472516] [I] FLR0026_CAMERA_APPLIED head=(5,0,-5) targetPresent=true target=(0,0,0) dolly=(5,0,5)
[13:58:30.472817] [I] FLR0026_FRAME_BEGIN seq=400 started=false
[13:58:30.573326] [I] FLR0026_MODEL_STAGE_COMPLETE asset=assets/models/sequoia_ngp.glb pending_models=0
[13:58:30.573884] [E] [handleMessage] Exception in handler: Entity(164): Light not found
[13:58:30.573984] [E] [handleMessage] Exception in handler: Entity(166): Light not found
[13:58:30.574054] [E] [handleMessage] Exception in handler: Entity(168): Light not found
[13:58:30.574124] [E] [handleMessage] Exception in handler: Entity(170): Light not found
[13:58:30.574511] [I] FLR0026_CAMERA_APPLIED head=(5,0,-5) targetPresent=true target=(0,0,0) dolly=(5,0,5)
[13:58:30.675585] [I] FLR0026_MODEL_STAGE_COMPLETE asset=assets/models/sequoia_ngp.glb pending_models=0
[13:58:30.675991] [E] [handleMessage] Exception in handler: Entity(164): Light not found
[13:58:30.676107] [E] [handleMessage] Exception in handler: Entity(166): Light not found
[13:58:30.676175] [E] [handleMessage] Exception in handler: Entity(168): Light not found
[13:58:30.676240] [E] [handleMessage] Exception in handler: Entity(170): Light not found
[13:58:30.676595] [I] FLR0026_CAMERA_APPLIED head=(5,0,-5) targetPresent=true target=(0,0,0) dolly=(5,0,5)
[13:58:30.779501] [I] FLR0026_MODEL_STAGE_COMPLETE asset=assets/models/sequoia_ngp.glb pending_models=0
[13:58:30.779747] [E] [handleMessage] Exception in handler: Entity(164): Light not found
[13:58:30.779793] [E] [handleMessage] Exception in handler: Entity(166): Light not found
[13:58:30.779868] [E] [handleMessage] Exception in handler: Entity(168): Light not found
[13:58:30.779900] [E] [handleMessage] Exception in handler: Entity(170): Light not found
[13:58:30.780066] [I] FLR0026_CAMERA_APPLIED head=(5,0,-5) targetPresent=true target=(0,0,0) dolly=(5,0,5)
[13:58:30.880497] [I] FLR0026_MODEL_STAGE_COMPLETE asset=assets/models/sequoia_ngp.glb pending_models=0
[13:58:30.880732] [E] [handleMessage] Exception in handler: Entity(164): Light not found
[13:58:30.880779] [E] [handleMessage] Exception in handler: Entity(166): Light not found
[13:58:30.880808] [E] [handleMessage] Exception in handler: Entity(168): Light not found
[13:58:30.880834] [E] [handleMessage] Exception in handler: Entity(170): Light not found
[13:58:30.880992] [I] FLR0026_CAMERA_APPLIED head=(5,0,-5) targetPresent=true target=(0,0,0) dolly=(5,0,5)
[13:58:30.981506] [I] FLR0026_MODEL_STAGE_COMPLETE asset=assets/models/sequoia_ngp.glb pending_models=0
[13:58:30.981764] [E] [handleMessage] Exception in handler: Entity(164): Light not found
[13:58:30.981812] [E] [handleMessage] Exception in handler: Entity(166): Light not found
[13:58:30.981841] [E] [handleMessage] Exception in handler: Entity(168): Light not found
[13:58:30.981868] [E] [handleMessage] Exception in handler: Entity(170): Light not found
[13:58:30.982028] [I] FLR0026_CAMERA_APPLIED head=(5,0,-5) targetPresent=true target=(0,0,0) dolly=(5,0,5)
[13:58:31.084835] [I] FLR0026_MODEL_STAGE_COMPLETE asset=assets/models/sequoia_ngp.glb pending_models=0
[13:58:31.085094] [E] [handleMessage] Exception in handler: Entity(164): Light not found
[13:58:31.085142] [E] [handleMessage] Exception in handler: Entity(166): Light not found
[13:58:31.085172] [E] [handleMessage] Exception in handler: Entity(168): Light not found
[13:58:31.085199] [E] [handleMessage] Exception in handler: Entity(170): Light not found
[13:58:31.085409] [I] FLR0026_CAMERA_APPLIED head=(5,0,-5) targetPresent=true target=(0,0,0) dolly=(5,0,5)
[13:58:31.187507] [I] FLR0026_MODEL_STAGE_COMPLETE asset=assets/models/sequoia_ngp.glb pending_models=0
[13:58:31.187756] [E] [handleMessage] Exception in handler: Entity(164): Light not found
[13:58:31.187804] [E] [handleMessage] Exception in handler: Entity(166): Light not found
[13:58:31.187833] [E] [handleMessage] Exception in handler: Entity(168): Light not found
[13:58:31.187861] [E] [handleMessage] Exception in handler: Entity(170): Light not found
[13:58:31.188023] [I] FLR0026_CAMERA_APPLIED head=(5,0,-5) targetPresent=true target=(0,0,0) dolly=(5,0,5)
[13:58:31.291635] [I] FLR0026_MODEL_STAGE_COMPLETE asset=assets/models/sequoia_ngp.glb pending_models=0
[13:58:31.291873] [E] [handleMessage] Exception in handler: Entity(164): Light not found
[13:58:31.291921] [E] [handleMessage] Exception in handler: Entity(166): Light not found
[13:58:31.291950] [E] [handleMessage] Exception in handler: Entity(168): Light not found
[13:58:31.291977] [E] [handleMessage] Exception in handler: Entity(170): Light not found
[13:58:31.292141] [I] FLR0026_CAMERA_APPLIED head=(5,0,-5) targetPresent=true target=(0,0,0) dolly=(5,0,5)
[13:58:31.392971] [I] FLR0026_MODEL_STAGE_COMPLETE asset=assets/models/sequoia_ngp.glb pending_models=0
[13:58:31.393348] [E] [handleMessage] Exception in handler: Entity(164): Light not found
[13:58:31.393464] [E] [handleMessage] Exception in handler: Entity(166): Light not found
[13:58:31.393497] [E] [handleMessage] Exception in handler: Entity(168): Light not found
[13:58:31.393525] [E] [handleMessage] Exception in handler: Entity(170): Light not found
[13:58:31.393769] [I] FLR0026_CAMERA_APPLIED head=(5,0,-5) targetPresent=true target=(0,0,0) dolly=(5,0,5)
[13:58:31.496508] [I] FLR0026_MODEL_STAGE_COMPLETE asset=assets/models/sequoia_ngp.glb pending_models=0
[13:58:31.496745] [E] [handleMessage] Exception in handler: Entity(164): Light not found
[13:58:31.496793] [E] [handleMessage] Exception in handler: Entity(166): Light not found
[13:58:31.496822] [E] [handleMessage] Exception in handler: Entity(168): Light not found
[13:58:31.496898] [E] [handleMessage] Exception in handler: Entity(170): Light not found
[13:58:31.497069] [I] FLR0026_CAMERA_APPLIED head=(5,0,-5) targetPresent=true target=(0,0,0) dolly=(5,0,5)
[13:58:31.497253] [I] FLR0026_FRAME_BEGIN seq=410 started=false
[13:58:31.598678] [I] FLR0026_MODEL_STAGE_COMPLETE asset=assets/models/sequoia_ngp.glb pending_models=0
[13:58:31.599057] [E] [handleMessage] Exception in handler: Entity(164): Light not found
[13:58:31.599109] [E] [handleMessage] Exception in handler: Entity(166): Light not found
[13:58:31.599140] [E] [handleMessage] Exception in handler: Entity(168): Light not found
[13:58:31.599168] [E] [handleMessage] Exception in handler: Entity(170): Light not found
[13:58:31.599440] [I] FLR0026_CAMERA_APPLIED head=(5,0,-5) targetPresent=true target=(0,0,0) dolly=(5,0,5)
[13:58:31.701206] [I] FLR0026_MODEL_STAGE_COMPLETE asset=assets/models/sequoia_ngp.glb pending_models=0
[13:58:31.701480] [E] [handleMessage] Exception in handler: Entity(164): Light not found
[13:58:31.701529] [E] [handleMessage] Exception in handler: Entity(166): Light not found
[13:58:31.701560] [E] [handleMessage] Exception in handler: Entity(168): Light not found
[13:58:31.701586] [E] [handleMessage] Exception in handler: Entity(170): Light not found
[13:58:31.701750] [I] FLR0026_CAMERA_APPLIED head=(5,0,-5) targetPresent=true target=(0,0,0) dolly=(5,0,5)
[13:58:31.804509] [I] FLR0026_MODEL_STAGE_COMPLETE asset=assets/models/sequoia_ngp.glb pending_models=0
[13:58:31.804767] [E] [handleMessage] Exception in handler: Entity(164): Light not found
[13:58:31.804815] [E] [handleMessage] Exception in handler: Entity(166): Light not found
[13:58:31.804844] [E] [handleMessage] Exception in handler: Entity(168): Light not found
[13:58:31.804870] [E] [handleMessage] Exception in handler: Entity(170): Light not found
[13:58:31.805030] [I] FLR0026_CAMERA_APPLIED head=(5,0,-5) targetPresent=true target=(0,0,0) dolly=(5,0,5)
[13:58:31.905502] [I] FLR0026_MODEL_STAGE_COMPLETE asset=assets/models/sequoia_ngp.glb pending_models=0
[13:58:31.905750] [E] [handleMessage] Exception in handler: Entity(164): Light not found
[13:58:31.905796] [E] [handleMessage] Exception in handler: Entity(166): Light not found
[13:58:31.905826] [E] [handleMessage] Exception in handler: Entity(168): Light not found
[13:58:31.905853] [E] [handleMessage] Exception in handler: Entity(170): Light not found
[13:58:31.906014] [I] FLR0026_CAMERA_APPLIED head=(5,0,-5) targetPresent=true target=(0,0,0) dolly=(5,0,5)
[13:58:32.009532] [I] FLR0026_MODEL_STAGE_COMPLETE asset=assets/models/sequoia_ngp.glb pending_models=0
[13:58:32.009794] [E] [handleMessage] Exception in handler: Entity(164): Light not found
[13:58:32.009842] [E] [handleMessage] Exception in handler: Entity(166): Light not found
[13:58:32.009871] [E] [handleMessage] Exception in handler: Entity(168): Light not found
[13:58:32.009900] [E] [handleMessage] Exception in handler: Entity(170): Light not found
[13:58:32.010080] [I] FLR0026_CAMERA_APPLIED head=(5,0,-5) targetPresent=true target=(0,0,0) dolly=(5,0,5)
[13:58:32.110641] [I] FLR0026_MODEL_STAGE_COMPLETE asset=assets/models/sequoia_ngp.glb pending_models=0
[13:58:32.110889] [E] [handleMessage] Exception in handler: Entity(164): Light not found
[13:58:32.110935] [E] [handleMessage] Exception in handler: Entity(166): Light not found
[13:58:32.110963] [E] [handleMessage] Exception in handler: Entity(168): Light not found
[13:58:32.110991] [E] [handleMessage] Exception in handler: Entity(170): Light not found
[13:58:32.111151] [I] FLR0026_CAMERA_APPLIED head=(5,0,-5) targetPresent=true target=(0,0,0) dolly=(5,0,5)
[13:58:32.213677] [I] FLR0026_MODEL_STAGE_COMPLETE asset=assets/models/sequoia_ngp.glb pending_models=0
[13:58:32.213934] [E] [handleMessage] Exception in handler: Entity(164): Light not found
[13:58:32.213982] [E] [handleMessage] Exception in handler: Entity(166): Light not found
[13:58:32.214011] [E] [handleMessage] Exception in handler: Entity(168): Light not found
[13:58:32.214098] [E] [handleMessage] Exception in handler: Entity(170): Light not found
[13:58:32.214268] [I] FLR0026_CAMERA_APPLIED head=(5,0,-5) targetPresent=true target=(0,0,0) dolly=(5,0,5)
[13:58:32.316280] [I] FLR0026_MODEL_STAGE_COMPLETE asset=assets/models/sequoia_ngp.glb pending_models=0
[13:58:32.316574] [E] [handleMessage] Exception in handler: Entity(164): Light not found
[13:58:32.316623] [E] [handleMessage] Exception in handler: Entity(166): Light not found
[13:58:32.316652] [E] [handleMessage] Exception in handler: Entity(168): Light not found
[13:58:32.316679] [E] [handleMessage] Exception in handler: Entity(170): Light not found
[13:58:32.316837] [I] FLR0026_CAMERA_APPLIED head=(5,0,-5) targetPresent=true target=(0,0,0) dolly=(5,0,5)
[13:58:32.418492] [I] FLR0026_MODEL_STAGE_COMPLETE asset=assets/models/sequoia_ngp.glb pending_models=0
[13:58:32.418730] [E] [handleMessage] Exception in handler: Entity(164): Light not found
[13:58:32.418777] [E] [handleMessage] Exception in handler: Entity(166): Light not found
[13:58:32.418807] [E] [handleMessage] Exception in handler: Entity(168): Light not found
[13:58:32.418834] [E] [handleMessage] Exception in handler: Entity(170): Light not found
[13:58:32.418993] [I] FLR0026_CAMERA_APPLIED head=(5,0,-5) targetPresent=true target=(0,0,0) dolly=(5,0,5)
[13:58:32.523791] [I] FLR0026_MODEL_STAGE_PROGRESS seq=420 progress=1 assets=1
[13:58:32.523906] [I] FLR0026_MODEL_STAGE_COMPLETE asset=assets/models/sequoia_ngp.glb pending_models=0
[13:58:32.524190] [E] [handleMessage] Exception in handler: Entity(164): Light not found
[13:58:32.524279] [E] [handleMessage] Exception in handler: Entity(166): Light not found
[13:58:32.524346] [E] [handleMessage] Exception in handler: Entity(168): Light not found
[13:58:32.524546] [E] [handleMessage] Exception in handler: Entity(170): Light not found
[13:58:32.524806] [I] FLR0026_CAMERA_APPLIED head=(5,0,-5) targetPresent=true target=(0,0,0) dolly=(5,0,5)
[13:58:32.524982] [I] FLR0026_FRAME_BEGIN seq=420 started=false
[13:58:32.625681] [I] FLR0026_MODEL_STAGE_COMPLETE asset=assets/models/sequoia_ngp.glb pending_models=0
[13:58:32.626064] [E] [handleMessage] Exception in handler: Entity(164): Light not found
[13:58:32.626162] [E] [handleMessage] Exception in handler: Entity(166): Light not found
[13:58:32.626231] [E] [handleMessage] Exception in handler: Entity(168): Light not found
[13:58:32.626297] [E] [handleMessage] Exception in handler: Entity(170): Light not found
[13:58:32.626652] [I] FLR0026_CAMERA_APPLIED head=(5,0,-5) targetPresent=true target=(0,0,0) dolly=(5,0,5)
[13:58:32.727535] [I] FLR0026_MODEL_STAGE_COMPLETE asset=assets/models/sequoia_ngp.glb pending_models=0
[13:58:32.727934] [E] [handleMessage] Exception in handler: Entity(164): Light not found
[13:58:32.728028] [E] [handleMessage] Exception in handler: Entity(166): Light not found
[13:58:32.728094] [E] [handleMessage] Exception in handler: Entity(168): Light not found
[13:58:32.728157] [E] [handleMessage] Exception in handler: Entity(170): Light not found
[13:58:32.728515] [I] FLR0026_CAMERA_APPLIED head=(5,0,-5) targetPresent=true target=(0,0,0) dolly=(5,0,5)
[13:58:32.829262] [I] FLR0026_MODEL_STAGE_COMPLETE asset=assets/models/sequoia_ngp.glb pending_models=0
[13:58:32.829715] [E] [handleMessage] Exception in handler: Entity(164): Light not found
[13:58:32.829815] [E] [handleMessage] Exception in handler: Entity(166): Light not found
[13:58:32.829884] [E] [handleMessage] Exception in handler: Entity(168): Light not found
[13:58:32.829947] [E] [handleMessage] Exception in handler: Entity(170): Light not found
[13:58:32.830250] [I] FLR0026_CAMERA_APPLIED head=(5,0,-5) targetPresent=true target=(0,0,0) dolly=(5,0,5)
[13:58:32.933494] [I] FLR0026_MODEL_STAGE_COMPLETE asset=assets/models/sequoia_ngp.glb pending_models=0
[13:58:32.933711] [E] [handleMessage] Exception in handler: Entity(164): Light not found
[13:58:32.933825] [E] [handleMessage] Exception in handler: Entity(166): Light not found
[13:58:32.933861] [E] [handleMessage] Exception in handler: Entity(168): Light not found
[13:58:32.933889] [E] [handleMessage] Exception in handler: Entity(170): Light not found
[13:58:32.934052] [I] FLR0026_CAMERA_APPLIED head=(5,0,-5) targetPresent=true target=(0,0,0) dolly=(5,0,5)
FLR0026_VK_QUEUE_PRESENT result=0 surface=7f8dbdcbc9b0 swapchain=7f8dbdc4e740 index=1
FLR0026_VK_SWAPCHAIN_FLUSH_BEGIN\nFLR0026_VK_COMMAND_END_BEGIN buffer=0x7f8dbc0251c0\nFLR0026_VK_COMMAND_END_DONE buffer=0x7f8dbc0251c0\nFLR0026_VK_QUEUE_SUBMIT_BEGIN queue=0x7f8dbc02c550 fence=0x7f8dbdb008b0\nFLR0026_VK_QUEUE_SUBMIT_DONE result=0 queue=0x7f8dbc02c550 fence=0x7f8dbdb008b0\nFLR0026_VK_SWAPCHAIN_FLUSH_DONE flushed=true\nFLR0026_VK_FINISHED_SIGNAL_ACQUIRE_BEGIN\nFLR0026_VK_FINISHED_SIGNAL_ACQUIRE_DONE present=true\nFLR0026_VK_PRESENT_WAIT_SEMAPHORE enabled=true\nFLR0026_VK_QUEUE_PRESENT_BEGIN queue=0x7f8dbc02c550 swapchain=0x7f8dbdc4e740 index=0\nFLR0026_VK_END_FRAME_BEGIN
[13:58:33.034505] [I] FLR0026_MODEL_STAGE_COMPLETE asset=assets/models/sequoia_ngp.glb pending_models=0
[13:58:33.034746] [E] [handleMessage] Exception in handler: Entity(164): Light not found
[13:58:33.034794] [E] [handleMessage] Exception in handler: Entity(166): Light not found
[13:58:33.034823] [E] [handleMessage] Exception in handler: Entity(168): Light not found
[13:58:33.034850] [E] [handleMessage] Exception in handler: Entity(170): Light not found
[13:58:33.035006] [I] FLR0026_CAMERA_APPLIED head=(5,0,-5) targetPresent=true target=(0,0,0) dolly=(5,0,5)
FLR0026_VK_QUEUE_PRESENT result=0 surface=7f8dbdcbc9b0 swapchain=7f8dbdc4e740 index=0
FLR0026_VK_SWAPCHAIN_FLUSH_BEGIN\nFLR0026_VK_COMMAND_END_BEGIN buffer=0x7f8dbc0251c0\nFLR0026_VK_COMMAND_END_DONE buffer=0x7f8dbc0251c0\nFLR0026_VK_QUEUE_SUBMIT_BEGIN queue=0x7f8dbc02c550 fence=0x7f8dbdb008b0\nFLR0026_VK_QUEUE_SUBMIT_DONE result=0 queue=0x7f8dbc02c550 fence=0x7f8dbdb008b0\nFLR0026_VK_SWAPCHAIN_FLUSH_DONE flushed=true\nFLR0026_VK_FINISHED_SIGNAL_ACQUIRE_BEGIN\nFLR0026_VK_FINISHED_SIGNAL_ACQUIRE_DONE present=true\nFLR0026_VK_PRESENT_WAIT_SEMAPHORE enabled=true\nFLR0026_VK_QUEUE_PRESENT_BEGIN queue=0x7f8dbc02c550 swapchain=0x7f8dbdc4e740 index=1\nFLR0026_VK_END_FRAME_BEGIN
[13:58:35.008880] [I] FLR0026_MODEL_STAGE_COMPLETE asset=assets/models/sequoia_ngp.glb pending_models=0
[13:58:35.009137] [E] [handleMessage] Exception in handler: Entity(164): Light not found
[13:58:35.009185] [E] [handleMessage] Exception in handler: Entity(166): Light not found
[13:58:35.009215] [E] [handleMessage] Exception in handler: Entity(168): Light not found
[13:58:35.009242] [E] [handleMessage] Exception in handler: Entity(170): Light not found
[13:58:35.009433] [I] FLR0026_CAMERA_APPLIED head=(5,0,-5) targetPresent=true target=(0,0,0) dolly=(5,0,5)
FLR0026_VK_QUEUE_PRESENT result=0 surface=7f8dbdcbc9b0 swapchain=7f8dbdc4e740 index=1
FLR0026_VK_SWAPCHAIN_FLUSH_BEGIN\nFLR0026_VK_COMMAND_END_BEGIN buffer=0x7f8dbc0251c0\nFLR0026_VK_COMMAND_END_DONE buffer=0x7f8dbc0251c0\nFLR0026_VK_QUEUE_SUBMIT_BEGIN queue=0x7f8dbc02c550 fence=0x7f8dbdb008b0\nFLR0026_VK_QUEUE_SUBMIT_DONE result=0 queue=0x7f8dbc02c550 fence=0x7f8dbdb008b0\nFLR0026_VK_SWAPCHAIN_FLUSH_DONE flushed=true\nFLR0026_VK_FINISHED_SIGNAL_ACQUIRE_BEGIN\nFLR0026_VK_FINISHED_SIGNAL_ACQUIRE_DONE present=true\nFLR0026_VK_PRESENT_WAIT_SEMAPHORE enabled=true\nFLR0026_VK_QUEUE_PRESENT_BEGIN queue=0x7f8dbc02c550 swapchain=0x7f8dbdc4e740 index=0\nFLR0026_VK_END_FRAME_BEGIN
[13:58:36.948492] [I] FLR0026_MODEL_STAGE_COMPLETE asset=assets/models/sequoia_ngp.glb pending_models=0
[13:58:36.948742] [E] [handleMessage] Exception in handler: Entity(164): Light not found
[13:58:36.948789] [E] [handleMessage] Exception in handler: Entity(166): Light not found
[13:58:36.948818] [E] [handleMessage] Exception in handler: Entity(168): Light not found
[13:58:36.948846] [E] [handleMessage] Exception in handler: Entity(170): Light not found
[13:58:36.949013] [I] FLR0026_CAMERA_APPLIED head=(5,0,-5) targetPresent=true target=(0,0,0) dolly=(5,0,5)
FLR0026_VK_QUEUE_PRESENT result=0 surface=7f8dbdcbc9b0 swapchain=7f8dbdc4e740 index=0
FLR0026_VK_SWAPCHAIN_FLUSH_BEGIN\nFLR0026_VK_COMMAND_END_BEGIN buffer=0x7f8dbc0251c0\nFLR0026_VK_COMMAND_END_DONE buffer=0x7f8dbc0251c0\nFLR0026_VK_QUEUE_SUBMIT_BEGIN queue=0x7f8dbc02c550 fence=0x7f8dbdb008b0\nFLR0026_VK_QUEUE_SUBMIT_DONE result=0 queue=0x7f8dbc02c550 fence=0x7f8dbdb008b0\nFLR0026_VK_SWAPCHAIN_FLUSH_DONE flushed=true\nFLR0026_VK_FINISHED_SIGNAL_ACQUIRE_BEGIN\nFLR0026_VK_FINISHED_SIGNAL_ACQUIRE_DONE present=true\nFLR0026_VK_PRESENT_WAIT_SEMAPHORE enabled=true\nFLR0026_VK_QUEUE_PRESENT_BEGIN queue=0x7f8dbc02c550 swapchain=0x7f8dbdc4e740 index=1\nFLR0026_VK_END_FRAME_BEGIN
[13:58:38.876791] [I] FLR0026_MODEL_STAGE_COMPLETE asset=assets/models/sequoia_ngp.glb pending_models=0
[13:58:38.877059] [E] [handleMessage] Exception in handler: Entity(164): Light not found
[13:58:38.877106] [E] [handleMessage] Exception in handler: Entity(166): Light not found
[13:58:38.877135] [E] [handleMessage] Exception in handler: Entity(168): Light not found
[13:58:38.877162] [E] [handleMessage] Exception in handler: Entity(170): Light not found
[13:58:38.877334] [I] FLR0026_CAMERA_APPLIED head=(5,0,-5) targetPresent=true target=(0,0,0) dolly=(5,0,5)
FLR0026_VK_QUEUE_PRESENT result=0 surface=7f8dbdcbc9b0 swapchain=7f8dbdc4e740 index=1
FLR0026_VK_SWAPCHAIN_FLUSH_BEGIN\nFLR0026_VK_COMMAND_END_BEGIN buffer=0x7f8dbc0251c0\nFLR0026_VK_COMMAND_END_DONE buffer=0x7f8dbc0251c0\nFLR0026_VK_QUEUE_SUBMIT_BEGIN queue=0x7f8dbc02c550 fence=0x7f8dbdb008b0\nFLR0026_VK_QUEUE_SUBMIT_DONE result=0 queue=0x7f8dbc02c550 fence=0x7f8dbdb008b0\nFLR0026_VK_SWAPCHAIN_FLUSH_DONE flushed=true\nFLR0026_VK_FINISHED_SIGNAL_ACQUIRE_BEGIN\nFLR0026_VK_FINISHED_SIGNAL_ACQUIRE_DONE present=true\nFLR0026_VK_PRESENT_WAIT_SEMAPHORE enabled=true\nFLR0026_VK_QUEUE_PRESENT_BEGIN queue=0x7f8dbc02c550 swapchain=0x7f8dbdc4e740 index=0\nFLR0026_VK_END_FRAME_BEGIN
[13:58:40.800577] [I] FLR0026_MODEL_STAGE_COMPLETE asset=assets/models/sequoia_ngp.glb pending_models=0
[13:58:40.800981] [E] [handleMessage] Exception in handler: Entity(164): Light not found
[13:58:40.801034] [E] [handleMessage] Exception in handler: Entity(166): Light not found
[13:58:40.801064] [E] [handleMessage] Exception in handler: Entity(168): Light not found
[13:58:40.801093] [E] [handleMessage] Exception in handler: Entity(170): Light not found
[13:58:40.801332] [I] FLR0026_CAMERA_APPLIED head=(5,0,-5) targetPresent=true target=(0,0,0) dolly=(5,0,5)
FLR0026_VK_QUEUE_PRESENT result=0 surface=7f8dbdcbc9b0 swapchain=7f8dbdc4e740 index=0
FLR0026_VK_SWAPCHAIN_FLUSH_BEGIN\nFLR0026_VK_COMMAND_END_BEGIN buffer=0x7f8dbc0251c0\nFLR0026_VK_COMMAND_END_DONE buffer=0x7f8dbc0251c0\nFLR0026_VK_QUEUE_SUBMIT_BEGIN queue=0x7f8dbc02c550 fence=0x7f8dbdb008b0\nFLR0026_VK_QUEUE_SUBMIT_DONE result=0 queue=0x7f8dbc02c550 fence=0x7f8dbdb008b0\nFLR0026_VK_SWAPCHAIN_FLUSH_DONE flushed=true\nFLR0026_VK_FINISHED_SIGNAL_ACQUIRE_BEGIN\nFLR0026_VK_FINISHED_SIGNAL_ACQUIRE_DONE present=true\nFLR0026_VK_PRESENT_WAIT_SEMAPHORE enabled=true\nFLR0026_VK_QUEUE_PRESENT_BEGIN queue=0x7f8dbc02c550 swapchain=0x7f8dbdc4e740 index=1\nFLR0026_VK_END_FRAME_BEGIN
[13:58:42.729486] [I] FLR0026_MODEL_STAGE_COMPLETE asset=assets/models/sequoia_ngp.glb pending_models=0
[13:58:42.729736] [E] [handleMessage] Exception in handler: Entity(164): Light not found
[13:58:42.729783] [E] [handleMessage] Exception in handler: Entity(166): Light not found
[13:58:42.729813] [E] [handleMessage] Exception in handler: Entity(168): Light not found
[13:58:42.729841] [E] [handleMessage] Exception in handler: Entity(170): Light not found
[13:58:42.730014] [I] FLR0026_CAMERA_APPLIED head=(5,0,-5) targetPresent=true target=(0,0,0) dolly=(5,0,5)
[13:58:44.576073] [I] FLR0026_FRAME_BEGIN seq=430 started=true
FLR0026_VK_QUEUE_PRESENT result=0 surface=7f8dbdcbc9b0 swapchain=7f8dbdc4e740 index=1
FLR0026_VK_SWAPCHAIN_FLUSH_BEGIN\nFLR0026_VK_COMMAND_END_BEGIN buffer=0x7f8dbc0251c0\nFLR0026_VK_COMMAND_END_DONE buffer=0x7f8dbc0251c0\nFLR0026_VK_QUEUE_SUBMIT_BEGIN queue=0x7f8dbc02c550 fence=0x7f8dbdb008b0\nFLR0026_VK_QUEUE_SUBMIT_DONE result=0 queue=0x7f8dbc02c550 fence=0x7f8dbdb008b0\nFLR0026_VK_SWAPCHAIN_FLUSH_DONE flushed=true\nFLR0026_VK_FINISHED_SIGNAL_ACQUIRE_BEGIN\nFLR0026_VK_FINISHED_SIGNAL_ACQUIRE_DONE present=true\nFLR0026_VK_PRESENT_WAIT_SEMAPHORE enabled=true\nFLR0026_VK_QUEUE_PRESENT_BEGIN queue=0x7f8dbc02c550 swapchain=0x7f8dbdc4e740 index=0\n[13:58:44.679388] [I] FLR0026_MODEL_STAGE_COMPLETE asset=assets/models/sequoia_ngp.glb pending_models=0
[13:58:44.679695] [E] [handleMessage] Exception in handler: Entity(164): Light not found
[13:58:44.679746] [E] [handleMessage] Exception in handler: Entity(166): Light not found
[13:58:44.679775] [E] [handleMessage] Exception in handler: Entity(168): Light not found
[13:58:44.679801] [E] [handleMessage] Exception in handler: Entity(170): Light not found
[13:58:44.679969] [I] FLR0026_CAMERA_APPLIED head=(5,0,-5) targetPresent=true target=(0,0,0) dolly=(5,0,5)
FLR0026_VK_QUEUE_PRESENT result=0 surface=7f8dbdcbc9b0 swapchain=7f8dbdc4e740 index=0
FLR0026_VK_SWAPCHAIN_FLUSH_BEGIN\nFLR0026_VK_COMMAND_END_BEGIN buffer=0x7f8dbc0251c0\nFLR0026_VK_COMMAND_END_DONE buffer=0x7f8dbc0251c0\nFLR0026_VK_QUEUE_SUBMIT_BEGIN queue=0x7f8dbc02c550 fence=0x7f8dbdb008b0\nFLR0026_VK_QUEUE_SUBMIT_DONE result=0 queue=0x7f8dbc02c550 fence=0x7f8dbdb008b0\nFLR0026_VK_SWAPCHAIN_FLUSH_DONE flushed=true\nFLR0026_VK_FINISHED_SIGNAL_ACQUIRE_BEGIN\nFLR0026_VK_FINISHED_SIGNAL_ACQUIRE_DONE present=true\nFLR0026_VK_PRESENT_WAIT_SEMAPHORE enabled=true\nFLR0026_VK_QUEUE_PRESENT_BEGIN queue=0x7f8dbc02c550 swapchain=0x7f8dbdc4e740 index=1\nFLR0026_VK_END_FRAME_BEGIN
[13:58:46.620043] [I] FLR0026_MODEL_STAGE_COMPLETE asset=assets/models/sequoia_ngp.glb pending_models=0
[13:58:46.620295] [E] [handleMessage] Exception in handler: Entity(164): Light not found
[13:58:46.620341] [E] [handleMessage] Exception in handler: Entity(166): Light not found
[13:58:46.620438] [E] [handleMessage] Exception in handler: Entity(168): Light not found
[13:58:46.620474] [E] [handleMessage] Exception in handler: Entity(170): Light not found
[13:58:46.620643] [I] FLR0026_CAMERA_APPLIED head=(5,0,-5) targetPresent=true target=(0,0,0) dolly=(5,0,5)
FLR0026_VK_QUEUE_PRESENT result=0 surface=7f8dbdcbc9b0 swapchain=7f8dbdc4e740 index=1
FLR0026_VK_SWAPCHAIN_FLUSH_BEGIN\nFLR0026_VK_COMMAND_END_BEGIN buffer=0x7f8dbc0251c0\nFLR0026_VK_COMMAND_END_DONE buffer=0x7f8dbc0251c0\nFLR0026_VK_QUEUE_SUBMIT_BEGIN queue=0x7f8dbc02c550 fence=0x7f8dbdb008b0\nFLR0026_VK_QUEUE_SUBMIT_DONE result=0 queue=0x7f8dbc02c550 fence=0x7f8dbdb008b0\nFLR0026_VK_SWAPCHAIN_FLUSH_DONE flushed=true\nFLR0026_VK_FINISHED_SIGNAL_ACQUIRE_BEGIN\nFLR0026_VK_FINISHED_SIGNAL_ACQUIRE_DONE present=true\nFLR0026_VK_PRESENT_WAIT_SEMAPHORE enabled=true\nFLR0026_VK_QUEUE_PRESENT_BEGIN queue=0x7f8dbc02c550 swapchain=0x7f8dbdc4e740 index=0\nFLR0026_VK_END_FRAME_BEGIN
[13:58:48.548492] [I] FLR0026_MODEL_STAGE_COMPLETE asset=assets/models/sequoia_ngp.glb pending_models=0
[13:58:48.548761] [E] [handleMessage] Exception in handler: Entity(164): Light not found
[13:58:48.548810] [E] [handleMessage] Exception in handler: Entity(166): Light not found
[13:58:48.548840] [E] [handleMessage] Exception in handler: Entity(168): Light not found
[13:58:48.548869] [E] [handleMessage] Exception in handler: Entity(170): Light not found
[13:58:48.549046] [I] FLR0026_CAMERA_APPLIED head=(5,0,-5) targetPresent=true target=(0,0,0) dolly=(5,0,5)
FLR0026_VK_QUEUE_PRESENT result=0 surface=7f8dbdcbc9b0 swapchain=7f8dbdc4e740 index=0
FLR0026_VK_SWAPCHAIN_FLUSH_BEGIN\nFLR0026_VK_COMMAND_END_BEGIN buffer=0x7f8dbc0251c0\nFLR0026_VK_COMMAND_END_DONE buffer=0x7f8dbc0251c0\nFLR0026_VK_QUEUE_SUBMIT_BEGIN queue=0x7f8dbc02c550 fence=0x7f8dbdb008b0\nFLR0026_VK_QUEUE_SUBMIT_DONE result=0 queue=0x7f8dbc02c550 fence=0x7f8dbdb008b0\nFLR0026_VK_SWAPCHAIN_FLUSH_DONE flushed=true\nFLR0026_VK_FINISHED_SIGNAL_ACQUIRE_BEGIN\nFLR0026_VK_FINISHED_SIGNAL_ACQUIRE_DONE present=true\nFLR0026_VK_PRESENT_WAIT_SEMAPHORE enabled=true\nFLR0026_VK_QUEUE_PRESENT_BEGIN queue=0x7f8dbc02c550 swapchain=0x7f8dbdc4e740 index=1\nFLR0026_VK_END_FRAME_BEGIN
[13:58:50.448484] [I] FLR0026_MODEL_STAGE_COMPLETE asset=assets/models/sequoia_ngp.glb pending_models=0
[13:58:50.448726] [E] [handleMessage] Exception in handler: Entity(164): Light not found
[13:58:50.448771] [E] [handleMessage] Exception in handler: Entity(166): Light not found
[13:58:50.448799] [E] [handleMessage] Exception in handler: Entity(168): Light not found
[13:58:50.448825] [E] [handleMessage] Exception in handler: Entity(170): Light not found
[13:58:50.448990] [I] FLR0026_CAMERA_APPLIED head=(5,0,-5) targetPresent=true target=(0,0,0) dolly=(5,0,5)
FLR0026_VK_QUEUE_PRESENT result=0 surface=7f8dbdcbc9b0 swapchain=7f8dbdc4e740 index=1
FLR0026_VK_SWAPCHAIN_FLUSH_BEGIN\nFLR0026_VK_COMMAND_END_BEGIN buffer=0x7f8dbc0251c0\nFLR0026_VK_COMMAND_END_DONE buffer=0x7f8dbc0251c0\nFLR0026_VK_QUEUE_SUBMIT_BEGIN queue=0x7f8dbc02c550 fence=0x7f8dbdb008b0\nFLR0026_VK_QUEUE_SUBMIT_DONE result=0 queue=0x7f8dbc02c550 fence=0x7f8dbdb008b0\nFLR0026_VK_SWAPCHAIN_FLUSH_DONE flushed=true\nFLR0026_VK_FINISHED_SIGNAL_ACQUIRE_BEGIN\nFLR0026_VK_FINISHED_SIGNAL_ACQUIRE_DONE present=true\nFLR0026_VK_PRESENT_WAIT_SEMAPHORE enabled=true\nFLR0026_VK_QUEUE_PRESENT_BEGIN queue=0x7f8dbc02c550 swapchain=0x7f8dbdc4e740 index=0\nFLR0026_VK_END_FRAME_BEGIN
[13:58:52.368499] [I] FLR0026_MODEL_STAGE_COMPLETE asset=assets/models/sequoia_ngp.glb pending_models=0
[13:58:52.368754] [E] [handleMessage] Exception in handler: Entity(164): Light not found
[13:58:52.368804] [E] [handleMessage] Exception in handler: Entity(166): Light not found
[13:58:52.368835] [E] [handleMessage] Exception in handler: Entity(168): Light not found
[13:58:52.368864] [E] [handleMessage] Exception in handler: Entity(170): Light not found
[13:58:52.369036] [I] FLR0026_CAMERA_APPLIED head=(5,0,-5) targetPresent=true target=(0,0,0) dolly=(5,0,5)
FLR0026_VK_QUEUE_PRESENT result=0 surface=7f8dbdcbc9b0 swapchain=7f8dbdc4e740 index=0
FLR0026_VK_SWAPCHAIN_FLUSH_BEGIN\nFLR0026_VK_COMMAND_END_BEGIN buffer=0x7f8dbc0251c0\nFLR0026_VK_COMMAND_END_DONE buffer=0x7f8dbc0251c0\nFLR0026_VK_QUEUE_SUBMIT_BEGIN queue=0x7f8dbc02c550 fence=0x7f8dbdb008b0\nFLR0026_VK_QUEUE_SUBMIT_DONE result=0 queue=0x7f8dbc02c550 fence=0x7f8dbdb008b0\nFLR0026_VK_SWAPCHAIN_FLUSH_DONE flushed=true\nFLR0026_VK_FINISHED_SIGNAL_ACQUIRE_BEGIN\nFLR0026_VK_FINISHED_SIGNAL_ACQUIRE_DONE present=true\nFLR0026_VK_PRESENT_WAIT_SEMAPHORE enabled=true\nFLR0026_VK_QUEUE_PRESENT_BEGIN queue=0x7f8dbc02c550 swapchain=0x7f8dbdc4e740 index=1\nFLR0026_VK_END_FRAME_BEGIN
[13:58:54.341498] [I] FLR0026_MODEL_STAGE_COMPLETE asset=assets/models/sequoia_ngp.glb pending_models=0
[13:58:54.341756] [E] [handleMessage] Exception in handler: Entity(164): Light not found
[13:58:54.341805] [E] [handleMessage] Exception in handler: Entity(166): Light not found
[13:58:54.341836] [E] [handleMessage] Exception in handler: Entity(168): Light not found
[13:58:54.341865] [E] [handleMessage] Exception in handler: Entity(170): Light not found
[13:58:54.342040] [I] FLR0026_CAMERA_APPLIED head=(5,0,-5) targetPresent=true target=(0,0,0) dolly=(5,0,5)
FLR0026_VK_QUEUE_PRESENT result=0 surface=7f8dbdcbc9b0 swapchain=7f8dbdc4e740 index=1
FLR0026_VK_SWAPCHAIN_FLUSH_BEGIN\nFLR0026_VK_COMMAND_END_BEGIN buffer=0x7f8dbc0251c0\nFLR0026_VK_COMMAND_END_DONE buffer=0x7f8dbc0251c0\nFLR0026_VK_QUEUE_SUBMIT_BEGIN queue=0x7f8dbc02c550 fence=0x7f8dbdb008b0\nFLR0026_VK_QUEUE_SUBMIT_DONE result=0 queue=0x7f8dbc02c550 fence=0x7f8dbdb008b0\nFLR0026_VK_SWAPCHAIN_FLUSH_DONE flushed=true\nFLR0026_VK_FINISHED_SIGNAL_ACQUIRE_BEGIN\nFLR0026_VK_FINISHED_SIGNAL_ACQUIRE_DONE present=true\nFLR0026_VK_PRESENT_WAIT_SEMAPHORE enabled=true\nFLR0026_VK_QUEUE_PRESENT_BEGIN queue=0x7f8dbc02c550 swapchain=0x7f8dbdc4e740 index=0\nFLR0026_VK_END_FRAME_BEGIN
[13:58:56.272533] [I] FLR0026_MODEL_STAGE_COMPLETE asset=assets/models/sequoia_ngp.glb pending_models=0
[13:58:56.272779] [E] [handleMessage] Exception in handler: Entity(164): Light not found
[13:58:56.272826] [E] [handleMessage] Exception in handler: Entity(166): Light not found
[13:58:56.272855] [E] [handleMessage] Exception in handler: Entity(168): Light not found
[13:58:56.272883] [E] [handleMessage] Exception in handler: Entity(170): Light not found
[13:58:56.273068] [I] FLR0026_CAMERA_APPLIED head=(5,0,-5) targetPresent=true target=(0,0,0) dolly=(5,0,5)
