[14:10:57.192684] [I] FLR0026_MODEL_SELECTED ordinal=0 asset=assets/models/sequoia_ngp.glb
[14:10:57.193089] [I] FLR0026_MODEL_LOAD_PLAN total=60 limit=1 match= inspected=2 queued=1
[14:10:57.195603] [I] FLR0026_LIGHT_SELECTED ordinal=0 guid=126 type=POINT
[14:10:57.196034] [I] FLR0026_LIGHT_SELECTED ordinal=1 guid=128 type=POINT
[14:10:57.196242] [I] FLR0026_LIGHT_SELECTED ordinal=2 guid=130 type=POINT
[14:10:57.196295] [I] FLR0026_LIGHT_SELECTED ordinal=3 guid=132 type=POINT
[14:10:57.196320] [I] FLR0026_LIGHT_SELECTED ordinal=4 guid=134 type=POINT
[14:10:57.196383] [I] FLR0026_LIGHT_SELECTED ordinal=5 guid=136 type=POINT
[14:10:57.196401] [I] FLR0026_LIGHT_SELECTED ordinal=6 guid=138 type=POINT
[14:10:57.196641] [I] FLR0026_LIGHT_SELECTED ordinal=7 guid=140 type=POINT
[14:10:57.196891] [I] FLR0026_LIGHT_SETUP_PLAN total=13 limit=8 type_filter= skip_guid_filter= trace_guid_filter= position_override_guid=0 position_override_enabled=false selected=8
[14:10:57.225524] [I] FLR0026_SHAPE_READY guid=188 entity=13 renderable=true
[14:10:57.225890] [I] FLR0026_SHAPE_READY guid=190 entity=14 renderable=true
[14:10:57.226043] [I] FLR0026_SHAPE_READY guid=192 entity=15 renderable=true
[14:10:57.566944] [I] FLR0026_SHAPE_READY guid=194 entity=16 renderable=true
[14:10:57.567467] [I] FLR0026_SHAPE_READY guid=196 entity=17 renderable=true
[14:10:57.568092] [I] FLR0026_SHAPE_READY guid=198 entity=18 renderable=true
[14:10:57.568664] [I] FLR0026_SHAPE_READY guid=200 entity=19 renderable=true
[14:10:57.568793] [I] FLR0026_SHAPE_READY guid=202 entity=20 renderable=true
[14:10:57.568911] [I] FLR0026_SHAPE_READY guid=212 entity=21 renderable=true
[14:10:57.568996] [I] FLR0026_SHAPE_READY guid=204 entity=22 renderable=true
[14:10:57.569075] [I] FLR0026_SHAPE_READY guid=206 entity=23 renderable=true
[14:10:57.569164] [I] FLR0026_SHAPE_READY guid=208 entity=24 renderable=true
[14:10:57.569272] [I] FLR0026_SHAPE_READY guid=210 entity=25 renderable=true
[14:10:57.569360] [I] FLR0026_SHAPE_READY guid=118 entity=26 renderable=true
[14:10:57.569448] [I] FLR0026_SHAPE_READY guid=120 entity=27 renderable=true
[14:10:57.569619] [I] FLR0026_SHAPE_READY guid=216 entity=28 renderable=true
[14:10:57.569751] [I] FLR0026_SHAPE_READY guid=244 entity=29 renderable=true
[14:10:57.569931] [I] FLR0026_SHAPE_READY guid=246 entity=30 renderable=true
[14:10:57.570059] [I] FLR0026_SHAPE_READY guid=248 entity=31 renderable=true
[14:10:57.570176] [I] FLR0026_SHAPE_READY guid=250 entity=32 renderable=true
[14:10:57.570304] [I] FLR0026_SHAPE_READY guid=252 entity=33 renderable=true
[14:10:57.570434] [I] FLR0026_SHAPE_READY guid=254 entity=34 renderable=true
[14:10:57.570608] [I] FLR0026_SHAPE_READY guid=256 entity=35 renderable=true
[14:10:57.570745] [I] FLR0026_SHAPE_READY guid=258 entity=36 renderable=true
[14:10:57.570864] [I] FLR0026_SHAPE_READY guid=260 entity=37 renderable=true
[14:10:57.570983] [I] FLR0026_SHAPE_READY guid=262 entity=38 renderable=true
[14:10:57.571293] [I] FLR0026_SHAPE_READY guid=220 entity=39 renderable=true
[14:10:57.571599] [I] FLR0026_SHAPE_READY guid=222 entity=40 renderable=true
[14:10:57.571858] [I] FLR0026_SHAPE_READY guid=224 entity=41 renderable=true
[14:10:57.572111] [I] FLR0026_SHAPE_READY guid=226 entity=42 renderable=true
[14:10:57.572370] [I] FLR0026_SHAPE_READY guid=228 entity=43 renderable=true
[14:10:57.572674] [I] FLR0026_SHAPE_READY guid=230 entity=44 renderable=true
[14:10:57.572940] [I] FLR0026_SHAPE_READY guid=232 entity=45 renderable=true
[14:10:57.573191] [I] FLR0026_SHAPE_READY guid=234 entity=46 renderable=true
[14:10:57.573541] [I] FLR0026_SHAPE_READY guid=236 entity=47 renderable=true
[14:10:57.573836] [I] FLR0026_SHAPE_READY guid=238 entity=48 renderable=true
[14:10:57.573932] [I] FLR0026_SHAPE_READY guid=264 entity=49 renderable=true
[14:10:57.681025] [I] FLR0026_MODEL_STAGE_PROGRESS seq=1 progress=0 assets=1
[14:10:57.682782] [I] FLR0026_SHAPE_READY guid=197 entity=59 renderable=true
[14:10:57.683166] [I] FLR0026_SHAPE_READY guid=199 entity=60 renderable=true
[14:10:57.683358] [I] FLR0026_SHAPE_READY guid=201 entity=61 renderable=true
[14:10:57.683597] [I] FLR0026_SHAPE_READY guid=203 entity=62 renderable=true
[14:10:57.683815] [I] FLR0026_SHAPE_READY guid=205 entity=63 renderable=true
[14:10:57.684001] [I] FLR0026_SHAPE_READY guid=207 entity=64 renderable=true
[14:10:57.684185] [I] FLR0026_SHAPE_READY guid=209 entity=65 renderable=true
[14:10:57.686370] [I] FLR0026_FRAME_BEGIN seq=1 started=true
[14:10:57.877394] [I] FLR0026_MODEL_STAGE_ASSET_CREATED asset=assets/models/sequoia_ngp.glb guid=2 bytes=13671064 entities=22
[14:10:57.990011] [I] FLR0026_MODEL_STAGE_ASYNC_BEGIN asset=assets/models/sequoia_ngp.glb guid=2
[14:10:57.990268] [I] FLR0026_MODEL_STAGE_INSTANCE_READY asset=assets/models/sequoia_ngp.glb guid=2 instance=0x7f8f786483c0
[14:10:58.665157] [I] FLR0026_MODEL_STAGE_PROGRESS seq=2 progress=1 assets=1
[14:10:58.665440] [I] FLR0026_MODEL_STAGE_COMPLETE asset=assets/models/sequoia_ngp.glb pending_models=1
[14:10:58.666581] [I] FLR0026_FRAME_BEGIN seq=2 started=true
[14:10:58.768449] [I] FLR0026_MODEL_STAGE_PROGRESS seq=3 progress=1 assets=1
[14:10:58.768813] [I] FLR0026_MODEL_STAGE_COMPLETE asset=assets/models/sequoia_ngp.glb pending_models=0
[14:10:58.770325] [I] FLR0026_FRAME_BEGIN seq=3 started=false
[14:10:58.871938] [I] FLR0026_MODEL_STAGE_PROGRESS seq=4 progress=1 assets=1
[14:10:58.872067] [I] FLR0026_MODEL_STAGE_COMPLETE asset=assets/models/sequoia_ngp.glb pending_models=0
[14:10:58.973322] [I] FLR0026_MODEL_STAGE_PROGRESS seq=5 progress=1 assets=1
[14:10:58.973442] [I] FLR0026_MODEL_STAGE_COMPLETE asset=assets/models/sequoia_ngp.glb pending_models=0
[14:10:59.074799] [I] FLR0026_MODEL_STAGE_COMPLETE asset=assets/models/sequoia_ngp.glb pending_models=0
[14:10:59.176179] [I] FLR0026_MODEL_STAGE_COMPLETE asset=assets/models/sequoia_ngp.glb pending_models=0
[14:10:59.278227] [I] FLR0026_MODEL_STAGE_COMPLETE asset=assets/models/sequoia_ngp.glb pending_models=0
[14:10:59.281886] [I] FLR0026_CAMERA_APPLIED head=(5,0,-5) targetPresent=true target=(0,0,0) dolly=(5,0,5)
[14:10:59.384287] [I] FLR0026_MODEL_STAGE_COMPLETE asset=assets/models/sequoia_ngp.glb pending_models=0
[14:10:59.394047] [E] [handleMessage] Exception in handler: Entity(164): Light not found
[14:10:59.394831] [E] [handleMessage] Exception in handler: Entity(166): Light not found
[14:10:59.394950] [E] [handleMessage] Exception in handler: Entity(168): Light not found
[14:10:59.395035] [E] [handleMessage] Exception in handler: Entity(170): Light not found
[14:10:59.395413] [I] FLR0026_CAMERA_APPLIED head=(5,0,-5) targetPresent=true target=(0,0,0) dolly=(5,0,5)
[14:10:59.496460] [I] FLR0026_MODEL_STAGE_COMPLETE asset=assets/models/sequoia_ngp.glb pending_models=0
[14:10:59.497064] [E] [handleMessage] Exception in handler: Entity(164): Light not found
[14:10:59.497173] [E] [handleMessage] Exception in handler: Entity(166): Light not found
[14:10:59.497252] [E] [handleMessage] Exception in handler: Entity(168): Light not found
[14:10:59.497339] [E] [handleMessage] Exception in handler: Entity(170): Light not found
[14:10:59.497802] [I] FLR0026_CAMERA_APPLIED head=(5,0,-5) targetPresent=true target=(0,0,0) dolly=(5,0,5)
[14:10:59.498216] [I] FLR0026_FRAME_BEGIN seq=10 started=false
[14:10:59.598799] [I] FLR0026_MODEL_STAGE_COMPLETE asset=assets/models/sequoia_ngp.glb pending_models=0
[14:10:59.599197] [E] [handleMessage] Exception in handler: Entity(164): Light not found
[14:10:59.599315] [E] [handleMessage] Exception in handler: Entity(166): Light not found
[14:10:59.599391] [E] [handleMessage] Exception in handler: Entity(168): Light not found
[14:10:59.599467] [E] [handleMessage] Exception in handler: Entity(170): Light not found
[14:10:59.599882] [I] FLR0026_CAMERA_APPLIED head=(5,0,-5) targetPresent=true target=(0,0,0) dolly=(5,0,5)
[14:10:59.700841] [I] FLR0026_MODEL_STAGE_COMPLETE asset=assets/models/sequoia_ngp.glb pending_models=0
[14:10:59.701228] [E] [handleMessage] Exception in handler: Entity(164): Light not found
[14:10:59.701351] [E] [handleMessage] Exception in handler: Entity(166): Light not found
[14:10:59.701427] [E] [handleMessage] Exception in handler: Entity(168): Light not found
[14:10:59.701597] [E] [handleMessage] Exception in handler: Entity(170): Light not found
[14:10:59.702005] [I] FLR0026_CAMERA_APPLIED head=(5,0,-5) targetPresent=true target=(0,0,0) dolly=(5,0,5)
[14:10:59.803014] [I] FLR0026_MODEL_STAGE_COMPLETE asset=assets/models/sequoia_ngp.glb pending_models=0
[14:10:59.803410] [E] [handleMessage] Exception in handler: Entity(164): Light not found
[14:10:59.803598] [E] [handleMessage] Exception in handler: Entity(166): Light not found
[14:10:59.803689] [E] [handleMessage] Exception in handler: Entity(168): Light not found
[14:10:59.803760] [E] [handleMessage] Exception in handler: Entity(170): Light not found
[14:10:59.804107] [I] FLR0026_CAMERA_APPLIED head=(5,0,-5) targetPresent=true target=(0,0,0) dolly=(5,0,5)
[14:10:59.905403] [I] FLR0026_MODEL_STAGE_COMPLETE asset=assets/models/sequoia_ngp.glb pending_models=0
[14:10:59.905895] [E] [handleMessage] Exception in handler: Entity(164): Light not found
[14:10:59.906007] [E] [handleMessage] Exception in handler: Entity(166): Light not found
[14:10:59.906083] [E] [handleMessage] Exception in handler: Entity(168): Light not found
[14:10:59.906155] [E] [handleMessage] Exception in handler: Entity(170): Light not found
[14:10:59.906473] [I] FLR0026_CAMERA_APPLIED head=(5,0,-5) targetPresent=true target=(0,0,0) dolly=(5,0,5)
[14:11:00.007615] [I] FLR0026_MODEL_STAGE_COMPLETE asset=assets/models/sequoia_ngp.glb pending_models=0
[14:11:00.008034] [E] [handleMessage] Exception in handler: Entity(164): Light not found
[14:11:00.008145] [E] [handleMessage] Exception in handler: Entity(166): Light not found
[14:11:00.008223] [E] [handleMessage] Exception in handler: Entity(168): Light not found
[14:11:00.008295] [E] [handleMessage] Exception in handler: Entity(170): Light not found
[14:11:00.008792] [I] FLR0026_CAMERA_APPLIED head=(5,0,-5) targetPresent=true target=(0,0,0) dolly=(5,0,5)
[14:11:00.109857] [I] FLR0026_MODEL_STAGE_COMPLETE asset=assets/models/sequoia_ngp.glb pending_models=0
[14:11:00.110235] [E] [handleMessage] Exception in handler: Entity(164): Light not found
[14:11:00.110337] [E] [handleMessage] Exception in handler: Entity(166): Light not found
[14:11:00.110409] [E] [handleMessage] Exception in handler: Entity(168): Light not found
[14:11:00.110476] [E] [handleMessage] Exception in handler: Entity(170): Light not found
[14:11:00.110975] [I] FLR0026_CAMERA_APPLIED head=(5,0,-5) targetPresent=true target=(0,0,0) dolly=(5,0,5)
[14:11:00.212197] [I] FLR0026_MODEL_STAGE_COMPLETE asset=assets/models/sequoia_ngp.glb pending_models=0
[14:11:00.212627] [E] [handleMessage] Exception in handler: Entity(164): Light not found
[14:11:00.212733] [E] [handleMessage] Exception in handler: Entity(166): Light not found
[14:11:00.212802] [E] [handleMessage] Exception in handler: Entity(168): Light not found
[14:11:00.212865] [E] [handleMessage] Exception in handler: Entity(170): Light not found
[14:11:00.213127] [I] FLR0026_CAMERA_APPLIED head=(5,0,-5) targetPresent=true target=(0,0,0) dolly=(5,0,5)
[14:11:00.324476] [I] FLR0026_MODEL_STAGE_COMPLETE asset=assets/models/sequoia_ngp.glb pending_models=0
[14:11:00.324753] [E] [handleMessage] Exception in handler: Entity(164): Light not found
[14:11:00.324803] [E] [handleMessage] Exception in handler: Entity(166): Light not found
[14:11:00.324833] [E] [handleMessage] Exception in handler: Entity(168): Light not found
[14:11:00.324863] [E] [handleMessage] Exception in handler: Entity(170): Light not found
[14:11:00.325011] [I] FLR0026_CAMERA_APPLIED head=(5,0,-5) targetPresent=true target=(0,0,0) dolly=(5,0,5)
[14:11:00.430082] [I] FLR0026_MODEL_STAGE_COMPLETE asset=assets/models/sequoia_ngp.glb pending_models=0
[14:11:00.430313] [E] [handleMessage] Exception in handler: Entity(164): Light not found
[14:11:00.430417] [E] [handleMessage] Exception in handler: Entity(166): Light not found
[14:11:00.430454] [E] [handleMessage] Exception in handler: Entity(168): Light not found
[14:11:00.430484] [E] [handleMessage] Exception in handler: Entity(170): Light not found
[14:11:00.430697] [I] FLR0026_CAMERA_APPLIED head=(5,0,-5) targetPresent=true target=(0,0,0) dolly=(5,0,5)
[14:11:00.531390] [I] FLR0026_MODEL_STAGE_COMPLETE asset=assets/models/sequoia_ngp.glb pending_models=0
[14:11:00.531847] [E] [handleMessage] Exception in handler: Entity(164): Light not found
[14:11:00.531956] [E] [handleMessage] Exception in handler: Entity(166): Light not found
[14:11:00.532031] [E] [handleMessage] Exception in handler: Entity(168): Light not found
[14:11:00.532101] [E] [handleMessage] Exception in handler: Entity(170): Light not found
[14:11:00.532411] [I] FLR0026_CAMERA_APPLIED head=(5,0,-5) targetPresent=true target=(0,0,0) dolly=(5,0,5)
[14:11:00.532895] [I] FLR0026_FRAME_BEGIN seq=20 started=false
[14:11:00.633999] [I] FLR0026_MODEL_STAGE_COMPLETE asset=assets/models/sequoia_ngp.glb pending_models=0
[14:11:00.634383] [E] [handleMessage] Exception in handler: Entity(164): Light not found
[14:11:00.634484] [E] [handleMessage] Exception in handler: Entity(166): Light not found
[14:11:00.634648] [E] [handleMessage] Exception in handler: Entity(168): Light not found
[14:11:00.634726] [E] [handleMessage] Exception in handler: Entity(170): Light not found
[14:11:00.635046] [I] FLR0026_CAMERA_APPLIED head=(5,0,-5) targetPresent=true target=(0,0,0) dolly=(5,0,5)
[14:11:00.736074] [I] FLR0026_MODEL_STAGE_COMPLETE asset=assets/models/sequoia_ngp.glb pending_models=0
[14:11:00.736467] [E] [handleMessage] Exception in handler: Entity(164): Light not found
[14:11:00.736673] [E] [handleMessage] Exception in handler: Entity(166): Light not found
[14:11:00.736762] [E] [handleMessage] Exception in handler: Entity(168): Light not found
[14:11:00.736832] [E] [handleMessage] Exception in handler: Entity(170): Light not found
[14:11:00.737122] [I] FLR0026_CAMERA_APPLIED head=(5,0,-5) targetPresent=true target=(0,0,0) dolly=(5,0,5)
[14:11:00.838199] [I] FLR0026_MODEL_STAGE_COMPLETE asset=assets/models/sequoia_ngp.glb pending_models=0
[14:11:00.838777] [E] [handleMessage] Exception in handler: Entity(164): Light not found
[14:11:00.838906] [E] [handleMessage] Exception in handler: Entity(166): Light not found
[14:11:00.838986] [E] [handleMessage] Exception in handler: Entity(168): Light not found
[14:11:00.839054] [E] [handleMessage] Exception in handler: Entity(170): Light not found
[14:11:00.839341] [I] FLR0026_CAMERA_APPLIED head=(5,0,-5) targetPresent=true target=(0,0,0) dolly=(5,0,5)
[14:11:00.940434] [I] FLR0026_MODEL_STAGE_COMPLETE asset=assets/models/sequoia_ngp.glb pending_models=0
[14:11:00.940943] [E] [handleMessage] Exception in handler: Entity(164): Light not found
[14:11:00.941053] [E] [handleMessage] Exception in handler: Entity(166): Light not found
[14:11:00.941131] [E] [handleMessage] Exception in handler: Entity(168): Light not found
[14:11:00.941204] [E] [handleMessage] Exception in handler: Entity(170): Light not found
[14:11:00.941596] [I] FLR0026_CAMERA_APPLIED head=(5,0,-5) targetPresent=true target=(0,0,0) dolly=(5,0,5)
[14:11:01.042699] [I] FLR0026_MODEL_STAGE_COMPLETE asset=assets/models/sequoia_ngp.glb pending_models=0
[14:11:01.043097] [E] [handleMessage] Exception in handler: Entity(164): Light not found
[14:11:01.043199] [E] [handleMessage] Exception in handler: Entity(166): Light not found
[14:11:01.043347] [E] [handleMessage] Exception in handler: Entity(168): Light not found
[14:11:01.043446] [E] [handleMessage] Exception in handler: Entity(170): Light not found
[14:11:01.043809] [I] FLR0026_CAMERA_APPLIED head=(5,0,-5) targetPresent=true target=(0,0,0) dolly=(5,0,5)
[14:11:01.145250] [I] FLR0026_MODEL_STAGE_COMPLETE asset=assets/models/sequoia_ngp.glb pending_models=0
[14:11:01.145731] [E] [handleMessage] Exception in handler: Entity(164): Light not found
[14:11:01.145856] [E] [handleMessage] Exception in handler: Entity(166): Light not found
[14:11:01.145942] [E] [handleMessage] Exception in handler: Entity(168): Light not found
[14:11:01.146019] [E] [handleMessage] Exception in handler: Entity(170): Light not found
[14:11:01.146364] [I] FLR0026_CAMERA_APPLIED head=(5,0,-5) targetPresent=true target=(0,0,0) dolly=(5,0,5)
[14:11:01.247224] [I] FLR0026_MODEL_STAGE_COMPLETE asset=assets/models/sequoia_ngp.glb pending_models=0
[14:11:01.247454] [E] [handleMessage] Exception in handler: Entity(164): Light not found
[14:11:01.247589] [E] [handleMessage] Exception in handler: Entity(166): Light not found
[14:11:01.247632] [E] [handleMessage] Exception in handler: Entity(168): Light not found
[14:11:01.247663] [E] [handleMessage] Exception in handler: Entity(170): Light not found
[14:11:01.247822] [I] FLR0026_CAMERA_APPLIED head=(5,0,-5) targetPresent=true target=(0,0,0) dolly=(5,0,5)
[14:11:01.350053] [I] FLR0026_MODEL_STAGE_COMPLETE asset=assets/models/sequoia_ngp.glb pending_models=0
[14:11:01.350302] [E] [handleMessage] Exception in handler: Entity(164): Light not found
[14:11:01.350354] [E] [handleMessage] Exception in handler: Entity(166): Light not found
[14:11:01.350389] [E] [handleMessage] Exception in handler: Entity(168): Light not found
[14:11:01.350421] [E] [handleMessage] Exception in handler: Entity(170): Light not found
[14:11:01.350653] [I] FLR0026_CAMERA_APPLIED head=(5,0,-5) targetPresent=true target=(0,0,0) dolly=(5,0,5)
[14:11:01.455910] [I] FLR0026_MODEL_STAGE_COMPLETE asset=assets/models/sequoia_ngp.glb pending_models=0
[14:11:01.456125] [E] [handleMessage] Exception in handler: Entity(164): Light not found
[14:11:01.456170] [E] [handleMessage] Exception in handler: Entity(166): Light not found
[14:11:01.456200] [E] [handleMessage] Exception in handler: Entity(168): Light not found
[14:11:01.456228] [E] [handleMessage] Exception in handler: Entity(170): Light not found
[14:11:01.456370] [I] FLR0026_CAMERA_APPLIED head=(5,0,-5) targetPresent=true target=(0,0,0) dolly=(5,0,5)
[14:11:01.564642] [I] FLR0026_MODEL_STAGE_COMPLETE asset=assets/models/sequoia_ngp.glb pending_models=0
[14:11:01.564885] [E] [handleMessage] Exception in handler: Entity(164): Light not found
[14:11:01.564940] [E] [handleMessage] Exception in handler: Entity(166): Light not found
[14:11:01.564973] [E] [handleMessage] Exception in handler: Entity(168): Light not found
[14:11:01.565004] [E] [handleMessage] Exception in handler: Entity(170): Light not found
[14:11:01.565157] [I] FLR0026_CAMERA_APPLIED head=(5,0,-5) targetPresent=true target=(0,0,0) dolly=(5,0,5)
[14:11:01.565359] [I] FLR0026_FRAME_BEGIN seq=30 started=false
[14:11:01.671641] [I] FLR0026_MODEL_STAGE_COMPLETE asset=assets/models/sequoia_ngp.glb pending_models=0
[14:11:01.671877] [E] [handleMessage] Exception in handler: Entity(164): Light not found
[14:11:01.671926] [E] [handleMessage] Exception in handler: Entity(166): Light not found
[14:11:01.671957] [E] [handleMessage] Exception in handler: Entity(168): Light not found
[14:11:01.671986] [E] [handleMessage] Exception in handler: Entity(170): Light not found
[14:11:01.672133] [I] FLR0026_CAMERA_APPLIED head=(5,0,-5) targetPresent=true target=(0,0,0) dolly=(5,0,5)
[14:11:01.777639] [I] FLR0026_MODEL_STAGE_COMPLETE asset=assets/models/sequoia_ngp.glb pending_models=0
[14:11:01.777877] [E] [handleMessage] Exception in handler: Entity(164): Light not found
[14:11:01.777984] [E] [handleMessage] Exception in handler: Entity(166): Light not found
[14:11:01.778023] [E] [handleMessage] Exception in handler: Entity(168): Light not found
[14:11:01.778054] [E] [handleMessage] Exception in handler: Entity(170): Light not found
[14:11:01.778204] [I] FLR0026_CAMERA_APPLIED head=(5,0,-5) targetPresent=true target=(0,0,0) dolly=(5,0,5)
[14:11:01.879718] [I] FLR0026_MODEL_STAGE_COMPLETE asset=assets/models/sequoia_ngp.glb pending_models=0
[14:11:01.880064] [E] [handleMessage] Exception in handler: Entity(164): Light not found
[14:11:01.880137] [E] [handleMessage] Exception in handler: Entity(166): Light not found
[14:11:01.880188] [E] [handleMessage] Exception in handler: Entity(168): Light not found
[14:11:01.880235] [E] [handleMessage] Exception in handler: Entity(170): Light not found
[14:11:01.880457] [I] FLR0026_CAMERA_APPLIED head=(5,0,-5) targetPresent=true target=(0,0,0) dolly=(5,0,5)
[14:11:01.983654] [I] FLR0026_MODEL_STAGE_COMPLETE asset=assets/models/sequoia_ngp.glb pending_models=0
[14:11:01.983884] [E] [handleMessage] Exception in handler: Entity(164): Light not found
[14:11:01.983936] [E] [handleMessage] Exception in handler: Entity(166): Light not found
[14:11:01.983969] [E] [handleMessage] Exception in handler: Entity(168): Light not found
[14:11:01.984000] [E] [handleMessage] Exception in handler: Entity(170): Light not found
[14:11:01.984165] [I] FLR0026_CAMERA_APPLIED head=(5,0,-5) targetPresent=true target=(0,0,0) dolly=(5,0,5)
[14:11:02.084673] [I] FLR0026_MODEL_STAGE_COMPLETE asset=assets/models/sequoia_ngp.glb pending_models=0
[14:11:02.084920] [E] [handleMessage] Exception in handler: Entity(164): Light not found
[14:11:02.084968] [E] [handleMessage] Exception in handler: Entity(166): Light not found
[14:11:02.085000] [E] [handleMessage] Exception in handler: Entity(168): Light not found
[14:11:02.085030] [E] [handleMessage] Exception in handler: Entity(170): Light not found
[14:11:02.085195] [I] FLR0026_CAMERA_APPLIED head=(5,0,-5) targetPresent=true target=(0,0,0) dolly=(5,0,5)
[14:11:02.185812] [I] FLR0026_MODEL_STAGE_COMPLETE asset=assets/models/sequoia_ngp.glb pending_models=0
[14:11:02.186060] [E] [handleMessage] Exception in handler: Entity(164): Light not found
[14:11:02.186110] [E] [handleMessage] Exception in handler: Entity(166): Light not found
[14:11:02.186142] [E] [handleMessage] Exception in handler: Entity(168): Light not found
[14:11:02.186171] [E] [handleMessage] Exception in handler: Entity(170): Light not found
[14:11:02.186335] [I] FLR0026_CAMERA_APPLIED head=(5,0,-5) targetPresent=true target=(0,0,0) dolly=(5,0,5)
[14:11:02.296755] [I] FLR0026_MODEL_STAGE_COMPLETE asset=assets/models/sequoia_ngp.glb pending_models=0
[14:11:02.296990] [E] [handleMessage] Exception in handler: Entity(164): Light not found
[14:11:02.297039] [E] [handleMessage] Exception in handler: Entity(166): Light not found
[14:11:02.297072] [E] [handleMessage] Exception in handler: Entity(168): Light not found
[14:11:02.297102] [E] [handleMessage] Exception in handler: Entity(170): Light not found
[14:11:02.297250] [I] FLR0026_CAMERA_APPLIED head=(5,0,-5) targetPresent=true target=(0,0,0) dolly=(5,0,5)
[14:11:02.400636] [I] FLR0026_MODEL_STAGE_COMPLETE asset=assets/models/sequoia_ngp.glb pending_models=0
[14:11:02.400872] [E] [handleMessage] Exception in handler: Entity(164): Light not found
[14:11:02.400920] [E] [handleMessage] Exception in handler: Entity(166): Light not found
[14:11:02.400951] [E] [handleMessage] Exception in handler: Entity(168): Light not found
[14:11:02.400980] [E] [handleMessage] Exception in handler: Entity(170): Light not found
[14:11:02.401127] [I] FLR0026_CAMERA_APPLIED head=(5,0,-5) targetPresent=true target=(0,0,0) dolly=(5,0,5)
[14:11:02.507052] [I] FLR0026_MODEL_STAGE_COMPLETE asset=assets/models/sequoia_ngp.glb pending_models=0
[14:11:02.507302] [E] [handleMessage] Exception in handler: Entity(164): Light not found
[14:11:02.507351] [E] [handleMessage] Exception in handler: Entity(166): Light not found
[14:11:02.507448] [E] [handleMessage] Exception in handler: Entity(168): Light not found
[14:11:02.507487] [E] [handleMessage] Exception in handler: Entity(170): Light not found
[14:11:02.507694] [I] FLR0026_CAMERA_APPLIED head=(5,0,-5) targetPresent=true target=(0,0,0) dolly=(5,0,5)
[14:11:02.608414] [I] FLR0026_MODEL_STAGE_COMPLETE asset=assets/models/sequoia_ngp.glb pending_models=0
[14:11:02.608993] [E] [handleMessage] Exception in handler: Entity(164): Light not found
[14:11:02.609054] [E] [handleMessage] Exception in handler: Entity(166): Light not found
[14:11:02.609086] [E] [handleMessage] Exception in handler: Entity(168): Light not found
[14:11:02.609115] [E] [handleMessage] Exception in handler: Entity(170): Light not found
[14:11:02.609263] [I] FLR0026_CAMERA_APPLIED head=(5,0,-5) targetPresent=true target=(0,0,0) dolly=(5,0,5)
[14:11:02.609445] [I] FLR0026_FRAME_BEGIN seq=40 started=false
[14:11:02.711809] [I] FLR0026_MODEL_STAGE_COMPLETE asset=assets/models/sequoia_ngp.glb pending_models=0
[14:11:02.712051] [E] [handleMessage] Exception in handler: Entity(164): Light not found
[14:11:02.712104] [E] [handleMessage] Exception in handler: Entity(166): Light not found
[14:11:02.712138] [E] [handleMessage] Exception in handler: Entity(168): Light not found
[14:11:02.712168] [E] [handleMessage] Exception in handler: Entity(170): Light not found
[14:11:02.712321] [I] FLR0026_CAMERA_APPLIED head=(5,0,-5) targetPresent=true target=(0,0,0) dolly=(5,0,5)
[14:11:02.816074] [I] FLR0026_MODEL_STAGE_COMPLETE asset=assets/models/sequoia_ngp.glb pending_models=0
[14:11:02.816313] [E] [handleMessage] Exception in handler: Entity(164): Light not found
[14:11:02.816364] [E] [handleMessage] Exception in handler: Entity(166): Light not found
[14:11:02.816396] [E] [handleMessage] Exception in handler: Entity(168): Light not found
[14:11:02.816425] [E] [handleMessage] Exception in handler: Entity(170): Light not found
[14:11:02.816655] [I] FLR0026_CAMERA_APPLIED head=(5,0,-5) targetPresent=true target=(0,0,0) dolly=(5,0,5)
[14:11:02.918769] [I] FLR0026_MODEL_STAGE_COMPLETE asset=assets/models/sequoia_ngp.glb pending_models=0
[14:11:02.919002] [E] [handleMessage] Exception in handler: Entity(164): Light not found
[14:11:02.919052] [E] [handleMessage] Exception in handler: Entity(166): Light not found
[14:11:02.919084] [E] [handleMessage] Exception in handler: Entity(168): Light not found
[14:11:02.919113] [E] [handleMessage] Exception in handler: Entity(170): Light not found
[14:11:02.919280] [I] FLR0026_CAMERA_APPLIED head=(5,0,-5) targetPresent=true target=(0,0,0) dolly=(5,0,5)
[14:11:03.019904] [I] FLR0026_MODEL_STAGE_COMPLETE asset=assets/models/sequoia_ngp.glb pending_models=0
[14:11:03.020153] [E] [handleMessage] Exception in handler: Entity(164): Light not found
[14:11:03.020202] [E] [handleMessage] Exception in handler: Entity(166): Light not found
[14:11:03.020234] [E] [handleMessage] Exception in handler: Entity(168): Light not found
[14:11:03.020264] [E] [handleMessage] Exception in handler: Entity(170): Light not found
[14:11:03.020426] [I] FLR0026_CAMERA_APPLIED head=(5,0,-5) targetPresent=true target=(0,0,0) dolly=(5,0,5)
[14:11:03.128631] [I] FLR0026_MODEL_STAGE_COMPLETE asset=assets/models/sequoia_ngp.glb pending_models=0
[14:11:03.128877] [E] [handleMessage] Exception in handler: Entity(164): Light not found
[14:11:03.128926] [E] [handleMessage] Exception in handler: Entity(166): Light not found
[14:11:03.128958] [E] [handleMessage] Exception in handler: Entity(168): Light not found
[14:11:03.128987] [E] [handleMessage] Exception in handler: Entity(170): Light not found
[14:11:03.129140] [I] FLR0026_CAMERA_APPLIED head=(5,0,-5) targetPresent=true target=(0,0,0) dolly=(5,0,5)
[14:11:03.232665] [I] FLR0026_MODEL_STAGE_COMPLETE asset=assets/models/sequoia_ngp.glb pending_models=0
[14:11:03.232903] [E] [handleMessage] Exception in handler: Entity(164): Light not found
[14:11:03.232996] [E] [handleMessage] Exception in handler: Entity(166): Light not found
[14:11:03.233034] [E] [handleMessage] Exception in handler: Entity(168): Light not found
[14:11:03.233064] [E] [handleMessage] Exception in handler: Entity(170): Light not found
[14:11:03.233216] [I] FLR0026_CAMERA_APPLIED head=(5,0,-5) targetPresent=true target=(0,0,0) dolly=(5,0,5)
[14:11:03.333909] [I] FLR0026_MODEL_STAGE_COMPLETE asset=assets/models/sequoia_ngp.glb pending_models=0
[14:11:03.334222] [E] [handleMessage] Exception in handler: Entity(164): Light not found
[14:11:03.334299] [E] [handleMessage] Exception in handler: Entity(166): Light not found
[14:11:03.334334] [E] [handleMessage] Exception in handler: Entity(168): Light not found
[14:11:03.334366] [E] [handleMessage] Exception in handler: Entity(170): Light not found
[14:11:03.334559] [I] FLR0026_CAMERA_APPLIED head=(5,0,-5) targetPresent=true target=(0,0,0) dolly=(5,0,5)
[14:11:03.435406] [I] FLR0026_MODEL_STAGE_COMPLETE asset=assets/models/sequoia_ngp.glb pending_models=0
[14:11:03.435692] [E] [handleMessage] Exception in handler: Entity(164): Light not found
[14:11:03.435745] [E] [handleMessage] Exception in handler: Entity(166): Light not found
[14:11:03.435778] [E] [handleMessage] Exception in handler: Entity(168): Light not found
[14:11:03.435807] [E] [handleMessage] Exception in handler: Entity(170): Light not found
[14:11:03.435972] [I] FLR0026_CAMERA_APPLIED head=(5,0,-5) targetPresent=true target=(0,0,0) dolly=(5,0,5)
[14:11:03.538172] [I] FLR0026_MODEL_STAGE_COMPLETE asset=assets/models/sequoia_ngp.glb pending_models=0
[14:11:03.538432] [E] [handleMessage] Exception in handler: Entity(164): Light not found
[14:11:03.538484] [E] [handleMessage] Exception in handler: Entity(166): Light not found
[14:11:03.538585] [E] [handleMessage] Exception in handler: Entity(168): Light not found
[14:11:03.538626] [E] [handleMessage] Exception in handler: Entity(170): Light not found
[14:11:03.538798] [I] FLR0026_CAMERA_APPLIED head=(5,0,-5) targetPresent=true target=(0,0,0) dolly=(5,0,5)
[14:11:03.639342] [I] FLR0026_MODEL_STAGE_COMPLETE asset=assets/models/sequoia_ngp.glb pending_models=0
[14:11:03.639629] [E] [handleMessage] Exception in handler: Entity(164): Light not found
[14:11:03.639685] [E] [handleMessage] Exception in handler: Entity(166): Light not found
[14:11:03.639718] [E] [handleMessage] Exception in handler: Entity(168): Light not found
[14:11:03.639748] [E] [handleMessage] Exception in handler: Entity(170): Light not found
[14:11:03.639915] [I] FLR0026_CAMERA_APPLIED head=(5,0,-5) targetPresent=true target=(0,0,0) dolly=(5,0,5)
[14:11:03.640093] [I] FLR0026_FRAME_BEGIN seq=50 started=false
[14:11:03.742651] [I] FLR0026_MODEL_STAGE_COMPLETE asset=assets/models/sequoia_ngp.glb pending_models=0
[14:11:03.742898] [E] [handleMessage] Exception in handler: Entity(164): Light not found
[14:11:03.742946] [E] [handleMessage] Exception in handler: Entity(166): Light not found
[14:11:03.742977] [E] [handleMessage] Exception in handler: Entity(168): Light not found
[14:11:03.743007] [E] [handleMessage] Exception in handler: Entity(170): Light not found
[14:11:03.743159] [I] FLR0026_CAMERA_APPLIED head=(5,0,-5) targetPresent=true target=(0,0,0) dolly=(5,0,5)
[14:11:03.844673] [I] FLR0026_MODEL_STAGE_COMPLETE asset=assets/models/sequoia_ngp.glb pending_models=0
[14:11:03.844941] [E] [handleMessage] Exception in handler: Entity(164): Light not found
[14:11:03.844997] [E] [handleMessage] Exception in handler: Entity(166): Light not found
[14:11:03.845033] [E] [handleMessage] Exception in handler: Entity(168): Light not found
[14:11:03.845065] [E] [handleMessage] Exception in handler: Entity(170): Light not found
[14:11:03.847556] [I] FLR0026_CAMERA_APPLIED head=(5,0,-5) targetPresent=true target=(0,0,0) dolly=(5,0,5)
[14:11:03.948207] [I] FLR0026_MODEL_STAGE_COMPLETE asset=assets/models/sequoia_ngp.glb pending_models=0
[14:11:03.948678] [E] [handleMessage] Exception in handler: Entity(164): Light not found
[14:11:03.948883] [E] [handleMessage] Exception in handler: Entity(166): Light not found
[14:11:03.948970] [E] [handleMessage] Exception in handler: Entity(168): Light not found
[14:11:03.949039] [E] [handleMessage] Exception in handler: Entity(170): Light not found
[14:11:03.949332] [I] FLR0026_CAMERA_APPLIED head=(5,0,-5) targetPresent=true target=(0,0,0) dolly=(5,0,5)
[14:11:04.049965] [I] FLR0026_MODEL_STAGE_COMPLETE asset=assets/models/sequoia_ngp.glb pending_models=0
[14:11:04.050219] [E] [handleMessage] Exception in handler: Entity(164): Light not found
[14:11:04.050269] [E] [handleMessage] Exception in handler: Entity(166): Light not found
[14:11:04.050301] [E] [handleMessage] Exception in handler: Entity(168): Light not found
[14:11:04.050331] [E] [handleMessage] Exception in handler: Entity(170): Light not found
[14:11:04.050483] [I] FLR0026_CAMERA_APPLIED head=(5,0,-5) targetPresent=true target=(0,0,0) dolly=(5,0,5)
[14:11:04.153697] [I] FLR0026_MODEL_STAGE_COMPLETE asset=assets/models/sequoia_ngp.glb pending_models=0
[14:11:04.154094] [E] [handleMessage] Exception in handler: Entity(164): Light not found
[14:11:04.154203] [E] [handleMessage] Exception in handler: Entity(166): Light not found
[14:11:04.154279] [E] [handleMessage] Exception in handler: Entity(168): Light not found
[14:11:04.154350] [E] [handleMessage] Exception in handler: Entity(170): Light not found
[14:11:04.154653] [I] FLR0026_CAMERA_APPLIED head=(5,0,-5) targetPresent=true target=(0,0,0) dolly=(5,0,5)
[14:11:04.255158] [I] FLR0026_MODEL_STAGE_COMPLETE asset=assets/models/sequoia_ngp.glb pending_models=0
[14:11:04.255402] [E] [handleMessage] Exception in handler: Entity(164): Light not found
[14:11:04.255451] [E] [handleMessage] Exception in handler: Entity(166): Light not found
[14:11:04.255483] [E] [handleMessage] Exception in handler: Entity(168): Light not found
[14:11:04.255564] [E] [handleMessage] Exception in handler: Entity(170): Light not found
[14:11:04.255724] [I] FLR0026_CAMERA_APPLIED head=(5,0,-5) targetPresent=true target=(0,0,0) dolly=(5,0,5)
[14:11:04.356233] [I] FLR0026_MODEL_STAGE_COMPLETE asset=assets/models/sequoia_ngp.glb pending_models=0
[14:11:04.356471] [E] [handleMessage] Exception in handler: Entity(164): Light not found
[14:11:04.356572] [E] [handleMessage] Exception in handler: Entity(166): Light not found
[14:11:04.356612] [E] [handleMessage] Exception in handler: Entity(168): Light not found
[14:11:04.356642] [E] [handleMessage] Exception in handler: Entity(170): Light not found
[14:11:04.356793] [I] FLR0026_CAMERA_APPLIED head=(5,0,-5) targetPresent=true target=(0,0,0) dolly=(5,0,5)
[14:11:04.457296] [I] FLR0026_MODEL_STAGE_COMPLETE asset=assets/models/sequoia_ngp.glb pending_models=0
[14:11:04.457591] [E] [handleMessage] Exception in handler: Entity(164): Light not found
[14:11:04.457647] [E] [handleMessage] Exception in handler: Entity(166): Light not found
[14:11:04.457681] [E] [handleMessage] Exception in handler: Entity(168): Light not found
[14:11:04.457711] [E] [handleMessage] Exception in handler: Entity(170): Light not found
[14:11:04.457863] [I] FLR0026_CAMERA_APPLIED head=(5,0,-5) targetPresent=true target=(0,0,0) dolly=(5,0,5)
[14:11:04.568648] [I] FLR0026_MODEL_STAGE_COMPLETE asset=assets/models/sequoia_ngp.glb pending_models=0
[14:11:04.568893] [E] [handleMessage] Exception in handler: Entity(164): Light not found
[14:11:04.568943] [E] [handleMessage] Exception in handler: Entity(166): Light not found
[14:11:04.568976] [E] [handleMessage] Exception in handler: Entity(168): Light not found
[14:11:04.569005] [E] [handleMessage] Exception in handler: Entity(170): Light not found
[14:11:04.569173] [I] FLR0026_CAMERA_APPLIED head=(5,0,-5) targetPresent=true target=(0,0,0) dolly=(5,0,5)
[14:11:04.670076] [I] FLR0026_MODEL_STAGE_PROGRESS seq=60 progress=1 assets=1
[14:11:04.670169] [I] FLR0026_MODEL_STAGE_COMPLETE asset=assets/models/sequoia_ngp.glb pending_models=0
[14:11:04.670345] [E] [handleMessage] Exception in handler: Entity(164): Light not found
[14:11:04.670439] [E] [handleMessage] Exception in handler: Entity(166): Light not found
[14:11:04.670477] [E] [handleMessage] Exception in handler: Entity(168): Light not found
[14:11:04.670588] [E] [handleMessage] Exception in handler: Entity(170): Light not found
[14:11:04.670747] [I] FLR0026_CAMERA_APPLIED head=(5,0,-5) targetPresent=true target=(0,0,0) dolly=(5,0,5)
[14:11:04.670927] [I] FLR0026_FRAME_BEGIN seq=60 started=false
[14:11:04.774664] [I] FLR0026_MODEL_STAGE_COMPLETE asset=assets/models/sequoia_ngp.glb pending_models=0
[14:11:04.774908] [E] [handleMessage] Exception in handler: Entity(164): Light not found
[14:11:04.774958] [E] [handleMessage] Exception in handler: Entity(166): Light not found
[14:11:04.774990] [E] [handleMessage] Exception in handler: Entity(168): Light not found
[14:11:04.775021] [E] [handleMessage] Exception in handler: Entity(170): Light not found
[14:11:04.775172] [I] FLR0026_CAMERA_APPLIED head=(5,0,-5) targetPresent=true target=(0,0,0) dolly=(5,0,5)
[14:11:04.876906] [I] FLR0026_MODEL_STAGE_COMPLETE asset=assets/models/sequoia_ngp.glb pending_models=0
[14:11:04.877145] [E] [handleMessage] Exception in handler: Entity(164): Light not found
[14:11:04.877196] [E] [handleMessage] Exception in handler: Entity(166): Light not found
[14:11:04.877229] [E] [handleMessage] Exception in handler: Entity(168): Light not found
[14:11:04.877259] [E] [handleMessage] Exception in handler: Entity(170): Light not found
[14:11:04.877408] [I] FLR0026_CAMERA_APPLIED head=(5,0,-5) targetPresent=true target=(0,0,0) dolly=(5,0,5)
[14:11:04.981814] [I] FLR0026_MODEL_STAGE_COMPLETE asset=assets/models/sequoia_ngp.glb pending_models=0
[14:11:04.982053] [E] [handleMessage] Exception in handler: Entity(164): Light not found
[14:11:04.982103] [E] [handleMessage] Exception in handler: Entity(166): Light not found
[14:11:04.982135] [E] [handleMessage] Exception in handler: Entity(168): Light not found
[14:11:04.982166] [E] [handleMessage] Exception in handler: Entity(170): Light not found
[14:11:04.982317] [I] FLR0026_CAMERA_APPLIED head=(5,0,-5) targetPresent=true target=(0,0,0) dolly=(5,0,5)
[14:11:05.085812] [I] FLR0026_MODEL_STAGE_COMPLETE asset=assets/models/sequoia_ngp.glb pending_models=0
[14:11:05.086063] [E] [handleMessage] Exception in handler: Entity(164): Light not found
[14:11:05.086112] [E] [handleMessage] Exception in handler: Entity(166): Light not found
[14:11:05.086144] [E] [handleMessage] Exception in handler: Entity(168): Light not found
[14:11:05.086175] [E] [handleMessage] Exception in handler: Entity(170): Light not found
[14:11:05.086324] [I] FLR0026_CAMERA_APPLIED head=(5,0,-5) targetPresent=true target=(0,0,0) dolly=(5,0,5)
[14:11:05.191974] [I] FLR0026_MODEL_STAGE_COMPLETE asset=assets/models/sequoia_ngp.glb pending_models=0
[14:11:05.192198] [E] [handleMessage] Exception in handler: Entity(164): Light not found
[14:11:05.192246] [E] [handleMessage] Exception in handler: Entity(166): Light not found
[14:11:05.192279] [E] [handleMessage] Exception in handler: Entity(168): Light not found
[14:11:05.192309] [E] [handleMessage] Exception in handler: Entity(170): Light not found
[14:11:05.192461] [I] FLR0026_CAMERA_APPLIED head=(5,0,-5) targetPresent=true target=(0,0,0) dolly=(5,0,5)
[14:11:05.298653] [I] FLR0026_MODEL_STAGE_COMPLETE asset=assets/models/sequoia_ngp.glb pending_models=0
[14:11:05.298897] [E] [handleMessage] Exception in handler: Entity(164): Light not found
[14:11:05.298946] [E] [handleMessage] Exception in handler: Entity(166): Light not found
[14:11:05.298978] [E] [handleMessage] Exception in handler: Entity(168): Light not found
[14:11:05.299007] [E] [handleMessage] Exception in handler: Entity(170): Light not found
[14:11:05.299157] [I] FLR0026_CAMERA_APPLIED head=(5,0,-5) targetPresent=true target=(0,0,0) dolly=(5,0,5)
[14:11:05.399945] [I] FLR0026_MODEL_STAGE_COMPLETE asset=assets/models/sequoia_ngp.glb pending_models=0
[14:11:05.400316] [E] [handleMessage] Exception in handler: Entity(164): Light not found
[14:11:05.400367] [E] [handleMessage] Exception in handler: Entity(166): Light not found
[14:11:05.400398] [E] [handleMessage] Exception in handler: Entity(168): Light not found
[14:11:05.400425] [E] [handleMessage] Exception in handler: Entity(170): Light not found
[14:11:05.400672] [I] FLR0026_CAMERA_APPLIED head=(5,0,-5) targetPresent=true target=(0,0,0) dolly=(5,0,5)
[14:11:05.509655] [I] FLR0026_MODEL_STAGE_COMPLETE asset=assets/models/sequoia_ngp.glb pending_models=0
[14:11:05.509912] [E] [handleMessage] Exception in handler: Entity(164): Light not found
[14:11:05.509980] [E] [handleMessage] Exception in handler: Entity(166): Light not found
[14:11:05.510013] [E] [handleMessage] Exception in handler: Entity(168): Light not found
[14:11:05.510042] [E] [handleMessage] Exception in handler: Entity(170): Light not found
[14:11:05.510196] [I] FLR0026_CAMERA_APPLIED head=(5,0,-5) targetPresent=true target=(0,0,0) dolly=(5,0,5)
[14:11:05.612528] [I] FLR0026_MODEL_STAGE_COMPLETE asset=assets/models/sequoia_ngp.glb pending_models=0
[14:11:05.612795] [E] [handleMessage] Exception in handler: Entity(164): Light not found
[14:11:05.612846] [E] [handleMessage] Exception in handler: Entity(166): Light not found
[14:11:05.612878] [E] [handleMessage] Exception in handler: Entity(168): Light not found
[14:11:05.612908] [E] [handleMessage] Exception in handler: Entity(170): Light not found
[14:11:05.613062] [I] FLR0026_CAMERA_APPLIED head=(5,0,-5) targetPresent=true target=(0,0,0) dolly=(5,0,5)
[14:11:05.721806] [I] FLR0026_MODEL_STAGE_COMPLETE asset=assets/models/sequoia_ngp.glb pending_models=0
[14:11:05.722043] [E] [handleMessage] Exception in handler: Entity(164): Light not found
[14:11:05.722092] [E] [handleMessage] Exception in handler: Entity(166): Light not found
[14:11:05.722123] [E] [handleMessage] Exception in handler: Entity(168): Light not found
[14:11:05.722153] [E] [handleMessage] Exception in handler: Entity(170): Light not found
[14:11:05.722308] [I] FLR0026_CAMERA_APPLIED head=(5,0,-5) targetPresent=true target=(0,0,0) dolly=(5,0,5)
[14:11:05.722486] [I] FLR0026_FRAME_BEGIN seq=70 started=false
[14:11:05.823661] [I] FLR0026_MODEL_STAGE_COMPLETE asset=assets/models/sequoia_ngp.glb pending_models=0
[14:11:05.823886] [E] [handleMessage] Exception in handler: Entity(164): Light not found
[14:11:05.823935] [E] [handleMessage] Exception in handler: Entity(166): Light not found
[14:11:05.823968] [E] [handleMessage] Exception in handler: Entity(168): Light not found
[14:11:05.823998] [E] [handleMessage] Exception in handler: Entity(170): Light not found
[14:11:05.824149] [I] FLR0026_CAMERA_APPLIED head=(5,0,-5) targetPresent=true target=(0,0,0) dolly=(5,0,5)
[14:11:05.927040] [I] FLR0026_MODEL_STAGE_COMPLETE asset=assets/models/sequoia_ngp.glb pending_models=0
[14:11:05.927285] [E] [handleMessage] Exception in handler: Entity(164): Light not found
[14:11:05.927336] [E] [handleMessage] Exception in handler: Entity(166): Light not found
[14:11:05.927369] [E] [handleMessage] Exception in handler: Entity(168): Light not found
[14:11:05.927398] [E] [handleMessage] Exception in handler: Entity(170): Light not found
[14:11:05.927599] [I] FLR0026_CAMERA_APPLIED head=(5,0,-5) targetPresent=true target=(0,0,0) dolly=(5,0,5)
[14:11:06.033617] [I] FLR0026_MODEL_STAGE_COMPLETE asset=assets/models/sequoia_ngp.glb pending_models=0
[14:11:06.033872] [E] [handleMessage] Exception in handler: Entity(164): Light not found
[14:11:06.033922] [E] [handleMessage] Exception in handler: Entity(166): Light not found
[14:11:06.033955] [E] [handleMessage] Exception in handler: Entity(168): Light not found
[14:11:06.033985] [E] [handleMessage] Exception in handler: Entity(170): Light not found
[14:11:06.034135] [I] FLR0026_CAMERA_APPLIED head=(5,0,-5) targetPresent=true target=(0,0,0) dolly=(5,0,5)
[14:11:06.144193] [I] FLR0026_MODEL_STAGE_COMPLETE asset=assets/models/sequoia_ngp.glb pending_models=0
[14:11:06.144486] [E] [handleMessage] Exception in handler: Entity(164): Light not found
[14:11:06.144602] [E] [handleMessage] Exception in handler: Entity(166): Light not found
[14:11:06.144639] [E] [handleMessage] Exception in handler: Entity(168): Light not found
[14:11:06.144669] [E] [handleMessage] Exception in handler: Entity(170): Light not found
[14:11:06.144822] [I] FLR0026_CAMERA_APPLIED head=(5,0,-5) targetPresent=true target=(0,0,0) dolly=(5,0,5)
[14:11:06.248906] [I] FLR0026_MODEL_STAGE_COMPLETE asset=assets/models/sequoia_ngp.glb pending_models=0
[14:11:06.249137] [E] [handleMessage] Exception in handler: Entity(164): Light not found
[14:11:06.249183] [E] [handleMessage] Exception in handler: Entity(166): Light not found
[14:11:06.249214] [E] [handleMessage] Exception in handler: Entity(168): Light not found
[14:11:06.249242] [E] [handleMessage] Exception in handler: Entity(170): Light not found
[14:11:06.249388] [I] FLR0026_CAMERA_APPLIED head=(5,0,-5) targetPresent=true target=(0,0,0) dolly=(5,0,5)
[14:11:06.351815] [I] FLR0026_MODEL_STAGE_COMPLETE asset=assets/models/sequoia_ngp.glb pending_models=0
[14:11:06.352057] [E] [handleMessage] Exception in handler: Entity(164): Light not found
[14:11:06.352108] [E] [handleMessage] Exception in handler: Entity(166): Light not found
[14:11:06.352141] [E] [handleMessage] Exception in handler: Entity(168): Light not found
[14:11:06.352172] [E] [handleMessage] Exception in handler: Entity(170): Light not found
[14:11:06.352323] [I] FLR0026_CAMERA_APPLIED head=(5,0,-5) targetPresent=true target=(0,0,0) dolly=(5,0,5)
[14:11:06.456656] [I] FLR0026_MODEL_STAGE_COMPLETE asset=assets/models/sequoia_ngp.glb pending_models=0
[14:11:06.456898] [E] [handleMessage] Exception in handler: Entity(164): Light not found
[14:11:06.456952] [E] [handleMessage] Exception in handler: Entity(166): Light not found
[14:11:06.456984] [E] [handleMessage] Exception in handler: Entity(168): Light not found
[14:11:06.457014] [E] [handleMessage] Exception in handler: Entity(170): Light not found
[14:11:06.457169] [I] FLR0026_CAMERA_APPLIED head=(5,0,-5) targetPresent=true target=(0,0,0) dolly=(5,0,5)
[14:11:06.559264] [I] FLR0026_MODEL_STAGE_COMPLETE asset=assets/models/sequoia_ngp.glb pending_models=0
[14:11:06.559555] [E] [handleMessage] Exception in handler: Entity(164): Light not found
[14:11:06.559611] [E] [handleMessage] Exception in handler: Entity(166): Light not found
[14:11:06.559645] [E] [handleMessage] Exception in handler: Entity(168): Light not found
[14:11:06.559675] [E] [handleMessage] Exception in handler: Entity(170): Light not found
[14:11:06.559828] [I] FLR0026_CAMERA_APPLIED head=(5,0,-5) targetPresent=true target=(0,0,0) dolly=(5,0,5)
[14:11:06.661887] [I] FLR0026_MODEL_STAGE_COMPLETE asset=assets/models/sequoia_ngp.glb pending_models=0
[14:11:06.662126] [E] [handleMessage] Exception in handler: Entity(164): Light not found
[14:11:06.662177] [E] [handleMessage] Exception in handler: Entity(166): Light not found
[14:11:06.662209] [E] [handleMessage] Exception in handler: Entity(168): Light not found
[14:11:06.662239] [E] [handleMessage] Exception in handler: Entity(170): Light not found
[14:11:06.662389] [I] FLR0026_CAMERA_APPLIED head=(5,0,-5) targetPresent=true target=(0,0,0) dolly=(5,0,5)
[14:11:06.763171] [I] FLR0026_MODEL_STAGE_COMPLETE asset=assets/models/sequoia_ngp.glb pending_models=0
[14:11:06.763422] [E] [handleMessage] Exception in handler: Entity(164): Light not found
[14:11:06.763471] [E] [handleMessage] Exception in handler: Entity(166): Light not found
[14:11:06.763563] [E] [handleMessage] Exception in handler: Entity(168): Light not found
[14:11:06.763604] [E] [handleMessage] Exception in handler: Entity(170): Light not found
[14:11:06.763756] [I] FLR0026_CAMERA_APPLIED head=(5,0,-5) targetPresent=true target=(0,0,0) dolly=(5,0,5)
[14:11:06.763935] [I] FLR0026_FRAME_BEGIN seq=80 started=false
[14:11:06.866701] [I] FLR0026_MODEL_STAGE_COMPLETE asset=assets/models/sequoia_ngp.glb pending_models=0
[14:11:06.866966] [E] [handleMessage] Exception in handler: Entity(164): Light not found
[14:11:06.867013] [E] [handleMessage] Exception in handler: Entity(166): Light not found
[14:11:06.867043] [E] [handleMessage] Exception in handler: Entity(168): Light not found
[14:11:06.867071] [E] [handleMessage] Exception in handler: Entity(170): Light not found
[14:11:06.867217] [I] FLR0026_CAMERA_APPLIED head=(5,0,-5) targetPresent=true target=(0,0,0) dolly=(5,0,5)
[14:11:06.967779] [I] FLR0026_MODEL_STAGE_COMPLETE asset=assets/models/sequoia_ngp.glb pending_models=0
[14:11:06.968022] [E] [handleMessage] Exception in handler: Entity(164): Light not found
[14:11:06.968073] [E] [handleMessage] Exception in handler: Entity(166): Light not found
[14:11:06.968105] [E] [handleMessage] Exception in handler: Entity(168): Light not found
[14:11:06.968135] [E] [handleMessage] Exception in handler: Entity(170): Light not found
[14:11:06.968294] [I] FLR0026_CAMERA_APPLIED head=(5,0,-5) targetPresent=true target=(0,0,0) dolly=(5,0,5)
[14:11:07.072641] [I] FLR0026_MODEL_STAGE_COMPLETE asset=assets/models/sequoia_ngp.glb pending_models=0
[14:11:07.072888] [E] [handleMessage] Exception in handler: Entity(164): Light not found
[14:11:07.072943] [E] [handleMessage] Exception in handler: Entity(166): Light not found
[14:11:07.072976] [E] [handleMessage] Exception in handler: Entity(168): Light not found
[14:11:07.073007] [E] [handleMessage] Exception in handler: Entity(170): Light not found
[14:11:07.073404] [I] FLR0026_CAMERA_APPLIED head=(5,0,-5) targetPresent=true target=(0,0,0) dolly=(5,0,5)
[14:11:07.179847] [I] FLR0026_MODEL_STAGE_COMPLETE asset=assets/models/sequoia_ngp.glb pending_models=0
[14:11:07.180369] [E] [handleMessage] Exception in handler: Entity(164): Light not found
[14:11:07.180482] [E] [handleMessage] Exception in handler: Entity(166): Light not found
[14:11:07.180698] [E] [handleMessage] Exception in handler: Entity(168): Light not found
[14:11:07.180782] [E] [handleMessage] Exception in handler: Entity(170): Light not found
[14:11:07.181090] [I] FLR0026_CAMERA_APPLIED head=(5,0,-5) targetPresent=true target=(0,0,0) dolly=(5,0,5)
[14:11:07.282647] [I] FLR0026_MODEL_STAGE_COMPLETE asset=assets/models/sequoia_ngp.glb pending_models=0
[14:11:07.282885] [E] [handleMessage] Exception in handler: Entity(164): Light not found
[14:11:07.282938] [E] [handleMessage] Exception in handler: Entity(166): Light not found
[14:11:07.282971] [E] [handleMessage] Exception in handler: Entity(168): Light not found
[14:11:07.283002] [E] [handleMessage] Exception in handler: Entity(170): Light not found
[14:11:07.283155] [I] FLR0026_CAMERA_APPLIED head=(5,0,-5) targetPresent=true target=(0,0,0) dolly=(5,0,5)
[14:11:07.389648] [I] FLR0026_MODEL_STAGE_COMPLETE asset=assets/models/sequoia_ngp.glb pending_models=0
[14:11:07.389891] [E] [handleMessage] Exception in handler: Entity(164): Light not found
[14:11:07.389939] [E] [handleMessage] Exception in handler: Entity(166): Light not found
[14:11:07.389970] [E] [handleMessage] Exception in handler: Entity(168): Light not found
[14:11:07.390000] [E] [handleMessage] Exception in handler: Entity(170): Light not found
[14:11:07.390151] [I] FLR0026_CAMERA_APPLIED head=(5,0,-5) targetPresent=true target=(0,0,0) dolly=(5,0,5)
[14:11:07.490719] [I] FLR0026_MODEL_STAGE_COMPLETE asset=assets/models/sequoia_ngp.glb pending_models=0
[14:11:07.490955] [E] [handleMessage] Exception in handler: Entity(164): Light not found
[14:11:07.491000] [E] [handleMessage] Exception in handler: Entity(166): Light not found
[14:11:07.491029] [E] [handleMessage] Exception in handler: Entity(168): Light not found
[14:11:07.491055] [E] [handleMessage] Exception in handler: Entity(170): Light not found
[14:11:07.491199] [I] FLR0026_CAMERA_APPLIED head=(5,0,-5) targetPresent=true target=(0,0,0) dolly=(5,0,5)
[14:11:07.594654] [I] FLR0026_MODEL_STAGE_COMPLETE asset=assets/models/sequoia_ngp.glb pending_models=0
[14:11:07.594942] [E] [handleMessage] Exception in handler: Entity(164): Light not found
[14:11:07.594999] [E] [handleMessage] Exception in handler: Entity(166): Light not found
[14:11:07.595035] [E] [handleMessage] Exception in handler: Entity(168): Light not found
[14:11:07.595065] [E] [handleMessage] Exception in handler: Entity(170): Light not found
[14:11:07.595273] [I] FLR0026_CAMERA_APPLIED head=(5,0,-5) targetPresent=true target=(0,0,0) dolly=(5,0,5)
[14:11:07.695925] [I] FLR0026_MODEL_STAGE_COMPLETE asset=assets/models/sequoia_ngp.glb pending_models=0
[14:11:07.696164] [E] [handleMessage] Exception in handler: Entity(164): Light not found
[14:11:07.696216] [E] [handleMessage] Exception in handler: Entity(166): Light not found
[14:11:07.696249] [E] [handleMessage] Exception in handler: Entity(168): Light not found
[14:11:07.696279] [E] [handleMessage] Exception in handler: Entity(170): Light not found
[14:11:07.696432] [I] FLR0026_CAMERA_APPLIED head=(5,0,-5) targetPresent=true target=(0,0,0) dolly=(5,0,5)
[14:11:07.798839] [I] FLR0026_MODEL_STAGE_COMPLETE asset=assets/models/sequoia_ngp.glb pending_models=0
[14:11:07.799081] [E] [handleMessage] Exception in handler: Entity(164): Light not found
[14:11:07.799129] [E] [handleMessage] Exception in handler: Entity(166): Light not found
[14:11:07.799161] [E] [handleMessage] Exception in handler: Entity(168): Light not found
[14:11:07.799191] [E] [handleMessage] Exception in handler: Entity(170): Light not found
[14:11:07.799343] [I] FLR0026_CAMERA_APPLIED head=(5,0,-5) targetPresent=true target=(0,0,0) dolly=(5,0,5)
[14:11:07.799569] [I] FLR0026_FRAME_BEGIN seq=90 started=false
[14:11:07.900254] [I] FLR0026_MODEL_STAGE_COMPLETE asset=assets/models/sequoia_ngp.glb pending_models=0
[14:11:07.900484] [E] [handleMessage] Exception in handler: Entity(164): Light not found
[14:11:07.900609] [E] [handleMessage] Exception in handler: Entity(166): Light not found
[14:11:07.900645] [E] [handleMessage] Exception in handler: Entity(168): Light not found
[14:11:07.900674] [E] [handleMessage] Exception in handler: Entity(170): Light not found
[14:11:07.900825] [I] FLR0026_CAMERA_APPLIED head=(5,0,-5) targetPresent=true target=(0,0,0) dolly=(5,0,5)
[14:11:08.007312] [I] FLR0026_MODEL_STAGE_COMPLETE asset=assets/models/sequoia_ngp.glb pending_models=0
[14:11:08.007616] [E] [handleMessage] Exception in handler: Entity(164): Light not found
[14:11:08.007700] [E] [handleMessage] Exception in handler: Entity(166): Light not found
[14:11:08.007733] [E] [handleMessage] Exception in handler: Entity(168): Light not found
[14:11:08.007763] [E] [handleMessage] Exception in handler: Entity(170): Light not found
[14:11:08.007918] [I] FLR0026_CAMERA_APPLIED head=(5,0,-5) targetPresent=true target=(0,0,0) dolly=(5,0,5)
[14:11:08.114710] [I] FLR0026_MODEL_STAGE_COMPLETE asset=assets/models/sequoia_ngp.glb pending_models=0
[14:11:08.114951] [E] [handleMessage] Exception in handler: Entity(164): Light not found
[14:11:08.115003] [E] [handleMessage] Exception in handler: Entity(166): Light not found
[14:11:08.115035] [E] [handleMessage] Exception in handler: Entity(168): Light not found
[14:11:08.115066] [E] [handleMessage] Exception in handler: Entity(170): Light not found
[14:11:08.115217] [I] FLR0026_CAMERA_APPLIED head=(5,0,-5) targetPresent=true target=(0,0,0) dolly=(5,0,5)
[14:11:08.215735] [I] FLR0026_MODEL_STAGE_COMPLETE asset=assets/models/sequoia_ngp.glb pending_models=0
[14:11:08.215975] [E] [handleMessage] Exception in handler: Entity(164): Light not found
[14:11:08.216024] [E] [handleMessage] Exception in handler: Entity(166): Light not found
[14:11:08.216056] [E] [handleMessage] Exception in handler: Entity(168): Light not found
[14:11:08.216085] [E] [handleMessage] Exception in handler: Entity(170): Light not found
[14:11:08.216237] [I] FLR0026_CAMERA_APPLIED head=(5,0,-5) targetPresent=true target=(0,0,0) dolly=(5,0,5)
[14:11:08.316814] [I] FLR0026_MODEL_STAGE_COMPLETE asset=assets/models/sequoia_ngp.glb pending_models=0
[14:11:08.317109] [E] [handleMessage] Exception in handler: Entity(164): Light not found
[14:11:08.317163] [E] [handleMessage] Exception in handler: Entity(166): Light not found
[14:11:08.317195] [E] [handleMessage] Exception in handler: Entity(168): Light not found
[14:11:08.317224] [E] [handleMessage] Exception in handler: Entity(170): Light not found
[14:11:08.317373] [I] FLR0026_CAMERA_APPLIED head=(5,0,-5) targetPresent=true target=(0,0,0) dolly=(5,0,5)
[14:11:08.417995] [I] FLR0026_MODEL_STAGE_COMPLETE asset=assets/models/sequoia_ngp.glb pending_models=0
[14:11:08.418238] [E] [handleMessage] Exception in handler: Entity(164): Light not found
[14:11:08.418286] [E] [handleMessage] Exception in handler: Entity(166): Light not found
[14:11:08.418316] [E] [handleMessage] Exception in handler: Entity(168): Light not found
[14:11:08.418346] [E] [handleMessage] Exception in handler: Entity(170): Light not found
[14:11:08.418493] [I] FLR0026_CAMERA_APPLIED head=(5,0,-5) targetPresent=true target=(0,0,0) dolly=(5,0,5)
[14:11:08.521654] [I] FLR0026_MODEL_STAGE_COMPLETE asset=assets/models/sequoia_ngp.glb pending_models=0
[14:11:08.521892] [E] [handleMessage] Exception in handler: Entity(164): Light not found
[14:11:08.521941] [E] [handleMessage] Exception in handler: Entity(166): Light not found
[14:11:08.521973] [E] [handleMessage] Exception in handler: Entity(168): Light not found
[14:11:08.522003] [E] [handleMessage] Exception in handler: Entity(170): Light not found
[14:11:08.522153] [I] FLR0026_CAMERA_APPLIED head=(5,0,-5) targetPresent=true target=(0,0,0) dolly=(5,0,5)
[14:11:08.628961] [I] FLR0026_MODEL_STAGE_COMPLETE asset=assets/models/sequoia_ngp.glb pending_models=0
[14:11:08.629205] [E] [handleMessage] Exception in handler: Entity(164): Light not found
[14:11:08.629253] [E] [handleMessage] Exception in handler: Entity(166): Light not found
[14:11:08.629284] [E] [handleMessage] Exception in handler: Entity(168): Light not found
[14:11:08.629313] [E] [handleMessage] Exception in handler: Entity(170): Light not found
[14:11:08.629466] [I] FLR0026_CAMERA_APPLIED head=(5,0,-5) targetPresent=true target=(0,0,0) dolly=(5,0,5)
[14:11:08.730049] [I] FLR0026_MODEL_STAGE_COMPLETE asset=assets/models/sequoia_ngp.glb pending_models=0
[14:11:08.730341] [E] [handleMessage] Exception in handler: Entity(164): Light not found
[14:11:08.730445] [E] [handleMessage] Exception in handler: Entity(166): Light not found
[14:11:08.730612] [E] [handleMessage] Exception in handler: Entity(168): Light not found
[14:11:08.730703] [E] [handleMessage] Exception in handler: Entity(170): Light not found
[14:11:08.730994] [I] FLR0026_CAMERA_APPLIED head=(5,0,-5) targetPresent=true target=(0,0,0) dolly=(5,0,5)
[14:11:08.834350] [I] FLR0026_MODEL_STAGE_COMPLETE asset=assets/models/sequoia_ngp.glb pending_models=0
[14:11:08.834779] [E] [handleMessage] Exception in handler: Entity(164): Light not found
[14:11:08.834830] [E] [handleMessage] Exception in handler: Entity(166): Light not found
[14:11:08.834860] [E] [handleMessage] Exception in handler: Entity(168): Light not found
[14:11:08.834886] [E] [handleMessage] Exception in handler: Entity(170): Light not found
[14:11:08.835032] [I] FLR0026_CAMERA_APPLIED head=(5,0,-5) targetPresent=true target=(0,0,0) dolly=(5,0,5)
[14:11:08.835252] [I] FLR0026_FRAME_BEGIN seq=100 started=false
[14:11:08.949672] [I] FLR0026_MODEL_STAGE_COMPLETE asset=assets/models/sequoia_ngp.glb pending_models=0
[14:11:08.949916] [E] [handleMessage] Exception in handler: Entity(164): Light not found
[14:11:08.949968] [E] [handleMessage] Exception in handler: Entity(166): Light not found
[14:11:08.950000] [E] [handleMessage] Exception in handler: Entity(168): Light not found
[14:11:08.950030] [E] [handleMessage] Exception in handler: Entity(170): Light not found
[14:11:08.950183] [I] FLR0026_CAMERA_APPLIED head=(5,0,-5) targetPresent=true target=(0,0,0) dolly=(5,0,5)
[14:11:09.050876] [I] FLR0026_MODEL_STAGE_COMPLETE asset=assets/models/sequoia_ngp.glb pending_models=0
[14:11:09.051130] [E] [handleMessage] Exception in handler: Entity(164): Light not found
[14:11:09.051178] [E] [handleMessage] Exception in handler: Entity(166): Light not found
[14:11:09.051210] [E] [handleMessage] Exception in handler: Entity(168): Light not found
[14:11:09.051240] [E] [handleMessage] Exception in handler: Entity(170): Light not found
[14:11:09.051388] [I] FLR0026_CAMERA_APPLIED head=(5,0,-5) targetPresent=true target=(0,0,0) dolly=(5,0,5)
[14:11:09.159653] [I] FLR0026_MODEL_STAGE_COMPLETE asset=assets/models/sequoia_ngp.glb pending_models=0
[14:11:09.159905] [E] [handleMessage] Exception in handler: Entity(164): Light not found
[14:11:09.159960] [E] [handleMessage] Exception in handler: Entity(166): Light not found
[14:11:09.159995] [E] [handleMessage] Exception in handler: Entity(168): Light not found
[14:11:09.160026] [E] [handleMessage] Exception in handler: Entity(170): Light not found
[14:11:09.160184] [I] FLR0026_CAMERA_APPLIED head=(5,0,-5) targetPresent=true target=(0,0,0) dolly=(5,0,5)
[14:11:09.264719] [I] FLR0026_MODEL_STAGE_COMPLETE asset=assets/models/sequoia_ngp.glb pending_models=0
[14:11:09.264964] [E] [handleMessage] Exception in handler: Entity(164): Light not found
[14:11:09.265012] [E] [handleMessage] Exception in handler: Entity(166): Light not found
[14:11:09.265044] [E] [handleMessage] Exception in handler: Entity(168): Light not found
[14:11:09.265074] [E] [handleMessage] Exception in handler: Entity(170): Light not found
[14:11:09.265222] [I] FLR0026_CAMERA_APPLIED head=(5,0,-5) targetPresent=true target=(0,0,0) dolly=(5,0,5)
[14:11:09.365836] [I] FLR0026_MODEL_STAGE_COMPLETE asset=assets/models/sequoia_ngp.glb pending_models=0
[14:11:09.366086] [E] [handleMessage] Exception in handler: Entity(164): Light not found
[14:11:09.366136] [E] [handleMessage] Exception in handler: Entity(166): Light not found
[14:11:09.366168] [E] [handleMessage] Exception in handler: Entity(168): Light not found
[14:11:09.366198] [E] [handleMessage] Exception in handler: Entity(170): Light not found
[14:11:09.366354] [I] FLR0026_CAMERA_APPLIED head=(5,0,-5) targetPresent=true target=(0,0,0) dolly=(5,0,5)
[14:11:09.466970] [I] FLR0026_MODEL_STAGE_COMPLETE asset=assets/models/sequoia_ngp.glb pending_models=0
[14:11:09.467212] [E] [handleMessage] Exception in handler: Entity(164): Light not found
[14:11:09.467261] [E] [handleMessage] Exception in handler: Entity(166): Light not found
[14:11:09.467291] [E] [handleMessage] Exception in handler: Entity(168): Light not found
[14:11:09.467320] [E] [handleMessage] Exception in handler: Entity(170): Light not found
[14:11:09.467466] [I] FLR0026_CAMERA_APPLIED head=(5,0,-5) targetPresent=true target=(0,0,0) dolly=(5,0,5)
[14:11:09.578657] [I] FLR0026_MODEL_STAGE_COMPLETE asset=assets/models/sequoia_ngp.glb pending_models=0
[14:11:09.578899] [E] [handleMessage] Exception in handler: Entity(164): Light not found
[14:11:09.578949] [E] [handleMessage] Exception in handler: Entity(166): Light not found
[14:11:09.578982] [E] [handleMessage] Exception in handler: Entity(168): Light not found
[14:11:09.579012] [E] [handleMessage] Exception in handler: Entity(170): Light not found
[14:11:09.579167] [I] FLR0026_CAMERA_APPLIED head=(5,0,-5) targetPresent=true target=(0,0,0) dolly=(5,0,5)
[14:11:09.679660] [I] FLR0026_MODEL_STAGE_COMPLETE asset=assets/models/sequoia_ngp.glb pending_models=0
[14:11:09.679903] [E] [handleMessage] Exception in handler: Entity(164): Light not found
[14:11:09.679950] [E] [handleMessage] Exception in handler: Entity(166): Light not found
[14:11:09.679980] [E] [handleMessage] Exception in handler: Entity(168): Light not found
[14:11:09.680008] [E] [handleMessage] Exception in handler: Entity(170): Light not found
[14:11:09.680156] [I] FLR0026_CAMERA_APPLIED head=(5,0,-5) targetPresent=true target=(0,0,0) dolly=(5,0,5)
[14:11:09.782655] [I] FLR0026_MODEL_STAGE_COMPLETE asset=assets/models/sequoia_ngp.glb pending_models=0
[14:11:09.782959] [E] [handleMessage] Exception in handler: Entity(164): Light not found
[14:11:09.783017] [E] [handleMessage] Exception in handler: Entity(166): Light not found
[14:11:09.783052] [E] [handleMessage] Exception in handler: Entity(168): Light not found
[14:11:09.783083] [E] [handleMessage] Exception in handler: Entity(170): Light not found
[14:11:09.783251] [I] FLR0026_CAMERA_APPLIED head=(5,0,-5) targetPresent=true target=(0,0,0) dolly=(5,0,5)
[14:11:09.897652] [I] FLR0026_MODEL_STAGE_COMPLETE asset=assets/models/sequoia_ngp.glb pending_models=0
[14:11:09.897901] [E] [handleMessage] Exception in handler: Entity(164): Light not found
[14:11:09.897954] [E] [handleMessage] Exception in handler: Entity(166): Light not found
[14:11:09.897986] [E] [handleMessage] Exception in handler: Entity(168): Light not found
[14:11:09.898015] [E] [handleMessage] Exception in handler: Entity(170): Light not found
[14:11:09.898167] [I] FLR0026_CAMERA_APPLIED head=(5,0,-5) targetPresent=true target=(0,0,0) dolly=(5,0,5)
[14:11:09.898346] [I] FLR0026_FRAME_BEGIN seq=110 started=false
[14:11:10.000673] [I] FLR0026_MODEL_STAGE_COMPLETE asset=assets/models/sequoia_ngp.glb pending_models=0
[14:11:10.000929] [E] [handleMessage] Exception in handler: Entity(164): Light not found
[14:11:10.000982] [E] [handleMessage] Exception in handler: Entity(166): Light not found
[14:11:10.001014] [E] [handleMessage] Exception in handler: Entity(168): Light not found
[14:11:10.001045] [E] [handleMessage] Exception in handler: Entity(170): Light not found
[14:11:10.001197] [I] FLR0026_CAMERA_APPLIED head=(5,0,-5) targetPresent=true target=(0,0,0) dolly=(5,0,5)
[14:11:10.107644] [I] FLR0026_MODEL_STAGE_COMPLETE asset=assets/models/sequoia_ngp.glb pending_models=0
[14:11:10.107887] [E] [handleMessage] Exception in handler: Entity(164): Light not found
[14:11:10.107938] [E] [handleMessage] Exception in handler: Entity(166): Light not found
[14:11:10.107971] [E] [handleMessage] Exception in handler: Entity(168): Light not found
[14:11:10.108000] [E] [handleMessage] Exception in handler: Entity(170): Light not found
[14:11:10.108150] [I] FLR0026_CAMERA_APPLIED head=(5,0,-5) targetPresent=true target=(0,0,0) dolly=(5,0,5)
[14:11:10.208922] [I] FLR0026_MODEL_STAGE_COMPLETE asset=assets/models/sequoia_ngp.glb pending_models=0
[14:11:10.209160] [E] [handleMessage] Exception in handler: Entity(164): Light not found
[14:11:10.209208] [E] [handleMessage] Exception in handler: Entity(166): Light not found
[14:11:10.209239] [E] [handleMessage] Exception in handler: Entity(168): Light not found
[14:11:10.209269] [E] [handleMessage] Exception in handler: Entity(170): Light not found
[14:11:10.209416] [I] FLR0026_CAMERA_APPLIED head=(5,0,-5) targetPresent=true target=(0,0,0) dolly=(5,0,5)
[14:11:10.309992] [I] FLR0026_MODEL_STAGE_COMPLETE asset=assets/models/sequoia_ngp.glb pending_models=0
[14:11:10.310253] [E] [handleMessage] Exception in handler: Entity(164): Light not found
[14:11:10.310301] [E] [handleMessage] Exception in handler: Entity(166): Light not found
[14:11:10.310331] [E] [handleMessage] Exception in handler: Entity(168): Light not found
[14:11:10.310361] [E] [handleMessage] Exception in handler: Entity(170): Light not found
[14:11:10.310569] [I] FLR0026_CAMERA_APPLIED head=(5,0,-5) targetPresent=true target=(0,0,0) dolly=(5,0,5)
[14:11:10.413663] [I] FLR0026_MODEL_STAGE_COMPLETE asset=assets/models/sequoia_ngp.glb pending_models=0
[14:11:10.413937] [E] [handleMessage] Exception in handler: Entity(164): Light not found
[14:11:10.413985] [E] [handleMessage] Exception in handler: Entity(166): Light not found
[14:11:10.414014] [E] [handleMessage] Exception in handler: Entity(168): Light not found
[14:11:10.414043] [E] [handleMessage] Exception in handler: Entity(170): Light not found
[14:11:10.414199] [I] FLR0026_CAMERA_APPLIED head=(5,0,-5) targetPresent=true target=(0,0,0) dolly=(5,0,5)
[14:11:10.514652] [I] FLR0026_MODEL_STAGE_COMPLETE asset=assets/models/sequoia_ngp.glb pending_models=0
[14:11:10.514944] [E] [handleMessage] Exception in handler: Entity(164): Light not found
[14:11:10.514997] [E] [handleMessage] Exception in handler: Entity(166): Light not found
[14:11:10.515030] [E] [handleMessage] Exception in handler: Entity(168): Light not found
[14:11:10.515059] [E] [handleMessage] Exception in handler: Entity(170): Light not found
[14:11:10.515209] [I] FLR0026_CAMERA_APPLIED head=(5,0,-5) targetPresent=true target=(0,0,0) dolly=(5,0,5)
[14:11:10.617099] [I] FLR0026_MODEL_STAGE_COMPLETE asset=assets/models/sequoia_ngp.glb pending_models=0
[14:11:10.617341] [E] [handleMessage] Exception in handler: Entity(164): Light not found
[14:11:10.617394] [E] [handleMessage] Exception in handler: Entity(166): Light not found
[14:11:10.617426] [E] [handleMessage] Exception in handler: Entity(168): Light not found
[14:11:10.617456] [E] [handleMessage] Exception in handler: Entity(170): Light not found
[14:11:10.617666] [I] FLR0026_CAMERA_APPLIED head=(5,0,-5) targetPresent=true target=(0,0,0) dolly=(5,0,5)
[14:11:10.721025] [I] FLR0026_MODEL_STAGE_COMPLETE asset=assets/models/sequoia_ngp.glb pending_models=0
[14:11:10.721271] [E] [handleMessage] Exception in handler: Entity(164): Light not found
[14:11:10.721319] [E] [handleMessage] Exception in handler: Entity(166): Light not found
[14:11:10.721350] [E] [handleMessage] Exception in handler: Entity(168): Light not found
[14:11:10.721381] [E] [handleMessage] Exception in handler: Entity(170): Light not found
[14:11:10.721574] [I] FLR0026_CAMERA_APPLIED head=(5,0,-5) targetPresent=true target=(0,0,0) dolly=(5,0,5)
[14:11:10.826636] [I] FLR0026_MODEL_STAGE_COMPLETE asset=assets/models/sequoia_ngp.glb pending_models=0
[14:11:10.826883] [E] [handleMessage] Exception in handler: Entity(164): Light not found
[14:11:10.826932] [E] [handleMessage] Exception in handler: Entity(166): Light not found
[14:11:10.826964] [E] [handleMessage] Exception in handler: Entity(168): Light not found
[14:11:10.826993] [E] [handleMessage] Exception in handler: Entity(170): Light not found
[14:11:10.827145] [I] FLR0026_CAMERA_APPLIED head=(5,0,-5) targetPresent=true target=(0,0,0) dolly=(5,0,5)
[14:11:10.927668] [I] FLR0026_MODEL_STAGE_PROGRESS seq=120 progress=1 assets=1
[14:11:10.927753] [I] FLR0026_MODEL_STAGE_COMPLETE asset=assets/models/sequoia_ngp.glb pending_models=0
[14:11:10.927920] [E] [handleMessage] Exception in handler: Entity(164): Light not found
[14:11:10.927966] [E] [handleMessage] Exception in handler: Entity(166): Light not found
[14:11:10.927998] [E] [handleMessage] Exception in handler: Entity(168): Light not found
[14:11:10.928027] [E] [handleMessage] Exception in handler: Entity(170): Light not found
[14:11:10.928171] [I] FLR0026_CAMERA_APPLIED head=(5,0,-5) targetPresent=true target=(0,0,0) dolly=(5,0,5)
[14:11:10.928346] [I] FLR0026_FRAME_BEGIN seq=120 started=false
[14:11:11.037663] [I] FLR0026_MODEL_STAGE_COMPLETE asset=assets/models/sequoia_ngp.glb pending_models=0
[14:11:11.037916] [E] [handleMessage] Exception in handler: Entity(164): Light not found
[14:11:11.037965] [E] [handleMessage] Exception in handler: Entity(166): Light not found
[14:11:11.037996] [E] [handleMessage] Exception in handler: Entity(168): Light not found
[14:11:11.038025] [E] [handleMessage] Exception in handler: Entity(170): Light not found
[14:11:11.038174] [I] FLR0026_CAMERA_APPLIED head=(5,0,-5) targetPresent=true target=(0,0,0) dolly=(5,0,5)
[14:11:11.139716] [I] FLR0026_MODEL_STAGE_COMPLETE asset=assets/models/sequoia_ngp.glb pending_models=0
[14:11:11.140045] [E] [handleMessage] Exception in handler: Entity(164): Light not found
[14:11:11.140162] [E] [handleMessage] Exception in handler: Entity(166): Light not found
[14:11:11.140203] [E] [handleMessage] Exception in handler: Entity(168): Light not found
[14:11:11.140232] [E] [handleMessage] Exception in handler: Entity(170): Light not found
[14:11:11.140426] [I] FLR0026_CAMERA_APPLIED head=(5,0,-5) targetPresent=true target=(0,0,0) dolly=(5,0,5)
[14:11:11.245662] [I] FLR0026_MODEL_STAGE_COMPLETE asset=assets/models/sequoia_ngp.glb pending_models=0
[14:11:11.245906] [E] [handleMessage] Exception in handler: Entity(164): Light not found
[14:11:11.245956] [E] [handleMessage] Exception in handler: Entity(166): Light not found
[14:11:11.245988] [E] [handleMessage] Exception in handler: Entity(168): Light not found
[14:11:11.246017] [E] [handleMessage] Exception in handler: Entity(170): Light not found
[14:11:11.246169] [I] FLR0026_CAMERA_APPLIED head=(5,0,-5) targetPresent=true target=(0,0,0) dolly=(5,0,5)
[14:11:11.346674] [I] FLR0026_MODEL_STAGE_COMPLETE asset=assets/models/sequoia_ngp.glb pending_models=0
[14:11:11.346926] [E] [handleMessage] Exception in handler: Entity(164): Light not found
[14:11:11.346979] [E] [handleMessage] Exception in handler: Entity(166): Light not found
[14:11:11.347011] [E] [handleMessage] Exception in handler: Entity(168): Light not found
[14:11:11.347042] [E] [handleMessage] Exception in handler: Entity(170): Light not found
[14:11:11.347197] [I] FLR0026_CAMERA_APPLIED head=(5,0,-5) targetPresent=true target=(0,0,0) dolly=(5,0,5)
[14:11:11.447666] [I] FLR0026_MODEL_STAGE_COMPLETE asset=assets/models/sequoia_ngp.glb pending_models=0
[14:11:11.447906] [E] [handleMessage] Exception in handler: Entity(164): Light not found
[14:11:11.447954] [E] [handleMessage] Exception in handler: Entity(166): Light not found
[14:11:11.447986] [E] [handleMessage] Exception in handler: Entity(168): Light not found
[14:11:11.448016] [E] [handleMessage] Exception in handler: Entity(170): Light not found
[14:11:11.448164] [I] FLR0026_CAMERA_APPLIED head=(5,0,-5) targetPresent=true target=(0,0,0) dolly=(5,0,5)
[14:11:11.548682] [I] FLR0026_MODEL_STAGE_COMPLETE asset=assets/models/sequoia_ngp.glb pending_models=0
[14:11:11.548927] [E] [handleMessage] Exception in handler: Entity(164): Light not found
[14:11:11.548976] [E] [handleMessage] Exception in handler: Entity(166): Light not found
[14:11:11.549008] [E] [handleMessage] Exception in handler: Entity(168): Light not found
[14:11:11.549037] [E] [handleMessage] Exception in handler: Entity(170): Light not found
[14:11:11.549194] [I] FLR0026_CAMERA_APPLIED head=(5,0,-5) targetPresent=true target=(0,0,0) dolly=(5,0,5)
[14:11:11.657651] [I] FLR0026_MODEL_STAGE_COMPLETE asset=assets/models/sequoia_ngp.glb pending_models=0
[14:11:11.657898] [E] [handleMessage] Exception in handler: Entity(164): Light not found
[14:11:11.657946] [E] [handleMessage] Exception in handler: Entity(166): Light not found
[14:11:11.657977] [E] [handleMessage] Exception in handler: Entity(168): Light not found
[14:11:11.658006] [E] [handleMessage] Exception in handler: Entity(170): Light not found
[14:11:11.658156] [I] FLR0026_CAMERA_APPLIED head=(5,0,-5) targetPresent=true target=(0,0,0) dolly=(5,0,5)
[14:11:11.758681] [I] FLR0026_MODEL_STAGE_COMPLETE asset=assets/models/sequoia_ngp.glb pending_models=0
[14:11:11.758923] [E] [handleMessage] Exception in handler: Entity(164): Light not found
[14:11:11.758992] [E] [handleMessage] Exception in handler: Entity(166): Light not found
[14:11:11.759025] [E] [handleMessage] Exception in handler: Entity(168): Light not found
[14:11:11.759055] [E] [handleMessage] Exception in handler: Entity(170): Light not found
[14:11:11.759211] [I] FLR0026_CAMERA_APPLIED head=(5,0,-5) targetPresent=true target=(0,0,0) dolly=(5,0,5)
[14:11:11.861645] [I] FLR0026_MODEL_STAGE_COMPLETE asset=assets/models/sequoia_ngp.glb pending_models=0
[14:11:11.861884] [E] [handleMessage] Exception in handler: Entity(164): Light not found
[14:11:11.861935] [E] [handleMessage] Exception in handler: Entity(166): Light not found
[14:11:11.861966] [E] [handleMessage] Exception in handler: Entity(168): Light not found
[14:11:11.861995] [E] [handleMessage] Exception in handler: Entity(170): Light not found
[14:11:11.862147] [I] FLR0026_CAMERA_APPLIED head=(5,0,-5) targetPresent=true target=(0,0,0) dolly=(5,0,5)
[14:11:11.965886] [I] FLR0026_MODEL_STAGE_COMPLETE asset=assets/models/sequoia_ngp.glb pending_models=0
[14:11:11.966340] [E] [handleMessage] Exception in handler: Entity(164): Light not found
[14:11:11.966455] [E] [handleMessage] Exception in handler: Entity(166): Light not found
[14:11:11.966669] [E] [handleMessage] Exception in handler: Entity(168): Light not found
[14:11:11.966726] [E] [handleMessage] Exception in handler: Entity(170): Light not found
[14:11:11.966885] [I] FLR0026_CAMERA_APPLIED head=(5,0,-5) targetPresent=true target=(0,0,0) dolly=(5,0,5)
[14:11:11.967073] [I] FLR0026_FRAME_BEGIN seq=130 started=false
[14:11:12.068648] [I] FLR0026_MODEL_STAGE_COMPLETE asset=assets/models/sequoia_ngp.glb pending_models=0
[14:11:12.068903] [E] [handleMessage] Exception in handler: Entity(164): Light not found
[14:11:12.068955] [E] [handleMessage] Exception in handler: Entity(166): Light not found
[14:11:12.068986] [E] [handleMessage] Exception in handler: Entity(168): Light not found
[14:11:12.069016] [E] [handleMessage] Exception in handler: Entity(170): Light not found
[14:11:12.069172] [I] FLR0026_CAMERA_APPLIED head=(5,0,-5) targetPresent=true target=(0,0,0) dolly=(5,0,5)
[14:11:12.180153] [I] FLR0026_MODEL_STAGE_COMPLETE asset=assets/models/sequoia_ngp.glb pending_models=0
[14:11:12.180395] [E] [handleMessage] Exception in handler: Entity(164): Light not found
[14:11:12.180445] [E] [handleMessage] Exception in handler: Entity(166): Light not found
[14:11:12.180479] [E] [handleMessage] Exception in handler: Entity(168): Light not found
[14:11:12.180561] [E] [handleMessage] Exception in handler: Entity(170): Light not found
[14:11:12.180724] [I] FLR0026_CAMERA_APPLIED head=(5,0,-5) targetPresent=true target=(0,0,0) dolly=(5,0,5)
[14:11:12.305666] [I] FLR0026_MODEL_STAGE_COMPLETE asset=assets/models/sequoia_ngp.glb pending_models=0
[14:11:12.305915] [E] [handleMessage] Exception in handler: Entity(164): Light not found
[14:11:12.305965] [E] [handleMessage] Exception in handler: Entity(166): Light not found
[14:11:12.305997] [E] [handleMessage] Exception in handler: Entity(168): Light not found
[14:11:12.306028] [E] [handleMessage] Exception in handler: Entity(170): Light not found
[14:11:12.306179] [I] FLR0026_CAMERA_APPLIED head=(5,0,-5) targetPresent=true target=(0,0,0) dolly=(5,0,5)
[14:11:12.406668] [I] FLR0026_MODEL_STAGE_COMPLETE asset=assets/models/sequoia_ngp.glb pending_models=0
[14:11:12.406908] [E] [handleMessage] Exception in handler: Entity(164): Light not found
[14:11:12.406956] [E] [handleMessage] Exception in handler: Entity(166): Light not found
[14:11:12.406988] [E] [handleMessage] Exception in handler: Entity(168): Light not found
[14:11:12.407018] [E] [handleMessage] Exception in handler: Entity(170): Light not found
[14:11:12.407173] [I] FLR0026_CAMERA_APPLIED head=(5,0,-5) targetPresent=true target=(0,0,0) dolly=(5,0,5)
[14:11:12.507678] [I] FLR0026_MODEL_STAGE_COMPLETE asset=assets/models/sequoia_ngp.glb pending_models=0
[14:11:12.507947] [E] [handleMessage] Exception in handler: Entity(164): Light not found
[14:11:12.507998] [E] [handleMessage] Exception in handler: Entity(166): Light not found
[14:11:12.508031] [E] [handleMessage] Exception in handler: Entity(168): Light not found
[14:11:12.508061] [E] [handleMessage] Exception in handler: Entity(170): Light not found
[14:11:12.508211] [I] FLR0026_CAMERA_APPLIED head=(5,0,-5) targetPresent=true target=(0,0,0) dolly=(5,0,5)
[14:11:12.608802] [I] FLR0026_MODEL_STAGE_COMPLETE asset=assets/models/sequoia_ngp.glb pending_models=0
[14:11:12.609049] [E] [handleMessage] Exception in handler: Entity(164): Light not found
[14:11:12.609098] [E] [handleMessage] Exception in handler: Entity(166): Light not found
[14:11:12.609129] [E] [handleMessage] Exception in handler: Entity(168): Light not found
[14:11:12.609159] [E] [handleMessage] Exception in handler: Entity(170): Light not found
[14:11:12.609311] [I] FLR0026_CAMERA_APPLIED head=(5,0,-5) targetPresent=true target=(0,0,0) dolly=(5,0,5)
[14:11:12.713082] [I] FLR0026_MODEL_STAGE_COMPLETE asset=assets/models/sequoia_ngp.glb pending_models=0
[14:11:12.713328] [E] [handleMessage] Exception in handler: Entity(164): Light not found
[14:11:12.713377] [E] [handleMessage] Exception in handler: Entity(166): Light not found
[14:11:12.713426] [E] [handleMessage] Exception in handler: Entity(168): Light not found
[14:11:12.713454] [E] [handleMessage] Exception in handler: Entity(170): Light not found
[14:11:12.713668] [I] FLR0026_CAMERA_APPLIED head=(5,0,-5) targetPresent=true target=(0,0,0) dolly=(5,0,5)
[14:11:12.814186] [I] FLR0026_MODEL_STAGE_COMPLETE asset=assets/models/sequoia_ngp.glb pending_models=0
[14:11:12.814428] [E] [handleMessage] Exception in handler: Entity(164): Light not found
[14:11:12.814481] [E] [handleMessage] Exception in handler: Entity(166): Light not found
[14:11:12.814564] [E] [handleMessage] Exception in handler: Entity(168): Light not found
[14:11:12.814606] [E] [handleMessage] Exception in handler: Entity(170): Light not found
[14:11:12.814778] [I] FLR0026_CAMERA_APPLIED head=(5,0,-5) targetPresent=true target=(0,0,0) dolly=(5,0,5)
[14:11:12.917655] [I] FLR0026_MODEL_STAGE_COMPLETE asset=assets/models/sequoia_ngp.glb pending_models=0
[14:11:12.917891] [E] [handleMessage] Exception in handler: Entity(164): Light not found
[14:11:12.917939] [E] [handleMessage] Exception in handler: Entity(166): Light not found
[14:11:12.917970] [E] [handleMessage] Exception in handler: Entity(168): Light not found
[14:11:12.917999] [E] [handleMessage] Exception in handler: Entity(170): Light not found
[14:11:12.918168] [I] FLR0026_CAMERA_APPLIED head=(5,0,-5) targetPresent=true target=(0,0,0) dolly=(5,0,5)
[14:11:13.018678] [I] FLR0026_MODEL_STAGE_COMPLETE asset=assets/models/sequoia_ngp.glb pending_models=0
[14:11:13.018933] [E] [handleMessage] Exception in handler: Entity(164): Light not found
[14:11:13.018982] [E] [handleMessage] Exception in handler: Entity(166): Light not found
[14:11:13.019013] [E] [handleMessage] Exception in handler: Entity(168): Light not found
[14:11:13.019042] [E] [handleMessage] Exception in handler: Entity(170): Light not found
[14:11:13.019207] [I] FLR0026_CAMERA_APPLIED head=(5,0,-5) targetPresent=true target=(0,0,0) dolly=(5,0,5)
[14:11:13.019381] [I] FLR0026_FRAME_BEGIN seq=140 started=false
[14:11:13.121645] [I] FLR0026_MODEL_STAGE_COMPLETE asset=assets/models/sequoia_ngp.glb pending_models=0
[14:11:13.121894] [E] [handleMessage] Exception in handler: Entity(164): Light not found
[14:11:13.121942] [E] [handleMessage] Exception in handler: Entity(166): Light not found
[14:11:13.121973] [E] [handleMessage] Exception in handler: Entity(168): Light not found
[14:11:13.122002] [E] [handleMessage] Exception in handler: Entity(170): Light not found
[14:11:13.122151] [I] FLR0026_CAMERA_APPLIED head=(5,0,-5) targetPresent=true target=(0,0,0) dolly=(5,0,5)
[14:11:13.222744] [I] FLR0026_MODEL_STAGE_COMPLETE asset=assets/models/sequoia_ngp.glb pending_models=0
[14:11:13.223037] [E] [handleMessage] Exception in handler: Entity(164): Light not found
[14:11:13.223097] [E] [handleMessage] Exception in handler: Entity(166): Light not found
[14:11:13.223135] [E] [handleMessage] Exception in handler: Entity(168): Light not found
[14:11:13.223169] [E] [handleMessage] Exception in handler: Entity(170): Light not found
[14:11:13.223360] [I] FLR0026_CAMERA_APPLIED head=(5,0,-5) targetPresent=true target=(0,0,0) dolly=(5,0,5)
[14:11:13.323963] [I] FLR0026_MODEL_STAGE_COMPLETE asset=assets/models/sequoia_ngp.glb pending_models=0
[14:11:13.324343] [E] [handleMessage] Exception in handler: Entity(164): Light not found
[14:11:13.324444] [E] [handleMessage] Exception in handler: Entity(166): Light not found
[14:11:13.324705] [E] [handleMessage] Exception in handler: Entity(168): Light not found
[14:11:13.324806] [E] [handleMessage] Exception in handler: Entity(170): Light not found
[14:11:13.325193] [I] FLR0026_CAMERA_APPLIED head=(5,0,-5) targetPresent=true target=(0,0,0) dolly=(5,0,5)
[14:11:13.425854] [I] FLR0026_MODEL_STAGE_COMPLETE asset=assets/models/sequoia_ngp.glb pending_models=0
[14:11:13.426115] [E] [handleMessage] Exception in handler: Entity(164): Light not found
[14:11:13.426166] [E] [handleMessage] Exception in handler: Entity(166): Light not found
[14:11:13.426197] [E] [handleMessage] Exception in handler: Entity(168): Light not found
[14:11:13.426227] [E] [handleMessage] Exception in handler: Entity(170): Light not found
[14:11:13.426392] [I] FLR0026_CAMERA_APPLIED head=(5,0,-5) targetPresent=true target=(0,0,0) dolly=(5,0,5)
[14:11:13.526959] [I] FLR0026_MODEL_STAGE_COMPLETE asset=assets/models/sequoia_ngp.glb pending_models=0
[14:11:13.527205] [E] [handleMessage] Exception in handler: Entity(164): Light not found
[14:11:13.527256] [E] [handleMessage] Exception in handler: Entity(166): Light not found
[14:11:13.527287] [E] [handleMessage] Exception in handler: Entity(168): Light not found
[14:11:13.527316] [E] [handleMessage] Exception in handler: Entity(170): Light not found
[14:11:13.527470] [I] FLR0026_CAMERA_APPLIED head=(5,0,-5) targetPresent=true target=(0,0,0) dolly=(5,0,5)
[14:11:13.635652] [I] FLR0026_MODEL_STAGE_COMPLETE asset=assets/models/sequoia_ngp.glb pending_models=0
[14:11:13.635888] [E] [handleMessage] Exception in handler: Entity(164): Light not found
[14:11:13.635942] [E] [handleMessage] Exception in handler: Entity(166): Light not found
[14:11:13.635973] [E] [handleMessage] Exception in handler: Entity(168): Light not found
[14:11:13.636002] [E] [handleMessage] Exception in handler: Entity(170): Light not found
[14:11:13.636158] [I] FLR0026_CAMERA_APPLIED head=(5,0,-5) targetPresent=true target=(0,0,0) dolly=(5,0,5)
[14:11:13.739641] [I] FLR0026_MODEL_STAGE_COMPLETE asset=assets/models/sequoia_ngp.glb pending_models=0
[14:11:13.739898] [E] [handleMessage] Exception in handler: Entity(164): Light not found
[14:11:13.739948] [E] [handleMessage] Exception in handler: Entity(166): Light not found
[14:11:13.739980] [E] [handleMessage] Exception in handler: Entity(168): Light not found
[14:11:13.740009] [E] [handleMessage] Exception in handler: Entity(170): Light not found
[14:11:13.740163] [I] FLR0026_CAMERA_APPLIED head=(5,0,-5) targetPresent=true target=(0,0,0) dolly=(5,0,5)
[14:11:13.845623] [I] FLR0026_MODEL_STAGE_COMPLETE asset=assets/models/sequoia_ngp.glb pending_models=0
[14:11:13.845871] [E] [handleMessage] Exception in handler: Entity(164): Light not found
[14:11:13.845920] [E] [handleMessage] Exception in handler: Entity(166): Light not found
[14:11:13.845951] [E] [handleMessage] Exception in handler: Entity(168): Light not found
[14:11:13.845980] [E] [handleMessage] Exception in handler: Entity(170): Light not found
[14:11:13.846128] [I] FLR0026_CAMERA_APPLIED head=(5,0,-5) targetPresent=true target=(0,0,0) dolly=(5,0,5)
[14:11:13.952654] [I] FLR0026_MODEL_STAGE_COMPLETE asset=assets/models/sequoia_ngp.glb pending_models=0
[14:11:13.952894] [E] [handleMessage] Exception in handler: Entity(164): Light not found
[14:11:13.952943] [E] [handleMessage] Exception in handler: Entity(166): Light not found
[14:11:13.952976] [E] [handleMessage] Exception in handler: Entity(168): Light not found
[14:11:13.953007] [E] [handleMessage] Exception in handler: Entity(170): Light not found
[14:11:13.953168] [I] FLR0026_CAMERA_APPLIED head=(5,0,-5) targetPresent=true target=(0,0,0) dolly=(5,0,5)
[14:11:14.053719] [I] FLR0026_MODEL_STAGE_COMPLETE asset=assets/models/sequoia_ngp.glb pending_models=0
[14:11:14.053944] [E] [handleMessage] Exception in handler: Entity(164): Light not found
[14:11:14.053991] [E] [handleMessage] Exception in handler: Entity(166): Light not found
[14:11:14.054020] [E] [handleMessage] Exception in handler: Entity(168): Light not found
[14:11:14.054049] [E] [handleMessage] Exception in handler: Entity(170): Light not found
[14:11:14.054192] [I] FLR0026_CAMERA_APPLIED head=(5,0,-5) targetPresent=true target=(0,0,0) dolly=(5,0,5)
[14:11:14.054396] [I] FLR0026_FRAME_BEGIN seq=150 started=false
[14:11:14.154766] [I] FLR0026_MODEL_STAGE_COMPLETE asset=assets/models/sequoia_ngp.glb pending_models=0
[14:11:14.157729] [E] [handleMessage] Exception in handler: Entity(164): Light not found
[14:11:14.157830] [E] [handleMessage] Exception in handler: Entity(166): Light not found
[14:11:14.157867] [E] [handleMessage] Exception in handler: Entity(168): Light not found
[14:11:14.157898] [E] [handleMessage] Exception in handler: Entity(170): Light not found
[14:11:14.158055] [I] FLR0026_CAMERA_APPLIED head=(5,0,-5) targetPresent=true target=(0,0,0) dolly=(5,0,5)
[14:11:14.258617] [I] FLR0026_MODEL_STAGE_COMPLETE asset=assets/models/sequoia_ngp.glb pending_models=0
[14:11:14.258860] [E] [handleMessage] Exception in handler: Entity(164): Light not found
[14:11:14.258910] [E] [handleMessage] Exception in handler: Entity(166): Light not found
[14:11:14.258943] [E] [handleMessage] Exception in handler: Entity(168): Light not found
[14:11:14.258972] [E] [handleMessage] Exception in handler: Entity(170): Light not found
[14:11:14.259137] [I] FLR0026_CAMERA_APPLIED head=(5,0,-5) targetPresent=true target=(0,0,0) dolly=(5,0,5)
[14:11:14.359669] [I] FLR0026_MODEL_STAGE_COMPLETE asset=assets/models/sequoia_ngp.glb pending_models=0
[14:11:14.359910] [E] [handleMessage] Exception in handler: Entity(164): Light not found
[14:11:14.359964] [E] [handleMessage] Exception in handler: Entity(166): Light not found
[14:11:14.359998] [E] [handleMessage] Exception in handler: Entity(168): Light not found
[14:11:14.360028] [E] [handleMessage] Exception in handler: Entity(170): Light not found
[14:11:14.360212] [I] FLR0026_CAMERA_APPLIED head=(5,0,-5) targetPresent=true target=(0,0,0) dolly=(5,0,5)
[14:11:14.467438] [I] FLR0026_MODEL_STAGE_COMPLETE asset=assets/models/sequoia_ngp.glb pending_models=0
[14:11:14.467744] [E] [handleMessage] Exception in handler: Entity(164): Light not found
[14:11:14.467799] [E] [handleMessage] Exception in handler: Entity(166): Light not found
[14:11:14.467831] [E] [handleMessage] Exception in handler: Entity(168): Light not found
[14:11:14.467860] [E] [handleMessage] Exception in handler: Entity(170): Light not found
[14:11:14.468024] [I] FLR0026_CAMERA_APPLIED head=(5,0,-5) targetPresent=true target=(0,0,0) dolly=(5,0,5)
[14:11:14.568469] [I] FLR0026_MODEL_STAGE_COMPLETE asset=assets/models/sequoia_ngp.glb pending_models=0
[14:11:14.568790] [E] [handleMessage] Exception in handler: Entity(164): Light not found
[14:11:14.568842] [E] [handleMessage] Exception in handler: Entity(166): Light not found
[14:11:14.568875] [E] [handleMessage] Exception in handler: Entity(168): Light not found
[14:11:14.568906] [E] [handleMessage] Exception in handler: Entity(170): Light not found
[14:11:14.569060] [I] FLR0026_CAMERA_APPLIED head=(5,0,-5) targetPresent=true target=(0,0,0) dolly=(5,0,5)
[14:11:14.671644] [I] FLR0026_MODEL_STAGE_COMPLETE asset=assets/models/sequoia_ngp.glb pending_models=0
[14:11:14.671876] [E] [handleMessage] Exception in handler: Entity(164): Light not found
[14:11:14.671924] [E] [handleMessage] Exception in handler: Entity(166): Light not found
[14:11:14.671954] [E] [handleMessage] Exception in handler: Entity(168): Light not found
[14:11:14.671983] [E] [handleMessage] Exception in handler: Entity(170): Light not found
[14:11:14.672132] [I] FLR0026_CAMERA_APPLIED head=(5,0,-5) targetPresent=true target=(0,0,0) dolly=(5,0,5)
[14:11:14.772695] [I] FLR0026_MODEL_STAGE_COMPLETE asset=assets/models/sequoia_ngp.glb pending_models=0
[14:11:14.772955] [E] [handleMessage] Exception in handler: Entity(164): Light not found
[14:11:14.773005] [E] [handleMessage] Exception in handler: Entity(166): Light not found
[14:11:14.773037] [E] [handleMessage] Exception in handler: Entity(168): Light not found
[14:11:14.773067] [E] [handleMessage] Exception in handler: Entity(170): Light not found
[14:11:14.773229] [I] FLR0026_CAMERA_APPLIED head=(5,0,-5) targetPresent=true target=(0,0,0) dolly=(5,0,5)
[14:11:14.875646] [I] FLR0026_MODEL_STAGE_COMPLETE asset=assets/models/sequoia_ngp.glb pending_models=0
[14:11:14.875890] [E] [handleMessage] Exception in handler: Entity(164): Light not found
[14:11:14.875938] [E] [handleMessage] Exception in handler: Entity(166): Light not found
[14:11:14.875972] [E] [handleMessage] Exception in handler: Entity(168): Light not found
[14:11:14.876002] [E] [handleMessage] Exception in handler: Entity(170): Light not found
[14:11:14.876155] [I] FLR0026_CAMERA_APPLIED head=(5,0,-5) targetPresent=true target=(0,0,0) dolly=(5,0,5)
[14:11:14.980660] [I] FLR0026_MODEL_STAGE_COMPLETE asset=assets/models/sequoia_ngp.glb pending_models=0
[14:11:14.980909] [E] [handleMessage] Exception in handler: Entity(164): Light not found
[14:11:14.980959] [E] [handleMessage] Exception in handler: Entity(166): Light not found
[14:11:14.980994] [E] [handleMessage] Exception in handler: Entity(168): Light not found
[14:11:14.981025] [E] [handleMessage] Exception in handler: Entity(170): Light not found
[14:11:14.981191] [I] FLR0026_CAMERA_APPLIED head=(5,0,-5) targetPresent=true target=(0,0,0) dolly=(5,0,5)
[14:11:15.081803] [I] FLR0026_MODEL_STAGE_COMPLETE asset=assets/models/sequoia_ngp.glb pending_models=0
[14:11:15.082053] [E] [handleMessage] Exception in handler: Entity(164): Light not found
[14:11:15.082101] [E] [handleMessage] Exception in handler: Entity(166): Light not found
[14:11:15.082133] [E] [handleMessage] Exception in handler: Entity(168): Light not found
[14:11:15.082163] [E] [handleMessage] Exception in handler: Entity(170): Light not found
[14:11:15.082312] [I] FLR0026_CAMERA_APPLIED head=(5,0,-5) targetPresent=true target=(0,0,0) dolly=(5,0,5)
[14:11:15.082486] [I] FLR0026_FRAME_BEGIN seq=160 started=false
[14:11:15.187070] [I] FLR0026_MODEL_STAGE_COMPLETE asset=assets/models/sequoia_ngp.glb pending_models=0
[14:11:15.187292] [E] [handleMessage] Exception in handler: Entity(164): Light not found
[14:11:15.187342] [E] [handleMessage] Exception in handler: Entity(166): Light not found
[14:11:15.187375] [E] [handleMessage] Exception in handler: Entity(168): Light not found
[14:11:15.187405] [E] [handleMessage] Exception in handler: Entity(170): Light not found
[14:11:15.187611] [I] FLR0026_CAMERA_APPLIED head=(5,0,-5) targetPresent=true target=(0,0,0) dolly=(5,0,5)
[14:11:15.296647] [I] FLR0026_MODEL_STAGE_COMPLETE asset=assets/models/sequoia_ngp.glb pending_models=0
[14:11:15.296887] [E] [handleMessage] Exception in handler: Entity(164): Light not found
[14:11:15.296936] [E] [handleMessage] Exception in handler: Entity(166): Light not found
[14:11:15.296968] [E] [handleMessage] Exception in handler: Entity(168): Light not found
[14:11:15.296998] [E] [handleMessage] Exception in handler: Entity(170): Light not found
[14:11:15.297147] [I] FLR0026_CAMERA_APPLIED head=(5,0,-5) targetPresent=true target=(0,0,0) dolly=(5,0,5)
[14:11:15.401645] [I] FLR0026_MODEL_STAGE_COMPLETE asset=assets/models/sequoia_ngp.glb pending_models=0
[14:11:15.401889] [E] [handleMessage] Exception in handler: Entity(164): Light not found
[14:11:15.401937] [E] [handleMessage] Exception in handler: Entity(166): Light not found
[14:11:15.401967] [E] [handleMessage] Exception in handler: Entity(168): Light not found
[14:11:15.401997] [E] [handleMessage] Exception in handler: Entity(170): Light not found
[14:11:15.402151] [I] FLR0026_CAMERA_APPLIED head=(5,0,-5) targetPresent=true target=(0,0,0) dolly=(5,0,5)
[14:11:15.502901] [I] FLR0026_MODEL_STAGE_COMPLETE asset=assets/models/sequoia_ngp.glb pending_models=0
[14:11:15.503139] [E] [handleMessage] Exception in handler: Entity(164): Light not found
[14:11:15.503188] [E] [handleMessage] Exception in handler: Entity(166): Light not found
[14:11:15.503220] [E] [handleMessage] Exception in handler: Entity(168): Light not found
[14:11:15.503249] [E] [handleMessage] Exception in handler: Entity(170): Light not found
[14:11:15.503457] [I] FLR0026_CAMERA_APPLIED head=(5,0,-5) targetPresent=true target=(0,0,0) dolly=(5,0,5)
[14:11:15.607674] [I] FLR0026_MODEL_STAGE_COMPLETE asset=assets/models/sequoia_ngp.glb pending_models=0
[14:11:15.607938] [E] [handleMessage] Exception in handler: Entity(164): Light not found
[14:11:15.607988] [E] [handleMessage] Exception in handler: Entity(166): Light not found
[14:11:15.608020] [E] [handleMessage] Exception in handler: Entity(168): Light not found
[14:11:15.608052] [E] [handleMessage] Exception in handler: Entity(170): Light not found
[14:11:15.608222] [I] FLR0026_CAMERA_APPLIED head=(5,0,-5) targetPresent=true target=(0,0,0) dolly=(5,0,5)
[14:11:15.711841] [I] FLR0026_MODEL_STAGE_COMPLETE asset=assets/models/sequoia_ngp.glb pending_models=0
[14:11:15.712089] [E] [handleMessage] Exception in handler: Entity(164): Light not found
[14:11:15.712138] [E] [handleMessage] Exception in handler: Entity(166): Light not found
[14:11:15.712170] [E] [handleMessage] Exception in handler: Entity(168): Light not found
[14:11:15.712200] [E] [handleMessage] Exception in handler: Entity(170): Light not found
[14:11:15.712363] [I] FLR0026_CAMERA_APPLIED head=(5,0,-5) targetPresent=true target=(0,0,0) dolly=(5,0,5)
[14:11:15.818271] [I] FLR0026_MODEL_STAGE_COMPLETE asset=assets/models/sequoia_ngp.glb pending_models=0
[14:11:15.818561] [E] [handleMessage] Exception in handler: Entity(164): Light not found
[14:11:15.818617] [E] [handleMessage] Exception in handler: Entity(166): Light not found
[14:11:15.818650] [E] [handleMessage] Exception in handler: Entity(168): Light not found
[14:11:15.818680] [E] [handleMessage] Exception in handler: Entity(170): Light not found
[14:11:15.819761] [I] FLR0026_CAMERA_APPLIED head=(5,0,-5) targetPresent=true target=(0,0,0) dolly=(5,0,5)
[14:11:15.920644] [I] FLR0026_MODEL_STAGE_COMPLETE asset=assets/models/sequoia_ngp.glb pending_models=0
[14:11:15.920893] [E] [handleMessage] Exception in handler: Entity(164): Light not found
[14:11:15.920941] [E] [handleMessage] Exception in handler: Entity(166): Light not found
[14:11:15.920973] [E] [handleMessage] Exception in handler: Entity(168): Light not found
[14:11:15.921002] [E] [handleMessage] Exception in handler: Entity(170): Light not found
[14:11:15.921154] [I] FLR0026_CAMERA_APPLIED head=(5,0,-5) targetPresent=true target=(0,0,0) dolly=(5,0,5)
[14:11:16.023308] [I] FLR0026_MODEL_STAGE_COMPLETE asset=assets/models/sequoia_ngp.glb pending_models=0
[14:11:16.023600] [E] [handleMessage] Exception in handler: Entity(164): Light not found
[14:11:16.023655] [E] [handleMessage] Exception in handler: Entity(166): Light not found
[14:11:16.023686] [E] [handleMessage] Exception in handler: Entity(168): Light not found
[14:11:16.023714] [E] [handleMessage] Exception in handler: Entity(170): Light not found
[14:11:16.023859] [I] FLR0026_CAMERA_APPLIED head=(5,0,-5) targetPresent=true target=(0,0,0) dolly=(5,0,5)
[14:11:16.128813] [I] FLR0026_MODEL_STAGE_COMPLETE asset=assets/models/sequoia_ngp.glb pending_models=0
[14:11:16.129060] [E] [handleMessage] Exception in handler: Entity(164): Light not found
[14:11:16.129107] [E] [handleMessage] Exception in handler: Entity(166): Light not found
[14:11:16.129138] [E] [handleMessage] Exception in handler: Entity(168): Light not found
[14:11:16.129166] [E] [handleMessage] Exception in handler: Entity(170): Light not found
[14:11:16.129315] [I] FLR0026_CAMERA_APPLIED head=(5,0,-5) targetPresent=true target=(0,0,0) dolly=(5,0,5)
[14:11:16.129484] [I] FLR0026_FRAME_BEGIN seq=170 started=false
[14:11:16.231239] [I] FLR0026_MODEL_STAGE_COMPLETE asset=assets/models/sequoia_ngp.glb pending_models=0
[14:11:16.231473] [E] [handleMessage] Exception in handler: Entity(164): Light not found
[14:11:16.231571] [E] [handleMessage] Exception in handler: Entity(166): Light not found
[14:11:16.231609] [E] [handleMessage] Exception in handler: Entity(168): Light not found
[14:11:16.231689] [E] [handleMessage] Exception in handler: Entity(170): Light not found
[14:11:16.231847] [I] FLR0026_CAMERA_APPLIED head=(5,0,-5) targetPresent=true target=(0,0,0) dolly=(5,0,5)
[14:11:16.332412] [I] FLR0026_MODEL_STAGE_COMPLETE asset=assets/models/sequoia_ngp.glb pending_models=0
[14:11:16.332709] [E] [handleMessage] Exception in handler: Entity(164): Light not found
[14:11:16.332766] [E] [handleMessage] Exception in handler: Entity(166): Light not found
[14:11:16.332799] [E] [handleMessage] Exception in handler: Entity(168): Light not found
[14:11:16.332828] [E] [handleMessage] Exception in handler: Entity(170): Light not found
[14:11:16.332981] [I] FLR0026_CAMERA_APPLIED head=(5,0,-5) targetPresent=true target=(0,0,0) dolly=(5,0,5)
[14:11:16.433452] [I] FLR0026_MODEL_STAGE_COMPLETE asset=assets/models/sequoia_ngp.glb pending_models=0
[14:11:16.433747] [E] [handleMessage] Exception in handler: Entity(164): Light not found
[14:11:16.433806] [E] [handleMessage] Exception in handler: Entity(166): Light not found
[14:11:16.433839] [E] [handleMessage] Exception in handler: Entity(168): Light not found
[14:11:16.433869] [E] [handleMessage] Exception in handler: Entity(170): Light not found
[14:11:16.434024] [I] FLR0026_CAMERA_APPLIED head=(5,0,-5) targetPresent=true target=(0,0,0) dolly=(5,0,5)
[14:11:16.537731] [I] FLR0026_MODEL_STAGE_COMPLETE asset=assets/models/sequoia_ngp.glb pending_models=0
[14:11:16.537985] [E] [handleMessage] Exception in handler: Entity(164): Light not found
[14:11:16.538033] [E] [handleMessage] Exception in handler: Entity(166): Light not found
[14:11:16.538064] [E] [handleMessage] Exception in handler: Entity(168): Light not found
[14:11:16.538093] [E] [handleMessage] Exception in handler: Entity(170): Light not found
[14:11:16.538247] [I] FLR0026_CAMERA_APPLIED head=(5,0,-5) targetPresent=true target=(0,0,0) dolly=(5,0,5)
[14:11:16.639084] [I] FLR0026_MODEL_STAGE_COMPLETE asset=assets/models/sequoia_ngp.glb pending_models=0
[14:11:16.639330] [E] [handleMessage] Exception in handler: Entity(164): Light not found
[14:11:16.639379] [E] [handleMessage] Exception in handler: Entity(166): Light not found
[14:11:16.639412] [E] [handleMessage] Exception in handler: Entity(168): Light not found
[14:11:16.639442] [E] [handleMessage] Exception in handler: Entity(170): Light not found
[14:11:16.639635] [I] FLR0026_CAMERA_APPLIED head=(5,0,-5) targetPresent=true target=(0,0,0) dolly=(5,0,5)
[14:11:16.740304] [I] FLR0026_MODEL_STAGE_COMPLETE asset=assets/models/sequoia_ngp.glb pending_models=0
[14:11:16.740636] [E] [handleMessage] Exception in handler: Entity(164): Light not found
[14:11:16.740723] [E] [handleMessage] Exception in handler: Entity(166): Light not found
[14:11:16.740756] [E] [handleMessage] Exception in handler: Entity(168): Light not found
[14:11:16.740786] [E] [handleMessage] Exception in handler: Entity(170): Light not found
[14:11:16.741015] [I] FLR0026_CAMERA_APPLIED head=(5,0,-5) targetPresent=true target=(0,0,0) dolly=(5,0,5)
[14:11:16.845706] [I] FLR0026_MODEL_STAGE_COMPLETE asset=assets/models/sequoia_ngp.glb pending_models=0
[14:11:16.845959] [E] [handleMessage] Exception in handler: Entity(164): Light not found
[14:11:16.846011] [E] [handleMessage] Exception in handler: Entity(166): Light not found
[14:11:16.846043] [E] [handleMessage] Exception in handler: Entity(168): Light not found
[14:11:16.846073] [E] [handleMessage] Exception in handler: Entity(170): Light not found
[14:11:16.846237] [I] FLR0026_CAMERA_APPLIED head=(5,0,-5) targetPresent=true target=(0,0,0) dolly=(5,0,5)
[14:11:16.950853] [I] FLR0026_MODEL_STAGE_COMPLETE asset=assets/models/sequoia_ngp.glb pending_models=0
[14:11:16.951103] [E] [handleMessage] Exception in handler: Entity(164): Light not found
[14:11:16.951155] [E] [handleMessage] Exception in handler: Entity(166): Light not found
[14:11:16.951188] [E] [handleMessage] Exception in handler: Entity(168): Light not found
[14:11:16.951219] [E] [handleMessage] Exception in handler: Entity(170): Light not found
[14:11:16.951443] [I] FLR0026_CAMERA_APPLIED head=(5,0,-5) targetPresent=true target=(0,0,0) dolly=(5,0,5)
[14:11:17.054046] [I] FLR0026_MODEL_STAGE_COMPLETE asset=assets/models/sequoia_ngp.glb pending_models=0
[14:11:17.054293] [E] [handleMessage] Exception in handler: Entity(164): Light not found
[14:11:17.054344] [E] [handleMessage] Exception in handler: Entity(166): Light not found
[14:11:17.054376] [E] [handleMessage] Exception in handler: Entity(168): Light not found
[14:11:17.054406] [E] [handleMessage] Exception in handler: Entity(170): Light not found
[14:11:17.054609] [I] FLR0026_CAMERA_APPLIED head=(5,0,-5) targetPresent=true target=(0,0,0) dolly=(5,0,5)
[14:11:17.157665] [I] FLR0026_MODEL_STAGE_PROGRESS seq=180 progress=1 assets=1
[14:11:17.157756] [I] FLR0026_MODEL_STAGE_COMPLETE asset=assets/models/sequoia_ngp.glb pending_models=0
[14:11:17.157924] [E] [handleMessage] Exception in handler: Entity(164): Light not found
[14:11:17.157971] [E] [handleMessage] Exception in handler: Entity(166): Light not found
[14:11:17.158003] [E] [handleMessage] Exception in handler: Entity(168): Light not found
[14:11:17.158034] [E] [handleMessage] Exception in handler: Entity(170): Light not found
[14:11:17.158183] [I] FLR0026_CAMERA_APPLIED head=(5,0,-5) targetPresent=true target=(0,0,0) dolly=(5,0,5)
[14:11:17.158363] [I] FLR0026_FRAME_BEGIN seq=180 started=false
[14:11:17.261860] [I] FLR0026_MODEL_STAGE_COMPLETE asset=assets/models/sequoia_ngp.glb pending_models=0
[14:11:17.262263] [E] [handleMessage] Exception in handler: Entity(164): Light not found
[14:11:17.262370] [E] [handleMessage] Exception in handler: Entity(166): Light not found
[14:11:17.262438] [E] [handleMessage] Exception in handler: Entity(168): Light not found
[14:11:17.262472] [E] [handleMessage] Exception in handler: Entity(170): Light not found
[14:11:17.262704] [I] FLR0026_CAMERA_APPLIED head=(5,0,-5) targetPresent=true target=(0,0,0) dolly=(5,0,5)
[14:11:17.365651] [I] FLR0026_MODEL_STAGE_COMPLETE asset=assets/models/sequoia_ngp.glb pending_models=0
[14:11:17.365911] [E] [handleMessage] Exception in handler: Entity(164): Light not found
[14:11:17.365963] [E] [handleMessage] Exception in handler: Entity(166): Light not found
[14:11:17.365996] [E] [handleMessage] Exception in handler: Entity(168): Light not found
[14:11:17.366027] [E] [handleMessage] Exception in handler: Entity(170): Light not found
[14:11:17.366181] [I] FLR0026_CAMERA_APPLIED head=(5,0,-5) targetPresent=true target=(0,0,0) dolly=(5,0,5)
[14:11:17.467243] [I] FLR0026_MODEL_STAGE_COMPLETE asset=assets/models/sequoia_ngp.glb pending_models=0
[14:11:17.467481] [E] [handleMessage] Exception in handler: Entity(164): Light not found
[14:11:17.467588] [E] [handleMessage] Exception in handler: Entity(166): Light not found
[14:11:17.467627] [E] [handleMessage] Exception in handler: Entity(168): Light not found
[14:11:17.467656] [E] [handleMessage] Exception in handler: Entity(170): Light not found
[14:11:17.467807] [I] FLR0026_CAMERA_APPLIED head=(5,0,-5) targetPresent=true target=(0,0,0) dolly=(5,0,5)
[14:11:17.568311] [I] FLR0026_MODEL_STAGE_COMPLETE asset=assets/models/sequoia_ngp.glb pending_models=0
[14:11:17.568671] [E] [handleMessage] Exception in handler: Entity(164): Light not found
[14:11:17.568748] [E] [handleMessage] Exception in handler: Entity(166): Light not found
[14:11:17.568782] [E] [handleMessage] Exception in handler: Entity(168): Light not found
[14:11:17.568814] [E] [handleMessage] Exception in handler: Entity(170): Light not found
[14:11:17.568969] [I] FLR0026_CAMERA_APPLIED head=(5,0,-5) targetPresent=true target=(0,0,0) dolly=(5,0,5)
[14:11:17.669493] [I] FLR0026_MODEL_STAGE_COMPLETE asset=assets/models/sequoia_ngp.glb pending_models=0
[14:11:17.669791] [E] [handleMessage] Exception in handler: Entity(164): Light not found
[14:11:17.669847] [E] [handleMessage] Exception in handler: Entity(166): Light not found
[14:11:17.669879] [E] [handleMessage] Exception in handler: Entity(168): Light not found
[14:11:17.669971] [E] [handleMessage] Exception in handler: Entity(170): Light not found
[14:11:17.670153] [I] FLR0026_CAMERA_APPLIED head=(5,0,-5) targetPresent=true target=(0,0,0) dolly=(5,0,5)
[14:11:17.771658] [I] FLR0026_MODEL_STAGE_COMPLETE asset=assets/models/sequoia_ngp.glb pending_models=0
[14:11:17.771886] [E] [handleMessage] Exception in handler: Entity(164): Light not found
[14:11:17.771936] [E] [handleMessage] Exception in handler: Entity(166): Light not found
[14:11:17.771969] [E] [handleMessage] Exception in handler: Entity(168): Light not found
[14:11:17.771999] [E] [handleMessage] Exception in handler: Entity(170): Light not found
[14:11:17.772156] [I] FLR0026_CAMERA_APPLIED head=(5,0,-5) targetPresent=true target=(0,0,0) dolly=(5,0,5)
[14:11:17.886635] [I] FLR0026_MODEL_STAGE_COMPLETE asset=assets/models/sequoia_ngp.glb pending_models=0
[14:11:17.886875] [E] [handleMessage] Exception in handler: Entity(164): Light not found
[14:11:17.886924] [E] [handleMessage] Exception in handler: Entity(166): Light not found
[14:11:17.886955] [E] [handleMessage] Exception in handler: Entity(168): Light not found
[14:11:17.886984] [E] [handleMessage] Exception in handler: Entity(170): Light not found
[14:11:17.887134] [I] FLR0026_CAMERA_APPLIED head=(5,0,-5) targetPresent=true target=(0,0,0) dolly=(5,0,5)
[14:11:17.991685] [I] FLR0026_MODEL_STAGE_COMPLETE asset=assets/models/sequoia_ngp.glb pending_models=0
[14:11:17.991936] [E] [handleMessage] Exception in handler: Entity(164): Light not found
[14:11:17.991988] [E] [handleMessage] Exception in handler: Entity(166): Light not found
[14:11:17.992022] [E] [handleMessage] Exception in handler: Entity(168): Light not found
[14:11:17.992053] [E] [handleMessage] Exception in handler: Entity(170): Light not found
[14:11:17.992208] [I] FLR0026_CAMERA_APPLIED head=(5,0,-5) targetPresent=true target=(0,0,0) dolly=(5,0,5)
[14:11:18.097641] [I] FLR0026_MODEL_STAGE_COMPLETE asset=assets/models/sequoia_ngp.glb pending_models=0
[14:11:18.097899] [E] [handleMessage] Exception in handler: Entity(164): Light not found
[14:11:18.097948] [E] [handleMessage] Exception in handler: Entity(166): Light not found
[14:11:18.097980] [E] [handleMessage] Exception in handler: Entity(168): Light not found
[14:11:18.098010] [E] [handleMessage] Exception in handler: Entity(170): Light not found
[14:11:18.098158] [I] FLR0026_CAMERA_APPLIED head=(5,0,-5) targetPresent=true target=(0,0,0) dolly=(5,0,5)
[14:11:18.200843] [I] FLR0026_MODEL_STAGE_COMPLETE asset=assets/models/sequoia_ngp.glb pending_models=0
[14:11:18.201239] [E] [handleMessage] Exception in handler: Entity(164): Light not found
[14:11:18.201340] [E] [handleMessage] Exception in handler: Entity(166): Light not found
[14:11:18.201412] [E] [handleMessage] Exception in handler: Entity(168): Light not found
[14:11:18.201480] [E] [handleMessage] Exception in handler: Entity(170): Light not found
[14:11:18.201897] [I] FLR0026_CAMERA_APPLIED head=(5,0,-5) targetPresent=true target=(0,0,0) dolly=(5,0,5)
[14:11:18.202143] [I] FLR0026_FRAME_BEGIN seq=190 started=false
[14:11:18.304165] [I] FLR0026_MODEL_STAGE_COMPLETE asset=assets/models/sequoia_ngp.glb pending_models=0
[14:11:18.304406] [E] [handleMessage] Exception in handler: Entity(164): Light not found
[14:11:18.304456] [E] [handleMessage] Exception in handler: Entity(166): Light not found
[14:11:18.304488] [E] [handleMessage] Exception in handler: Entity(168): Light not found
[14:11:18.304573] [E] [handleMessage] Exception in handler: Entity(170): Light not found
[14:11:18.304745] [I] FLR0026_CAMERA_APPLIED head=(5,0,-5) targetPresent=true target=(0,0,0) dolly=(5,0,5)
[14:11:18.408293] [I] FLR0026_MODEL_STAGE_COMPLETE asset=assets/models/sequoia_ngp.glb pending_models=0
[14:11:18.410656] [E] [handleMessage] Exception in handler: Entity(164): Light not found
[14:11:18.410793] [E] [handleMessage] Exception in handler: Entity(166): Light not found
[14:11:18.410890] [E] [handleMessage] Exception in handler: Entity(168): Light not found
[14:11:18.410927] [E] [handleMessage] Exception in handler: Entity(170): Light not found
[14:11:18.411108] [I] FLR0026_CAMERA_APPLIED head=(5,0,-5) targetPresent=true target=(0,0,0) dolly=(5,0,5)
[14:11:18.515381] [I] FLR0026_MODEL_STAGE_COMPLETE asset=assets/models/sequoia_ngp.glb pending_models=0
[14:11:18.515715] [E] [handleMessage] Exception in handler: Entity(164): Light not found
[14:11:18.515768] [E] [handleMessage] Exception in handler: Entity(166): Light not found
[14:11:18.515799] [E] [handleMessage] Exception in handler: Entity(168): Light not found
[14:11:18.515827] [E] [handleMessage] Exception in handler: Entity(170): Light not found
[14:11:18.515976] [I] FLR0026_CAMERA_APPLIED head=(5,0,-5) targetPresent=true target=(0,0,0) dolly=(5,0,5)
[14:11:18.620025] [I] FLR0026_MODEL_STAGE_COMPLETE asset=assets/models/sequoia_ngp.glb pending_models=0
[14:11:18.620258] [E] [handleMessage] Exception in handler: Entity(164): Light not found
[14:11:18.620308] [E] [handleMessage] Exception in handler: Entity(166): Light not found
[14:11:18.620340] [E] [handleMessage] Exception in handler: Entity(168): Light not found
[14:11:18.620369] [E] [handleMessage] Exception in handler: Entity(170): Light not found
[14:11:18.623575] [I] FLR0026_CAMERA_APPLIED head=(5,0,-5) targetPresent=true target=(0,0,0) dolly=(5,0,5)
[14:11:18.724170] [I] FLR0026_MODEL_STAGE_COMPLETE asset=assets/models/sequoia_ngp.glb pending_models=0
[14:11:18.724411] [E] [handleMessage] Exception in handler: Entity(164): Light not found
[14:11:18.724458] [E] [handleMessage] Exception in handler: Entity(166): Light not found
[14:11:18.724489] [E] [handleMessage] Exception in handler: Entity(168): Light not found
[14:11:18.724578] [E] [handleMessage] Exception in handler: Entity(170): Light not found
[14:11:18.724735] [I] FLR0026_CAMERA_APPLIED head=(5,0,-5) targetPresent=true target=(0,0,0) dolly=(5,0,5)
[14:11:18.830647] [I] FLR0026_MODEL_STAGE_COMPLETE asset=assets/models/sequoia_ngp.glb pending_models=0
[14:11:18.830885] [E] [handleMessage] Exception in handler: Entity(164): Light not found
[14:11:18.830933] [E] [handleMessage] Exception in handler: Entity(166): Light not found
[14:11:18.830964] [E] [handleMessage] Exception in handler: Entity(168): Light not found
[14:11:18.830993] [E] [handleMessage] Exception in handler: Entity(170): Light not found
[14:11:18.831142] [I] FLR0026_CAMERA_APPLIED head=(5,0,-5) targetPresent=true target=(0,0,0) dolly=(5,0,5)
[14:11:18.933638] [I] FLR0026_MODEL_STAGE_COMPLETE asset=assets/models/sequoia_ngp.glb pending_models=0
[14:11:18.933882] [E] [handleMessage] Exception in handler: Entity(164): Light not found
[14:11:18.933931] [E] [handleMessage] Exception in handler: Entity(166): Light not found
[14:11:18.933963] [E] [handleMessage] Exception in handler: Entity(168): Light not found
[14:11:18.933992] [E] [handleMessage] Exception in handler: Entity(170): Light not found
[14:11:18.934146] [I] FLR0026_CAMERA_APPLIED head=(5,0,-5) targetPresent=true target=(0,0,0) dolly=(5,0,5)
[14:11:19.034620] [I] FLR0026_MODEL_STAGE_COMPLETE asset=assets/models/sequoia_ngp.glb pending_models=0
[14:11:19.034868] [E] [handleMessage] Exception in handler: Entity(164): Light not found
[14:11:19.034915] [E] [handleMessage] Exception in handler: Entity(166): Light not found
[14:11:19.034947] [E] [handleMessage] Exception in handler: Entity(168): Light not found
[14:11:19.034975] [E] [handleMessage] Exception in handler: Entity(170): Light not found
[14:11:19.035124] [I] FLR0026_CAMERA_APPLIED head=(5,0,-5) targetPresent=true target=(0,0,0) dolly=(5,0,5)
[14:11:19.138662] [I] FLR0026_MODEL_STAGE_COMPLETE asset=assets/models/sequoia_ngp.glb pending_models=0
[14:11:19.138909] [E] [handleMessage] Exception in handler: Entity(164): Light not found
[14:11:19.138957] [E] [handleMessage] Exception in handler: Entity(166): Light not found
[14:11:19.138988] [E] [handleMessage] Exception in handler: Entity(168): Light not found
[14:11:19.139076] [E] [handleMessage] Exception in handler: Entity(170): Light not found
[14:11:19.139246] [I] FLR0026_CAMERA_APPLIED head=(5,0,-5) targetPresent=true target=(0,0,0) dolly=(5,0,5)
[14:11:19.239772] [I] FLR0026_MODEL_STAGE_COMPLETE asset=assets/models/sequoia_ngp.glb pending_models=0
[14:11:19.240011] [E] [handleMessage] Exception in handler: Entity(164): Light not found
[14:11:19.240063] [E] [handleMessage] Exception in handler: Entity(166): Light not found
[14:11:19.240095] [E] [handleMessage] Exception in handler: Entity(168): Light not found
[14:11:19.240124] [E] [handleMessage] Exception in handler: Entity(170): Light not found
[14:11:19.240294] [I] FLR0026_CAMERA_APPLIED head=(5,0,-5) targetPresent=true target=(0,0,0) dolly=(5,0,5)
[14:11:19.240473] [I] FLR0026_FRAME_BEGIN seq=200 started=false
[14:11:19.341115] [I] FLR0026_MODEL_STAGE_COMPLETE asset=assets/models/sequoia_ngp.glb pending_models=0
[14:11:19.341361] [E] [handleMessage] Exception in handler: Entity(164): Light not found
[14:11:19.341411] [E] [handleMessage] Exception in handler: Entity(166): Light not found
[14:11:19.341443] [E] [handleMessage] Exception in handler: Entity(168): Light not found
[14:11:19.341473] [E] [handleMessage] Exception in handler: Entity(170): Light not found
[14:11:19.341685] [I] FLR0026_CAMERA_APPLIED head=(5,0,-5) targetPresent=true target=(0,0,0) dolly=(5,0,5)
[14:11:19.443657] [I] FLR0026_MODEL_STAGE_COMPLETE asset=assets/models/sequoia_ngp.glb pending_models=0
[14:11:19.443898] [E] [handleMessage] Exception in handler: Entity(164): Light not found
[14:11:19.443947] [E] [handleMessage] Exception in handler: Entity(166): Light not found
[14:11:19.443979] [E] [handleMessage] Exception in handler: Entity(168): Light not found
[14:11:19.444008] [E] [handleMessage] Exception in handler: Entity(170): Light not found
[14:11:19.444166] [I] FLR0026_CAMERA_APPLIED head=(5,0,-5) targetPresent=true target=(0,0,0) dolly=(5,0,5)
[14:11:19.545653] [I] FLR0026_MODEL_STAGE_COMPLETE asset=assets/models/sequoia_ngp.glb pending_models=0
[14:11:19.545904] [E] [handleMessage] Exception in handler: Entity(164): Light not found
[14:11:19.545956] [E] [handleMessage] Exception in handler: Entity(166): Light not found
[14:11:19.545989] [E] [handleMessage] Exception in handler: Entity(168): Light not found
[14:11:19.546019] [E] [handleMessage] Exception in handler: Entity(170): Light not found
[14:11:19.546177] [I] FLR0026_CAMERA_APPLIED head=(5,0,-5) targetPresent=true target=(0,0,0) dolly=(5,0,5)
[14:11:19.646925] [I] FLR0026_MODEL_STAGE_COMPLETE asset=assets/models/sequoia_ngp.glb pending_models=0
[14:11:19.647161] [E] [handleMessage] Exception in handler: Entity(164): Light not found
[14:11:19.647214] [E] [handleMessage] Exception in handler: Entity(166): Light not found
[14:11:19.647246] [E] [handleMessage] Exception in handler: Entity(168): Light not found
[14:11:19.647276] [E] [handleMessage] Exception in handler: Entity(170): Light not found
[14:11:19.647421] [I] FLR0026_CAMERA_APPLIED head=(5,0,-5) targetPresent=true target=(0,0,0) dolly=(5,0,5)
[14:11:19.752817] [I] FLR0026_MODEL_STAGE_COMPLETE asset=assets/models/sequoia_ngp.glb pending_models=0
[14:11:19.753066] [E] [handleMessage] Exception in handler: Entity(164): Light not found
[14:11:19.753116] [E] [handleMessage] Exception in handler: Entity(166): Light not found
[14:11:19.753154] [E] [handleMessage] Exception in handler: Entity(168): Light not found
[14:11:19.753186] [E] [handleMessage] Exception in handler: Entity(170): Light not found
[14:11:19.753344] [I] FLR0026_CAMERA_APPLIED head=(5,0,-5) targetPresent=true target=(0,0,0) dolly=(5,0,5)
[14:11:19.856773] [I] FLR0026_MODEL_STAGE_COMPLETE asset=assets/models/sequoia_ngp.glb pending_models=0
[14:11:19.857010] [E] [handleMessage] Exception in handler: Entity(164): Light not found
[14:11:19.857059] [E] [handleMessage] Exception in handler: Entity(166): Light not found
[14:11:19.857089] [E] [handleMessage] Exception in handler: Entity(168): Light not found
[14:11:19.857162] [E] [handleMessage] Exception in handler: Entity(170): Light not found
[14:11:19.857317] [I] FLR0026_CAMERA_APPLIED head=(5,0,-5) targetPresent=true target=(0,0,0) dolly=(5,0,5)
[14:11:19.957836] [I] FLR0026_MODEL_STAGE_COMPLETE asset=assets/models/sequoia_ngp.glb pending_models=0
[14:11:19.958090] [E] [handleMessage] Exception in handler: Entity(164): Light not found
[14:11:19.958140] [E] [handleMessage] Exception in handler: Entity(166): Light not found
[14:11:19.958172] [E] [handleMessage] Exception in handler: Entity(168): Light not found
[14:11:19.958206] [E] [handleMessage] Exception in handler: Entity(170): Light not found
[14:11:19.958361] [I] FLR0026_CAMERA_APPLIED head=(5,0,-5) targetPresent=true target=(0,0,0) dolly=(5,0,5)
[14:11:20.063653] [I] FLR0026_MODEL_STAGE_COMPLETE asset=assets/models/sequoia_ngp.glb pending_models=0
[14:11:20.063904] [E] [handleMessage] Exception in handler: Entity(164): Light not found
[14:11:20.063951] [E] [handleMessage] Exception in handler: Entity(166): Light not found
[14:11:20.063983] [E] [handleMessage] Exception in handler: Entity(168): Light not found
[14:11:20.064012] [E] [handleMessage] Exception in handler: Entity(170): Light not found
[14:11:20.064163] [I] FLR0026_CAMERA_APPLIED head=(5,0,-5) targetPresent=true target=(0,0,0) dolly=(5,0,5)
[14:11:20.164957] [I] FLR0026_MODEL_STAGE_COMPLETE asset=assets/models/sequoia_ngp.glb pending_models=0
[14:11:20.165201] [E] [handleMessage] Exception in handler: Entity(164): Light not found
[14:11:20.165250] [E] [handleMessage] Exception in handler: Entity(166): Light not found
[14:11:20.165287] [E] [handleMessage] Exception in handler: Entity(168): Light not found
[14:11:20.165318] [E] [handleMessage] Exception in handler: Entity(170): Light not found
[14:11:20.165474] [I] FLR0026_CAMERA_APPLIED head=(5,0,-5) targetPresent=true target=(0,0,0) dolly=(5,0,5)
[14:11:20.266062] [I] FLR0026_MODEL_STAGE_COMPLETE asset=assets/models/sequoia_ngp.glb pending_models=0
[14:11:20.266301] [E] [handleMessage] Exception in handler: Entity(164): Light not found
[14:11:20.266350] [E] [handleMessage] Exception in handler: Entity(166): Light not found
[14:11:20.266386] [E] [handleMessage] Exception in handler: Entity(168): Light not found
[14:11:20.266416] [E] [handleMessage] Exception in handler: Entity(170): Light not found
[14:11:20.266618] [I] FLR0026_CAMERA_APPLIED head=(5,0,-5) targetPresent=true target=(0,0,0) dolly=(5,0,5)
[14:11:20.266803] [I] FLR0026_FRAME_BEGIN seq=210 started=false
[14:11:20.369660] [I] FLR0026_MODEL_STAGE_COMPLETE asset=assets/models/sequoia_ngp.glb pending_models=0
[14:11:20.369918] [E] [handleMessage] Exception in handler: Entity(164): Light not found
[14:11:20.369974] [E] [handleMessage] Exception in handler: Entity(166): Light not found
[14:11:20.370018] [E] [handleMessage] Exception in handler: Entity(168): Light not found
[14:11:20.370050] [E] [handleMessage] Exception in handler: Entity(170): Light not found
[14:11:20.370208] [I] FLR0026_CAMERA_APPLIED head=(5,0,-5) targetPresent=true target=(0,0,0) dolly=(5,0,5)
[14:11:20.475069] [I] FLR0026_MODEL_STAGE_COMPLETE asset=assets/models/sequoia_ngp.glb pending_models=0
[14:11:20.475301] [E] [handleMessage] Exception in handler: Entity(164): Light not found
[14:11:20.475350] [E] [handleMessage] Exception in handler: Entity(166): Light not found
[14:11:20.475382] [E] [handleMessage] Exception in handler: Entity(168): Light not found
[14:11:20.475413] [E] [handleMessage] Exception in handler: Entity(170): Light not found
[14:11:20.476046] [I] FLR0026_CAMERA_APPLIED head=(5,0,-5) targetPresent=true target=(0,0,0) dolly=(5,0,5)
[14:11:20.580052] [I] FLR0026_MODEL_STAGE_COMPLETE asset=assets/models/sequoia_ngp.glb pending_models=0
[14:11:20.580290] [E] [handleMessage] Exception in handler: Entity(164): Light not found
[14:11:20.580343] [E] [handleMessage] Exception in handler: Entity(166): Light not found
[14:11:20.580423] [E] [handleMessage] Exception in handler: Entity(168): Light not found
[14:11:20.580460] [E] [handleMessage] Exception in handler: Entity(170): Light not found
[14:11:20.580673] [I] FLR0026_CAMERA_APPLIED head=(5,0,-5) targetPresent=true target=(0,0,0) dolly=(5,0,5)
[14:11:20.685645] [I] FLR0026_MODEL_STAGE_COMPLETE asset=assets/models/sequoia_ngp.glb pending_models=0
[14:11:20.685896] [E] [handleMessage] Exception in handler: Entity(164): Light not found
[14:11:20.685945] [E] [handleMessage] Exception in handler: Entity(166): Light not found
[14:11:20.685976] [E] [handleMessage] Exception in handler: Entity(168): Light not found
[14:11:20.686005] [E] [handleMessage] Exception in handler: Entity(170): Light not found
[14:11:20.686156] [I] FLR0026_CAMERA_APPLIED head=(5,0,-5) targetPresent=true target=(0,0,0) dolly=(5,0,5)
[14:11:20.787670] [I] FLR0026_MODEL_STAGE_COMPLETE asset=assets/models/sequoia_ngp.glb pending_models=0
[14:11:20.787923] [E] [handleMessage] Exception in handler: Entity(164): Light not found
[14:11:20.787976] [E] [handleMessage] Exception in handler: Entity(166): Light not found
[14:11:20.788009] [E] [handleMessage] Exception in handler: Entity(168): Light not found
[14:11:20.788040] [E] [handleMessage] Exception in handler: Entity(170): Light not found
[14:11:20.788210] [I] FLR0026_CAMERA_APPLIED head=(5,0,-5) targetPresent=true target=(0,0,0) dolly=(5,0,5)
[14:11:20.895083] [I] FLR0026_MODEL_STAGE_COMPLETE asset=assets/models/sequoia_ngp.glb pending_models=0
[14:11:20.895441] [E] [handleMessage] Exception in handler: Entity(164): Light not found
[14:11:20.895544] [E] [handleMessage] Exception in handler: Entity(166): Light not found
[14:11:20.895583] [E] [handleMessage] Exception in handler: Entity(168): Light not found
[14:11:20.895611] [E] [handleMessage] Exception in handler: Entity(170): Light not found
[14:11:20.895778] [I] FLR0026_CAMERA_APPLIED head=(5,0,-5) targetPresent=true target=(0,0,0) dolly=(5,0,5)
[14:11:20.996295] [I] FLR0026_MODEL_STAGE_COMPLETE asset=assets/models/sequoia_ngp.glb pending_models=0
[14:11:20.996630] [E] [handleMessage] Exception in handler: Entity(164): Light not found
[14:11:20.996701] [E] [handleMessage] Exception in handler: Entity(166): Light not found
[14:11:20.996735] [E] [handleMessage] Exception in handler: Entity(168): Light not found
[14:11:20.996766] [E] [handleMessage] Exception in handler: Entity(170): Light not found
[14:11:20.996952] [I] FLR0026_CAMERA_APPLIED head=(5,0,-5) targetPresent=true target=(0,0,0) dolly=(5,0,5)
[14:11:21.097468] [I] FLR0026_MODEL_STAGE_COMPLETE asset=assets/models/sequoia_ngp.glb pending_models=0
[14:11:21.097746] [E] [handleMessage] Exception in handler: Entity(164): Light not found
[14:11:21.097796] [E] [handleMessage] Exception in handler: Entity(166): Light not found
[14:11:21.097827] [E] [handleMessage] Exception in handler: Entity(168): Light not found
[14:11:21.097860] [E] [handleMessage] Exception in handler: Entity(170): Light not found
[14:11:21.098010] [I] FLR0026_CAMERA_APPLIED head=(5,0,-5) targetPresent=true target=(0,0,0) dolly=(5,0,5)
[14:11:21.199761] [I] FLR0026_MODEL_STAGE_COMPLETE asset=assets/models/sequoia_ngp.glb pending_models=0
[14:11:21.200076] [E] [handleMessage] Exception in handler: Entity(164): Light not found
[14:11:21.200127] [E] [handleMessage] Exception in handler: Entity(166): Light not found
[14:11:21.200159] [E] [handleMessage] Exception in handler: Entity(168): Light not found
[14:11:21.200189] [E] [handleMessage] Exception in handler: Entity(170): Light not found
[14:11:21.200348] [I] FLR0026_CAMERA_APPLIED head=(5,0,-5) targetPresent=true target=(0,0,0) dolly=(5,0,5)
[14:11:21.311643] [I] FLR0026_MODEL_STAGE_COMPLETE asset=assets/models/sequoia_ngp.glb pending_models=0
[14:11:21.311895] [E] [handleMessage] Exception in handler: Entity(164): Light not found
[14:11:21.311944] [E] [handleMessage] Exception in handler: Entity(166): Light not found
[14:11:21.311976] [E] [handleMessage] Exception in handler: Entity(168): Light not found
[14:11:21.312065] [E] [handleMessage] Exception in handler: Entity(170): Light not found
[14:11:21.312231] [I] FLR0026_CAMERA_APPLIED head=(5,0,-5) targetPresent=true target=(0,0,0) dolly=(5,0,5)
[14:11:21.312411] [I] FLR0026_FRAME_BEGIN seq=220 started=false
FLR0026_VK_SWAPCHAIN_FLUSH_BEGIN\nFLR0026_VK_COMMAND_END_BEGIN buffer=0x7f8f6c026940\nFLR0026_VK_COMMAND_END_DONE buffer=0x7f8f6c026940\nFLR0026_VK_QUEUE_SUBMIT_BEGIN queue=0x7f8f6c02c550 fence=0x7f8f6c021340\nFLR0026_VK_QUEUE_SUBMIT_DONE result=0 queue=0x7f8f6c02c550 fence=0x7f8f6c021340\nFLR0026_VK_SWAPCHAIN_FLUSH_DONE flushed=true\nFLR0026_VK_FINISHED_SIGNAL_ACQUIRE_BEGIN\nFLR0026_VK_FINISHED_SIGNAL_ACQUIRE_DONE present=true\nFLR0026_VK_PRESENT_WAIT_SEMAPHORE enabled=true\nFLR0026_VK_QUEUE_PRESENT_BEGIN queue=0x7f8f6c02c550 swapchain=0x7f8f6dc20f80 index=0\n[14:11:21.414656] [I] FLR0026_MODEL_STAGE_COMPLETE asset=assets/models/sequoia_ngp.glb pending_models=0
[14:11:21.414892] [E] [handleMessage] Exception in handler: Entity(164): Light not found
[14:11:21.414942] [E] [handleMessage] Exception in handler: Entity(166): Light not found
[14:11:21.414979] [E] [handleMessage] Exception in handler: Entity(168): Light not found
[14:11:21.415008] [E] [handleMessage] Exception in handler: Entity(170): Light not found
[14:11:21.415169] [I] FLR0026_CAMERA_APPLIED head=(5,0,-5) targetPresent=true target=(0,0,0) dolly=(5,0,5)
[14:11:21.520695] [I] FLR0026_MODEL_STAGE_COMPLETE asset=assets/models/sequoia_ngp.glb pending_models=0
[14:11:21.520934] [E] [handleMessage] Exception in handler: Entity(164): Light not found
[14:11:21.520984] [E] [handleMessage] Exception in handler: Entity(166): Light not found
[14:11:21.521015] [E] [handleMessage] Exception in handler: Entity(168): Light not found
[14:11:21.521045] [E] [handleMessage] Exception in handler: Entity(170): Light not found
[14:11:21.521197] [I] FLR0026_CAMERA_APPLIED head=(5,0,-5) targetPresent=true target=(0,0,0) dolly=(5,0,5)
[14:11:21.621741] [I] FLR0026_MODEL_STAGE_COMPLETE asset=assets/models/sequoia_ngp.glb pending_models=0
[14:11:21.622003] [E] [handleMessage] Exception in handler: Entity(164): Light not found
[14:11:21.622049] [E] [handleMessage] Exception in handler: Entity(166): Light not found
[14:11:21.622078] [E] [handleMessage] Exception in handler: Entity(168): Light not found
[14:11:21.622108] [E] [handleMessage] Exception in handler: Entity(170): Light not found
[14:11:21.622257] [I] FLR0026_CAMERA_APPLIED head=(5,0,-5) targetPresent=true target=(0,0,0) dolly=(5,0,5)
[14:11:21.724659] [I] FLR0026_MODEL_STAGE_COMPLETE asset=assets/models/sequoia_ngp.glb pending_models=0
[14:11:21.724901] [E] [handleMessage] Exception in handler: Entity(164): Light not found
[14:11:21.724951] [E] [handleMessage] Exception in handler: Entity(166): Light not found
[14:11:21.724982] [E] [handleMessage] Exception in handler: Entity(168): Light not found
[14:11:21.725011] [E] [handleMessage] Exception in handler: Entity(170): Light not found
[14:11:21.725164] [I] FLR0026_CAMERA_APPLIED head=(5,0,-5) targetPresent=true target=(0,0,0) dolly=(5,0,5)
[14:11:21.827639] [I] FLR0026_MODEL_STAGE_COMPLETE asset=assets/models/sequoia_ngp.glb pending_models=0
[14:11:21.827877] [E] [handleMessage] Exception in handler: Entity(164): Light not found
[14:11:21.827926] [E] [handleMessage] Exception in handler: Entity(166): Light not found
[14:11:21.827958] [E] [handleMessage] Exception in handler: Entity(168): Light not found
[14:11:21.827987] [E] [handleMessage] Exception in handler: Entity(170): Light not found
[14:11:21.828138] [I] FLR0026_CAMERA_APPLIED head=(5,0,-5) targetPresent=true target=(0,0,0) dolly=(5,0,5)
[14:11:21.931675] [I] FLR0026_MODEL_STAGE_COMPLETE asset=assets/models/sequoia_ngp.glb pending_models=0
[14:11:21.931919] [E] [handleMessage] Exception in handler: Entity(164): Light not found
[14:11:21.931966] [E] [handleMessage] Exception in handler: Entity(166): Light not found
[14:11:21.932048] [E] [handleMessage] Exception in handler: Entity(168): Light not found
[14:11:21.932083] [E] [handleMessage] Exception in handler: Entity(170): Light not found
[14:11:21.932234] [I] FLR0026_CAMERA_APPLIED head=(5,0,-5) targetPresent=true target=(0,0,0) dolly=(5,0,5)
[14:11:22.037175] [I] FLR0026_MODEL_STAGE_COMPLETE asset=assets/models/sequoia_ngp.glb pending_models=0
[14:11:22.037430] [E] [handleMessage] Exception in handler: Entity(164): Light not found
[14:11:22.037478] [E] [handleMessage] Exception in handler: Entity(166): Light not found
[14:11:22.037557] [E] [handleMessage] Exception in handler: Entity(168): Light not found
[14:11:22.037596] [E] [handleMessage] Exception in handler: Entity(170): Light not found
[14:11:22.037750] [I] FLR0026_CAMERA_APPLIED head=(5,0,-5) targetPresent=true target=(0,0,0) dolly=(5,0,5)
[14:11:22.140673] [I] FLR0026_MODEL_STAGE_COMPLETE asset=assets/models/sequoia_ngp.glb pending_models=0
[14:11:22.140914] [E] [handleMessage] Exception in handler: Entity(164): Light not found
[14:11:22.140963] [E] [handleMessage] Exception in handler: Entity(166): Light not found
[14:11:22.140995] [E] [handleMessage] Exception in handler: Entity(168): Light not found
[14:11:22.141024] [E] [handleMessage] Exception in handler: Entity(170): Light not found
[14:11:22.141176] [I] FLR0026_CAMERA_APPLIED head=(5,0,-5) targetPresent=true target=(0,0,0) dolly=(5,0,5)
[14:11:22.241636] [I] FLR0026_MODEL_STAGE_COMPLETE asset=assets/models/sequoia_ngp.glb pending_models=0
[14:11:22.241881] [E] [handleMessage] Exception in handler: Entity(164): Light not found
[14:11:22.241933] [E] [handleMessage] Exception in handler: Entity(166): Light not found
[14:11:22.241965] [E] [handleMessage] Exception in handler: Entity(168): Light not found
[14:11:22.241995] [E] [handleMessage] Exception in handler: Entity(170): Light not found
[14:11:22.242147] [I] FLR0026_CAMERA_APPLIED head=(5,0,-5) targetPresent=true target=(0,0,0) dolly=(5,0,5)
[14:11:22.343793] [I] FLR0026_MODEL_STAGE_COMPLETE asset=assets/models/sequoia_ngp.glb pending_models=0
[14:11:22.344032] [E] [handleMessage] Exception in handler: Entity(164): Light not found
[14:11:22.344081] [E] [handleMessage] Exception in handler: Entity(166): Light not found
[14:11:22.344114] [E] [handleMessage] Exception in handler: Entity(168): Light not found
[14:11:22.344144] [E] [handleMessage] Exception in handler: Entity(170): Light not found
[14:11:22.344295] [I] FLR0026_CAMERA_APPLIED head=(5,0,-5) targetPresent=true target=(0,0,0) dolly=(5,0,5)
[14:11:22.344471] [I] FLR0026_FRAME_BEGIN seq=230 started=false
[14:11:22.444937] [I] FLR0026_MODEL_STAGE_COMPLETE asset=assets/models/sequoia_ngp.glb pending_models=0
[14:11:22.445179] [E] [handleMessage] Exception in handler: Entity(164): Light not found
[14:11:22.445230] [E] [handleMessage] Exception in handler: Entity(166): Light not found
[14:11:22.445262] [E] [handleMessage] Exception in handler: Entity(168): Light not found
[14:11:22.445292] [E] [handleMessage] Exception in handler: Entity(170): Light not found
[14:11:22.445448] [I] FLR0026_CAMERA_APPLIED head=(5,0,-5) targetPresent=true target=(0,0,0) dolly=(5,0,5)
[14:11:22.546024] [I] FLR0026_MODEL_STAGE_COMPLETE asset=assets/models/sequoia_ngp.glb pending_models=0
[14:11:22.546268] [E] [handleMessage] Exception in handler: Entity(164): Light not found
[14:11:22.546319] [E] [handleMessage] Exception in handler: Entity(166): Light not found
[14:11:22.546351] [E] [handleMessage] Exception in handler: Entity(168): Light not found
[14:11:22.546381] [E] [handleMessage] Exception in handler: Entity(170): Light not found
[14:11:22.546594] [I] FLR0026_CAMERA_APPLIED head=(5,0,-5) targetPresent=true target=(0,0,0) dolly=(5,0,5)
[14:11:22.647183] [I] FLR0026_MODEL_STAGE_COMPLETE asset=assets/models/sequoia_ngp.glb pending_models=0
[14:11:22.647422] [E] [handleMessage] Exception in handler: Entity(164): Light not found
[14:11:22.647613] [E] [handleMessage] Exception in handler: Entity(166): Light not found
[14:11:22.647656] [E] [handleMessage] Exception in handler: Entity(168): Light not found
[14:11:22.647689] [E] [handleMessage] Exception in handler: Entity(170): Light not found
[14:11:22.647843] [I] FLR0026_CAMERA_APPLIED head=(5,0,-5) targetPresent=true target=(0,0,0) dolly=(5,0,5)
[14:11:22.750948] [I] FLR0026_MODEL_STAGE_COMPLETE asset=assets/models/sequoia_ngp.glb pending_models=0
[14:11:22.751192] [E] [handleMessage] Exception in handler: Entity(164): Light not found
[14:11:22.751243] [E] [handleMessage] Exception in handler: Entity(166): Light not found
[14:11:22.751275] [E] [handleMessage] Exception in handler: Entity(168): Light not found
[14:11:22.751305] [E] [handleMessage] Exception in handler: Entity(170): Light not found
[14:11:22.751465] [I] FLR0026_CAMERA_APPLIED head=(5,0,-5) targetPresent=true target=(0,0,0) dolly=(5,0,5)
[14:11:22.860641] [I] FLR0026_MODEL_STAGE_COMPLETE asset=assets/models/sequoia_ngp.glb pending_models=0
[14:11:22.860895] [E] [handleMessage] Exception in handler: Entity(164): Light not found
[14:11:22.860945] [E] [handleMessage] Exception in handler: Entity(166): Light not found
[14:11:22.860977] [E] [handleMessage] Exception in handler: Entity(168): Light not found
[14:11:22.861006] [E] [handleMessage] Exception in handler: Entity(170): Light not found
[14:11:22.861160] [I] FLR0026_CAMERA_APPLIED head=(5,0,-5) targetPresent=true target=(0,0,0) dolly=(5,0,5)
[14:11:22.961663] [I] FLR0026_MODEL_STAGE_COMPLETE asset=assets/models/sequoia_ngp.glb pending_models=0
[14:11:22.961920] [E] [handleMessage] Exception in handler: Entity(164): Light not found
[14:11:22.961978] [E] [handleMessage] Exception in handler: Entity(166): Light not found
[14:11:22.962011] [E] [handleMessage] Exception in handler: Entity(168): Light not found
[14:11:22.962042] [E] [handleMessage] Exception in handler: Entity(170): Light not found
[14:11:22.962197] [I] FLR0026_CAMERA_APPLIED head=(5,0,-5) targetPresent=true target=(0,0,0) dolly=(5,0,5)
[14:11:23.063658] [I] FLR0026_MODEL_STAGE_COMPLETE asset=assets/models/sequoia_ngp.glb pending_models=0
[14:11:23.063907] [E] [handleMessage] Exception in handler: Entity(164): Light not found
[14:11:23.063956] [E] [handleMessage] Exception in handler: Entity(166): Light not found
[14:11:23.063986] [E] [handleMessage] Exception in handler: Entity(168): Light not found
[14:11:23.064014] [E] [handleMessage] Exception in handler: Entity(170): Light not found
[14:11:23.064162] [I] FLR0026_CAMERA_APPLIED head=(5,0,-5) targetPresent=true target=(0,0,0) dolly=(5,0,5)
[14:11:23.168008] [I] FLR0026_MODEL_STAGE_COMPLETE asset=assets/models/sequoia_ngp.glb pending_models=0
[14:11:23.168618] [E] [handleMessage] Exception in handler: Entity(164): Light not found
[14:11:23.168713] [E] [handleMessage] Exception in handler: Entity(166): Light not found
[14:11:23.168757] [E] [handleMessage] Exception in handler: Entity(168): Light not found
[14:11:23.168789] [E] [handleMessage] Exception in handler: Entity(170): Light not found
[14:11:23.169047] [I] FLR0026_CAMERA_APPLIED head=(5,0,-5) targetPresent=true target=(0,0,0) dolly=(5,0,5)
[14:11:23.269640] [I] FLR0026_MODEL_STAGE_COMPLETE asset=assets/models/sequoia_ngp.glb pending_models=0
[14:11:23.269883] [E] [handleMessage] Exception in handler: Entity(164): Light not found
[14:11:23.269938] [E] [handleMessage] Exception in handler: Entity(166): Light not found
[14:11:23.269971] [E] [handleMessage] Exception in handler: Entity(168): Light not found
[14:11:23.270000] [E] [handleMessage] Exception in handler: Entity(170): Light not found
[14:11:23.270153] [I] FLR0026_CAMERA_APPLIED head=(5,0,-5) targetPresent=true target=(0,0,0) dolly=(5,0,5)
[14:11:23.375653] [I] FLR0026_MODEL_STAGE_PROGRESS seq=240 progress=1 assets=1
[14:11:23.375742] [I] FLR0026_MODEL_STAGE_COMPLETE asset=assets/models/sequoia_ngp.glb pending_models=0
[14:11:23.375915] [E] [handleMessage] Exception in handler: Entity(164): Light not found
[14:11:23.376024] [E] [handleMessage] Exception in handler: Entity(166): Light not found
[14:11:23.376064] [E] [handleMessage] Exception in handler: Entity(168): Light not found
[14:11:23.376094] [E] [handleMessage] Exception in handler: Entity(170): Light not found
[14:11:23.376249] [I] FLR0026_CAMERA_APPLIED head=(5,0,-5) targetPresent=true target=(0,0,0) dolly=(5,0,5)
[14:11:23.376433] [I] FLR0026_FRAME_BEGIN seq=240 started=false
[14:11:23.491645] [I] FLR0026_MODEL_STAGE_COMPLETE asset=assets/models/sequoia_ngp.glb pending_models=0
[14:11:23.491874] [E] [handleMessage] Exception in handler: Entity(164): Light not found
[14:11:23.491925] [E] [handleMessage] Exception in handler: Entity(166): Light not found
[14:11:23.491958] [E] [handleMessage] Exception in handler: Entity(168): Light not found
[14:11:23.491988] [E] [handleMessage] Exception in handler: Entity(170): Light not found
[14:11:23.492145] [I] FLR0026_CAMERA_APPLIED head=(5,0,-5) targetPresent=true target=(0,0,0) dolly=(5,0,5)
[14:11:23.592663] [I] FLR0026_MODEL_STAGE_COMPLETE asset=assets/models/sequoia_ngp.glb pending_models=0
[14:11:23.592921] [E] [handleMessage] Exception in handler: Entity(164): Light not found
[14:11:23.592973] [E] [handleMessage] Exception in handler: Entity(166): Light not found
[14:11:23.593006] [E] [handleMessage] Exception in handler: Entity(168): Light not found
[14:11:23.593038] [E] [handleMessage] Exception in handler: Entity(170): Light not found
[14:11:23.593201] [I] FLR0026_CAMERA_APPLIED head=(5,0,-5) targetPresent=true target=(0,0,0) dolly=(5,0,5)
[14:11:23.693717] [I] FLR0026_MODEL_STAGE_COMPLETE asset=assets/models/sequoia_ngp.glb pending_models=0
[14:11:23.693959] [E] [handleMessage] Exception in handler: Entity(164): Light not found
[14:11:23.694012] [E] [handleMessage] Exception in handler: Entity(166): Light not found
[14:11:23.694043] [E] [handleMessage] Exception in handler: Entity(168): Light not found
[14:11:23.694072] [E] [handleMessage] Exception in handler: Entity(170): Light not found
[14:11:23.694228] [I] FLR0026_CAMERA_APPLIED head=(5,0,-5) targetPresent=true target=(0,0,0) dolly=(5,0,5)
[14:11:23.799669] [I] FLR0026_MODEL_STAGE_COMPLETE asset=assets/models/sequoia_ngp.glb pending_models=0
[14:11:23.799913] [E] [handleMessage] Exception in handler: Entity(164): Light not found
[14:11:23.799963] [E] [handleMessage] Exception in handler: Entity(166): Light not found
[14:11:23.799995] [E] [handleMessage] Exception in handler: Entity(168): Light not found
[14:11:23.800024] [E] [handleMessage] Exception in handler: Entity(170): Light not found
[14:11:23.800199] [I] FLR0026_CAMERA_APPLIED head=(5,0,-5) targetPresent=true target=(0,0,0) dolly=(5,0,5)
[14:11:23.900633] [I] FLR0026_MODEL_STAGE_COMPLETE asset=assets/models/sequoia_ngp.glb pending_models=0
[14:11:23.900867] [E] [handleMessage] Exception in handler: Entity(164): Light not found
[14:11:23.900916] [E] [handleMessage] Exception in handler: Entity(166): Light not found
[14:11:23.900946] [E] [handleMessage] Exception in handler: Entity(168): Light not found
[14:11:23.900980] [E] [handleMessage] Exception in handler: Entity(170): Light not found
[14:11:23.901149] [I] FLR0026_CAMERA_APPLIED head=(5,0,-5) targetPresent=true target=(0,0,0) dolly=(5,0,5)
[14:11:24.004629] [I] FLR0026_MODEL_STAGE_COMPLETE asset=assets/models/sequoia_ngp.glb pending_models=0
[14:11:24.004891] [E] [handleMessage] Exception in handler: Entity(164): Light not found
[14:11:24.004943] [E] [handleMessage] Exception in handler: Entity(166): Light not found
[14:11:24.004975] [E] [handleMessage] Exception in handler: Entity(168): Light not found
[14:11:24.005005] [E] [handleMessage] Exception in handler: Entity(170): Light not found
[14:11:24.005165] [I] FLR0026_CAMERA_APPLIED head=(5,0,-5) targetPresent=true target=(0,0,0) dolly=(5,0,5)
[14:11:24.109909] [I] FLR0026_MODEL_STAGE_COMPLETE asset=assets/models/sequoia_ngp.glb pending_models=0
[14:11:24.110193] [E] [handleMessage] Exception in handler: Entity(164): Light not found
[14:11:24.110303] [E] [handleMessage] Exception in handler: Entity(166): Light not found
[14:11:24.110343] [E] [handleMessage] Exception in handler: Entity(168): Light not found
[14:11:24.110373] [E] [handleMessage] Exception in handler: Entity(170): Light not found
[14:11:24.110591] [I] FLR0026_CAMERA_APPLIED head=(5,0,-5) targetPresent=true target=(0,0,0) dolly=(5,0,5)
[14:11:24.211207] [I] FLR0026_MODEL_STAGE_COMPLETE asset=assets/models/sequoia_ngp.glb pending_models=0
[14:11:24.211440] [E] [handleMessage] Exception in handler: Entity(164): Light not found
[14:11:24.211545] [E] [handleMessage] Exception in handler: Entity(166): Light not found
[14:11:24.211588] [E] [handleMessage] Exception in handler: Entity(168): Light not found
[14:11:24.211619] [E] [handleMessage] Exception in handler: Entity(170): Light not found
[14:11:24.211777] [I] FLR0026_CAMERA_APPLIED head=(5,0,-5) targetPresent=true target=(0,0,0) dolly=(5,0,5)
[14:11:24.319846] [I] FLR0026_MODEL_STAGE_COMPLETE asset=assets/models/sequoia_ngp.glb pending_models=0
[14:11:24.320098] [E] [handleMessage] Exception in handler: Entity(164): Light not found
[14:11:24.320150] [E] [handleMessage] Exception in handler: Entity(166): Light not found
[14:11:24.320182] [E] [handleMessage] Exception in handler: Entity(168): Light not found
[14:11:24.320211] [E] [handleMessage] Exception in handler: Entity(170): Light not found
[14:11:24.320369] [I] FLR0026_CAMERA_APPLIED head=(5,0,-5) targetPresent=true target=(0,0,0) dolly=(5,0,5)
[14:11:24.420908] [I] FLR0026_MODEL_STAGE_COMPLETE asset=assets/models/sequoia_ngp.glb pending_models=0
[14:11:24.421160] [E] [handleMessage] Exception in handler: Entity(164): Light not found
[14:11:24.421211] [E] [handleMessage] Exception in handler: Entity(166): Light not found
[14:11:24.421243] [E] [handleMessage] Exception in handler: Entity(168): Light not found
[14:11:24.421274] [E] [handleMessage] Exception in handler: Entity(170): Light not found
[14:11:24.421431] [I] FLR0026_CAMERA_APPLIED head=(5,0,-5) targetPresent=true target=(0,0,0) dolly=(5,0,5)
[14:11:24.421661] [I] FLR0026_FRAME_BEGIN seq=250 started=false
[14:11:24.525892] [I] FLR0026_MODEL_STAGE_COMPLETE asset=assets/models/sequoia_ngp.glb pending_models=0
[14:11:24.526155] [E] [handleMessage] Exception in handler: Entity(164): Light not found
[14:11:24.526209] [E] [handleMessage] Exception in handler: Entity(166): Light not found
[14:11:24.526241] [E] [handleMessage] Exception in handler: Entity(168): Light not found
[14:11:24.526271] [E] [handleMessage] Exception in handler: Entity(170): Light not found
[14:11:24.526424] [I] FLR0026_CAMERA_APPLIED head=(5,0,-5) targetPresent=true target=(0,0,0) dolly=(5,0,5)
[14:11:24.631824] [I] FLR0026_MODEL_STAGE_COMPLETE asset=assets/models/sequoia_ngp.glb pending_models=0
[14:11:24.632052] [E] [handleMessage] Exception in handler: Entity(164): Light not found
[14:11:24.632101] [E] [handleMessage] Exception in handler: Entity(166): Light not found
[14:11:24.632133] [E] [handleMessage] Exception in handler: Entity(168): Light not found
[14:11:24.632163] [E] [handleMessage] Exception in handler: Entity(170): Light not found
[14:11:24.632318] [I] FLR0026_CAMERA_APPLIED head=(5,0,-5) targetPresent=true target=(0,0,0) dolly=(5,0,5)
[14:11:24.735636] [I] FLR0026_MODEL_STAGE_COMPLETE asset=assets/models/sequoia_ngp.glb pending_models=0
[14:11:24.735876] [E] [handleMessage] Exception in handler: Entity(164): Light not found
[14:11:24.735927] [E] [handleMessage] Exception in handler: Entity(166): Light not found
[14:11:24.735959] [E] [handleMessage] Exception in handler: Entity(168): Light not found
[14:11:24.735989] [E] [handleMessage] Exception in handler: Entity(170): Light not found
[14:11:24.736147] [I] FLR0026_CAMERA_APPLIED head=(5,0,-5) targetPresent=true target=(0,0,0) dolly=(5,0,5)
FLR0026_VK_QUEUE_PRESENT result=0 surface=7f8f6dc3cac0 swapchain=7f8f6dc20f80 index=0
[14:11:24.843667] [I] FLR0026_MODEL_STAGE_COMPLETE asset=assets/models/sequoia_ngp.glb pending_models=0
[14:11:24.843915] [E] [handleMessage] Exception in handler: Entity(164): Light not found
[14:11:24.843966] [E] [handleMessage] Exception in handler: Entity(166): Light not found
[14:11:24.843998] [E] [handleMessage] Exception in handler: Entity(168): Light not found
[14:11:24.844027] [E] [handleMessage] Exception in handler: Entity(170): Light not found
[14:11:24.844179] [I] FLR0026_CAMERA_APPLIED head=(5,0,-5) targetPresent=true target=(0,0,0) dolly=(5,0,5)
[14:11:24.950916] [I] FLR0026_MODEL_STAGE_COMPLETE asset=assets/models/sequoia_ngp.glb pending_models=0
[14:11:24.951183] [E] [handleMessage] Exception in handler: Entity(164): Light not found
[14:11:24.951240] [E] [handleMessage] Exception in handler: Entity(166): Light not found
[14:11:24.951272] [E] [handleMessage] Exception in handler: Entity(168): Light not found
[14:11:24.951302] [E] [handleMessage] Exception in handler: Entity(170): Light not found
[14:11:24.951489] [I] FLR0026_CAMERA_APPLIED head=(5,0,-5) targetPresent=true target=(0,0,0) dolly=(5,0,5)
[14:11:25.058610] [I] FLR0026_MODEL_STAGE_COMPLETE asset=assets/models/sequoia_ngp.glb pending_models=0
[14:11:25.058867] [E] [handleMessage] Exception in handler: Entity(164): Light not found
[14:11:25.058914] [E] [handleMessage] Exception in handler: Entity(166): Light not found
[14:11:25.058944] [E] [handleMessage] Exception in handler: Entity(168): Light not found
[14:11:25.058974] [E] [handleMessage] Exception in handler: Entity(170): Light not found
[14:11:25.059127] [I] FLR0026_CAMERA_APPLIED head=(5,0,-5) targetPresent=true target=(0,0,0) dolly=(5,0,5)
FLR0026_VK_ACQUIRE_WAIT_SEMAPHORE enabled=true\n[14:11:25.159746] [I] FLR0026_MODEL_STAGE_COMPLETE asset=assets/models/sequoia_ngp.glb pending_models=0
[14:11:25.160003] [E] [handleMessage] Exception in handler: Entity(164): Light not found
[14:11:25.160053] [E] [handleMessage] Exception in handler: Entity(166): Light not found
[14:11:25.160085] [E] [handleMessage] Exception in handler: Entity(168): Light not found
[14:11:25.160114] [E] [handleMessage] Exception in handler: Entity(170): Light not found
[14:11:25.160271] [I] FLR0026_CAMERA_APPLIED head=(5,0,-5) targetPresent=true target=(0,0,0) dolly=(5,0,5)
[14:11:25.285098] [I] FLR0026_MODEL_STAGE_COMPLETE asset=assets/models/sequoia_ngp.glb pending_models=0
[14:11:25.285622] [E] [handleMessage] Exception in handler: Entity(164): Light not found
[14:11:25.285741] [E] [handleMessage] Exception in handler: Entity(166): Light not found
[14:11:25.285807] [E] [handleMessage] Exception in handler: Entity(168): Light not found
[14:11:25.285838] [E] [handleMessage] Exception in handler: Entity(170): Light not found
[14:11:25.286002] [I] FLR0026_CAMERA_APPLIED head=(5,0,-5) targetPresent=true target=(0,0,0) dolly=(5,0,5)
[14:11:25.386895] [I] FLR0026_MODEL_STAGE_COMPLETE asset=assets/models/sequoia_ngp.glb pending_models=0
[14:11:25.387296] [E] [handleMessage] Exception in handler: Entity(164): Light not found
[14:11:25.387404] [E] [handleMessage] Exception in handler: Entity(166): Light not found
[14:11:25.387484] [E] [handleMessage] Exception in handler: Entity(168): Light not found
[14:11:25.387675] [E] [handleMessage] Exception in handler: Entity(170): Light not found
[14:11:25.388004] [I] FLR0026_CAMERA_APPLIED head=(5,0,-5) targetPresent=true target=(0,0,0) dolly=(5,0,5)
[14:11:25.489131] [I] FLR0026_MODEL_STAGE_COMPLETE asset=assets/models/sequoia_ngp.glb pending_models=0
[14:11:25.489903] [E] [handleMessage] Exception in handler: Entity(164): Light not found
[14:11:25.490039] [E] [handleMessage] Exception in handler: Entity(166): Light not found
[14:11:25.490191] [E] [handleMessage] Exception in handler: Entity(168): Light not found
[14:11:25.490262] [E] [handleMessage] Exception in handler: Entity(170): Light not found
[14:11:25.490598] [I] FLR0026_CAMERA_APPLIED head=(5,0,-5) targetPresent=true target=(0,0,0) dolly=(5,0,5)
[14:11:25.490953] [I] FLR0026_FRAME_BEGIN seq=260 started=false
[14:11:25.591725] [I] FLR0026_MODEL_STAGE_COMPLETE asset=assets/models/sequoia_ngp.glb pending_models=0
[14:11:25.592137] [E] [handleMessage] Exception in handler: Entity(164): Light not found
[14:11:25.592246] [E] [handleMessage] Exception in handler: Entity(166): Light not found
[14:11:25.592326] [E] [handleMessage] Exception in handler: Entity(168): Light not found
[14:11:25.592400] [E] [handleMessage] Exception in handler: Entity(170): Light not found
[14:11:25.592792] [I] FLR0026_CAMERA_APPLIED head=(5,0,-5) targetPresent=true target=(0,0,0) dolly=(5,0,5)
[14:11:25.693823] [I] FLR0026_MODEL_STAGE_COMPLETE asset=assets/models/sequoia_ngp.glb pending_models=0
[14:11:25.694205] [E] [handleMessage] Exception in handler: Entity(164): Light not found
[14:11:25.694308] [E] [handleMessage] Exception in handler: Entity(166): Light not found
[14:11:25.694383] [E] [handleMessage] Exception in handler: Entity(168): Light not found
[14:11:25.694452] [E] [handleMessage] Exception in handler: Entity(170): Light not found
[14:11:25.694889] [I] FLR0026_CAMERA_APPLIED head=(5,0,-5) targetPresent=true target=(0,0,0) dolly=(5,0,5)
[14:11:25.795872] [I] FLR0026_MODEL_STAGE_COMPLETE asset=assets/models/sequoia_ngp.glb pending_models=0
[14:11:25.796294] [E] [handleMessage] Exception in handler: Entity(164): Light not found
[14:11:25.796405] [E] [handleMessage] Exception in handler: Entity(166): Light not found
[14:11:25.796486] [E] [handleMessage] Exception in handler: Entity(168): Light not found
[14:11:25.796743] [E] [handleMessage] Exception in handler: Entity(170): Light not found
[14:11:25.797087] [I] FLR0026_CAMERA_APPLIED head=(5,0,-5) targetPresent=true target=(0,0,0) dolly=(5,0,5)
[14:11:25.898109] [I] FLR0026_MODEL_STAGE_COMPLETE asset=assets/models/sequoia_ngp.glb pending_models=0
[14:11:25.898645] [E] [handleMessage] Exception in handler: Entity(164): Light not found
[14:11:25.898779] [E] [handleMessage] Exception in handler: Entity(166): Light not found
[14:11:25.898859] [E] [handleMessage] Exception in handler: Entity(168): Light not found
[14:11:25.898931] [E] [handleMessage] Exception in handler: Entity(170): Light not found
[14:11:25.899216] [I] FLR0026_CAMERA_APPLIED head=(5,0,-5) targetPresent=true target=(0,0,0) dolly=(5,0,5)
[14:11:26.000205] [I] FLR0026_MODEL_STAGE_COMPLETE asset=assets/models/sequoia_ngp.glb pending_models=0
[14:11:26.000754] [E] [handleMessage] Exception in handler: Entity(164): Light not found
[14:11:26.000893] [E] [handleMessage] Exception in handler: Entity(166): Light not found
[14:11:26.000971] [E] [handleMessage] Exception in handler: Entity(168): Light not found
[14:11:26.001042] [E] [handleMessage] Exception in handler: Entity(170): Light not found
[14:11:26.001202] [I] FLR0026_CAMERA_APPLIED head=(5,0,-5) targetPresent=true target=(0,0,0) dolly=(5,0,5)
[14:11:26.101905] [I] FLR0026_MODEL_STAGE_COMPLETE asset=assets/models/sequoia_ngp.glb pending_models=0
[14:11:26.102309] [E] [handleMessage] Exception in handler: Entity(164): Light not found
[14:11:26.102410] [E] [handleMessage] Exception in handler: Entity(166): Light not found
[14:11:26.102483] [E] [handleMessage] Exception in handler: Entity(168): Light not found
[14:11:26.102701] [E] [handleMessage] Exception in handler: Entity(170): Light not found
[14:11:26.103004] [I] FLR0026_CAMERA_APPLIED head=(5,0,-5) targetPresent=true target=(0,0,0) dolly=(5,0,5)
[14:11:26.203760] [I] FLR0026_MODEL_STAGE_COMPLETE asset=assets/models/sequoia_ngp.glb pending_models=0
[14:11:26.204155] [E] [handleMessage] Exception in handler: Entity(164): Light not found
[14:11:26.204344] [E] [handleMessage] Exception in handler: Entity(166): Light not found
[14:11:26.204428] [E] [handleMessage] Exception in handler: Entity(168): Light not found
[14:11:26.204690] [E] [handleMessage] Exception in handler: Entity(170): Light not found
[14:11:26.205018] [I] FLR0026_CAMERA_APPLIED head=(5,0,-5) targetPresent=true target=(0,0,0) dolly=(5,0,5)
[14:11:26.305767] [I] FLR0026_MODEL_STAGE_COMPLETE asset=assets/models/sequoia_ngp.glb pending_models=0
[14:11:26.306169] [E] [handleMessage] Exception in handler: Entity(164): Light not found
[14:11:26.306273] [E] [handleMessage] Exception in handler: Entity(166): Light not found
[14:11:26.306348] [E] [handleMessage] Exception in handler: Entity(168): Light not found
[14:11:26.306419] [E] [handleMessage] Exception in handler: Entity(170): Light not found
[14:11:26.306873] [I] FLR0026_CAMERA_APPLIED head=(5,0,-5) targetPresent=true target=(0,0,0) dolly=(5,0,5)
[14:11:26.407850] [I] FLR0026_MODEL_STAGE_COMPLETE asset=assets/models/sequoia_ngp.glb pending_models=0
[14:11:26.408285] [E] [handleMessage] Exception in handler: Entity(164): Light not found
[14:11:26.408397] [E] [handleMessage] Exception in handler: Entity(166): Light not found
[14:11:26.408476] [E] [handleMessage] Exception in handler: Entity(168): Light not found
[14:11:26.408625] [E] [handleMessage] Exception in handler: Entity(170): Light not found
[14:11:26.408948] [I] FLR0026_CAMERA_APPLIED head=(5,0,-5) targetPresent=true target=(0,0,0) dolly=(5,0,5)
[14:11:26.509784] [I] FLR0026_MODEL_STAGE_COMPLETE asset=assets/models/sequoia_ngp.glb pending_models=0
[14:11:26.510215] [E] [handleMessage] Exception in handler: Entity(164): Light not found
[14:11:26.510319] [E] [handleMessage] Exception in handler: Entity(166): Light not found
[14:11:26.510392] [E] [handleMessage] Exception in handler: Entity(168): Light not found
[14:11:26.510460] [E] [handleMessage] Exception in handler: Entity(170): Light not found
[14:11:26.510816] [I] FLR0026_CAMERA_APPLIED head=(5,0,-5) targetPresent=true target=(0,0,0) dolly=(5,0,5)
[14:11:26.511118] [I] FLR0026_FRAME_BEGIN seq=270 started=false
[14:11:26.611759] [I] FLR0026_MODEL_STAGE_COMPLETE asset=assets/models/sequoia_ngp.glb pending_models=0
[14:11:26.612186] [E] [handleMessage] Exception in handler: Entity(164): Light not found
[14:11:26.612299] [E] [handleMessage] Exception in handler: Entity(166): Light not found
[14:11:26.612379] [E] [handleMessage] Exception in handler: Entity(168): Light not found
[14:11:26.612455] [E] [handleMessage] Exception in handler: Entity(170): Light not found
[14:11:26.612843] [I] FLR0026_CAMERA_APPLIED head=(5,0,-5) targetPresent=true target=(0,0,0) dolly=(5,0,5)
[14:11:26.713863] [I] FLR0026_MODEL_STAGE_COMPLETE asset=assets/models/sequoia_ngp.glb pending_models=0
[14:11:26.714363] [E] [handleMessage] Exception in handler: Entity(164): Light not found
[14:11:26.714476] [E] [handleMessage] Exception in handler: Entity(166): Light not found
[14:11:26.714636] [E] [handleMessage] Exception in handler: Entity(168): Light not found
[14:11:26.714716] [E] [handleMessage] Exception in handler: Entity(170): Light not found
[14:11:26.715020] [I] FLR0026_CAMERA_APPLIED head=(5,0,-5) targetPresent=true target=(0,0,0) dolly=(5,0,5)
[14:11:26.815787] [I] FLR0026_MODEL_STAGE_COMPLETE asset=assets/models/sequoia_ngp.glb pending_models=0
[14:11:26.816195] [E] [handleMessage] Exception in handler: Entity(164): Light not found
[14:11:26.816293] [E] [handleMessage] Exception in handler: Entity(166): Light not found
[14:11:26.816363] [E] [handleMessage] Exception in handler: Entity(168): Light not found
[14:11:26.816430] [E] [handleMessage] Exception in handler: Entity(170): Light not found
[14:11:26.816934] [I] FLR0026_CAMERA_APPLIED head=(5,0,-5) targetPresent=true target=(0,0,0) dolly=(5,0,5)
[14:11:26.917751] [I] FLR0026_MODEL_STAGE_COMPLETE asset=assets/models/sequoia_ngp.glb pending_models=0
[14:11:26.918253] [E] [handleMessage] Exception in handler: Entity(164): Light not found
[14:11:26.918363] [E] [handleMessage] Exception in handler: Entity(166): Light not found
[14:11:26.918436] [E] [handleMessage] Exception in handler: Entity(168): Light not found
[14:11:26.918750] [E] [handleMessage] Exception in handler: Entity(170): Light not found
[14:11:26.919053] [I] FLR0026_CAMERA_APPLIED head=(5,0,-5) targetPresent=true target=(0,0,0) dolly=(5,0,5)
[14:11:27.019758] [I] FLR0026_MODEL_STAGE_COMPLETE asset=assets/models/sequoia_ngp.glb pending_models=0
[14:11:27.020169] [E] [handleMessage] Exception in handler: Entity(164): Light not found
[14:11:27.020272] [E] [handleMessage] Exception in handler: Entity(166): Light not found
[14:11:27.020345] [E] [handleMessage] Exception in handler: Entity(168): Light not found
[14:11:27.020414] [E] [handleMessage] Exception in handler: Entity(170): Light not found
[14:11:27.020877] [I] FLR0026_CAMERA_APPLIED head=(5,0,-5) targetPresent=true target=(0,0,0) dolly=(5,0,5)
[14:11:27.121488] [I] FLR0026_MODEL_STAGE_COMPLETE asset=assets/models/sequoia_ngp.glb pending_models=0
[14:11:27.121791] [E] [handleMessage] Exception in handler: Entity(164): Light not found
[14:11:27.121882] [E] [handleMessage] Exception in handler: Entity(166): Light not found
[14:11:27.121956] [E] [handleMessage] Exception in handler: Entity(168): Light not found
[14:11:27.122039] [E] [handleMessage] Exception in handler: Entity(170): Light not found
[14:11:27.122337] [I] FLR0026_CAMERA_APPLIED head=(5,0,-5) targetPresent=true target=(0,0,0) dolly=(5,0,5)
[14:11:27.223292] [I] FLR0026_MODEL_STAGE_COMPLETE asset=assets/models/sequoia_ngp.glb pending_models=0
[14:11:27.223794] [E] [handleMessage] Exception in handler: Entity(164): Light not found
[14:11:27.223864] [E] [handleMessage] Exception in handler: Entity(166): Light not found
[14:11:27.223894] [E] [handleMessage] Exception in handler: Entity(168): Light not found
[14:11:27.223921] [E] [handleMessage] Exception in handler: Entity(170): Light not found
[14:11:27.224073] [I] FLR0026_CAMERA_APPLIED head=(5,0,-5) targetPresent=true target=(0,0,0) dolly=(5,0,5)
[14:11:27.324733] [I] FLR0026_MODEL_STAGE_COMPLETE asset=assets/models/sequoia_ngp.glb pending_models=0
[14:11:27.325165] [E] [handleMessage] Exception in handler: Entity(164): Light not found
[14:11:27.325272] [E] [handleMessage] Exception in handler: Entity(166): Light not found
[14:11:27.325350] [E] [handleMessage] Exception in handler: Entity(168): Light not found
[14:11:27.325423] [E] [handleMessage] Exception in handler: Entity(170): Light not found
[14:11:27.325864] [I] FLR0026_CAMERA_APPLIED head=(5,0,-5) targetPresent=true target=(0,0,0) dolly=(5,0,5)
[14:11:27.426781] [I] FLR0026_MODEL_STAGE_COMPLETE asset=assets/models/sequoia_ngp.glb pending_models=0
[14:11:27.427177] [E] [handleMessage] Exception in handler: Entity(164): Light not found
[14:11:27.427281] [E] [handleMessage] Exception in handler: Entity(166): Light not found
[14:11:27.427355] [E] [handleMessage] Exception in handler: Entity(168): Light not found
[14:11:27.427424] [E] [handleMessage] Exception in handler: Entity(170): Light not found
[14:11:27.427779] [I] FLR0026_CAMERA_APPLIED head=(5,0,-5) targetPresent=true target=(0,0,0) dolly=(5,0,5)
[14:11:27.528725] [I] FLR0026_MODEL_STAGE_COMPLETE asset=assets/models/sequoia_ngp.glb pending_models=0
[14:11:27.529130] [E] [handleMessage] Exception in handler: Entity(164): Light not found
[14:11:27.529234] [E] [handleMessage] Exception in handler: Entity(166): Light not found
[14:11:27.529311] [E] [handleMessage] Exception in handler: Entity(168): Light not found
[14:11:27.529379] [E] [handleMessage] Exception in handler: Entity(170): Light not found
[14:11:27.529731] [I] FLR0026_CAMERA_APPLIED head=(5,0,-5) targetPresent=true target=(0,0,0) dolly=(5,0,5)
[14:11:27.529950] [I] FLR0026_FRAME_BEGIN seq=280 started=false
[14:11:27.630705] [I] FLR0026_MODEL_STAGE_COMPLETE asset=assets/models/sequoia_ngp.glb pending_models=0
[14:11:27.631124] [E] [handleMessage] Exception in handler: Entity(164): Light not found
[14:11:27.631226] [E] [handleMessage] Exception in handler: Entity(166): Light not found
[14:11:27.631299] [E] [handleMessage] Exception in handler: Entity(168): Light not found
[14:11:27.631367] [E] [handleMessage] Exception in handler: Entity(170): Light not found
[14:11:27.631721] [I] FLR0026_CAMERA_APPLIED head=(5,0,-5) targetPresent=true target=(0,0,0) dolly=(5,0,5)
[14:11:27.732802] [I] FLR0026_MODEL_STAGE_COMPLETE asset=assets/models/sequoia_ngp.glb pending_models=0
[14:11:27.733240] [E] [handleMessage] Exception in handler: Entity(164): Light not found
[14:11:27.733348] [E] [handleMessage] Exception in handler: Entity(166): Light not found
[14:11:27.733775] [E] [handleMessage] Exception in handler: Entity(168): Light not found
[14:11:27.733890] [E] [handleMessage] Exception in handler: Entity(170): Light not found
[14:11:27.734209] [I] FLR0026_CAMERA_APPLIED head=(5,0,-5) targetPresent=true target=(0,0,0) dolly=(5,0,5)
[14:11:27.835249] [I] FLR0026_MODEL_STAGE_COMPLETE asset=assets/models/sequoia_ngp.glb pending_models=0
[14:11:27.835845] [E] [handleMessage] Exception in handler: Entity(164): Light not found
[14:11:27.835936] [E] [handleMessage] Exception in handler: Entity(166): Light not found
[14:11:27.835968] [E] [handleMessage] Exception in handler: Entity(168): Light not found
[14:11:27.835996] [E] [handleMessage] Exception in handler: Entity(170): Light not found
[14:11:27.836148] [I] FLR0026_CAMERA_APPLIED head=(5,0,-5) targetPresent=true target=(0,0,0) dolly=(5,0,5)
[14:11:27.936845] [I] FLR0026_MODEL_STAGE_COMPLETE asset=assets/models/sequoia_ngp.glb pending_models=0
[14:11:27.937230] [E] [handleMessage] Exception in handler: Entity(164): Light not found
[14:11:27.937331] [E] [handleMessage] Exception in handler: Entity(166): Light not found
[14:11:27.937405] [E] [handleMessage] Exception in handler: Entity(168): Light not found
[14:11:27.937473] [E] [handleMessage] Exception in handler: Entity(170): Light not found
[14:11:27.937888] [I] FLR0026_CAMERA_APPLIED head=(5,0,-5) targetPresent=true target=(0,0,0) dolly=(5,0,5)
[14:11:28.038730] [I] FLR0026_MODEL_STAGE_COMPLETE asset=assets/models/sequoia_ngp.glb pending_models=0
[14:11:28.039146] [E] [handleMessage] Exception in handler: Entity(164): Light not found
[14:11:28.039248] [E] [handleMessage] Exception in handler: Entity(166): Light not found
[14:11:28.039321] [E] [handleMessage] Exception in handler: Entity(168): Light not found
[14:11:28.039390] [E] [handleMessage] Exception in handler: Entity(170): Light not found
[14:11:28.039739] [I] FLR0026_CAMERA_APPLIED head=(5,0,-5) targetPresent=true target=(0,0,0) dolly=(5,0,5)
[14:11:28.140630] [I] FLR0026_MODEL_STAGE_COMPLETE asset=assets/models/sequoia_ngp.glb pending_models=0
[14:11:28.141040] [E] [handleMessage] Exception in handler: Entity(164): Light not found
[14:11:28.141142] [E] [handleMessage] Exception in handler: Entity(166): Light not found
[14:11:28.141217] [E] [handleMessage] Exception in handler: Entity(168): Light not found
[14:11:28.141287] [E] [handleMessage] Exception in handler: Entity(170): Light not found
[14:11:28.141661] [I] FLR0026_CAMERA_APPLIED head=(5,0,-5) targetPresent=true target=(0,0,0) dolly=(5,0,5)
[14:11:28.242458] [I] FLR0026_MODEL_STAGE_COMPLETE asset=assets/models/sequoia_ngp.glb pending_models=0
[14:11:28.242918] [E] [handleMessage] Exception in handler: Entity(164): Light not found
[14:11:28.242967] [E] [handleMessage] Exception in handler: Entity(166): Light not found
[14:11:28.242999] [E] [handleMessage] Exception in handler: Entity(168): Light not found
[14:11:28.243028] [E] [handleMessage] Exception in handler: Entity(170): Light not found
[14:11:28.243180] [I] FLR0026_CAMERA_APPLIED head=(5,0,-5) targetPresent=true target=(0,0,0) dolly=(5,0,5)
[14:11:28.343881] [I] FLR0026_MODEL_STAGE_COMPLETE asset=assets/models/sequoia_ngp.glb pending_models=0
[14:11:28.344292] [E] [handleMessage] Exception in handler: Entity(164): Light not found
[14:11:28.344638] [E] [handleMessage] Exception in handler: Entity(166): Light not found
[14:11:28.344699] [E] [handleMessage] Exception in handler: Entity(168): Light not found
[14:11:28.344732] [E] [handleMessage] Exception in handler: Entity(170): Light not found
[14:11:28.344916] [I] FLR0026_CAMERA_APPLIED head=(5,0,-5) targetPresent=true target=(0,0,0) dolly=(5,0,5)
[14:11:28.445734] [I] FLR0026_MODEL_STAGE_COMPLETE asset=assets/models/sequoia_ngp.glb pending_models=0
[14:11:28.446178] [E] [handleMessage] Exception in handler: Entity(164): Light not found
[14:11:28.446282] [E] [handleMessage] Exception in handler: Entity(166): Light not found
[14:11:28.446356] [E] [handleMessage] Exception in handler: Entity(168): Light not found
[14:11:28.446424] [E] [handleMessage] Exception in handler: Entity(170): Light not found
[14:11:28.446710] [I] FLR0026_CAMERA_APPLIED head=(5,0,-5) targetPresent=true target=(0,0,0) dolly=(5,0,5)
[14:11:28.547253] [I] FLR0026_MODEL_STAGE_COMPLETE asset=assets/models/sequoia_ngp.glb pending_models=0
[14:11:28.547641] [E] [handleMessage] Exception in handler: Entity(164): Light not found
[14:11:28.547765] [E] [handleMessage] Exception in handler: Entity(166): Light not found
[14:11:28.547850] [E] [handleMessage] Exception in handler: Entity(168): Light not found
[14:11:28.547928] [E] [handleMessage] Exception in handler: Entity(170): Light not found
[14:11:28.548243] [I] FLR0026_CAMERA_APPLIED head=(5,0,-5) targetPresent=true target=(0,0,0) dolly=(5,0,5)
[14:11:28.548696] [I] FLR0026_FRAME_BEGIN seq=290 started=false
[14:11:28.649219] [I] FLR0026_MODEL_STAGE_COMPLETE asset=assets/models/sequoia_ngp.glb pending_models=0
[14:11:28.649796] [E] [handleMessage] Exception in handler: Entity(164): Light not found
[14:11:28.649917] [E] [handleMessage] Exception in handler: Entity(166): Light not found
[14:11:28.649996] [E] [handleMessage] Exception in handler: Entity(168): Light not found
[14:11:28.650133] [E] [handleMessage] Exception in handler: Entity(170): Light not found
[14:11:28.650434] [I] FLR0026_CAMERA_APPLIED head=(5,0,-5) targetPresent=true target=(0,0,0) dolly=(5,0,5)
[14:11:28.751342] [I] FLR0026_MODEL_STAGE_COMPLETE asset=assets/models/sequoia_ngp.glb pending_models=0
[14:11:28.751899] [E] [handleMessage] Exception in handler: Entity(164): Light not found
[14:11:28.752018] [E] [handleMessage] Exception in handler: Entity(166): Light not found
[14:11:28.752099] [E] [handleMessage] Exception in handler: Entity(168): Light not found
[14:11:28.752172] [E] [handleMessage] Exception in handler: Entity(170): Light not found
[14:11:28.752481] [I] FLR0026_CAMERA_APPLIED head=(5,0,-5) targetPresent=true target=(0,0,0) dolly=(5,0,5)
[14:11:28.855172] [I] FLR0026_MODEL_STAGE_COMPLETE asset=assets/models/sequoia_ngp.glb pending_models=0
[14:11:28.855776] [E] [handleMessage] Exception in handler: Entity(164): Light not found
[14:11:28.855889] [E] [handleMessage] Exception in handler: Entity(166): Light not found
[14:11:28.855920] [E] [handleMessage] Exception in handler: Entity(168): Light not found
[14:11:28.855948] [E] [handleMessage] Exception in handler: Entity(170): Light not found
[14:11:28.856102] [I] FLR0026_CAMERA_APPLIED head=(5,0,-5) targetPresent=true target=(0,0,0) dolly=(5,0,5)
[14:11:28.956868] [I] FLR0026_MODEL_STAGE_COMPLETE asset=assets/models/sequoia_ngp.glb pending_models=0
[14:11:28.957260] [E] [handleMessage] Exception in handler: Entity(164): Light not found
[14:11:28.957368] [E] [handleMessage] Exception in handler: Entity(166): Light not found
[14:11:28.957448] [E] [handleMessage] Exception in handler: Entity(168): Light not found
[14:11:28.957694] [E] [handleMessage] Exception in handler: Entity(170): Light not found
[14:11:28.957959] [I] FLR0026_CAMERA_APPLIED head=(5,0,-5) targetPresent=true target=(0,0,0) dolly=(5,0,5)
[14:11:29.058583] [I] FLR0026_MODEL_STAGE_COMPLETE asset=assets/models/sequoia_ngp.glb pending_models=0
[14:11:29.059069] [E] [handleMessage] Exception in handler: Entity(164): Light not found
[14:11:29.059180] [E] [handleMessage] Exception in handler: Entity(166): Light not found
[14:11:29.059253] [E] [handleMessage] Exception in handler: Entity(168): Light not found
[14:11:29.059322] [E] [handleMessage] Exception in handler: Entity(170): Light not found
[14:11:29.059653] [I] FLR0026_CAMERA_APPLIED head=(5,0,-5) targetPresent=true target=(0,0,0) dolly=(5,0,5)
[14:11:29.161781] [I] FLR0026_MODEL_STAGE_COMPLETE asset=assets/models/sequoia_ngp.glb pending_models=0
[14:11:29.162212] [E] [handleMessage] Exception in handler: Entity(164): Light not found
[14:11:29.162323] [E] [handleMessage] Exception in handler: Entity(166): Light not found
[14:11:29.162403] [E] [handleMessage] Exception in handler: Entity(168): Light not found
[14:11:29.162477] [E] [handleMessage] Exception in handler: Entity(170): Light not found
[14:11:29.162953] [I] FLR0026_CAMERA_APPLIED head=(5,0,-5) targetPresent=true target=(0,0,0) dolly=(5,0,5)
[14:11:29.263960] [I] FLR0026_MODEL_STAGE_COMPLETE asset=assets/models/sequoia_ngp.glb pending_models=0
[14:11:29.264345] [E] [handleMessage] Exception in handler: Entity(164): Light not found
[14:11:29.264446] [E] [handleMessage] Exception in handler: Entity(166): Light not found
[14:11:29.264671] [E] [handleMessage] Exception in handler: Entity(168): Light not found
[14:11:29.264766] [E] [handleMessage] Exception in handler: Entity(170): Light not found
[14:11:29.265075] [I] FLR0026_CAMERA_APPLIED head=(5,0,-5) targetPresent=true target=(0,0,0) dolly=(5,0,5)
[14:11:29.365748] [I] FLR0026_MODEL_STAGE_COMPLETE asset=assets/models/sequoia_ngp.glb pending_models=0
[14:11:29.366172] [E] [handleMessage] Exception in handler: Entity(164): Light not found
[14:11:29.366281] [E] [handleMessage] Exception in handler: Entity(166): Light not found
[14:11:29.366361] [E] [handleMessage] Exception in handler: Entity(168): Light not found
[14:11:29.366435] [E] [handleMessage] Exception in handler: Entity(170): Light not found
[14:11:29.366895] [I] FLR0026_CAMERA_APPLIED head=(5,0,-5) targetPresent=true target=(0,0,0) dolly=(5,0,5)
[14:11:29.467866] [I] FLR0026_MODEL_STAGE_COMPLETE asset=assets/models/sequoia_ngp.glb pending_models=0
[14:11:29.468256] [E] [handleMessage] Exception in handler: Entity(164): Light not found
[14:11:29.468358] [E] [handleMessage] Exception in handler: Entity(166): Light not found
[14:11:29.468433] [E] [handleMessage] Exception in handler: Entity(168): Light not found
[14:11:29.468596] [E] [handleMessage] Exception in handler: Entity(170): Light not found
[14:11:29.468910] [I] FLR0026_CAMERA_APPLIED head=(5,0,-5) targetPresent=true target=(0,0,0) dolly=(5,0,5)
[14:11:29.569874] [I] FLR0026_MODEL_STAGE_PROGRESS seq=300 progress=1 assets=1
[14:11:29.569994] [I] FLR0026_MODEL_STAGE_COMPLETE asset=assets/models/sequoia_ngp.glb pending_models=0
[14:11:29.570318] [E] [handleMessage] Exception in handler: Entity(164): Light not found
[14:11:29.570425] [E] [handleMessage] Exception in handler: Entity(166): Light not found
[14:11:29.570658] [E] [handleMessage] Exception in handler: Entity(168): Light not found
[14:11:29.570770] [E] [handleMessage] Exception in handler: Entity(170): Light not found
[14:11:29.571082] [I] FLR0026_CAMERA_APPLIED head=(5,0,-5) targetPresent=true target=(0,0,0) dolly=(5,0,5)
[14:11:29.571266] [I] FLR0026_FRAME_BEGIN seq=300 started=false
[14:11:29.671823] [I] FLR0026_MODEL_STAGE_COMPLETE asset=assets/models/sequoia_ngp.glb pending_models=0
[14:11:29.672213] [E] [handleMessage] Exception in handler: Entity(164): Light not found
[14:11:29.672314] [E] [handleMessage] Exception in handler: Entity(166): Light not found
[14:11:29.672389] [E] [handleMessage] Exception in handler: Entity(168): Light not found
[14:11:29.672457] [E] [handleMessage] Exception in handler: Entity(170): Light not found
[14:11:29.672905] [I] FLR0026_CAMERA_APPLIED head=(5,0,-5) targetPresent=true target=(0,0,0) dolly=(5,0,5)
[14:11:29.773764] [I] FLR0026_MODEL_STAGE_COMPLETE asset=assets/models/sequoia_ngp.glb pending_models=0
[14:11:29.774199] [E] [handleMessage] Exception in handler: Entity(164): Light not found
[14:11:29.774345] [E] [handleMessage] Exception in handler: Entity(166): Light not found
[14:11:29.774459] [E] [handleMessage] Exception in handler: Entity(168): Light not found
[14:11:29.774732] [E] [handleMessage] Exception in handler: Entity(170): Light not found
[14:11:29.775075] [I] FLR0026_CAMERA_APPLIED head=(5,0,-5) targetPresent=true target=(0,0,0) dolly=(5,0,5)
[14:11:29.875825] [I] FLR0026_MODEL_STAGE_COMPLETE asset=assets/models/sequoia_ngp.glb pending_models=0
[14:11:29.876210] [E] [handleMessage] Exception in handler: Entity(164): Light not found
[14:11:29.876311] [E] [handleMessage] Exception in handler: Entity(166): Light not found
[14:11:29.876385] [E] [handleMessage] Exception in handler: Entity(168): Light not found
[14:11:29.876453] [E] [handleMessage] Exception in handler: Entity(170): Light not found
[14:11:29.876931] [I] FLR0026_CAMERA_APPLIED head=(5,0,-5) targetPresent=true target=(0,0,0) dolly=(5,0,5)
[14:11:29.977837] [I] FLR0026_MODEL_STAGE_COMPLETE asset=assets/models/sequoia_ngp.glb pending_models=0
[14:11:29.978239] [E] [handleMessage] Exception in handler: Entity(164): Light not found
[14:11:29.978348] [E] [handleMessage] Exception in handler: Entity(166): Light not found
[14:11:29.978429] [E] [handleMessage] Exception in handler: Entity(168): Light not found
[14:11:29.978621] [E] [handleMessage] Exception in handler: Entity(170): Light not found
[14:11:29.978967] [I] FLR0026_CAMERA_APPLIED head=(5,0,-5) targetPresent=true target=(0,0,0) dolly=(5,0,5)
[14:11:30.079763] [I] FLR0026_MODEL_STAGE_COMPLETE asset=assets/models/sequoia_ngp.glb pending_models=0
[14:11:30.080172] [E] [handleMessage] Exception in handler: Entity(164): Light not found
[14:11:30.080274] [E] [handleMessage] Exception in handler: Entity(166): Light not found
[14:11:30.080349] [E] [handleMessage] Exception in handler: Entity(168): Light not found
[14:11:30.080419] [E] [handleMessage] Exception in handler: Entity(170): Light not found
[14:11:30.080895] [I] FLR0026_CAMERA_APPLIED head=(5,0,-5) targetPresent=true target=(0,0,0) dolly=(5,0,5)
[14:11:30.181824] [I] FLR0026_MODEL_STAGE_COMPLETE asset=assets/models/sequoia_ngp.glb pending_models=0
[14:11:30.182251] [E] [handleMessage] Exception in handler: Entity(164): Light not found
[14:11:30.182362] [E] [handleMessage] Exception in handler: Entity(166): Light not found
[14:11:30.182444] [E] [handleMessage] Exception in handler: Entity(168): Light not found
[14:11:30.182624] [E] [handleMessage] Exception in handler: Entity(170): Light not found
[14:11:30.182961] [I] FLR0026_CAMERA_APPLIED head=(5,0,-5) targetPresent=true target=(0,0,0) dolly=(5,0,5)
[14:11:30.283829] [I] FLR0026_MODEL_STAGE_COMPLETE asset=assets/models/sequoia_ngp.glb pending_models=0
[14:11:30.284242] [E] [handleMessage] Exception in handler: Entity(164): Light not found
[14:11:30.284344] [E] [handleMessage] Exception in handler: Entity(166): Light not found
[14:11:30.284421] [E] [handleMessage] Exception in handler: Entity(168): Light not found
[14:11:30.284493] [E] [handleMessage] Exception in handler: Entity(170): Light not found
[14:11:30.284909] [I] FLR0026_CAMERA_APPLIED head=(5,0,-5) targetPresent=true target=(0,0,0) dolly=(5,0,5)
[14:11:30.385612] [I] FLR0026_MODEL_STAGE_COMPLETE asset=assets/models/sequoia_ngp.glb pending_models=0
[14:11:30.385872] [E] [handleMessage] Exception in handler: Entity(164): Light not found
[14:11:30.385970] [E] [handleMessage] Exception in handler: Entity(166): Light not found
[14:11:30.386049] [E] [handleMessage] Exception in handler: Entity(168): Light not found
[14:11:30.386136] [E] [handleMessage] Exception in handler: Entity(170): Light not found
[14:11:30.386463] [I] FLR0026_CAMERA_APPLIED head=(5,0,-5) targetPresent=true target=(0,0,0) dolly=(5,0,5)
[14:11:30.487445] [I] FLR0026_MODEL_STAGE_COMPLETE asset=assets/models/sequoia_ngp.glb pending_models=0
[14:11:30.488199] [E] [handleMessage] Exception in handler: Entity(164): Light not found
[14:11:30.488308] [E] [handleMessage] Exception in handler: Entity(166): Light not found
[14:11:30.488377] [E] [handleMessage] Exception in handler: Entity(168): Light not found
[14:11:30.488440] [E] [handleMessage] Exception in handler: Entity(170): Light not found
[14:11:30.488779] [I] FLR0026_CAMERA_APPLIED head=(5,0,-5) targetPresent=true target=(0,0,0) dolly=(5,0,5)
[14:11:30.589801] [I] FLR0026_MODEL_STAGE_COMPLETE asset=assets/models/sequoia_ngp.glb pending_models=0
[14:11:30.590096] [E] [handleMessage] Exception in handler: Entity(164): Light not found
[14:11:30.590148] [E] [handleMessage] Exception in handler: Entity(166): Light not found
[14:11:30.590183] [E] [handleMessage] Exception in handler: Entity(168): Light not found
[14:11:30.590214] [E] [handleMessage] Exception in handler: Entity(170): Light not found
[14:11:30.590374] [I] FLR0026_CAMERA_APPLIED head=(5,0,-5) targetPresent=true target=(0,0,0) dolly=(5,0,5)
[14:11:30.590685] [I] FLR0026_FRAME_BEGIN seq=310 started=false
[14:11:30.691210] [I] FLR0026_MODEL_STAGE_COMPLETE asset=assets/models/sequoia_ngp.glb pending_models=0
[14:11:30.691705] [E] [handleMessage] Exception in handler: Entity(164): Light not found
[14:11:30.691863] [E] [handleMessage] Exception in handler: Entity(166): Light not found
[14:11:30.691958] [E] [handleMessage] Exception in handler: Entity(168): Light not found
[14:11:30.692055] [E] [handleMessage] Exception in handler: Entity(170): Light not found
[14:11:30.692352] [I] FLR0026_CAMERA_APPLIED head=(5,0,-5) targetPresent=true target=(0,0,0) dolly=(5,0,5)
[14:11:30.793260] [I] FLR0026_MODEL_STAGE_COMPLETE asset=assets/models/sequoia_ngp.glb pending_models=0
[14:11:30.793790] [E] [handleMessage] Exception in handler: Entity(164): Light not found
[14:11:30.793907] [E] [handleMessage] Exception in handler: Entity(166): Light not found
[14:11:30.793982] [E] [handleMessage] Exception in handler: Entity(168): Light not found
[14:11:30.794049] [E] [handleMessage] Exception in handler: Entity(170): Light not found
[14:11:30.794333] [I] FLR0026_CAMERA_APPLIED head=(5,0,-5) targetPresent=true target=(0,0,0) dolly=(5,0,5)
[14:11:30.895239] [I] FLR0026_MODEL_STAGE_COMPLETE asset=assets/models/sequoia_ngp.glb pending_models=0
[14:11:30.895745] [E] [handleMessage] Exception in handler: Entity(164): Light not found
[14:11:30.895867] [E] [handleMessage] Exception in handler: Entity(166): Light not found
[14:11:30.895940] [E] [handleMessage] Exception in handler: Entity(168): Light not found
[14:11:30.896002] [E] [handleMessage] Exception in handler: Entity(170): Light not found
[14:11:30.896276] [I] FLR0026_CAMERA_APPLIED head=(5,0,-5) targetPresent=true target=(0,0,0) dolly=(5,0,5)
[14:11:30.997189] [I] FLR0026_MODEL_STAGE_COMPLETE asset=assets/models/sequoia_ngp.glb pending_models=0
[14:11:30.997699] [E] [handleMessage] Exception in handler: Entity(164): Light not found
[14:11:30.997833] [E] [handleMessage] Exception in handler: Entity(166): Light not found
[14:11:30.997915] [E] [handleMessage] Exception in handler: Entity(168): Light not found
[14:11:30.997979] [E] [handleMessage] Exception in handler: Entity(170): Light not found
[14:11:30.998142] [I] FLR0026_CAMERA_APPLIED head=(5,0,-5) targetPresent=true target=(0,0,0) dolly=(5,0,5)
[14:11:31.098658] [I] FLR0026_MODEL_STAGE_COMPLETE asset=assets/models/sequoia_ngp.glb pending_models=0
[14:11:31.099058] [E] [handleMessage] Exception in handler: Entity(164): Light not found
[14:11:31.099180] [E] [handleMessage] Exception in handler: Entity(166): Light not found
[14:11:31.099256] [E] [handleMessage] Exception in handler: Entity(168): Light not found
[14:11:31.099323] [E] [handleMessage] Exception in handler: Entity(170): Light not found
[14:11:31.099788] [I] FLR0026_CAMERA_APPLIED head=(5,0,-5) targetPresent=true target=(0,0,0) dolly=(5,0,5)
[14:11:31.200423] [I] FLR0026_MODEL_STAGE_COMPLETE asset=assets/models/sequoia_ngp.glb pending_models=0
[14:11:31.200770] [E] [handleMessage] Exception in handler: Entity(164): Light not found
[14:11:31.200879] [E] [handleMessage] Exception in handler: Entity(166): Light not found
[14:11:31.200956] [E] [handleMessage] Exception in handler: Entity(168): Light not found
[14:11:31.201027] [E] [handleMessage] Exception in handler: Entity(170): Light not found
[14:11:31.201313] [I] FLR0026_CAMERA_APPLIED head=(5,0,-5) targetPresent=true target=(0,0,0) dolly=(5,0,5)
[14:11:31.302328] [I] FLR0026_MODEL_STAGE_COMPLETE asset=assets/models/sequoia_ngp.glb pending_models=0
[14:11:31.302814] [E] [handleMessage] Exception in handler: Entity(164): Light not found
[14:11:31.302866] [E] [handleMessage] Exception in handler: Entity(166): Light not found
[14:11:31.302897] [E] [handleMessage] Exception in handler: Entity(168): Light not found
[14:11:31.302925] [E] [handleMessage] Exception in handler: Entity(170): Light not found
[14:11:31.303076] [I] FLR0026_CAMERA_APPLIED head=(5,0,-5) targetPresent=true target=(0,0,0) dolly=(5,0,5)
[14:11:31.403694] [I] FLR0026_MODEL_STAGE_COMPLETE asset=assets/models/sequoia_ngp.glb pending_models=0
[14:11:31.404072] [E] [handleMessage] Exception in handler: Entity(164): Light not found
[14:11:31.404170] [E] [handleMessage] Exception in handler: Entity(166): Light not found
[14:11:31.404245] [E] [handleMessage] Exception in handler: Entity(168): Light not found
[14:11:31.404312] [E] [handleMessage] Exception in handler: Entity(170): Light not found
[14:11:31.404693] [I] FLR0026_CAMERA_APPLIED head=(5,0,-5) targetPresent=true target=(0,0,0) dolly=(5,0,5)
[14:11:31.505405] [I] FLR0026_MODEL_STAGE_COMPLETE asset=assets/models/sequoia_ngp.glb pending_models=0
[14:11:31.506141] [E] [handleMessage] Exception in handler: Entity(164): Light not found
[14:11:31.506262] [E] [handleMessage] Exception in handler: Entity(166): Light not found
[14:11:31.506347] [E] [handleMessage] Exception in handler: Entity(168): Light not found
[14:11:31.506417] [E] [handleMessage] Exception in handler: Entity(170): Light not found
[14:11:31.506763] [I] FLR0026_CAMERA_APPLIED head=(5,0,-5) targetPresent=true target=(0,0,0) dolly=(5,0,5)
[14:11:31.607414] [I] FLR0026_MODEL_STAGE_COMPLETE asset=assets/models/sequoia_ngp.glb pending_models=0
[14:11:31.607897] [E] [handleMessage] Exception in handler: Entity(164): Light not found
[14:11:31.608003] [E] [handleMessage] Exception in handler: Entity(166): Light not found
[14:11:31.608078] [E] [handleMessage] Exception in handler: Entity(168): Light not found
[14:11:31.608149] [E] [handleMessage] Exception in handler: Entity(170): Light not found
[14:11:31.608456] [I] FLR0026_CAMERA_APPLIED head=(5,0,-5) targetPresent=true target=(0,0,0) dolly=(5,0,5)
[14:11:31.608903] [I] FLR0026_FRAME_BEGIN seq=320 started=false
[14:11:31.709606] [I] FLR0026_MODEL_STAGE_COMPLETE asset=assets/models/sequoia_ngp.glb pending_models=0
[14:11:31.710020] [E] [handleMessage] Exception in handler: Entity(164): Light not found
[14:11:31.710133] [E] [handleMessage] Exception in handler: Entity(166): Light not found
[14:11:31.710210] [E] [handleMessage] Exception in handler: Entity(168): Light not found
[14:11:31.710278] [E] [handleMessage] Exception in handler: Entity(170): Light not found
[14:11:31.710633] [I] FLR0026_CAMERA_APPLIED head=(5,0,-5) targetPresent=true target=(0,0,0) dolly=(5,0,5)
[14:11:31.811419] [I] FLR0026_MODEL_STAGE_COMPLETE asset=assets/models/sequoia_ngp.glb pending_models=0
[14:11:31.811904] [E] [handleMessage] Exception in handler: Entity(164): Light not found
[14:11:31.812002] [E] [handleMessage] Exception in handler: Entity(166): Light not found
[14:11:31.812069] [E] [handleMessage] Exception in handler: Entity(168): Light not found
[14:11:31.812131] [E] [handleMessage] Exception in handler: Entity(170): Light not found
[14:11:31.812474] [I] FLR0026_CAMERA_APPLIED head=(5,0,-5) targetPresent=true target=(0,0,0) dolly=(5,0,5)
[14:11:31.913380] [I] FLR0026_MODEL_STAGE_COMPLETE asset=assets/models/sequoia_ngp.glb pending_models=0
[14:11:31.913888] [E] [handleMessage] Exception in handler: Entity(164): Light not found
[14:11:31.914001] [E] [handleMessage] Exception in handler: Entity(166): Light not found
[14:11:31.914089] [E] [handleMessage] Exception in handler: Entity(168): Light not found
[14:11:31.914217] [E] [handleMessage] Exception in handler: Entity(170): Light not found
[14:11:31.914681] [I] FLR0026_CAMERA_APPLIED head=(5,0,-5) targetPresent=true target=(0,0,0) dolly=(5,0,5)
[14:11:32.015855] [I] FLR0026_MODEL_STAGE_COMPLETE asset=assets/models/sequoia_ngp.glb pending_models=0
[14:11:32.016258] [E] [handleMessage] Exception in handler: Entity(164): Light not found
[14:11:32.016360] [E] [handleMessage] Exception in handler: Entity(166): Light not found
[14:11:32.016433] [E] [handleMessage] Exception in handler: Entity(168): Light not found
[14:11:32.016576] [E] [handleMessage] Exception in handler: Entity(170): Light not found
[14:11:32.016887] [I] FLR0026_CAMERA_APPLIED head=(5,0,-5) targetPresent=true target=(0,0,0) dolly=(5,0,5)
[14:11:32.117851] [I] FLR0026_MODEL_STAGE_COMPLETE asset=assets/models/sequoia_ngp.glb pending_models=0
[14:11:32.118267] [E] [handleMessage] Exception in handler: Entity(164): Light not found
[14:11:32.118370] [E] [handleMessage] Exception in handler: Entity(166): Light not found
[14:11:32.118441] [E] [handleMessage] Exception in handler: Entity(168): Light not found
[14:11:32.118608] [E] [handleMessage] Exception in handler: Entity(170): Light not found
[14:11:32.118917] [I] FLR0026_CAMERA_APPLIED head=(5,0,-5) targetPresent=true target=(0,0,0) dolly=(5,0,5)
[14:11:32.219869] [I] FLR0026_MODEL_STAGE_COMPLETE asset=assets/models/sequoia_ngp.glb pending_models=0
[14:11:32.220257] [E] [handleMessage] Exception in handler: Entity(164): Light not found
[14:11:32.220358] [E] [handleMessage] Exception in handler: Entity(166): Light not found
[14:11:32.220432] [E] [handleMessage] Exception in handler: Entity(168): Light not found
[14:11:32.220636] [E] [handleMessage] Exception in handler: Entity(170): Light not found
[14:11:32.220957] [I] FLR0026_CAMERA_APPLIED head=(5,0,-5) targetPresent=true target=(0,0,0) dolly=(5,0,5)
[14:11:32.321858] [I] FLR0026_MODEL_STAGE_COMPLETE asset=assets/models/sequoia_ngp.glb pending_models=0
[14:11:32.322262] [E] [handleMessage] Exception in handler: Entity(164): Light not found
[14:11:32.322366] [E] [handleMessage] Exception in handler: Entity(166): Light not found
[14:11:32.322438] [E] [handleMessage] Exception in handler: Entity(168): Light not found
[14:11:32.322639] [E] [handleMessage] Exception in handler: Entity(170): Light not found
[14:11:32.323031] [I] FLR0026_CAMERA_APPLIED head=(5,0,-5) targetPresent=true target=(0,0,0) dolly=(5,0,5)
[14:11:32.424089] [I] FLR0026_MODEL_STAGE_COMPLETE asset=assets/models/sequoia_ngp.glb pending_models=0
[14:11:32.424476] [E] [handleMessage] Exception in handler: Entity(164): Light not found
[14:11:32.424701] [E] [handleMessage] Exception in handler: Entity(166): Light not found
[14:11:32.424794] [E] [handleMessage] Exception in handler: Entity(168): Light not found
[14:11:32.424950] [E] [handleMessage] Exception in handler: Entity(170): Light not found
[14:11:32.425261] [I] FLR0026_CAMERA_APPLIED head=(5,0,-5) targetPresent=true target=(0,0,0) dolly=(5,0,5)
[14:11:32.527146] [I] FLR0026_MODEL_STAGE_COMPLETE asset=assets/models/sequoia_ngp.glb pending_models=0
[14:11:32.527681] [E] [handleMessage] Exception in handler: Entity(164): Light not found
[14:11:32.527794] [E] [handleMessage] Exception in handler: Entity(166): Light not found
[14:11:32.527869] [E] [handleMessage] Exception in handler: Entity(168): Light not found
[14:11:32.527937] [E] [handleMessage] Exception in handler: Entity(170): Light not found
[14:11:32.528208] [I] FLR0026_CAMERA_APPLIED head=(5,0,-5) targetPresent=true target=(0,0,0) dolly=(5,0,5)
[14:11:32.629074] [I] FLR0026_MODEL_STAGE_COMPLETE asset=assets/models/sequoia_ngp.glb pending_models=0
[14:11:32.629649] [E] [handleMessage] Exception in handler: Entity(164): Light not found
[14:11:32.629784] [E] [handleMessage] Exception in handler: Entity(166): Light not found
[14:11:32.629860] [E] [handleMessage] Exception in handler: Entity(168): Light not found
[14:11:32.629926] [E] [handleMessage] Exception in handler: Entity(170): Light not found
[14:11:32.630221] [I] FLR0026_CAMERA_APPLIED head=(5,0,-5) targetPresent=true target=(0,0,0) dolly=(5,0,5)
[14:11:32.630605] [I] FLR0026_FRAME_BEGIN seq=330 started=false
[14:11:32.731174] [I] FLR0026_MODEL_STAGE_COMPLETE asset=assets/models/sequoia_ngp.glb pending_models=0
[14:11:32.731696] [E] [handleMessage] Exception in handler: Entity(164): Light not found
[14:11:32.731832] [E] [handleMessage] Exception in handler: Entity(166): Light not found
[14:11:32.731908] [E] [handleMessage] Exception in handler: Entity(168): Light not found
[14:11:32.731977] [E] [handleMessage] Exception in handler: Entity(170): Light not found
[14:11:32.732275] [I] FLR0026_CAMERA_APPLIED head=(5,0,-5) targetPresent=true target=(0,0,0) dolly=(5,0,5)
[14:11:32.833364] [I] FLR0026_MODEL_STAGE_COMPLETE asset=assets/models/sequoia_ngp.glb pending_models=0
[14:11:32.833903] [E] [handleMessage] Exception in handler: Entity(164): Light not found
[14:11:32.834010] [E] [handleMessage] Exception in handler: Entity(166): Light not found
[14:11:32.834077] [E] [handleMessage] Exception in handler: Entity(168): Light not found
[14:11:32.834148] [E] [handleMessage] Exception in handler: Entity(170): Light not found
[14:11:32.834425] [I] FLR0026_CAMERA_APPLIED head=(5,0,-5) targetPresent=true target=(0,0,0) dolly=(5,0,5)
[14:11:32.935376] [I] FLR0026_MODEL_STAGE_COMPLETE asset=assets/models/sequoia_ngp.glb pending_models=0
[14:11:32.935929] [E] [handleMessage] Exception in handler: Entity(164): Light not found
[14:11:32.936044] [E] [handleMessage] Exception in handler: Entity(166): Light not found
[14:11:32.936115] [E] [handleMessage] Exception in handler: Entity(168): Light not found
[14:11:32.936184] [E] [handleMessage] Exception in handler: Entity(170): Light not found
[14:11:32.936474] [I] FLR0026_CAMERA_APPLIED head=(5,0,-5) targetPresent=true target=(0,0,0) dolly=(5,0,5)
[14:11:33.037705] [I] FLR0026_MODEL_STAGE_COMPLETE asset=assets/models/sequoia_ngp.glb pending_models=0
[14:11:33.038080] [E] [handleMessage] Exception in handler: Entity(164): Light not found
[14:11:33.038128] [E] [handleMessage] Exception in handler: Entity(166): Light not found
[14:11:33.038165] [E] [handleMessage] Exception in handler: Entity(168): Light not found
[14:11:33.038197] [E] [handleMessage] Exception in handler: Entity(170): Light not found
[14:11:33.038355] [I] FLR0026_CAMERA_APPLIED head=(5,0,-5) targetPresent=true target=(0,0,0) dolly=(5,0,5)
[14:11:33.139218] [I] FLR0026_MODEL_STAGE_COMPLETE asset=assets/models/sequoia_ngp.glb pending_models=0
[14:11:33.139824] [E] [handleMessage] Exception in handler: Entity(164): Light not found
[14:11:33.139947] [E] [handleMessage] Exception in handler: Entity(166): Light not found
[14:11:33.140016] [E] [handleMessage] Exception in handler: Entity(168): Light not found
[14:11:33.140077] [E] [handleMessage] Exception in handler: Entity(170): Light not found
[14:11:33.140355] [I] FLR0026_CAMERA_APPLIED head=(5,0,-5) targetPresent=true target=(0,0,0) dolly=(5,0,5)
[14:11:33.241177] [I] FLR0026_MODEL_STAGE_COMPLETE asset=assets/models/sequoia_ngp.glb pending_models=0
[14:11:33.241639] [E] [handleMessage] Exception in handler: Entity(164): Light not found
[14:11:33.241746] [E] [handleMessage] Exception in handler: Entity(166): Light not found
[14:11:33.241817] [E] [handleMessage] Exception in handler: Entity(168): Light not found
[14:11:33.241879] [E] [handleMessage] Exception in handler: Entity(170): Light not found
[14:11:33.242071] [I] FLR0026_CAMERA_APPLIED head=(5,0,-5) targetPresent=true target=(0,0,0) dolly=(5,0,5)
[14:11:33.342642] [I] FLR0026_MODEL_STAGE_COMPLETE asset=assets/models/sequoia_ngp.glb pending_models=0
[14:11:33.342968] [E] [handleMessage] Exception in handler: Entity(164): Light not found
[14:11:33.343071] [E] [handleMessage] Exception in handler: Entity(166): Light not found
[14:11:33.343149] [E] [handleMessage] Exception in handler: Entity(168): Light not found
[14:11:33.343219] [E] [handleMessage] Exception in handler: Entity(170): Light not found
[14:11:33.343617] [I] FLR0026_CAMERA_APPLIED head=(5,0,-5) targetPresent=true target=(0,0,0) dolly=(5,0,5)
[14:11:33.444706] [I] FLR0026_MODEL_STAGE_COMPLETE asset=assets/models/sequoia_ngp.glb pending_models=0
[14:11:33.445122] [E] [handleMessage] Exception in handler: Entity(164): Light not found
[14:11:33.445225] [E] [handleMessage] Exception in handler: Entity(166): Light not found
[14:11:33.445300] [E] [handleMessage] Exception in handler: Entity(168): Light not found
[14:11:33.445371] [E] [handleMessage] Exception in handler: Entity(170): Light not found
[14:11:33.445735] [I] FLR0026_CAMERA_APPLIED head=(5,0,-5) targetPresent=true target=(0,0,0) dolly=(5,0,5)
[14:11:33.546862] [I] FLR0026_MODEL_STAGE_COMPLETE asset=assets/models/sequoia_ngp.glb pending_models=0
[14:11:33.547280] [E] [handleMessage] Exception in handler: Entity(164): Light not found
[14:11:33.547390] [E] [handleMessage] Exception in handler: Entity(166): Light not found
[14:11:33.547471] [E] [handleMessage] Exception in handler: Entity(168): Light not found
[14:11:33.547625] [E] [handleMessage] Exception in handler: Entity(170): Light not found
[14:11:33.548001] [I] FLR0026_CAMERA_APPLIED head=(5,0,-5) targetPresent=true target=(0,0,0) dolly=(5,0,5)
[14:11:33.648914] [I] FLR0026_MODEL_STAGE_COMPLETE asset=assets/models/sequoia_ngp.glb pending_models=0
[14:11:33.649300] [E] [handleMessage] Exception in handler: Entity(164): Light not found
[14:11:33.649399] [E] [handleMessage] Exception in handler: Entity(166): Light not found
[14:11:33.649598] [E] [handleMessage] Exception in handler: Entity(168): Light not found
[14:11:33.649690] [E] [handleMessage] Exception in handler: Entity(170): Light not found
[14:11:33.649986] [I] FLR0026_CAMERA_APPLIED head=(5,0,-5) targetPresent=true target=(0,0,0) dolly=(5,0,5)
[14:11:33.650166] [I] FLR0026_FRAME_BEGIN seq=340 started=false
[14:11:33.750705] [I] FLR0026_MODEL_STAGE_COMPLETE asset=assets/models/sequoia_ngp.glb pending_models=0
[14:11:33.751088] [E] [handleMessage] Exception in handler: Entity(164): Light not found
[14:11:33.751193] [E] [handleMessage] Exception in handler: Entity(166): Light not found
[14:11:33.751271] [E] [handleMessage] Exception in handler: Entity(168): Light not found
[14:11:33.751343] [E] [handleMessage] Exception in handler: Entity(170): Light not found
[14:11:33.751711] [I] FLR0026_CAMERA_APPLIED head=(5,0,-5) targetPresent=true target=(0,0,0) dolly=(5,0,5)
[14:11:33.852412] [I] FLR0026_MODEL_STAGE_COMPLETE asset=assets/models/sequoia_ngp.glb pending_models=0
[14:11:33.852708] [E] [handleMessage] Exception in handler: Entity(164): Light not found
[14:11:33.852762] [E] [handleMessage] Exception in handler: Entity(166): Light not found
[14:11:33.852836] [E] [handleMessage] Exception in handler: Entity(168): Light not found
[14:11:33.852904] [E] [handleMessage] Exception in handler: Entity(170): Light not found
[14:11:33.853190] [I] FLR0026_CAMERA_APPLIED head=(5,0,-5) targetPresent=true target=(0,0,0) dolly=(5,0,5)
[14:11:33.954325] [I] FLR0026_MODEL_STAGE_COMPLETE asset=assets/models/sequoia_ngp.glb pending_models=0
[14:11:33.954881] [E] [handleMessage] Exception in handler: Entity(164): Light not found
[14:11:33.954939] [E] [handleMessage] Exception in handler: Entity(166): Light not found
[14:11:33.954973] [E] [handleMessage] Exception in handler: Entity(168): Light not found
[14:11:33.955003] [E] [handleMessage] Exception in handler: Entity(170): Light not found
[14:11:33.955222] [I] FLR0026_CAMERA_APPLIED head=(5,0,-5) targetPresent=true target=(0,0,0) dolly=(5,0,5)
[14:11:34.055925] [I] FLR0026_MODEL_STAGE_COMPLETE asset=assets/models/sequoia_ngp.glb pending_models=0
[14:11:34.056325] [E] [handleMessage] Exception in handler: Entity(164): Light not found
[14:11:34.056428] [E] [handleMessage] Exception in handler: Entity(166): Light not found
[14:11:34.056641] [E] [handleMessage] Exception in handler: Entity(168): Light not found
[14:11:34.056736] [E] [handleMessage] Exception in handler: Entity(170): Light not found
[14:11:34.056913] [I] FLR0026_CAMERA_APPLIED head=(5,0,-5) targetPresent=true target=(0,0,0) dolly=(5,0,5)
[14:11:34.157705] [I] FLR0026_MODEL_STAGE_COMPLETE asset=assets/models/sequoia_ngp.glb pending_models=0
[14:11:34.158132] [E] [handleMessage] Exception in handler: Entity(164): Light not found
[14:11:34.158258] [E] [handleMessage] Exception in handler: Entity(166): Light not found
[14:11:34.158337] [E] [handleMessage] Exception in handler: Entity(168): Light not found
[14:11:34.158410] [E] [handleMessage] Exception in handler: Entity(170): Light not found
[14:11:34.158792] [I] FLR0026_CAMERA_APPLIED head=(5,0,-5) targetPresent=true target=(0,0,0) dolly=(5,0,5)
[14:11:34.259594] [I] FLR0026_MODEL_STAGE_COMPLETE asset=assets/models/sequoia_ngp.glb pending_models=0
[14:11:34.259987] [E] [handleMessage] Exception in handler: Entity(164): Light not found
[14:11:34.260087] [E] [handleMessage] Exception in handler: Entity(166): Light not found
[14:11:34.260159] [E] [handleMessage] Exception in handler: Entity(168): Light not found
[14:11:34.260227] [E] [handleMessage] Exception in handler: Entity(170): Light not found
[14:11:34.260581] [I] FLR0026_CAMERA_APPLIED head=(5,0,-5) targetPresent=true target=(0,0,0) dolly=(5,0,5)
[14:11:34.361357] [I] FLR0026_MODEL_STAGE_COMPLETE asset=assets/models/sequoia_ngp.glb pending_models=0
[14:11:34.361901] [E] [handleMessage] Exception in handler: Entity(164): Light not found
[14:11:34.362024] [E] [handleMessage] Exception in handler: Entity(166): Light not found
[14:11:34.362107] [E] [handleMessage] Exception in handler: Entity(168): Light not found
[14:11:34.362194] [E] [handleMessage] Exception in handler: Entity(170): Light not found
[14:11:34.362565] [I] FLR0026_CAMERA_APPLIED head=(5,0,-5) targetPresent=true target=(0,0,0) dolly=(5,0,5)
FLR0026_VK_SWAPCHAIN_FLUSH_BEGIN\nFLR0026_VK_COMMAND_END_BEGIN buffer=0x7f8f6c0280c0\nFLR0026_VK_COMMAND_END_DONE buffer=0x7f8f6c0280c0\nFLR0026_VK_QUEUE_SUBMIT_BEGIN queue=0x7f8f6c02c550 fence=0x7f8f6c021410\nFLR0026_VK_QUEUE_SUBMIT_DONE result=0 queue=0x7f8f6c02c550 fence=0x7f8f6c021410\nFLR0026_VK_SWAPCHAIN_FLUSH_DONE flushed=true\nFLR0026_VK_FINISHED_SIGNAL_ACQUIRE_BEGIN\nFLR0026_VK_FINISHED_SIGNAL_ACQUIRE_DONE present=true\nFLR0026_VK_PRESENT_WAIT_SEMAPHORE enabled=true\nFLR0026_VK_QUEUE_PRESENT_BEGIN queue=0x7f8f6c02c550 swapchain=0x7f8f6dc20f80 index=0\n[14:11:34.463411] [I] FLR0026_MODEL_STAGE_COMPLETE asset=assets/models/sequoia_ngp.glb pending_models=0
[14:11:34.463947] [E] [handleMessage] Exception in handler: Entity(164): Light not found
[14:11:34.464055] [E] [handleMessage] Exception in handler: Entity(166): Light not found
[14:11:34.464133] [E] [handleMessage] Exception in handler: Entity(168): Light not found
[14:11:34.464203] [E] [handleMessage] Exception in handler: Entity(170): Light not found
[14:11:34.464583] [I] FLR0026_CAMERA_APPLIED head=(5,0,-5) targetPresent=true target=(0,0,0) dolly=(5,0,5)
[14:11:34.565438] [I] FLR0026_MODEL_STAGE_COMPLETE asset=assets/models/sequoia_ngp.glb pending_models=0
[14:11:34.566017] [E] [handleMessage] Exception in handler: Entity(164): Light not found
[14:11:34.566130] [E] [handleMessage] Exception in handler: Entity(166): Light not found
[14:11:34.566223] [E] [handleMessage] Exception in handler: Entity(168): Light not found
[14:11:34.566304] [E] [handleMessage] Exception in handler: Entity(170): Light not found
[14:11:34.566714] [I] FLR0026_CAMERA_APPLIED head=(5,0,-5) targetPresent=true target=(0,0,0) dolly=(5,0,5)
[14:11:34.667478] [I] FLR0026_MODEL_STAGE_COMPLETE asset=assets/models/sequoia_ngp.glb pending_models=0
[14:11:34.668014] [E] [handleMessage] Exception in handler: Entity(164): Light not found
[14:11:34.668118] [E] [handleMessage] Exception in handler: Entity(166): Light not found
[14:11:34.668193] [E] [handleMessage] Exception in handler: Entity(168): Light not found
[14:11:34.668261] [E] [handleMessage] Exception in handler: Entity(170): Light not found
[14:11:34.668615] [I] FLR0026_CAMERA_APPLIED head=(5,0,-5) targetPresent=true target=(0,0,0) dolly=(5,0,5)
[14:11:34.668869] [I] FLR0026_FRAME_BEGIN seq=350 started=false
[14:11:34.769382] [I] FLR0026_MODEL_STAGE_COMPLETE asset=assets/models/sequoia_ngp.glb pending_models=0
[14:11:34.769945] [E] [handleMessage] Exception in handler: Entity(164): Light not found
[14:11:34.770067] [E] [handleMessage] Exception in handler: Entity(166): Light not found
[14:11:34.770150] [E] [handleMessage] Exception in handler: Entity(168): Light not found
[14:11:34.770235] [E] [handleMessage] Exception in handler: Entity(170): Light not found
[14:11:34.770667] [I] FLR0026_CAMERA_APPLIED head=(5,0,-5) targetPresent=true target=(0,0,0) dolly=(5,0,5)
[14:11:34.871403] [I] FLR0026_MODEL_STAGE_COMPLETE asset=assets/models/sequoia_ngp.glb pending_models=0
[14:11:34.871937] [E] [handleMessage] Exception in handler: Entity(164): Light not found
[14:11:34.872039] [E] [handleMessage] Exception in handler: Entity(166): Light not found
[14:11:34.872107] [E] [handleMessage] Exception in handler: Entity(168): Light not found
[14:11:34.872264] [E] [handleMessage] Exception in handler: Entity(170): Light not found
[14:11:34.872659] [I] FLR0026_CAMERA_APPLIED head=(5,0,-5) targetPresent=true target=(0,0,0) dolly=(5,0,5)
[14:11:34.974088] [I] FLR0026_MODEL_STAGE_COMPLETE asset=assets/models/sequoia_ngp.glb pending_models=0
[14:11:34.974351] [E] [handleMessage] Exception in handler: Entity(164): Light not found
[14:11:34.974399] [E] [handleMessage] Exception in handler: Entity(166): Light not found
[14:11:34.974431] [E] [handleMessage] Exception in handler: Entity(168): Light not found
[14:11:34.974460] [E] [handleMessage] Exception in handler: Entity(170): Light not found
[14:11:34.974677] [I] FLR0026_CAMERA_APPLIED head=(5,0,-5) targetPresent=true target=(0,0,0) dolly=(5,0,5)
[14:11:35.075341] [I] FLR0026_MODEL_STAGE_COMPLETE asset=assets/models/sequoia_ngp.glb pending_models=0
[14:11:35.075887] [E] [handleMessage] Exception in handler: Entity(164): Light not found
[14:11:35.076000] [E] [handleMessage] Exception in handler: Entity(166): Light not found
[14:11:35.076076] [E] [handleMessage] Exception in handler: Entity(168): Light not found
[14:11:35.076148] [E] [handleMessage] Exception in handler: Entity(170): Light not found
[14:11:35.076455] [I] FLR0026_CAMERA_APPLIED head=(5,0,-5) targetPresent=true target=(0,0,0) dolly=(5,0,5)
[14:11:35.177436] [I] FLR0026_MODEL_STAGE_COMPLETE asset=assets/models/sequoia_ngp.glb pending_models=0
[14:11:35.177965] [E] [handleMessage] Exception in handler: Entity(164): Light not found
[14:11:35.178072] [E] [handleMessage] Exception in handler: Entity(166): Light not found
[14:11:35.178150] [E] [handleMessage] Exception in handler: Entity(168): Light not found
[14:11:35.178233] [E] [handleMessage] Exception in handler: Entity(170): Light not found
[14:11:35.178632] [I] FLR0026_CAMERA_APPLIED head=(5,0,-5) targetPresent=true target=(0,0,0) dolly=(5,0,5)
[14:11:35.279449] [I] FLR0026_MODEL_STAGE_COMPLETE asset=assets/models/sequoia_ngp.glb pending_models=0
[14:11:35.280005] [E] [handleMessage] Exception in handler: Entity(164): Light not found
[14:11:35.280113] [E] [handleMessage] Exception in handler: Entity(166): Light not found
[14:11:35.280190] [E] [handleMessage] Exception in handler: Entity(168): Light not found
[14:11:35.280260] [E] [handleMessage] Exception in handler: Entity(170): Light not found
[14:11:35.280732] [I] FLR0026_CAMERA_APPLIED head=(5,0,-5) targetPresent=true target=(0,0,0) dolly=(5,0,5)
[14:11:35.381705] [I] FLR0026_MODEL_STAGE_COMPLETE asset=assets/models/sequoia_ngp.glb pending_models=0
[14:11:35.381968] [E] [handleMessage] Exception in handler: Entity(164): Light not found
[14:11:35.382019] [E] [handleMessage] Exception in handler: Entity(166): Light not found
[14:11:35.382051] [E] [handleMessage] Exception in handler: Entity(168): Light not found
[14:11:35.382081] [E] [handleMessage] Exception in handler: Entity(170): Light not found
[14:11:35.382253] [I] FLR0026_CAMERA_APPLIED head=(5,0,-5) targetPresent=true target=(0,0,0) dolly=(5,0,5)
[14:11:35.483042] [I] FLR0026_MODEL_STAGE_COMPLETE asset=assets/models/sequoia_ngp.glb pending_models=0
[14:11:35.483426] [E] [handleMessage] Exception in handler: Entity(164): Light not found
[14:11:35.483742] [E] [handleMessage] Exception in handler: Entity(166): Light not found
[14:11:35.483793] [E] [handleMessage] Exception in handler: Entity(168): Light not found
[14:11:35.483824] [E] [handleMessage] Exception in handler: Entity(170): Light not found
[14:11:35.483995] [I] FLR0026_CAMERA_APPLIED head=(5,0,-5) targetPresent=true target=(0,0,0) dolly=(5,0,5)
[14:11:35.584798] [I] FLR0026_MODEL_STAGE_COMPLETE asset=assets/models/sequoia_ngp.glb pending_models=0
[14:11:35.585196] [E] [handleMessage] Exception in handler: Entity(164): Light not found
[14:11:35.585300] [E] [handleMessage] Exception in handler: Entity(166): Light not found
[14:11:35.585379] [E] [handleMessage] Exception in handler: Entity(168): Light not found
[14:11:35.585451] [E] [handleMessage] Exception in handler: Entity(170): Light not found
[14:11:35.585722] [I] FLR0026_CAMERA_APPLIED head=(5,0,-5) targetPresent=true target=(0,0,0) dolly=(5,0,5)
[14:11:35.686431] [I] FLR0026_MODEL_STAGE_PROGRESS seq=360 progress=1 assets=1
[14:11:35.686688] [I] FLR0026_MODEL_STAGE_COMPLETE asset=assets/models/sequoia_ngp.glb pending_models=0
[14:11:35.686988] [E] [handleMessage] Exception in handler: Entity(164): Light not found
[14:11:35.687086] [E] [handleMessage] Exception in handler: Entity(166): Light not found
[14:11:35.687156] [E] [handleMessage] Exception in handler: Entity(168): Light not found
[14:11:35.687223] [E] [handleMessage] Exception in handler: Entity(170): Light not found
[14:11:35.687583] [I] FLR0026_CAMERA_APPLIED head=(5,0,-5) targetPresent=true target=(0,0,0) dolly=(5,0,5)
[14:11:35.687780] [I] FLR0026_FRAME_BEGIN seq=360 started=false
[14:11:35.788671] [I] FLR0026_MODEL_STAGE_COMPLETE asset=assets/models/sequoia_ngp.glb pending_models=0
[14:11:35.788905] [E] [handleMessage] Exception in handler: Entity(164): Light not found
[14:11:35.788954] [E] [handleMessage] Exception in handler: Entity(166): Light not found
[14:11:35.788986] [E] [handleMessage] Exception in handler: Entity(168): Light not found
[14:11:35.789015] [E] [handleMessage] Exception in handler: Entity(170): Light not found
[14:11:35.789175] [I] FLR0026_CAMERA_APPLIED head=(5,0,-5) targetPresent=true target=(0,0,0) dolly=(5,0,5)
[14:11:35.889629] [I] FLR0026_MODEL_STAGE_COMPLETE asset=assets/models/sequoia_ngp.glb pending_models=0
[14:11:35.889872] [E] [handleMessage] Exception in handler: Entity(164): Light not found
[14:11:35.889922] [E] [handleMessage] Exception in handler: Entity(166): Light not found
[14:11:35.889954] [E] [handleMessage] Exception in handler: Entity(168): Light not found
[14:11:35.889984] [E] [handleMessage] Exception in handler: Entity(170): Light not found
[14:11:35.890143] [I] FLR0026_CAMERA_APPLIED head=(5,0,-5) targetPresent=true target=(0,0,0) dolly=(5,0,5)
[14:11:35.991659] [I] FLR0026_MODEL_STAGE_COMPLETE asset=assets/models/sequoia_ngp.glb pending_models=0
[14:11:35.991901] [E] [handleMessage] Exception in handler: Entity(164): Light not found
[14:11:35.991949] [E] [handleMessage] Exception in handler: Entity(166): Light not found
[14:11:35.992020] [E] [handleMessage] Exception in handler: Entity(168): Light not found
[14:11:35.992055] [E] [handleMessage] Exception in handler: Entity(170): Light not found
[14:11:35.992209] [I] FLR0026_CAMERA_APPLIED head=(5,0,-5) targetPresent=true target=(0,0,0) dolly=(5,0,5)
[14:11:36.094628] [I] FLR0026_MODEL_STAGE_COMPLETE asset=assets/models/sequoia_ngp.glb pending_models=0
[14:11:36.094885] [E] [handleMessage] Exception in handler: Entity(164): Light not found
[14:11:36.094934] [E] [handleMessage] Exception in handler: Entity(166): Light not found
[14:11:36.094967] [E] [handleMessage] Exception in handler: Entity(168): Light not found
[14:11:36.094996] [E] [handleMessage] Exception in handler: Entity(170): Light not found
[14:11:36.095153] [I] FLR0026_CAMERA_APPLIED head=(5,0,-5) targetPresent=true target=(0,0,0) dolly=(5,0,5)
[14:11:36.195661] [I] FLR0026_MODEL_STAGE_COMPLETE asset=assets/models/sequoia_ngp.glb pending_models=0
[14:11:36.195917] [E] [handleMessage] Exception in handler: Entity(164): Light not found
[14:11:36.195966] [E] [handleMessage] Exception in handler: Entity(166): Light not found
[14:11:36.195998] [E] [handleMessage] Exception in handler: Entity(168): Light not found
[14:11:36.196027] [E] [handleMessage] Exception in handler: Entity(170): Light not found
[14:11:36.196203] [I] FLR0026_CAMERA_APPLIED head=(5,0,-5) targetPresent=true target=(0,0,0) dolly=(5,0,5)
[14:11:36.299630] [I] FLR0026_MODEL_STAGE_COMPLETE asset=assets/models/sequoia_ngp.glb pending_models=0
[14:11:36.299876] [E] [handleMessage] Exception in handler: Entity(164): Light not found
[14:11:36.299926] [E] [handleMessage] Exception in handler: Entity(166): Light not found
[14:11:36.299958] [E] [handleMessage] Exception in handler: Entity(168): Light not found
[14:11:36.299987] [E] [handleMessage] Exception in handler: Entity(170): Light not found
[14:11:36.300148] [I] FLR0026_CAMERA_APPLIED head=(5,0,-5) targetPresent=true target=(0,0,0) dolly=(5,0,5)
[14:11:36.400705] [I] FLR0026_MODEL_STAGE_COMPLETE asset=assets/models/sequoia_ngp.glb pending_models=0
[14:11:36.400950] [E] [handleMessage] Exception in handler: Entity(164): Light not found
[14:11:36.400998] [E] [handleMessage] Exception in handler: Entity(166): Light not found
[14:11:36.401029] [E] [handleMessage] Exception in handler: Entity(168): Light not found
[14:11:36.401058] [E] [handleMessage] Exception in handler: Entity(170): Light not found
[14:11:36.401215] [I] FLR0026_CAMERA_APPLIED head=(5,0,-5) targetPresent=true target=(0,0,0) dolly=(5,0,5)
[14:11:36.501801] [I] FLR0026_MODEL_STAGE_COMPLETE asset=assets/models/sequoia_ngp.glb pending_models=0
[14:11:36.502054] [E] [handleMessage] Exception in handler: Entity(164): Light not found
[14:11:36.502102] [E] [handleMessage] Exception in handler: Entity(166): Light not found
[14:11:36.502133] [E] [handleMessage] Exception in handler: Entity(168): Light not found
[14:11:36.502162] [E] [handleMessage] Exception in handler: Entity(170): Light not found
[14:11:36.502330] [I] FLR0026_CAMERA_APPLIED head=(5,0,-5) targetPresent=true target=(0,0,0) dolly=(5,0,5)
[14:11:36.605624] [I] FLR0026_MODEL_STAGE_COMPLETE asset=assets/models/sequoia_ngp.glb pending_models=0
[14:11:36.605871] [E] [handleMessage] Exception in handler: Entity(164): Light not found
[14:11:36.605921] [E] [handleMessage] Exception in handler: Entity(166): Light not found
[14:11:36.605952] [E] [handleMessage] Exception in handler: Entity(168): Light not found
[14:11:36.605981] [E] [handleMessage] Exception in handler: Entity(170): Light not found
[14:11:36.606138] [I] FLR0026_CAMERA_APPLIED head=(5,0,-5) targetPresent=true target=(0,0,0) dolly=(5,0,5)
[14:11:36.706693] [I] FLR0026_MODEL_STAGE_COMPLETE asset=assets/models/sequoia_ngp.glb pending_models=0
[14:11:36.706945] [E] [handleMessage] Exception in handler: Entity(164): Light not found
[14:11:36.706991] [E] [handleMessage] Exception in handler: Entity(166): Light not found
[14:11:36.707019] [E] [handleMessage] Exception in handler: Entity(168): Light not found
[14:11:36.707046] [E] [handleMessage] Exception in handler: Entity(170): Light not found
[14:11:36.707228] [I] FLR0026_CAMERA_APPLIED head=(5,0,-5) targetPresent=true target=(0,0,0) dolly=(5,0,5)
[14:11:36.707398] [I] FLR0026_FRAME_BEGIN seq=370 started=false
[14:11:36.809747] [I] FLR0026_MODEL_STAGE_COMPLETE asset=assets/models/sequoia_ngp.glb pending_models=0
[14:11:36.809988] [E] [handleMessage] Exception in handler: Entity(164): Light not found
[14:11:36.810037] [E] [handleMessage] Exception in handler: Entity(166): Light not found
[14:11:36.810070] [E] [handleMessage] Exception in handler: Entity(168): Light not found
[14:11:36.810099] [E] [handleMessage] Exception in handler: Entity(170): Light not found
[14:11:36.810263] [I] FLR0026_CAMERA_APPLIED head=(5,0,-5) targetPresent=true target=(0,0,0) dolly=(5,0,5)
[14:11:36.910842] [I] FLR0026_MODEL_STAGE_COMPLETE asset=assets/models/sequoia_ngp.glb pending_models=0
[14:11:36.911105] [E] [handleMessage] Exception in handler: Entity(164): Light not found
[14:11:36.911153] [E] [handleMessage] Exception in handler: Entity(166): Light not found
[14:11:36.911184] [E] [handleMessage] Exception in handler: Entity(168): Light not found
[14:11:36.911214] [E] [handleMessage] Exception in handler: Entity(170): Light not found
[14:11:36.911369] [I] FLR0026_CAMERA_APPLIED head=(5,0,-5) targetPresent=true target=(0,0,0) dolly=(5,0,5)
[14:11:37.012011] [I] FLR0026_MODEL_STAGE_COMPLETE asset=assets/models/sequoia_ngp.glb pending_models=0
[14:11:37.012267] [E] [handleMessage] Exception in handler: Entity(164): Light not found
[14:11:37.012317] [E] [handleMessage] Exception in handler: Entity(166): Light not found
[14:11:37.012350] [E] [handleMessage] Exception in handler: Entity(168): Light not found
[14:11:37.012379] [E] [handleMessage] Exception in handler: Entity(170): Light not found
[14:11:37.012817] [I] FLR0026_CAMERA_APPLIED head=(5,0,-5) targetPresent=true target=(0,0,0) dolly=(5,0,5)
[14:11:37.115627] [I] FLR0026_MODEL_STAGE_COMPLETE asset=assets/models/sequoia_ngp.glb pending_models=0
[14:11:37.115885] [E] [handleMessage] Exception in handler: Entity(164): Light not found
[14:11:37.115934] [E] [handleMessage] Exception in handler: Entity(166): Light not found
[14:11:37.115965] [E] [handleMessage] Exception in handler: Entity(168): Light not found
[14:11:37.115994] [E] [handleMessage] Exception in handler: Entity(170): Light not found
[14:11:37.116153] [I] FLR0026_CAMERA_APPLIED head=(5,0,-5) targetPresent=true target=(0,0,0) dolly=(5,0,5)
[14:11:37.216814] [I] FLR0026_MODEL_STAGE_COMPLETE asset=assets/models/sequoia_ngp.glb pending_models=0
[14:11:37.217200] [E] [handleMessage] Exception in handler: Entity(164): Light not found
[14:11:37.217300] [E] [handleMessage] Exception in handler: Entity(166): Light not found
[14:11:37.217374] [E] [handleMessage] Exception in handler: Entity(168): Light not found
[14:11:37.217442] [E] [handleMessage] Exception in handler: Entity(170): Light not found
[14:11:37.217750] [I] FLR0026_CAMERA_APPLIED head=(5,0,-5) targetPresent=true target=(0,0,0) dolly=(5,0,5)
[14:11:37.319687] [I] FLR0026_MODEL_STAGE_COMPLETE asset=assets/models/sequoia_ngp.glb pending_models=0
[14:11:37.319940] [E] [handleMessage] Exception in handler: Entity(164): Light not found
[14:11:37.319990] [E] [handleMessage] Exception in handler: Entity(166): Light not found
[14:11:37.320021] [E] [handleMessage] Exception in handler: Entity(168): Light not found
[14:11:37.320051] [E] [handleMessage] Exception in handler: Entity(170): Light not found
[14:11:37.320213] [I] FLR0026_CAMERA_APPLIED head=(5,0,-5) targetPresent=true target=(0,0,0) dolly=(5,0,5)
[14:11:37.420747] [I] FLR0026_MODEL_STAGE_COMPLETE asset=assets/models/sequoia_ngp.glb pending_models=0
[14:11:37.421006] [E] [handleMessage] Exception in handler: Entity(164): Light not found
[14:11:37.421054] [E] [handleMessage] Exception in handler: Entity(166): Light not found
[14:11:37.421084] [E] [handleMessage] Exception in handler: Entity(168): Light not found
[14:11:37.421159] [E] [handleMessage] Exception in handler: Entity(170): Light not found
[14:11:37.421318] [I] FLR0026_CAMERA_APPLIED head=(5,0,-5) targetPresent=true target=(0,0,0) dolly=(5,0,5)
[14:11:37.521855] [I] FLR0026_MODEL_STAGE_COMPLETE asset=assets/models/sequoia_ngp.glb pending_models=0
[14:11:37.522097] [E] [handleMessage] Exception in handler: Entity(164): Light not found
[14:11:37.522144] [E] [handleMessage] Exception in handler: Entity(166): Light not found
[14:11:37.522175] [E] [handleMessage] Exception in handler: Entity(168): Light not found
[14:11:37.522203] [E] [handleMessage] Exception in handler: Entity(170): Light not found
[14:11:37.522361] [I] FLR0026_CAMERA_APPLIED head=(5,0,-5) targetPresent=true target=(0,0,0) dolly=(5,0,5)
[14:11:37.624625] [I] FLR0026_MODEL_STAGE_COMPLETE asset=assets/models/sequoia_ngp.glb pending_models=0
[14:11:37.624879] [E] [handleMessage] Exception in handler: Entity(164): Light not found
[14:11:37.624929] [E] [handleMessage] Exception in handler: Entity(166): Light not found
[14:11:37.624962] [E] [handleMessage] Exception in handler: Entity(168): Light not found
[14:11:37.624990] [E] [handleMessage] Exception in handler: Entity(170): Light not found
[14:11:37.625152] [I] FLR0026_CAMERA_APPLIED head=(5,0,-5) targetPresent=true target=(0,0,0) dolly=(5,0,5)
[14:11:37.728621] [I] FLR0026_MODEL_STAGE_COMPLETE asset=assets/models/sequoia_ngp.glb pending_models=0
[14:11:37.728878] [E] [handleMessage] Exception in handler: Entity(164): Light not found
[14:11:37.728927] [E] [handleMessage] Exception in handler: Entity(166): Light not found
[14:11:37.728960] [E] [handleMessage] Exception in handler: Entity(168): Light not found
[14:11:37.728990] [E] [handleMessage] Exception in handler: Entity(170): Light not found
[14:11:37.729152] [I] FLR0026_CAMERA_APPLIED head=(5,0,-5) targetPresent=true target=(0,0,0) dolly=(5,0,5)
[14:11:37.729335] [I] FLR0026_FRAME_BEGIN seq=380 started=false
[14:11:37.829633] [I] FLR0026_MODEL_STAGE_COMPLETE asset=assets/models/sequoia_ngp.glb pending_models=0
[14:11:37.829875] [E] [handleMessage] Exception in handler: Entity(164): Light not found
[14:11:37.829924] [E] [handleMessage] Exception in handler: Entity(166): Light not found
[14:11:37.829956] [E] [handleMessage] Exception in handler: Entity(168): Light not found
[14:11:37.829986] [E] [handleMessage] Exception in handler: Entity(170): Light not found
[14:11:37.830144] [I] FLR0026_CAMERA_APPLIED head=(5,0,-5) targetPresent=true target=(0,0,0) dolly=(5,0,5)
[14:11:37.932752] [I] FLR0026_MODEL_STAGE_COMPLETE asset=assets/models/sequoia_ngp.glb pending_models=0
[14:11:37.933006] [E] [handleMessage] Exception in handler: Entity(164): Light not found
[14:11:37.933055] [E] [handleMessage] Exception in handler: Entity(166): Light not found
[14:11:37.933088] [E] [handleMessage] Exception in handler: Entity(168): Light not found
[14:11:37.933118] [E] [handleMessage] Exception in handler: Entity(170): Light not found
[14:11:37.933280] [I] FLR0026_CAMERA_APPLIED head=(5,0,-5) targetPresent=true target=(0,0,0) dolly=(5,0,5)
[14:11:38.035779] [I] FLR0026_MODEL_STAGE_COMPLETE asset=assets/models/sequoia_ngp.glb pending_models=0
[14:11:38.036035] [E] [handleMessage] Exception in handler: Entity(164): Light not found
[14:11:38.036085] [E] [handleMessage] Exception in handler: Entity(166): Light not found
[14:11:38.036118] [E] [handleMessage] Exception in handler: Entity(168): Light not found
[14:11:38.036148] [E] [handleMessage] Exception in handler: Entity(170): Light not found
[14:11:38.036307] [I] FLR0026_CAMERA_APPLIED head=(5,0,-5) targetPresent=true target=(0,0,0) dolly=(5,0,5)
[14:11:38.140256] [I] FLR0026_MODEL_STAGE_COMPLETE asset=assets/models/sequoia_ngp.glb pending_models=0
[14:11:38.140540] [E] [handleMessage] Exception in handler: Entity(164): Light not found
[14:11:38.140594] [E] [handleMessage] Exception in handler: Entity(166): Light not found
[14:11:38.140680] [E] [handleMessage] Exception in handler: Entity(168): Light not found
[14:11:38.140716] [E] [handleMessage] Exception in handler: Entity(170): Light not found
[14:11:38.140872] [I] FLR0026_CAMERA_APPLIED head=(5,0,-5) targetPresent=true target=(0,0,0) dolly=(5,0,5)
[14:11:38.241602] [I] FLR0026_MODEL_STAGE_COMPLETE asset=assets/models/sequoia_ngp.glb pending_models=0
[14:11:38.241844] [E] [handleMessage] Exception in handler: Entity(164): Light not found
[14:11:38.241890] [E] [handleMessage] Exception in handler: Entity(166): Light not found
[14:11:38.241921] [E] [handleMessage] Exception in handler: Entity(168): Light not found
[14:11:38.241950] [E] [handleMessage] Exception in handler: Entity(170): Light not found
[14:11:38.242104] [I] FLR0026_CAMERA_APPLIED head=(5,0,-5) targetPresent=true target=(0,0,0) dolly=(5,0,5)
[14:11:38.345646] [I] FLR0026_MODEL_STAGE_COMPLETE asset=assets/models/sequoia_ngp.glb pending_models=0
[14:11:38.345903] [E] [handleMessage] Exception in handler: Entity(164): Light not found
[14:11:38.345953] [E] [handleMessage] Exception in handler: Entity(166): Light not found
[14:11:38.345985] [E] [handleMessage] Exception in handler: Entity(168): Light not found
[14:11:38.346014] [E] [handleMessage] Exception in handler: Entity(170): Light not found
[14:11:38.346173] [I] FLR0026_CAMERA_APPLIED head=(5,0,-5) targetPresent=true target=(0,0,0) dolly=(5,0,5)
FLR0026_VK_QUEUE_PRESENT result=0 surface=7f8f6dc3cac0 swapchain=7f8f6dc20f80 index=0
[14:11:38.446687] [I] FLR0026_MODEL_STAGE_COMPLETE asset=assets/models/sequoia_ngp.glb pending_models=0
[14:11:38.446933] [E] [handleMessage] Exception in handler: Entity(164): Light not found
[14:11:38.446981] [E] [handleMessage] Exception in handler: Entity(166): Light not found
[14:11:38.447013] [E] [handleMessage] Exception in handler: Entity(168): Light not found
[14:11:38.447041] [E] [handleMessage] Exception in handler: Entity(170): Light not found
[14:11:38.447193] [I] FLR0026_CAMERA_APPLIED head=(5,0,-5) targetPresent=true target=(0,0,0) dolly=(5,0,5)
