[14:08:46.354430] [I] FLR0026_MODEL_SELECTED ordinal=0 asset=assets/models/sequoia_ngp.glb
[14:08:46.354926] [I] FLR0026_MODEL_LOAD_PLAN total=60 limit=1 match= inspected=2 queued=1
[14:08:46.362188] [I] FLR0026_LIGHT_SELECTED ordinal=0 guid=126 type=POINT
[14:08:46.363051] [I] FLR0026_LIGHT_SELECTED ordinal=1 guid=128 type=POINT
[14:08:46.363478] [I] FLR0026_LIGHT_SELECTED ordinal=2 guid=130 type=POINT
[14:08:46.363580] [I] FLR0026_LIGHT_SELECTED ordinal=3 guid=132 type=POINT
[14:08:46.363619] [I] FLR0026_LIGHT_SELECTED ordinal=4 guid=134 type=POINT
[14:08:46.363695] [I] FLR0026_LIGHT_SELECTED ordinal=5 guid=136 type=POINT
[14:08:46.363720] [I] FLR0026_LIGHT_SELECTED ordinal=6 guid=138 type=POINT
[14:08:46.363973] [I] FLR0026_LIGHT_SELECTED ordinal=7 guid=140 type=POINT
[14:08:46.364222] [I] FLR0026_LIGHT_SELECTED ordinal=8 guid=162 type=POINT
[14:08:46.364257] [I] FLR0026_LIGHT_SELECTED ordinal=9 guid=164 type=POINT
[14:08:46.364624] [I] FLR0026_LIGHT_SETUP_PLAN total=13 limit=10 type_filter= skip_guid_filter= trace_guid_filter= position_override_guid=0 position_override_enabled=false selected=10
[14:08:46.401100] [I] FLR0026_SHAPE_READY guid=188 entity=15 renderable=true
[14:08:46.401645] [I] FLR0026_SHAPE_READY guid=190 entity=16 renderable=true
[14:08:46.401871] [I] FLR0026_SHAPE_READY guid=192 entity=17 renderable=true
[14:08:46.735156] [I] FLR0026_SHAPE_READY guid=194 entity=18 renderable=true
[14:08:46.735784] [I] FLR0026_SHAPE_READY guid=196 entity=19 renderable=true
[14:08:46.736210] [I] FLR0026_SHAPE_READY guid=198 entity=20 renderable=true
[14:08:46.736870] [I] FLR0026_SHAPE_READY guid=200 entity=21 renderable=true
[14:08:46.737011] [I] FLR0026_SHAPE_READY guid=202 entity=22 renderable=true
[14:08:46.737130] [I] FLR0026_SHAPE_READY guid=212 entity=23 renderable=true
[14:08:46.737223] [I] FLR0026_SHAPE_READY guid=204 entity=24 renderable=true
[14:08:46.737310] [I] FLR0026_SHAPE_READY guid=206 entity=25 renderable=true
[14:08:46.737476] [I] FLR0026_SHAPE_READY guid=208 entity=26 renderable=true
[14:08:46.737673] [I] FLR0026_SHAPE_READY guid=210 entity=27 renderable=true
[14:08:46.737779] [I] FLR0026_SHAPE_READY guid=118 entity=28 renderable=true
[14:08:46.737878] [I] FLR0026_SHAPE_READY guid=120 entity=29 renderable=true
[14:08:46.738021] [I] FLR0026_SHAPE_READY guid=216 entity=30 renderable=true
[14:08:46.738152] [I] FLR0026_SHAPE_READY guid=244 entity=31 renderable=true
[14:08:46.738381] [I] FLR0026_SHAPE_READY guid=246 entity=32 renderable=true
[14:08:46.738560] [I] FLR0026_SHAPE_READY guid=248 entity=33 renderable=true
[14:08:46.738701] [I] FLR0026_SHAPE_READY guid=250 entity=34 renderable=true
[14:08:46.738850] [I] FLR0026_SHAPE_READY guid=252 entity=35 renderable=true
[14:08:46.739003] [I] FLR0026_SHAPE_READY guid=254 entity=36 renderable=true
[14:08:46.739132] [I] FLR0026_SHAPE_READY guid=256 entity=37 renderable=true
[14:08:46.739261] [I] FLR0026_SHAPE_READY guid=258 entity=38 renderable=true
[14:08:46.739617] [I] FLR0026_SHAPE_READY guid=260 entity=39 renderable=true
[14:08:46.739766] [I] FLR0026_SHAPE_READY guid=262 entity=40 renderable=true
[14:08:46.740031] [I] FLR0026_SHAPE_READY guid=220 entity=41 renderable=true
[14:08:46.740295] [I] FLR0026_SHAPE_READY guid=222 entity=42 renderable=true
[14:08:46.740630] [I] FLR0026_SHAPE_READY guid=224 entity=43 renderable=true
[14:08:46.740911] [I] FLR0026_SHAPE_READY guid=226 entity=44 renderable=true
[14:08:46.741183] [I] FLR0026_SHAPE_READY guid=228 entity=45 renderable=true
[14:08:46.741496] [I] FLR0026_SHAPE_READY guid=230 entity=46 renderable=true
[14:08:46.741764] [I] FLR0026_SHAPE_READY guid=232 entity=47 renderable=true
[14:08:46.742021] [I] FLR0026_SHAPE_READY guid=234 entity=48 renderable=true
[14:08:46.742397] [I] FLR0026_SHAPE_READY guid=236 entity=49 renderable=true
[14:08:46.742699] [I] FLR0026_SHAPE_READY guid=238 entity=50 renderable=true
[14:08:46.742805] [I] FLR0026_SHAPE_READY guid=264 entity=51 renderable=true
[14:08:46.850882] [I] FLR0026_MODEL_STAGE_PROGRESS seq=1 progress=0 assets=1
[14:08:46.853985] [I] FLR0026_SHAPE_READY guid=197 entity=61 renderable=true
[14:08:46.855153] [I] FLR0026_SHAPE_READY guid=199 entity=62 renderable=true
[14:08:46.855708] [I] FLR0026_SHAPE_READY guid=201 entity=63 renderable=true
[14:08:46.856161] [I] FLR0026_SHAPE_READY guid=203 entity=64 renderable=true
[14:08:46.856685] [I] FLR0026_SHAPE_READY guid=205 entity=65 renderable=true
[14:08:46.857284] [I] FLR0026_SHAPE_READY guid=207 entity=66 renderable=true
[14:08:46.857915] [I] FLR0026_SHAPE_READY guid=209 entity=67 renderable=true
[14:08:46.863029] [I] FLR0026_FRAME_BEGIN seq=1 started=true
[14:08:47.082035] [I] FLR0026_MODEL_STAGE_ASSET_CREATED asset=assets/models/sequoia_ngp.glb guid=2 bytes=13671064 entities=22
[14:08:47.185443] [I] FLR0026_MODEL_STAGE_ASYNC_BEGIN asset=assets/models/sequoia_ngp.glb guid=2
[14:08:47.185692] [I] FLR0026_MODEL_STAGE_INSTANCE_READY asset=assets/models/sequoia_ngp.glb guid=2 instance=0x7fabe811edb0
[14:08:47.879142] [I] FLR0026_MODEL_STAGE_PROGRESS seq=2 progress=0.95652175 assets=1
[14:08:47.880196] [I] FLR0026_FRAME_BEGIN seq=2 started=true
[14:08:47.985244] [I] FLR0026_MODEL_STAGE_PROGRESS seq=3 progress=1 assets=1
[14:08:47.985579] [I] FLR0026_MODEL_STAGE_COMPLETE asset=assets/models/sequoia_ngp.glb pending_models=1
[14:08:47.986741] [I] FLR0026_FRAME_BEGIN seq=3 started=false
[14:08:48.087576] [I] FLR0026_MODEL_STAGE_PROGRESS seq=4 progress=1 assets=1
[14:08:48.087723] [I] FLR0026_MODEL_STAGE_COMPLETE asset=assets/models/sequoia_ngp.glb pending_models=0
[14:08:48.089489] [I] FLR0026_CAMERA_APPLIED head=(5,0,-5) targetPresent=true target=(0,0,0) dolly=(5,0,5)
[14:08:48.190944] [I] FLR0026_MODEL_STAGE_PROGRESS seq=5 progress=1 assets=1
[14:08:48.191082] [I] FLR0026_MODEL_STAGE_COMPLETE asset=assets/models/sequoia_ngp.glb pending_models=0
[14:08:48.200362] [E] [handleMessage] Exception in handler: Entity(166): Light not found
[14:08:48.200895] [E] [handleMessage] Exception in handler: Entity(168): Light not found
[14:08:48.200990] [E] [handleMessage] Exception in handler: Entity(170): Light not found
[14:08:48.201404] [I] FLR0026_CAMERA_APPLIED head=(5,0,-5) targetPresent=true target=(0,0,0) dolly=(5,0,5)
[14:08:48.302899] [I] FLR0026_MODEL_STAGE_COMPLETE asset=assets/models/sequoia_ngp.glb pending_models=0
[14:08:48.303446] [E] [handleMessage] Exception in handler: Entity(166): Light not found
[14:08:48.303570] [E] [handleMessage] Exception in handler: Entity(168): Light not found
[14:08:48.303650] [E] [handleMessage] Exception in handler: Entity(170): Light not found
[14:08:48.303967] [I] FLR0026_CAMERA_APPLIED head=(5,0,-5) targetPresent=true target=(0,0,0) dolly=(5,0,5)
[14:08:48.405564] [I] FLR0026_MODEL_STAGE_COMPLETE asset=assets/models/sequoia_ngp.glb pending_models=0
[14:08:48.406055] [E] [handleMessage] Exception in handler: Entity(166): Light not found
[14:08:48.406194] [E] [handleMessage] Exception in handler: Entity(168): Light not found
[14:08:48.406307] [E] [handleMessage] Exception in handler: Entity(170): Light not found
[14:08:48.406759] [I] FLR0026_CAMERA_APPLIED head=(5,0,-5) targetPresent=true target=(0,0,0) dolly=(5,0,5)
[14:08:48.508526] [I] FLR0026_MODEL_STAGE_COMPLETE asset=assets/models/sequoia_ngp.glb pending_models=0
[14:08:48.509028] [E] [handleMessage] Exception in handler: Entity(166): Light not found
[14:08:48.509158] [E] [handleMessage] Exception in handler: Entity(168): Light not found
[14:08:48.509258] [E] [handleMessage] Exception in handler: Entity(170): Light not found
[14:08:48.509709] [I] FLR0026_CAMERA_APPLIED head=(5,0,-5) targetPresent=true target=(0,0,0) dolly=(5,0,5)
[14:08:48.611264] [I] FLR0026_MODEL_STAGE_COMPLETE asset=assets/models/sequoia_ngp.glb pending_models=0
[14:08:48.611890] [E] [handleMessage] Exception in handler: Entity(166): Light not found
[14:08:48.612026] [E] [handleMessage] Exception in handler: Entity(168): Light not found
[14:08:48.612127] [E] [handleMessage] Exception in handler: Entity(170): Light not found
[14:08:48.612582] [I] FLR0026_CAMERA_APPLIED head=(5,0,-5) targetPresent=true target=(0,0,0) dolly=(5,0,5)
[14:08:48.714076] [I] FLR0026_MODEL_STAGE_COMPLETE asset=assets/models/sequoia_ngp.glb pending_models=0
[14:08:48.714665] [E] [handleMessage] Exception in handler: Entity(166): Light not found
[14:08:48.714804] [E] [handleMessage] Exception in handler: Entity(168): Light not found
[14:08:48.714909] [E] [handleMessage] Exception in handler: Entity(170): Light not found
[14:08:48.715282] [I] FLR0026_CAMERA_APPLIED head=(5,0,-5) targetPresent=true target=(0,0,0) dolly=(5,0,5)
[14:08:48.716292] [I] FLR0026_FRAME_BEGIN seq=10 started=false
[14:08:48.816954] [I] FLR0026_MODEL_STAGE_COMPLETE asset=assets/models/sequoia_ngp.glb pending_models=0
[14:08:48.817573] [E] [handleMessage] Exception in handler: Entity(166): Light not found
[14:08:48.817698] [E] [handleMessage] Exception in handler: Entity(168): Light not found
[14:08:48.817782] [E] [handleMessage] Exception in handler: Entity(170): Light not found
[14:08:48.818117] [I] FLR0026_CAMERA_APPLIED head=(5,0,-5) targetPresent=true target=(0,0,0) dolly=(5,0,5)
[14:08:48.919605] [I] FLR0026_MODEL_STAGE_COMPLETE asset=assets/models/sequoia_ngp.glb pending_models=0
[14:08:48.920076] [E] [handleMessage] Exception in handler: Entity(166): Light not found
[14:08:48.920189] [E] [handleMessage] Exception in handler: Entity(168): Light not found
[14:08:48.920273] [E] [handleMessage] Exception in handler: Entity(170): Light not found
[14:08:48.920715] [I] FLR0026_CAMERA_APPLIED head=(5,0,-5) targetPresent=true target=(0,0,0) dolly=(5,0,5)
[14:08:49.029147] [I] FLR0026_MODEL_STAGE_COMPLETE asset=assets/models/sequoia_ngp.glb pending_models=0
[14:08:49.029484] [E] [handleMessage] Exception in handler: Entity(166): Light not found
[14:08:49.029540] [E] [handleMessage] Exception in handler: Entity(168): Light not found
[14:08:49.029576] [E] [handleMessage] Exception in handler: Entity(170): Light not found
[14:08:49.029744] [I] FLR0026_CAMERA_APPLIED head=(5,0,-5) targetPresent=true target=(0,0,0) dolly=(5,0,5)
[14:08:49.130478] [I] FLR0026_MODEL_STAGE_COMPLETE asset=assets/models/sequoia_ngp.glb pending_models=0
[14:08:49.130766] [E] [handleMessage] Exception in handler: Entity(166): Light not found
[14:08:49.130817] [E] [handleMessage] Exception in handler: Entity(168): Light not found
[14:08:49.130850] [E] [handleMessage] Exception in handler: Entity(170): Light not found
[14:08:49.130998] [I] FLR0026_CAMERA_APPLIED head=(5,0,-5) targetPresent=true target=(0,0,0) dolly=(5,0,5)
[14:08:49.233785] [I] FLR0026_MODEL_STAGE_COMPLETE asset=assets/models/sequoia_ngp.glb pending_models=0
[14:08:49.234056] [E] [handleMessage] Exception in handler: Entity(166): Light not found
[14:08:49.234103] [E] [handleMessage] Exception in handler: Entity(168): Light not found
[14:08:49.234135] [E] [handleMessage] Exception in handler: Entity(170): Light not found
[14:08:49.234294] [I] FLR0026_CAMERA_APPLIED head=(5,0,-5) targetPresent=true target=(0,0,0) dolly=(5,0,5)
[14:08:49.335151] [I] FLR0026_MODEL_STAGE_COMPLETE asset=assets/models/sequoia_ngp.glb pending_models=0
[14:08:49.335688] [E] [handleMessage] Exception in handler: Entity(166): Light not found
[14:08:49.335800] [E] [handleMessage] Exception in handler: Entity(168): Light not found
[14:08:49.335876] [E] [handleMessage] Exception in handler: Entity(170): Light not found
[14:08:49.336204] [I] FLR0026_CAMERA_APPLIED head=(5,0,-5) targetPresent=true target=(0,0,0) dolly=(5,0,5)
[14:08:49.438284] [I] FLR0026_MODEL_STAGE_COMPLETE asset=assets/models/sequoia_ngp.glb pending_models=0
[14:08:49.438886] [E] [handleMessage] Exception in handler: Entity(166): Light not found
[14:08:49.438991] [E] [handleMessage] Exception in handler: Entity(168): Light not found
[14:08:49.439070] [E] [handleMessage] Exception in handler: Entity(170): Light not found
[14:08:49.439429] [I] FLR0026_CAMERA_APPLIED head=(5,0,-5) targetPresent=true target=(0,0,0) dolly=(5,0,5)
[14:08:49.540988] [I] FLR0026_MODEL_STAGE_COMPLETE asset=assets/models/sequoia_ngp.glb pending_models=0
[14:08:49.541587] [E] [handleMessage] Exception in handler: Entity(166): Light not found
[14:08:49.541720] [E] [handleMessage] Exception in handler: Entity(168): Light not found
[14:08:49.541803] [E] [handleMessage] Exception in handler: Entity(170): Light not found
[14:08:49.542097] [I] FLR0026_CAMERA_APPLIED head=(5,0,-5) targetPresent=true target=(0,0,0) dolly=(5,0,5)
[14:08:49.643566] [I] FLR0026_MODEL_STAGE_COMPLETE asset=assets/models/sequoia_ngp.glb pending_models=0
[14:08:49.644086] [E] [handleMessage] Exception in handler: Entity(166): Light not found
[14:08:49.644210] [E] [handleMessage] Exception in handler: Entity(168): Light not found
[14:08:49.644292] [E] [handleMessage] Exception in handler: Entity(170): Light not found
[14:08:49.644855] [I] FLR0026_CAMERA_APPLIED head=(5,0,-5) targetPresent=true target=(0,0,0) dolly=(5,0,5)
[14:08:49.746527] [I] FLR0026_MODEL_STAGE_COMPLETE asset=assets/models/sequoia_ngp.glb pending_models=0
[14:08:49.746996] [E] [handleMessage] Exception in handler: Entity(166): Light not found
[14:08:49.747115] [E] [handleMessage] Exception in handler: Entity(168): Light not found
[14:08:49.747192] [E] [handleMessage] Exception in handler: Entity(170): Light not found
[14:08:49.747610] [I] FLR0026_CAMERA_APPLIED head=(5,0,-5) targetPresent=true target=(0,0,0) dolly=(5,0,5)
[14:08:49.748517] [I] FLR0026_FRAME_BEGIN seq=20 started=false
[14:08:49.849168] [I] FLR0026_MODEL_STAGE_COMPLETE asset=assets/models/sequoia_ngp.glb pending_models=0
[14:08:49.849739] [E] [handleMessage] Exception in handler: Entity(166): Light not found
[14:08:49.849870] [E] [handleMessage] Exception in handler: Entity(168): Light not found
[14:08:49.849955] [E] [handleMessage] Exception in handler: Entity(170): Light not found
[14:08:49.850297] [I] FLR0026_CAMERA_APPLIED head=(5,0,-5) targetPresent=true target=(0,0,0) dolly=(5,0,5)
[14:08:49.951886] [I] FLR0026_MODEL_STAGE_COMPLETE asset=assets/models/sequoia_ngp.glb pending_models=0
[14:08:49.952482] [E] [handleMessage] Exception in handler: Entity(166): Light not found
[14:08:49.952607] [E] [handleMessage] Exception in handler: Entity(168): Light not found
[14:08:49.952691] [E] [handleMessage] Exception in handler: Entity(170): Light not found
[14:08:49.953007] [I] FLR0026_CAMERA_APPLIED head=(5,0,-5) targetPresent=true target=(0,0,0) dolly=(5,0,5)
[14:08:50.055968] [I] FLR0026_MODEL_STAGE_COMPLETE asset=assets/models/sequoia_ngp.glb pending_models=0
[14:08:50.056265] [E] [handleMessage] Exception in handler: Entity(166): Light not found
[14:08:50.056315] [E] [handleMessage] Exception in handler: Entity(168): Light not found
[14:08:50.056408] [E] [handleMessage] Exception in handler: Entity(170): Light not found
[14:08:50.056561] [I] FLR0026_CAMERA_APPLIED head=(5,0,-5) targetPresent=true target=(0,0,0) dolly=(5,0,5)
[14:08:50.157546] [I] FLR0026_MODEL_STAGE_COMPLETE asset=assets/models/sequoia_ngp.glb pending_models=0
[14:08:50.157881] [E] [handleMessage] Exception in handler: Entity(166): Light not found
[14:08:50.157935] [E] [handleMessage] Exception in handler: Entity(168): Light not found
[14:08:50.157969] [E] [handleMessage] Exception in handler: Entity(170): Light not found
[14:08:50.158138] [I] FLR0026_CAMERA_APPLIED head=(5,0,-5) targetPresent=true target=(0,0,0) dolly=(5,0,5)
[14:08:50.259801] [I] FLR0026_MODEL_STAGE_COMPLETE asset=assets/models/sequoia_ngp.glb pending_models=0
[14:08:50.260489] [E] [handleMessage] Exception in handler: Entity(166): Light not found
[14:08:50.260640] [E] [handleMessage] Exception in handler: Entity(168): Light not found
[14:08:50.260746] [E] [handleMessage] Exception in handler: Entity(170): Light not found
[14:08:50.261469] [I] FLR0026_CAMERA_APPLIED head=(5,0,-5) targetPresent=true target=(0,0,0) dolly=(5,0,5)
[14:08:50.373271] [I] FLR0026_MODEL_STAGE_COMPLETE asset=assets/models/sequoia_ngp.glb pending_models=0
[14:08:50.373634] [E] [handleMessage] Exception in handler: Entity(166): Light not found
[14:08:50.373696] [E] [handleMessage] Exception in handler: Entity(168): Light not found
[14:08:50.373739] [E] [handleMessage] Exception in handler: Entity(170): Light not found
[14:08:50.373918] [I] FLR0026_CAMERA_APPLIED head=(5,0,-5) targetPresent=true target=(0,0,0) dolly=(5,0,5)
[14:08:50.474668] [I] FLR0026_MODEL_STAGE_COMPLETE asset=assets/models/sequoia_ngp.glb pending_models=0
[14:08:50.474963] [E] [handleMessage] Exception in handler: Entity(166): Light not found
[14:08:50.475023] [E] [handleMessage] Exception in handler: Entity(168): Light not found
[14:08:50.475066] [E] [handleMessage] Exception in handler: Entity(170): Light not found
[14:08:50.475232] [I] FLR0026_CAMERA_APPLIED head=(5,0,-5) targetPresent=true target=(0,0,0) dolly=(5,0,5)
[14:08:50.576240] [I] FLR0026_MODEL_STAGE_COMPLETE asset=assets/models/sequoia_ngp.glb pending_models=0
[14:08:50.576575] [E] [handleMessage] Exception in handler: Entity(166): Light not found
[14:08:50.576639] [E] [handleMessage] Exception in handler: Entity(168): Light not found
[14:08:50.576683] [E] [handleMessage] Exception in handler: Entity(170): Light not found
[14:08:50.576835] [I] FLR0026_CAMERA_APPLIED head=(5,0,-5) targetPresent=true target=(0,0,0) dolly=(5,0,5)
[14:08:50.681501] [I] FLR0026_MODEL_STAGE_COMPLETE asset=assets/models/sequoia_ngp.glb pending_models=0
[14:08:50.681807] [E] [handleMessage] Exception in handler: Entity(166): Light not found
[14:08:50.681868] [E] [handleMessage] Exception in handler: Entity(168): Light not found
[14:08:50.681911] [E] [handleMessage] Exception in handler: Entity(170): Light not found
[14:08:50.682074] [I] FLR0026_CAMERA_APPLIED head=(5,0,-5) targetPresent=true target=(0,0,0) dolly=(5,0,5)
[14:08:50.790465] [I] FLR0026_MODEL_STAGE_COMPLETE asset=assets/models/sequoia_ngp.glb pending_models=0
[14:08:50.790765] [E] [handleMessage] Exception in handler: Entity(166): Light not found
[14:08:50.790825] [E] [handleMessage] Exception in handler: Entity(168): Light not found
[14:08:50.790869] [E] [handleMessage] Exception in handler: Entity(170): Light not found
[14:08:50.791022] [I] FLR0026_CAMERA_APPLIED head=(5,0,-5) targetPresent=true target=(0,0,0) dolly=(5,0,5)
[14:08:50.791463] [I] FLR0026_FRAME_BEGIN seq=30 started=false
[14:08:50.891788] [I] FLR0026_MODEL_STAGE_COMPLETE asset=assets/models/sequoia_ngp.glb pending_models=0
[14:08:50.892084] [E] [handleMessage] Exception in handler: Entity(166): Light not found
[14:08:50.892143] [E] [handleMessage] Exception in handler: Entity(168): Light not found
[14:08:50.892186] [E] [handleMessage] Exception in handler: Entity(170): Light not found
[14:08:50.892376] [I] FLR0026_CAMERA_APPLIED head=(5,0,-5) targetPresent=true target=(0,0,0) dolly=(5,0,5)
[14:08:50.995453] [I] FLR0026_MODEL_STAGE_COMPLETE asset=assets/models/sequoia_ngp.glb pending_models=0
[14:08:50.995783] [E] [handleMessage] Exception in handler: Entity(166): Light not found
[14:08:50.995842] [E] [handleMessage] Exception in handler: Entity(168): Light not found
[14:08:50.995884] [E] [handleMessage] Exception in handler: Entity(170): Light not found
[14:08:50.996034] [I] FLR0026_CAMERA_APPLIED head=(5,0,-5) targetPresent=true target=(0,0,0) dolly=(5,0,5)
[14:08:51.096794] [I] FLR0026_MODEL_STAGE_COMPLETE asset=assets/models/sequoia_ngp.glb pending_models=0
[14:08:51.097103] [E] [handleMessage] Exception in handler: Entity(166): Light not found
[14:08:51.097224] [E] [handleMessage] Exception in handler: Entity(168): Light not found
[14:08:51.097272] [E] [handleMessage] Exception in handler: Entity(170): Light not found
[14:08:51.097479] [I] FLR0026_CAMERA_APPLIED head=(5,0,-5) targetPresent=true target=(0,0,0) dolly=(5,0,5)
[14:08:51.199476] [I] FLR0026_MODEL_STAGE_COMPLETE asset=assets/models/sequoia_ngp.glb pending_models=0
[14:08:51.199774] [E] [handleMessage] Exception in handler: Entity(166): Light not found
[14:08:51.199833] [E] [handleMessage] Exception in handler: Entity(168): Light not found
[14:08:51.199876] [E] [handleMessage] Exception in handler: Entity(170): Light not found
[14:08:51.200041] [I] FLR0026_CAMERA_APPLIED head=(5,0,-5) targetPresent=true target=(0,0,0) dolly=(5,0,5)
[14:08:51.301109] [I] FLR0026_MODEL_STAGE_COMPLETE asset=assets/models/sequoia_ngp.glb pending_models=0
[14:08:51.301449] [E] [handleMessage] Exception in handler: Entity(166): Light not found
[14:08:51.301514] [E] [handleMessage] Exception in handler: Entity(168): Light not found
[14:08:51.301558] [E] [handleMessage] Exception in handler: Entity(170): Light not found
[14:08:51.301725] [I] FLR0026_CAMERA_APPLIED head=(5,0,-5) targetPresent=true target=(0,0,0) dolly=(5,0,5)
[14:08:51.408658] [I] FLR0026_MODEL_STAGE_COMPLETE asset=assets/models/sequoia_ngp.glb pending_models=0
[14:08:51.408976] [E] [handleMessage] Exception in handler: Entity(166): Light not found
[14:08:51.409036] [E] [handleMessage] Exception in handler: Entity(168): Light not found
[14:08:51.409078] [E] [handleMessage] Exception in handler: Entity(170): Light not found
[14:08:51.409244] [I] FLR0026_CAMERA_APPLIED head=(5,0,-5) targetPresent=true target=(0,0,0) dolly=(5,0,5)
[14:08:51.518576] [I] FLR0026_MODEL_STAGE_COMPLETE asset=assets/models/sequoia_ngp.glb pending_models=0
[14:08:51.518887] [E] [handleMessage] Exception in handler: Entity(166): Light not found
[14:08:51.518950] [E] [handleMessage] Exception in handler: Entity(168): Light not found
[14:08:51.518993] [E] [handleMessage] Exception in handler: Entity(170): Light not found
[14:08:51.519146] [I] FLR0026_CAMERA_APPLIED head=(5,0,-5) targetPresent=true target=(0,0,0) dolly=(5,0,5)
[14:08:51.634443] [I] FLR0026_MODEL_STAGE_COMPLETE asset=assets/models/sequoia_ngp.glb pending_models=0
[14:08:51.634746] [E] [handleMessage] Exception in handler: Entity(166): Light not found
[14:08:51.634805] [E] [handleMessage] Exception in handler: Entity(168): Light not found
[14:08:51.634854] [E] [handleMessage] Exception in handler: Entity(170): Light not found
[14:08:51.635012] [I] FLR0026_CAMERA_APPLIED head=(5,0,-5) targetPresent=true target=(0,0,0) dolly=(5,0,5)
[14:08:51.735773] [I] FLR0026_MODEL_STAGE_COMPLETE asset=assets/models/sequoia_ngp.glb pending_models=0
[14:08:51.736072] [E] [handleMessage] Exception in handler: Entity(166): Light not found
[14:08:51.736130] [E] [handleMessage] Exception in handler: Entity(168): Light not found
[14:08:51.736171] [E] [handleMessage] Exception in handler: Entity(170): Light not found
[14:08:51.736361] [I] FLR0026_CAMERA_APPLIED head=(5,0,-5) targetPresent=true target=(0,0,0) dolly=(5,0,5)
[14:08:51.837345] [I] FLR0026_MODEL_STAGE_COMPLETE asset=assets/models/sequoia_ngp.glb pending_models=0
[14:08:51.837651] [E] [handleMessage] Exception in handler: Entity(166): Light not found
[14:08:51.837708] [E] [handleMessage] Exception in handler: Entity(168): Light not found
[14:08:51.837749] [E] [handleMessage] Exception in handler: Entity(170): Light not found
[14:08:51.837898] [I] FLR0026_CAMERA_APPLIED head=(5,0,-5) targetPresent=true target=(0,0,0) dolly=(5,0,5)
[14:08:51.838271] [I] FLR0026_FRAME_BEGIN seq=40 started=false
[14:08:51.939253] [I] FLR0026_MODEL_STAGE_COMPLETE asset=assets/models/sequoia_ngp.glb pending_models=0
[14:08:51.940639] [E] [handleMessage] Exception in handler: Entity(166): Light not found
[14:08:51.940813] [E] [handleMessage] Exception in handler: Entity(168): Light not found
[14:08:51.940918] [E] [handleMessage] Exception in handler: Entity(170): Light not found
[14:08:51.941137] [I] FLR0026_CAMERA_APPLIED head=(5,0,-5) targetPresent=true target=(0,0,0) dolly=(5,0,5)
[14:08:52.042068] [I] FLR0026_MODEL_STAGE_COMPLETE asset=assets/models/sequoia_ngp.glb pending_models=0
[14:08:52.042432] [E] [handleMessage] Exception in handler: Entity(166): Light not found
[14:08:52.042490] [E] [handleMessage] Exception in handler: Entity(168): Light not found
[14:08:52.042527] [E] [handleMessage] Exception in handler: Entity(170): Light not found
[14:08:52.042693] [I] FLR0026_CAMERA_APPLIED head=(5,0,-5) targetPresent=true target=(0,0,0) dolly=(5,0,5)
[14:08:52.143483] [I] FLR0026_MODEL_STAGE_COMPLETE asset=assets/models/sequoia_ngp.glb pending_models=0
[14:08:52.143786] [E] [handleMessage] Exception in handler: Entity(166): Light not found
[14:08:52.143839] [E] [handleMessage] Exception in handler: Entity(168): Light not found
[14:08:52.143871] [E] [handleMessage] Exception in handler: Entity(170): Light not found
[14:08:52.144039] [I] FLR0026_CAMERA_APPLIED head=(5,0,-5) targetPresent=true target=(0,0,0) dolly=(5,0,5)
[14:08:52.245482] [I] FLR0026_MODEL_STAGE_COMPLETE asset=assets/models/sequoia_ngp.glb pending_models=0
[14:08:52.245777] [E] [handleMessage] Exception in handler: Entity(166): Light not found
[14:08:52.245828] [E] [handleMessage] Exception in handler: Entity(168): Light not found
[14:08:52.245862] [E] [handleMessage] Exception in handler: Entity(170): Light not found
[14:08:52.246015] [I] FLR0026_CAMERA_APPLIED head=(5,0,-5) targetPresent=true target=(0,0,0) dolly=(5,0,5)
[14:08:52.346830] [I] FLR0026_MODEL_STAGE_COMPLETE asset=assets/models/sequoia_ngp.glb pending_models=0
[14:08:52.347139] [E] [handleMessage] Exception in handler: Entity(166): Light not found
[14:08:52.347192] [E] [handleMessage] Exception in handler: Entity(168): Light not found
[14:08:52.347226] [E] [handleMessage] Exception in handler: Entity(170): Light not found
[14:08:52.347469] [I] FLR0026_CAMERA_APPLIED head=(5,0,-5) targetPresent=true target=(0,0,0) dolly=(5,0,5)
[14:08:52.451490] [I] FLR0026_MODEL_STAGE_COMPLETE asset=assets/models/sequoia_ngp.glb pending_models=0
[14:08:52.451792] [E] [handleMessage] Exception in handler: Entity(166): Light not found
[14:08:52.451841] [E] [handleMessage] Exception in handler: Entity(168): Light not found
[14:08:52.451874] [E] [handleMessage] Exception in handler: Entity(170): Light not found
[14:08:52.452024] [I] FLR0026_CAMERA_APPLIED head=(5,0,-5) targetPresent=true target=(0,0,0) dolly=(5,0,5)
[14:08:52.553479] [I] FLR0026_MODEL_STAGE_COMPLETE asset=assets/models/sequoia_ngp.glb pending_models=0
[14:08:52.553775] [E] [handleMessage] Exception in handler: Entity(166): Light not found
[14:08:52.553821] [E] [handleMessage] Exception in handler: Entity(168): Light not found
[14:08:52.553852] [E] [handleMessage] Exception in handler: Entity(170): Light not found
[14:08:52.554002] [I] FLR0026_CAMERA_APPLIED head=(5,0,-5) targetPresent=true target=(0,0,0) dolly=(5,0,5)
[14:08:52.656463] [I] FLR0026_MODEL_STAGE_COMPLETE asset=assets/models/sequoia_ngp.glb pending_models=0
[14:08:52.656755] [E] [handleMessage] Exception in handler: Entity(166): Light not found
[14:08:52.656803] [E] [handleMessage] Exception in handler: Entity(168): Light not found
[14:08:52.656836] [E] [handleMessage] Exception in handler: Entity(170): Light not found
[14:08:52.656993] [I] FLR0026_CAMERA_APPLIED head=(5,0,-5) targetPresent=true target=(0,0,0) dolly=(5,0,5)
[14:08:52.759486] [I] FLR0026_MODEL_STAGE_COMPLETE asset=assets/models/sequoia_ngp.glb pending_models=0
[14:08:52.759795] [E] [handleMessage] Exception in handler: Entity(166): Light not found
[14:08:52.759851] [E] [handleMessage] Exception in handler: Entity(168): Light not found
[14:08:52.759885] [E] [handleMessage] Exception in handler: Entity(170): Light not found
[14:08:52.760040] [I] FLR0026_CAMERA_APPLIED head=(5,0,-5) targetPresent=true target=(0,0,0) dolly=(5,0,5)
[14:08:52.860812] [I] FLR0026_MODEL_STAGE_COMPLETE asset=assets/models/sequoia_ngp.glb pending_models=0
[14:08:52.861158] [E] [handleMessage] Exception in handler: Entity(166): Light not found
[14:08:52.861214] [E] [handleMessage] Exception in handler: Entity(168): Light not found
[14:08:52.861252] [E] [handleMessage] Exception in handler: Entity(170): Light not found
[14:08:52.861454] [I] FLR0026_CAMERA_APPLIED head=(5,0,-5) targetPresent=true target=(0,0,0) dolly=(5,0,5)
[14:08:52.861847] [I] FLR0026_FRAME_BEGIN seq=50 started=false
[14:08:52.964477] [I] FLR0026_MODEL_STAGE_COMPLETE asset=assets/models/sequoia_ngp.glb pending_models=0
[14:08:52.964766] [E] [handleMessage] Exception in handler: Entity(166): Light not found
[14:08:52.964817] [E] [handleMessage] Exception in handler: Entity(168): Light not found
[14:08:52.964850] [E] [handleMessage] Exception in handler: Entity(170): Light not found
[14:08:52.965006] [I] FLR0026_CAMERA_APPLIED head=(5,0,-5) targetPresent=true target=(0,0,0) dolly=(5,0,5)
[14:08:53.065743] [I] FLR0026_MODEL_STAGE_COMPLETE asset=assets/models/sequoia_ngp.glb pending_models=0
[14:08:53.066040] [E] [handleMessage] Exception in handler: Entity(166): Light not found
[14:08:53.066089] [E] [handleMessage] Exception in handler: Entity(168): Light not found
[14:08:53.066120] [E] [handleMessage] Exception in handler: Entity(170): Light not found
[14:08:53.066272] [I] FLR0026_CAMERA_APPLIED head=(5,0,-5) targetPresent=true target=(0,0,0) dolly=(5,0,5)
[14:08:53.172601] [I] FLR0026_MODEL_STAGE_COMPLETE asset=assets/models/sequoia_ngp.glb pending_models=0
[14:08:53.172888] [E] [handleMessage] Exception in handler: Entity(166): Light not found
[14:08:53.172935] [E] [handleMessage] Exception in handler: Entity(168): Light not found
[14:08:53.172967] [E] [handleMessage] Exception in handler: Entity(170): Light not found
[14:08:53.173118] [I] FLR0026_CAMERA_APPLIED head=(5,0,-5) targetPresent=true target=(0,0,0) dolly=(5,0,5)
[14:08:53.273857] [I] FLR0026_MODEL_STAGE_COMPLETE asset=assets/models/sequoia_ngp.glb pending_models=0
[14:08:53.274143] [E] [handleMessage] Exception in handler: Entity(166): Light not found
[14:08:53.274192] [E] [handleMessage] Exception in handler: Entity(168): Light not found
[14:08:53.274224] [E] [handleMessage] Exception in handler: Entity(170): Light not found
[14:08:53.274439] [I] FLR0026_CAMERA_APPLIED head=(5,0,-5) targetPresent=true target=(0,0,0) dolly=(5,0,5)
[14:08:53.378711] [I] FLR0026_MODEL_STAGE_COMPLETE asset=assets/models/sequoia_ngp.glb pending_models=0
[14:08:53.379010] [E] [handleMessage] Exception in handler: Entity(166): Light not found
[14:08:53.379059] [E] [handleMessage] Exception in handler: Entity(168): Light not found
[14:08:53.379093] [E] [handleMessage] Exception in handler: Entity(170): Light not found
[14:08:53.379246] [I] FLR0026_CAMERA_APPLIED head=(5,0,-5) targetPresent=true target=(0,0,0) dolly=(5,0,5)
[14:08:53.483496] [I] FLR0026_MODEL_STAGE_COMPLETE asset=assets/models/sequoia_ngp.glb pending_models=0
[14:08:53.483792] [E] [handleMessage] Exception in handler: Entity(166): Light not found
[14:08:53.483842] [E] [handleMessage] Exception in handler: Entity(168): Light not found
[14:08:53.483875] [E] [handleMessage] Exception in handler: Entity(170): Light not found
[14:08:53.484029] [I] FLR0026_CAMERA_APPLIED head=(5,0,-5) targetPresent=true target=(0,0,0) dolly=(5,0,5)
[14:08:53.587889] [I] FLR0026_MODEL_STAGE_COMPLETE asset=assets/models/sequoia_ngp.glb pending_models=0
[14:08:53.588177] [E] [handleMessage] Exception in handler: Entity(166): Light not found
[14:08:53.588226] [E] [handleMessage] Exception in handler: Entity(168): Light not found
[14:08:53.588259] [E] [handleMessage] Exception in handler: Entity(170): Light not found
[14:08:53.588462] [I] FLR0026_CAMERA_APPLIED head=(5,0,-5) targetPresent=true target=(0,0,0) dolly=(5,0,5)
[14:08:53.695514] [I] FLR0026_MODEL_STAGE_COMPLETE asset=assets/models/sequoia_ngp.glb pending_models=0
[14:08:53.695923] [E] [handleMessage] Exception in handler: Entity(166): Light not found
[14:08:53.695987] [E] [handleMessage] Exception in handler: Entity(168): Light not found
[14:08:53.696022] [E] [handleMessage] Exception in handler: Entity(170): Light not found
[14:08:53.696184] [I] FLR0026_CAMERA_APPLIED head=(5,0,-5) targetPresent=true target=(0,0,0) dolly=(5,0,5)
[14:08:53.800709] [I] FLR0026_MODEL_STAGE_COMPLETE asset=assets/models/sequoia_ngp.glb pending_models=0
[14:08:53.800995] [E] [handleMessage] Exception in handler: Entity(166): Light not found
[14:08:53.801044] [E] [handleMessage] Exception in handler: Entity(168): Light not found
[14:08:53.801077] [E] [handleMessage] Exception in handler: Entity(170): Light not found
[14:08:53.801231] [I] FLR0026_CAMERA_APPLIED head=(5,0,-5) targetPresent=true target=(0,0,0) dolly=(5,0,5)
[14:08:53.910608] [I] FLR0026_MODEL_STAGE_PROGRESS seq=60 progress=1 assets=1
[14:08:53.910691] [I] FLR0026_MODEL_STAGE_COMPLETE asset=assets/models/sequoia_ngp.glb pending_models=0
[14:08:53.910942] [E] [handleMessage] Exception in handler: Entity(166): Light not found
[14:08:53.910992] [E] [handleMessage] Exception in handler: Entity(168): Light not found
[14:08:53.911024] [E] [handleMessage] Exception in handler: Entity(170): Light not found
[14:08:53.911174] [I] FLR0026_CAMERA_APPLIED head=(5,0,-5) targetPresent=true target=(0,0,0) dolly=(5,0,5)
[14:08:53.911611] [I] FLR0026_FRAME_BEGIN seq=60 started=false
[14:08:54.011981] [I] FLR0026_MODEL_STAGE_COMPLETE asset=assets/models/sequoia_ngp.glb pending_models=0
[14:08:54.012290] [E] [handleMessage] Exception in handler: Entity(166): Light not found
[14:08:54.012377] [E] [handleMessage] Exception in handler: Entity(168): Light not found
[14:08:54.012417] [E] [handleMessage] Exception in handler: Entity(170): Light not found
[14:08:54.012575] [I] FLR0026_CAMERA_APPLIED head=(5,0,-5) targetPresent=true target=(0,0,0) dolly=(5,0,5)
[14:08:54.115455] [I] FLR0026_MODEL_STAGE_COMPLETE asset=assets/models/sequoia_ngp.glb pending_models=0
[14:08:54.115756] [E] [handleMessage] Exception in handler: Entity(166): Light not found
[14:08:54.115803] [E] [handleMessage] Exception in handler: Entity(168): Light not found
[14:08:54.115834] [E] [handleMessage] Exception in handler: Entity(170): Light not found
[14:08:54.115989] [I] FLR0026_CAMERA_APPLIED head=(5,0,-5) targetPresent=true target=(0,0,0) dolly=(5,0,5)
[14:08:54.216742] [I] FLR0026_MODEL_STAGE_COMPLETE asset=assets/models/sequoia_ngp.glb pending_models=0
[14:08:54.217050] [E] [handleMessage] Exception in handler: Entity(166): Light not found
[14:08:54.217105] [E] [handleMessage] Exception in handler: Entity(168): Light not found
[14:08:54.217135] [E] [handleMessage] Exception in handler: Entity(170): Light not found
[14:08:54.217288] [I] FLR0026_CAMERA_APPLIED head=(5,0,-5) targetPresent=true target=(0,0,0) dolly=(5,0,5)
[14:08:54.320649] [I] FLR0026_MODEL_STAGE_COMPLETE asset=assets/models/sequoia_ngp.glb pending_models=0
[14:08:54.320946] [E] [handleMessage] Exception in handler: Entity(166): Light not found
[14:08:54.320996] [E] [handleMessage] Exception in handler: Entity(168): Light not found
[14:08:54.321043] [E] [handleMessage] Exception in handler: Entity(170): Light not found
[14:08:54.321223] [I] FLR0026_CAMERA_APPLIED head=(5,0,-5) targetPresent=true target=(0,0,0) dolly=(5,0,5)
[14:08:54.425472] [I] FLR0026_MODEL_STAGE_COMPLETE asset=assets/models/sequoia_ngp.glb pending_models=0
[14:08:54.425767] [E] [handleMessage] Exception in handler: Entity(166): Light not found
[14:08:54.425818] [E] [handleMessage] Exception in handler: Entity(168): Light not found
[14:08:54.425850] [E] [handleMessage] Exception in handler: Entity(170): Light not found
[14:08:54.426017] [I] FLR0026_CAMERA_APPLIED head=(5,0,-5) targetPresent=true target=(0,0,0) dolly=(5,0,5)
[14:08:54.528732] [I] FLR0026_MODEL_STAGE_COMPLETE asset=assets/models/sequoia_ngp.glb pending_models=0
[14:08:54.529046] [E] [handleMessage] Exception in handler: Entity(166): Light not found
[14:08:54.529099] [E] [handleMessage] Exception in handler: Entity(168): Light not found
[14:08:54.529131] [E] [handleMessage] Exception in handler: Entity(170): Light not found
[14:08:54.529281] [I] FLR0026_CAMERA_APPLIED head=(5,0,-5) targetPresent=true target=(0,0,0) dolly=(5,0,5)
[14:08:54.632642] [I] FLR0026_MODEL_STAGE_COMPLETE asset=assets/models/sequoia_ngp.glb pending_models=0
[14:08:54.632944] [E] [handleMessage] Exception in handler: Entity(166): Light not found
[14:08:54.632992] [E] [handleMessage] Exception in handler: Entity(168): Light not found
[14:08:54.633024] [E] [handleMessage] Exception in handler: Entity(170): Light not found
[14:08:54.633182] [I] FLR0026_CAMERA_APPLIED head=(5,0,-5) targetPresent=true target=(0,0,0) dolly=(5,0,5)
[14:08:54.738634] [I] FLR0026_MODEL_STAGE_COMPLETE asset=assets/models/sequoia_ngp.glb pending_models=0
[14:08:54.738928] [E] [handleMessage] Exception in handler: Entity(166): Light not found
[14:08:54.738976] [E] [handleMessage] Exception in handler: Entity(168): Light not found
[14:08:54.739008] [E] [handleMessage] Exception in handler: Entity(170): Light not found
[14:08:54.739160] [I] FLR0026_CAMERA_APPLIED head=(5,0,-5) targetPresent=true target=(0,0,0) dolly=(5,0,5)
[14:08:54.846501] [I] FLR0026_MODEL_STAGE_COMPLETE asset=assets/models/sequoia_ngp.glb pending_models=0
[14:08:54.846790] [E] [handleMessage] Exception in handler: Entity(166): Light not found
[14:08:54.847082] [E] [handleMessage] Exception in handler: Entity(168): Light not found
[14:08:54.847160] [E] [handleMessage] Exception in handler: Entity(170): Light not found
[14:08:54.847382] [I] FLR0026_CAMERA_APPLIED head=(5,0,-5) targetPresent=true target=(0,0,0) dolly=(5,0,5)
[14:08:54.959467] [I] FLR0026_MODEL_STAGE_COMPLETE asset=assets/models/sequoia_ngp.glb pending_models=0
[14:08:54.959757] [E] [handleMessage] Exception in handler: Entity(166): Light not found
[14:08:54.959806] [E] [handleMessage] Exception in handler: Entity(168): Light not found
[14:08:54.959838] [E] [handleMessage] Exception in handler: Entity(170): Light not found
[14:08:54.959989] [I] FLR0026_CAMERA_APPLIED head=(5,0,-5) targetPresent=true target=(0,0,0) dolly=(5,0,5)
[14:08:54.960416] [I] FLR0026_FRAME_BEGIN seq=70 started=false
[14:08:55.060803] [I] FLR0026_MODEL_STAGE_COMPLETE asset=assets/models/sequoia_ngp.glb pending_models=0
[14:08:55.061106] [E] [handleMessage] Exception in handler: Entity(166): Light not found
[14:08:55.061155] [E] [handleMessage] Exception in handler: Entity(168): Light not found
[14:08:55.061188] [E] [handleMessage] Exception in handler: Entity(170): Light not found
[14:08:55.061414] [I] FLR0026_CAMERA_APPLIED head=(5,0,-5) targetPresent=true target=(0,0,0) dolly=(5,0,5)
[14:08:55.162623] [I] FLR0026_MODEL_STAGE_COMPLETE asset=assets/models/sequoia_ngp.glb pending_models=0
[14:08:55.162922] [E] [handleMessage] Exception in handler: Entity(166): Light not found
[14:08:55.162973] [E] [handleMessage] Exception in handler: Entity(168): Light not found
[14:08:55.163008] [E] [handleMessage] Exception in handler: Entity(170): Light not found
[14:08:55.163168] [I] FLR0026_CAMERA_APPLIED head=(5,0,-5) targetPresent=true target=(0,0,0) dolly=(5,0,5)
[14:08:55.266097] [I] FLR0026_MODEL_STAGE_COMPLETE asset=assets/models/sequoia_ngp.glb pending_models=0
[14:08:55.266427] [E] [handleMessage] Exception in handler: Entity(166): Light not found
[14:08:55.266485] [E] [handleMessage] Exception in handler: Entity(168): Light not found
[14:08:55.266520] [E] [handleMessage] Exception in handler: Entity(170): Light not found
[14:08:55.266675] [I] FLR0026_CAMERA_APPLIED head=(5,0,-5) targetPresent=true target=(0,0,0) dolly=(5,0,5)
[14:08:55.368195] [I] FLR0026_MODEL_STAGE_COMPLETE asset=assets/models/sequoia_ngp.glb pending_models=0
[14:08:55.368542] [E] [handleMessage] Exception in handler: Entity(166): Light not found
[14:08:55.368649] [E] [handleMessage] Exception in handler: Entity(168): Light not found
[14:08:55.368688] [E] [handleMessage] Exception in handler: Entity(170): Light not found
[14:08:55.368841] [I] FLR0026_CAMERA_APPLIED head=(5,0,-5) targetPresent=true target=(0,0,0) dolly=(5,0,5)
[14:08:55.472628] [I] FLR0026_MODEL_STAGE_COMPLETE asset=assets/models/sequoia_ngp.glb pending_models=0
[14:08:55.472924] [E] [handleMessage] Exception in handler: Entity(166): Light not found
[14:08:55.472975] [E] [handleMessage] Exception in handler: Entity(168): Light not found
[14:08:55.473009] [E] [handleMessage] Exception in handler: Entity(170): Light not found
[14:08:55.473164] [I] FLR0026_CAMERA_APPLIED head=(5,0,-5) targetPresent=true target=(0,0,0) dolly=(5,0,5)
[14:08:55.575552] [I] FLR0026_MODEL_STAGE_COMPLETE asset=assets/models/sequoia_ngp.glb pending_models=0
[14:08:55.575845] [E] [handleMessage] Exception in handler: Entity(166): Light not found
[14:08:55.575894] [E] [handleMessage] Exception in handler: Entity(168): Light not found
[14:08:55.575929] [E] [handleMessage] Exception in handler: Entity(170): Light not found
[14:08:55.576082] [I] FLR0026_CAMERA_APPLIED head=(5,0,-5) targetPresent=true target=(0,0,0) dolly=(5,0,5)
[14:08:55.684481] [I] FLR0026_MODEL_STAGE_COMPLETE asset=assets/models/sequoia_ngp.glb pending_models=0
[14:08:55.684780] [E] [handleMessage] Exception in handler: Entity(166): Light not found
[14:08:55.684831] [E] [handleMessage] Exception in handler: Entity(168): Light not found
[14:08:55.684866] [E] [handleMessage] Exception in handler: Entity(170): Light not found
[14:08:55.685023] [I] FLR0026_CAMERA_APPLIED head=(5,0,-5) targetPresent=true target=(0,0,0) dolly=(5,0,5)
[14:08:55.785883] [I] FLR0026_MODEL_STAGE_COMPLETE asset=assets/models/sequoia_ngp.glb pending_models=0
[14:08:55.786191] [E] [handleMessage] Exception in handler: Entity(166): Light not found
[14:08:55.786256] [E] [handleMessage] Exception in handler: Entity(168): Light not found
[14:08:55.786301] [E] [handleMessage] Exception in handler: Entity(170): Light not found
[14:08:55.786601] [I] FLR0026_CAMERA_APPLIED head=(5,0,-5) targetPresent=true target=(0,0,0) dolly=(5,0,5)
[14:08:55.891488] [I] FLR0026_MODEL_STAGE_COMPLETE asset=assets/models/sequoia_ngp.glb pending_models=0
[14:08:55.891781] [E] [handleMessage] Exception in handler: Entity(166): Light not found
[14:08:55.891834] [E] [handleMessage] Exception in handler: Entity(168): Light not found
[14:08:55.891867] [E] [handleMessage] Exception in handler: Entity(170): Light not found
[14:08:55.892022] [I] FLR0026_CAMERA_APPLIED head=(5,0,-5) targetPresent=true target=(0,0,0) dolly=(5,0,5)
[14:08:55.992844] [I] FLR0026_MODEL_STAGE_COMPLETE asset=assets/models/sequoia_ngp.glb pending_models=0
[14:08:55.993138] [E] [handleMessage] Exception in handler: Entity(166): Light not found
[14:08:55.993189] [E] [handleMessage] Exception in handler: Entity(168): Light not found
[14:08:55.993223] [E] [handleMessage] Exception in handler: Entity(170): Light not found
[14:08:55.993433] [I] FLR0026_CAMERA_APPLIED head=(5,0,-5) targetPresent=true target=(0,0,0) dolly=(5,0,5)
[14:08:55.993826] [I] FLR0026_FRAME_BEGIN seq=80 started=false
[14:08:56.094173] [I] FLR0026_MODEL_STAGE_COMPLETE asset=assets/models/sequoia_ngp.glb pending_models=0
[14:08:56.094527] [E] [handleMessage] Exception in handler: Entity(166): Light not found
[14:08:56.094585] [E] [handleMessage] Exception in handler: Entity(168): Light not found
[14:08:56.094619] [E] [handleMessage] Exception in handler: Entity(170): Light not found
[14:08:56.094775] [I] FLR0026_CAMERA_APPLIED head=(5,0,-5) targetPresent=true target=(0,0,0) dolly=(5,0,5)
[14:08:56.195500] [I] FLR0026_MODEL_STAGE_COMPLETE asset=assets/models/sequoia_ngp.glb pending_models=0
[14:08:56.195792] [E] [handleMessage] Exception in handler: Entity(166): Light not found
[14:08:56.195844] [E] [handleMessage] Exception in handler: Entity(168): Light not found
[14:08:56.195930] [E] [handleMessage] Exception in handler: Entity(170): Light not found
[14:08:56.196094] [I] FLR0026_CAMERA_APPLIED head=(5,0,-5) targetPresent=true target=(0,0,0) dolly=(5,0,5)
[14:08:56.299267] [I] FLR0026_MODEL_STAGE_COMPLETE asset=assets/models/sequoia_ngp.glb pending_models=0
[14:08:56.299613] [E] [handleMessage] Exception in handler: Entity(166): Light not found
[14:08:56.299662] [E] [handleMessage] Exception in handler: Entity(168): Light not found
[14:08:56.299693] [E] [handleMessage] Exception in handler: Entity(170): Light not found
[14:08:56.299843] [I] FLR0026_CAMERA_APPLIED head=(5,0,-5) targetPresent=true target=(0,0,0) dolly=(5,0,5)
[14:08:56.405496] [I] FLR0026_MODEL_STAGE_COMPLETE asset=assets/models/sequoia_ngp.glb pending_models=0
[14:08:56.405790] [E] [handleMessage] Exception in handler: Entity(166): Light not found
[14:08:56.405891] [E] [handleMessage] Exception in handler: Entity(168): Light not found
[14:08:56.405931] [E] [handleMessage] Exception in handler: Entity(170): Light not found
[14:08:56.406090] [I] FLR0026_CAMERA_APPLIED head=(5,0,-5) targetPresent=true target=(0,0,0) dolly=(5,0,5)
[14:08:56.506857] [I] FLR0026_MODEL_STAGE_COMPLETE asset=assets/models/sequoia_ngp.glb pending_models=0
[14:08:56.507150] [E] [handleMessage] Exception in handler: Entity(166): Light not found
[14:08:56.507198] [E] [handleMessage] Exception in handler: Entity(168): Light not found
[14:08:56.507230] [E] [handleMessage] Exception in handler: Entity(170): Light not found
[14:08:56.507442] [I] FLR0026_CAMERA_APPLIED head=(5,0,-5) targetPresent=true target=(0,0,0) dolly=(5,0,5)
[14:08:56.608220] [I] FLR0026_MODEL_STAGE_COMPLETE asset=assets/models/sequoia_ngp.glb pending_models=0
[14:08:56.608562] [E] [handleMessage] Exception in handler: Entity(166): Light not found
[14:08:56.608622] [E] [handleMessage] Exception in handler: Entity(168): Light not found
[14:08:56.608657] [E] [handleMessage] Exception in handler: Entity(170): Light not found
[14:08:56.608812] [I] FLR0026_CAMERA_APPLIED head=(5,0,-5) targetPresent=true target=(0,0,0) dolly=(5,0,5)
[14:08:56.713531] [I] FLR0026_MODEL_STAGE_COMPLETE asset=assets/models/sequoia_ngp.glb pending_models=0
[14:08:56.713824] [E] [handleMessage] Exception in handler: Entity(166): Light not found
[14:08:56.713874] [E] [handleMessage] Exception in handler: Entity(168): Light not found
[14:08:56.713908] [E] [handleMessage] Exception in handler: Entity(170): Light not found
[14:08:56.714066] [I] FLR0026_CAMERA_APPLIED head=(5,0,-5) targetPresent=true target=(0,0,0) dolly=(5,0,5)
[14:08:56.814875] [I] FLR0026_MODEL_STAGE_COMPLETE asset=assets/models/sequoia_ngp.glb pending_models=0
[14:08:56.815210] [E] [handleMessage] Exception in handler: Entity(166): Light not found
[14:08:56.815264] [E] [handleMessage] Exception in handler: Entity(168): Light not found
[14:08:56.815298] [E] [handleMessage] Exception in handler: Entity(170): Light not found
[14:08:56.815525] [I] FLR0026_CAMERA_APPLIED head=(5,0,-5) targetPresent=true target=(0,0,0) dolly=(5,0,5)
[14:08:56.926483] [I] FLR0026_MODEL_STAGE_COMPLETE asset=assets/models/sequoia_ngp.glb pending_models=0
[14:08:56.926770] [E] [handleMessage] Exception in handler: Entity(166): Light not found
[14:08:56.926820] [E] [handleMessage] Exception in handler: Entity(168): Light not found
[14:08:56.926853] [E] [handleMessage] Exception in handler: Entity(170): Light not found
[14:08:56.927003] [I] FLR0026_CAMERA_APPLIED head=(5,0,-5) targetPresent=true target=(0,0,0) dolly=(5,0,5)
[14:08:57.027873] [I] FLR0026_MODEL_STAGE_COMPLETE asset=assets/models/sequoia_ngp.glb pending_models=0
[14:08:57.028553] [E] [handleMessage] Exception in handler: Entity(166): Light not found
[14:08:57.028614] [E] [handleMessage] Exception in handler: Entity(168): Light not found
[14:08:57.028650] [E] [handleMessage] Exception in handler: Entity(170): Light not found
[14:08:57.028805] [I] FLR0026_CAMERA_APPLIED head=(5,0,-5) targetPresent=true target=(0,0,0) dolly=(5,0,5)
[14:08:57.029445] [I] FLR0026_FRAME_BEGIN seq=90 started=false
[14:08:57.129885] [I] FLR0026_MODEL_STAGE_COMPLETE asset=assets/models/sequoia_ngp.glb pending_models=0
[14:08:57.130172] [E] [handleMessage] Exception in handler: Entity(166): Light not found
[14:08:57.130225] [E] [handleMessage] Exception in handler: Entity(168): Light not found
[14:08:57.130258] [E] [handleMessage] Exception in handler: Entity(170): Light not found
[14:08:57.130449] [I] FLR0026_CAMERA_APPLIED head=(5,0,-5) targetPresent=true target=(0,0,0) dolly=(5,0,5)
[14:08:57.234749] [I] FLR0026_MODEL_STAGE_COMPLETE asset=assets/models/sequoia_ngp.glb pending_models=0
[14:08:57.235033] [E] [handleMessage] Exception in handler: Entity(166): Light not found
[14:08:57.235081] [E] [handleMessage] Exception in handler: Entity(168): Light not found
[14:08:57.235118] [E] [handleMessage] Exception in handler: Entity(170): Light not found
[14:08:57.235273] [I] FLR0026_CAMERA_APPLIED head=(5,0,-5) targetPresent=true target=(0,0,0) dolly=(5,0,5)
[14:08:57.339641] [I] FLR0026_MODEL_STAGE_COMPLETE asset=assets/models/sequoia_ngp.glb pending_models=0
[14:08:57.339929] [E] [handleMessage] Exception in handler: Entity(166): Light not found
[14:08:57.339977] [E] [handleMessage] Exception in handler: Entity(168): Light not found
[14:08:57.340010] [E] [handleMessage] Exception in handler: Entity(170): Light not found
[14:08:57.340164] [I] FLR0026_CAMERA_APPLIED head=(5,0,-5) targetPresent=true target=(0,0,0) dolly=(5,0,5)
[14:08:57.443476] [I] FLR0026_MODEL_STAGE_COMPLETE asset=assets/models/sequoia_ngp.glb pending_models=0
[14:08:57.443765] [E] [handleMessage] Exception in handler: Entity(166): Light not found
[14:08:57.443813] [E] [handleMessage] Exception in handler: Entity(168): Light not found
[14:08:57.443845] [E] [handleMessage] Exception in handler: Entity(170): Light not found
[14:08:57.443999] [I] FLR0026_CAMERA_APPLIED head=(5,0,-5) targetPresent=true target=(0,0,0) dolly=(5,0,5)
[14:08:57.545024] [I] FLR0026_MODEL_STAGE_COMPLETE asset=assets/models/sequoia_ngp.glb pending_models=0
[14:08:57.548395] [E] [handleMessage] Exception in handler: Entity(166): Light not found
[14:08:57.548512] [E] [handleMessage] Exception in handler: Entity(168): Light not found
[14:08:57.548550] [E] [handleMessage] Exception in handler: Entity(170): Light not found
[14:08:57.548709] [I] FLR0026_CAMERA_APPLIED head=(5,0,-5) targetPresent=true target=(0,0,0) dolly=(5,0,5)
[14:08:57.649665] [I] FLR0026_MODEL_STAGE_COMPLETE asset=assets/models/sequoia_ngp.glb pending_models=0
[14:08:57.649963] [E] [handleMessage] Exception in handler: Entity(166): Light not found
[14:08:57.650011] [E] [handleMessage] Exception in handler: Entity(168): Light not found
[14:08:57.650044] [E] [handleMessage] Exception in handler: Entity(170): Light not found
[14:08:57.650199] [I] FLR0026_CAMERA_APPLIED head=(5,0,-5) targetPresent=true target=(0,0,0) dolly=(5,0,5)
[14:08:57.751009] [I] FLR0026_MODEL_STAGE_COMPLETE asset=assets/models/sequoia_ngp.glb pending_models=0
[14:08:57.751304] [E] [handleMessage] Exception in handler: Entity(166): Light not found
[14:08:57.751446] [E] [handleMessage] Exception in handler: Entity(168): Light not found
[14:08:57.751490] [E] [handleMessage] Exception in handler: Entity(170): Light not found
[14:08:57.751643] [I] FLR0026_CAMERA_APPLIED head=(5,0,-5) targetPresent=true target=(0,0,0) dolly=(5,0,5)
[14:08:57.852394] [I] FLR0026_MODEL_STAGE_COMPLETE asset=assets/models/sequoia_ngp.glb pending_models=0
[14:08:57.852694] [E] [handleMessage] Exception in handler: Entity(166): Light not found
[14:08:57.852753] [E] [handleMessage] Exception in handler: Entity(168): Light not found
[14:08:57.852797] [E] [handleMessage] Exception in handler: Entity(170): Light not found
[14:08:57.852953] [I] FLR0026_CAMERA_APPLIED head=(5,0,-5) targetPresent=true target=(0,0,0) dolly=(5,0,5)
[14:08:57.954914] [I] FLR0026_MODEL_STAGE_COMPLETE asset=assets/models/sequoia_ngp.glb pending_models=0
[14:08:57.955215] [E] [handleMessage] Exception in handler: Entity(166): Light not found
[14:08:57.955394] [E] [handleMessage] Exception in handler: Entity(168): Light not found
[14:08:57.955453] [E] [handleMessage] Exception in handler: Entity(170): Light not found
[14:08:57.955612] [I] FLR0026_CAMERA_APPLIED head=(5,0,-5) targetPresent=true target=(0,0,0) dolly=(5,0,5)
[14:08:58.064467] [I] FLR0026_MODEL_STAGE_COMPLETE asset=assets/models/sequoia_ngp.glb pending_models=0
[14:08:58.064775] [E] [handleMessage] Exception in handler: Entity(166): Light not found
[14:08:58.064834] [E] [handleMessage] Exception in handler: Entity(168): Light not found
[14:08:58.064878] [E] [handleMessage] Exception in handler: Entity(170): Light not found
[14:08:58.065036] [I] FLR0026_CAMERA_APPLIED head=(5,0,-5) targetPresent=true target=(0,0,0) dolly=(5,0,5)
[14:08:58.065507] [I] FLR0026_FRAME_BEGIN seq=100 started=false
[14:08:58.165887] [I] FLR0026_MODEL_STAGE_COMPLETE asset=assets/models/sequoia_ngp.glb pending_models=0
[14:08:58.166181] [E] [handleMessage] Exception in handler: Entity(166): Light not found
[14:08:58.166241] [E] [handleMessage] Exception in handler: Entity(168): Light not found
[14:08:58.166284] [E] [handleMessage] Exception in handler: Entity(170): Light not found
[14:08:58.166499] [I] FLR0026_CAMERA_APPLIED head=(5,0,-5) targetPresent=true target=(0,0,0) dolly=(5,0,5)
[14:08:58.269494] [I] FLR0026_MODEL_STAGE_COMPLETE asset=assets/models/sequoia_ngp.glb pending_models=0
[14:08:58.269796] [E] [handleMessage] Exception in handler: Entity(166): Light not found
[14:08:58.269857] [E] [handleMessage] Exception in handler: Entity(168): Light not found
[14:08:58.269901] [E] [handleMessage] Exception in handler: Entity(170): Light not found
[14:08:58.270056] [I] FLR0026_CAMERA_APPLIED head=(5,0,-5) targetPresent=true target=(0,0,0) dolly=(5,0,5)
[14:08:58.373472] [I] FLR0026_MODEL_STAGE_COMPLETE asset=assets/models/sequoia_ngp.glb pending_models=0
[14:08:58.373772] [E] [handleMessage] Exception in handler: Entity(166): Light not found
[14:08:58.373830] [E] [handleMessage] Exception in handler: Entity(168): Light not found
[14:08:58.373872] [E] [handleMessage] Exception in handler: Entity(170): Light not found
[14:08:58.374024] [I] FLR0026_CAMERA_APPLIED head=(5,0,-5) targetPresent=true target=(0,0,0) dolly=(5,0,5)
[14:08:58.477836] [I] FLR0026_MODEL_STAGE_COMPLETE asset=assets/models/sequoia_ngp.glb pending_models=0
[14:08:58.478136] [E] [handleMessage] Exception in handler: Entity(166): Light not found
[14:08:58.478198] [E] [handleMessage] Exception in handler: Entity(168): Light not found
[14:08:58.478243] [E] [handleMessage] Exception in handler: Entity(170): Light not found
[14:08:58.478473] [I] FLR0026_CAMERA_APPLIED head=(5,0,-5) targetPresent=true target=(0,0,0) dolly=(5,0,5)
[14:08:58.581517] [I] FLR0026_MODEL_STAGE_COMPLETE asset=assets/models/sequoia_ngp.glb pending_models=0
[14:08:58.581806] [E] [handleMessage] Exception in handler: Entity(166): Light not found
[14:08:58.581865] [E] [handleMessage] Exception in handler: Entity(168): Light not found
[14:08:58.581907] [E] [handleMessage] Exception in handler: Entity(170): Light not found
[14:08:58.582059] [I] FLR0026_CAMERA_APPLIED head=(5,0,-5) targetPresent=true target=(0,0,0) dolly=(5,0,5)
[14:08:58.685466] [I] FLR0026_MODEL_STAGE_COMPLETE asset=assets/models/sequoia_ngp.glb pending_models=0
[14:08:58.685762] [E] [handleMessage] Exception in handler: Entity(166): Light not found
[14:08:58.685822] [E] [handleMessage] Exception in handler: Entity(168): Light not found
[14:08:58.685871] [E] [handleMessage] Exception in handler: Entity(170): Light not found
[14:08:58.686026] [I] FLR0026_CAMERA_APPLIED head=(5,0,-5) targetPresent=true target=(0,0,0) dolly=(5,0,5)
[14:08:58.789496] [I] FLR0026_MODEL_STAGE_COMPLETE asset=assets/models/sequoia_ngp.glb pending_models=0
[14:08:58.789795] [E] [handleMessage] Exception in handler: Entity(166): Light not found
[14:08:58.789908] [E] [handleMessage] Exception in handler: Entity(168): Light not found
[14:08:58.789958] [E] [handleMessage] Exception in handler: Entity(170): Light not found
[14:08:58.790111] [I] FLR0026_CAMERA_APPLIED head=(5,0,-5) targetPresent=true target=(0,0,0) dolly=(5,0,5)
[14:08:58.897780] [I] FLR0026_MODEL_STAGE_COMPLETE asset=assets/models/sequoia_ngp.glb pending_models=0
[14:08:58.898078] [E] [handleMessage] Exception in handler: Entity(166): Light not found
[14:08:58.898136] [E] [handleMessage] Exception in handler: Entity(168): Light not found
[14:08:58.898179] [E] [handleMessage] Exception in handler: Entity(170): Light not found
[14:08:58.898409] [I] FLR0026_CAMERA_APPLIED head=(5,0,-5) targetPresent=true target=(0,0,0) dolly=(5,0,5)
[14:08:59.005722] [I] FLR0026_MODEL_STAGE_COMPLETE asset=assets/models/sequoia_ngp.glb pending_models=0
[14:08:59.006031] [E] [handleMessage] Exception in handler: Entity(166): Light not found
[14:08:59.006089] [E] [handleMessage] Exception in handler: Entity(168): Light not found
[14:08:59.006132] [E] [handleMessage] Exception in handler: Entity(170): Light not found
[14:08:59.006285] [I] FLR0026_CAMERA_APPLIED head=(5,0,-5) targetPresent=true target=(0,0,0) dolly=(5,0,5)
[14:08:59.109663] [I] FLR0026_MODEL_STAGE_COMPLETE asset=assets/models/sequoia_ngp.glb pending_models=0
[14:08:59.109962] [E] [handleMessage] Exception in handler: Entity(166): Light not found
[14:08:59.110019] [E] [handleMessage] Exception in handler: Entity(168): Light not found
[14:08:59.110061] [E] [handleMessage] Exception in handler: Entity(170): Light not found
[14:08:59.110225] [I] FLR0026_CAMERA_APPLIED head=(5,0,-5) targetPresent=true target=(0,0,0) dolly=(5,0,5)
[14:08:59.110653] [I] FLR0026_FRAME_BEGIN seq=110 started=false
[14:08:59.211023] [I] FLR0026_MODEL_STAGE_COMPLETE asset=assets/models/sequoia_ngp.glb pending_models=0
[14:08:59.211381] [E] [handleMessage] Exception in handler: Entity(166): Light not found
[14:08:59.211450] [E] [handleMessage] Exception in handler: Entity(168): Light not found
[14:08:59.211494] [E] [handleMessage] Exception in handler: Entity(170): Light not found
[14:08:59.211660] [I] FLR0026_CAMERA_APPLIED head=(5,0,-5) targetPresent=true target=(0,0,0) dolly=(5,0,5)
[14:08:59.317511] [I] FLR0026_MODEL_STAGE_COMPLETE asset=assets/models/sequoia_ngp.glb pending_models=0
[14:08:59.317811] [E] [handleMessage] Exception in handler: Entity(166): Light not found
[14:08:59.317870] [E] [handleMessage] Exception in handler: Entity(168): Light not found
[14:08:59.317913] [E] [handleMessage] Exception in handler: Entity(170): Light not found
[14:08:59.318080] [I] FLR0026_CAMERA_APPLIED head=(5,0,-5) targetPresent=true target=(0,0,0) dolly=(5,0,5)
[14:08:59.419157] [I] FLR0026_MODEL_STAGE_COMPLETE asset=assets/models/sequoia_ngp.glb pending_models=0
[14:08:59.419510] [E] [handleMessage] Exception in handler: Entity(166): Light not found
[14:08:59.419576] [E] [handleMessage] Exception in handler: Entity(168): Light not found
[14:08:59.419620] [E] [handleMessage] Exception in handler: Entity(170): Light not found
[14:08:59.419776] [I] FLR0026_CAMERA_APPLIED head=(5,0,-5) targetPresent=true target=(0,0,0) dolly=(5,0,5)
[14:08:59.531856] [I] FLR0026_MODEL_STAGE_COMPLETE asset=assets/models/sequoia_ngp.glb pending_models=0
[14:08:59.532156] [E] [handleMessage] Exception in handler: Entity(166): Light not found
[14:08:59.532214] [E] [handleMessage] Exception in handler: Entity(168): Light not found
[14:08:59.532258] [E] [handleMessage] Exception in handler: Entity(170): Light not found
[14:08:59.532471] [I] FLR0026_CAMERA_APPLIED head=(5,0,-5) targetPresent=true target=(0,0,0) dolly=(5,0,5)
[14:08:59.634486] [I] FLR0026_MODEL_STAGE_COMPLETE asset=assets/models/sequoia_ngp.glb pending_models=0
[14:08:59.634796] [E] [handleMessage] Exception in handler: Entity(166): Light not found
[14:08:59.634854] [E] [handleMessage] Exception in handler: Entity(168): Light not found
[14:08:59.634950] [E] [handleMessage] Exception in handler: Entity(170): Light not found
[14:08:59.635114] [I] FLR0026_CAMERA_APPLIED head=(5,0,-5) targetPresent=true target=(0,0,0) dolly=(5,0,5)
[14:08:59.737500] [I] FLR0026_MODEL_STAGE_COMPLETE asset=assets/models/sequoia_ngp.glb pending_models=0
[14:08:59.737790] [E] [handleMessage] Exception in handler: Entity(166): Light not found
[14:08:59.737849] [E] [handleMessage] Exception in handler: Entity(168): Light not found
[14:08:59.737895] [E] [handleMessage] Exception in handler: Entity(170): Light not found
[14:08:59.738048] [I] FLR0026_CAMERA_APPLIED head=(5,0,-5) targetPresent=true target=(0,0,0) dolly=(5,0,5)
[14:08:59.841490] [I] FLR0026_MODEL_STAGE_COMPLETE asset=assets/models/sequoia_ngp.glb pending_models=0
[14:08:59.841791] [E] [handleMessage] Exception in handler: Entity(166): Light not found
[14:08:59.841853] [E] [handleMessage] Exception in handler: Entity(168): Light not found
[14:08:59.841897] [E] [handleMessage] Exception in handler: Entity(170): Light not found
[14:08:59.842051] [I] FLR0026_CAMERA_APPLIED head=(5,0,-5) targetPresent=true target=(0,0,0) dolly=(5,0,5)
[14:08:59.943123] [I] FLR0026_MODEL_STAGE_COMPLETE asset=assets/models/sequoia_ngp.glb pending_models=0
[14:08:59.943591] [E] [handleMessage] Exception in handler: Entity(166): Light not found
[14:08:59.943644] [E] [handleMessage] Exception in handler: Entity(168): Light not found
[14:08:59.943674] [E] [handleMessage] Exception in handler: Entity(170): Light not found
[14:08:59.943825] [I] FLR0026_CAMERA_APPLIED head=(5,0,-5) targetPresent=true target=(0,0,0) dolly=(5,0,5)
[14:09:00.044500] [I] FLR0026_MODEL_STAGE_COMPLETE asset=assets/models/sequoia_ngp.glb pending_models=0
[14:09:00.044800] [E] [handleMessage] Exception in handler: Entity(166): Light not found
[14:09:00.044849] [E] [handleMessage] Exception in handler: Entity(168): Light not found
[14:09:00.044882] [E] [handleMessage] Exception in handler: Entity(170): Light not found
[14:09:00.045037] [I] FLR0026_CAMERA_APPLIED head=(5,0,-5) targetPresent=true target=(0,0,0) dolly=(5,0,5)
[14:09:00.145834] [I] FLR0026_MODEL_STAGE_PROGRESS seq=120 progress=1 assets=1
[14:09:00.145916] [I] FLR0026_MODEL_STAGE_COMPLETE asset=assets/models/sequoia_ngp.glb pending_models=0
[14:09:00.146136] [E] [handleMessage] Exception in handler: Entity(166): Light not found
[14:09:00.146186] [E] [handleMessage] Exception in handler: Entity(168): Light not found
[14:09:00.146219] [E] [handleMessage] Exception in handler: Entity(170): Light not found
[14:09:00.146439] [I] FLR0026_CAMERA_APPLIED head=(5,0,-5) targetPresent=true target=(0,0,0) dolly=(5,0,5)
[14:09:00.146846] [I] FLR0026_FRAME_BEGIN seq=120 started=false
[14:09:00.247228] [I] FLR0026_MODEL_STAGE_COMPLETE asset=assets/models/sequoia_ngp.glb pending_models=0
[14:09:00.247570] [E] [handleMessage] Exception in handler: Entity(166): Light not found
[14:09:00.247627] [E] [handleMessage] Exception in handler: Entity(168): Light not found
[14:09:00.247661] [E] [handleMessage] Exception in handler: Entity(170): Light not found
[14:09:00.247815] [I] FLR0026_CAMERA_APPLIED head=(5,0,-5) targetPresent=true target=(0,0,0) dolly=(5,0,5)
[14:09:00.351263] [I] FLR0026_MODEL_STAGE_COMPLETE asset=assets/models/sequoia_ngp.glb pending_models=0
[14:09:00.351633] [E] [handleMessage] Exception in handler: Entity(166): Light not found
[14:09:00.351686] [E] [handleMessage] Exception in handler: Entity(168): Light not found
[14:09:00.351720] [E] [handleMessage] Exception in handler: Entity(170): Light not found
[14:09:00.351873] [I] FLR0026_CAMERA_APPLIED head=(5,0,-5) targetPresent=true target=(0,0,0) dolly=(5,0,5)
[14:09:00.454593] [I] FLR0026_MODEL_STAGE_COMPLETE asset=assets/models/sequoia_ngp.glb pending_models=0
[14:09:00.454885] [E] [handleMessage] Exception in handler: Entity(166): Light not found
[14:09:00.454937] [E] [handleMessage] Exception in handler: Entity(168): Light not found
[14:09:00.455024] [E] [handleMessage] Exception in handler: Entity(170): Light not found
[14:09:00.455188] [I] FLR0026_CAMERA_APPLIED head=(5,0,-5) targetPresent=true target=(0,0,0) dolly=(5,0,5)
[14:09:00.561130] [I] FLR0026_MODEL_STAGE_COMPLETE asset=assets/models/sequoia_ngp.glb pending_models=0
[14:09:00.561461] [E] [handleMessage] Exception in handler: Entity(166): Light not found
[14:09:00.561513] [E] [handleMessage] Exception in handler: Entity(168): Light not found
[14:09:00.561544] [E] [handleMessage] Exception in handler: Entity(170): Light not found
[14:09:00.561690] [I] FLR0026_CAMERA_APPLIED head=(5,0,-5) targetPresent=true target=(0,0,0) dolly=(5,0,5)
[14:09:00.666176] [I] FLR0026_MODEL_STAGE_COMPLETE asset=assets/models/sequoia_ngp.glb pending_models=0
[14:09:00.666487] [E] [handleMessage] Exception in handler: Entity(166): Light not found
[14:09:00.666537] [E] [handleMessage] Exception in handler: Entity(168): Light not found
[14:09:00.666569] [E] [handleMessage] Exception in handler: Entity(170): Light not found
[14:09:00.666724] [I] FLR0026_CAMERA_APPLIED head=(5,0,-5) targetPresent=true target=(0,0,0) dolly=(5,0,5)
[14:09:00.773482] [I] FLR0026_MODEL_STAGE_COMPLETE asset=assets/models/sequoia_ngp.glb pending_models=0
[14:09:00.773772] [E] [handleMessage] Exception in handler: Entity(166): Light not found
[14:09:00.773822] [E] [handleMessage] Exception in handler: Entity(168): Light not found
[14:09:00.773855] [E] [handleMessage] Exception in handler: Entity(170): Light not found
[14:09:00.774011] [I] FLR0026_CAMERA_APPLIED head=(5,0,-5) targetPresent=true target=(0,0,0) dolly=(5,0,5)
[14:09:00.874813] [I] FLR0026_MODEL_STAGE_COMPLETE asset=assets/models/sequoia_ngp.glb pending_models=0
[14:09:00.875095] [E] [handleMessage] Exception in handler: Entity(166): Light not found
[14:09:00.875146] [E] [handleMessage] Exception in handler: Entity(168): Light not found
[14:09:00.875180] [E] [handleMessage] Exception in handler: Entity(170): Light not found
[14:09:00.875390] [I] FLR0026_CAMERA_APPLIED head=(5,0,-5) targetPresent=true target=(0,0,0) dolly=(5,0,5)
[14:09:00.984475] [I] FLR0026_MODEL_STAGE_COMPLETE asset=assets/models/sequoia_ngp.glb pending_models=0
[14:09:00.984773] [E] [handleMessage] Exception in handler: Entity(166): Light not found
[14:09:00.984825] [E] [handleMessage] Exception in handler: Entity(168): Light not found
[14:09:00.985115] [E] [handleMessage] Exception in handler: Entity(170): Light not found
[14:09:00.985315] [I] FLR0026_CAMERA_APPLIED head=(5,0,-5) targetPresent=true target=(0,0,0) dolly=(5,0,5)
[14:09:01.086137] [I] FLR0026_MODEL_STAGE_COMPLETE asset=assets/models/sequoia_ngp.glb pending_models=0
[14:09:01.086486] [E] [handleMessage] Exception in handler: Entity(166): Light not found
[14:09:01.086546] [E] [handleMessage] Exception in handler: Entity(168): Light not found
[14:09:01.086581] [E] [handleMessage] Exception in handler: Entity(170): Light not found
[14:09:01.086755] [I] FLR0026_CAMERA_APPLIED head=(5,0,-5) targetPresent=true target=(0,0,0) dolly=(5,0,5)
[14:09:01.189541] [I] FLR0026_MODEL_STAGE_COMPLETE asset=assets/models/sequoia_ngp.glb pending_models=0
[14:09:01.190000] [E] [handleMessage] Exception in handler: Entity(166): Light not found
[14:09:01.190056] [E] [handleMessage] Exception in handler: Entity(168): Light not found
[14:09:01.190088] [E] [handleMessage] Exception in handler: Entity(170): Light not found
[14:09:01.190378] [I] FLR0026_CAMERA_APPLIED head=(5,0,-5) targetPresent=true target=(0,0,0) dolly=(5,0,5)
[14:09:01.190886] [I] FLR0026_FRAME_BEGIN seq=130 started=false
[14:09:01.293472] [I] FLR0026_MODEL_STAGE_COMPLETE asset=assets/models/sequoia_ngp.glb pending_models=0
[14:09:01.293811] [E] [handleMessage] Exception in handler: Entity(166): Light not found
[14:09:01.293970] [E] [handleMessage] Exception in handler: Entity(168): Light not found
[14:09:01.294006] [E] [handleMessage] Exception in handler: Entity(170): Light not found
[14:09:01.294212] [I] FLR0026_CAMERA_APPLIED head=(5,0,-5) targetPresent=true target=(0,0,0) dolly=(5,0,5)
[14:09:01.397586] [I] FLR0026_MODEL_STAGE_COMPLETE asset=assets/models/sequoia_ngp.glb pending_models=0
[14:09:01.398032] [E] [handleMessage] Exception in handler: Entity(166): Light not found
[14:09:01.398088] [E] [handleMessage] Exception in handler: Entity(168): Light not found
[14:09:01.398122] [E] [handleMessage] Exception in handler: Entity(170): Light not found
[14:09:01.398414] [I] FLR0026_CAMERA_APPLIED head=(5,0,-5) targetPresent=true target=(0,0,0) dolly=(5,0,5)
[14:09:01.500140] [I] FLR0026_MODEL_STAGE_COMPLETE asset=assets/models/sequoia_ngp.glb pending_models=0
[14:09:01.500488] [E] [handleMessage] Exception in handler: Entity(166): Light not found
[14:09:01.500543] [E] [handleMessage] Exception in handler: Entity(168): Light not found
[14:09:01.500577] [E] [handleMessage] Exception in handler: Entity(170): Light not found
[14:09:01.500730] [I] FLR0026_CAMERA_APPLIED head=(5,0,-5) targetPresent=true target=(0,0,0) dolly=(5,0,5)
[14:09:01.603048] [I] FLR0026_MODEL_STAGE_COMPLETE asset=assets/models/sequoia_ngp.glb pending_models=0
[14:09:01.603411] [E] [handleMessage] Exception in handler: Entity(166): Light not found
[14:09:01.603473] [E] [handleMessage] Exception in handler: Entity(168): Light not found
[14:09:01.603508] [E] [handleMessage] Exception in handler: Entity(170): Light not found
[14:09:01.603672] [I] FLR0026_CAMERA_APPLIED head=(5,0,-5) targetPresent=true target=(0,0,0) dolly=(5,0,5)
[14:09:01.706571] [I] FLR0026_MODEL_STAGE_COMPLETE asset=assets/models/sequoia_ngp.glb pending_models=0
[14:09:01.706870] [E] [handleMessage] Exception in handler: Entity(166): Light not found
[14:09:01.706920] [E] [handleMessage] Exception in handler: Entity(168): Light not found
[14:09:01.706953] [E] [handleMessage] Exception in handler: Entity(170): Light not found
[14:09:01.707108] [I] FLR0026_CAMERA_APPLIED head=(5,0,-5) targetPresent=true target=(0,0,0) dolly=(5,0,5)
[14:09:01.807893] [I] FLR0026_MODEL_STAGE_COMPLETE asset=assets/models/sequoia_ngp.glb pending_models=0
[14:09:01.808199] [E] [handleMessage] Exception in handler: Entity(166): Light not found
[14:09:01.808250] [E] [handleMessage] Exception in handler: Entity(168): Light not found
[14:09:01.808284] [E] [handleMessage] Exception in handler: Entity(170): Light not found
[14:09:01.808502] [I] FLR0026_CAMERA_APPLIED head=(5,0,-5) targetPresent=true target=(0,0,0) dolly=(5,0,5)
[14:09:01.910473] [I] FLR0026_MODEL_STAGE_COMPLETE asset=assets/models/sequoia_ngp.glb pending_models=0
[14:09:01.910925] [E] [handleMessage] Exception in handler: Entity(166): Light not found
[14:09:01.910978] [E] [handleMessage] Exception in handler: Entity(168): Light not found
[14:09:01.911017] [E] [handleMessage] Exception in handler: Entity(170): Light not found
[14:09:01.911176] [I] FLR0026_CAMERA_APPLIED head=(5,0,-5) targetPresent=true target=(0,0,0) dolly=(5,0,5)
[14:09:02.012553] [I] FLR0026_MODEL_STAGE_COMPLETE asset=assets/models/sequoia_ngp.glb pending_models=0
[14:09:02.012850] [E] [handleMessage] Exception in handler: Entity(166): Light not found
[14:09:02.012901] [E] [handleMessage] Exception in handler: Entity(168): Light not found
[14:09:02.012934] [E] [handleMessage] Exception in handler: Entity(170): Light not found
[14:09:02.013090] [I] FLR0026_CAMERA_APPLIED head=(5,0,-5) targetPresent=true target=(0,0,0) dolly=(5,0,5)
[14:09:02.122487] [I] FLR0026_MODEL_STAGE_COMPLETE asset=assets/models/sequoia_ngp.glb pending_models=0
[14:09:02.122780] [E] [handleMessage] Exception in handler: Entity(166): Light not found
[14:09:02.122833] [E] [handleMessage] Exception in handler: Entity(168): Light not found
[14:09:02.122867] [E] [handleMessage] Exception in handler: Entity(170): Light not found
[14:09:02.123025] [I] FLR0026_CAMERA_APPLIED head=(5,0,-5) targetPresent=true target=(0,0,0) dolly=(5,0,5)
[14:09:02.235472] [I] FLR0026_MODEL_STAGE_COMPLETE asset=assets/models/sequoia_ngp.glb pending_models=0
[14:09:02.235764] [E] [handleMessage] Exception in handler: Entity(166): Light not found
[14:09:02.235872] [E] [handleMessage] Exception in handler: Entity(168): Light not found
[14:09:02.235914] [E] [handleMessage] Exception in handler: Entity(170): Light not found
[14:09:02.236069] [I] FLR0026_CAMERA_APPLIED head=(5,0,-5) targetPresent=true target=(0,0,0) dolly=(5,0,5)
[14:09:02.236535] [I] FLR0026_FRAME_BEGIN seq=140 started=false
[14:09:02.336940] [I] FLR0026_MODEL_STAGE_COMPLETE asset=assets/models/sequoia_ngp.glb pending_models=0
[14:09:02.337218] [E] [handleMessage] Exception in handler: Entity(166): Light not found
[14:09:02.337266] [E] [handleMessage] Exception in handler: Entity(168): Light not found
[14:09:02.337298] [E] [handleMessage] Exception in handler: Entity(170): Light not found
[14:09:02.337584] [I] FLR0026_CAMERA_APPLIED head=(5,0,-5) targetPresent=true target=(0,0,0) dolly=(5,0,5)
[14:09:02.438377] [I] FLR0026_MODEL_STAGE_COMPLETE asset=assets/models/sequoia_ngp.glb pending_models=0
[14:09:02.438675] [E] [handleMessage] Exception in handler: Entity(166): Light not found
[14:09:02.438726] [E] [handleMessage] Exception in handler: Entity(168): Light not found
[14:09:02.438759] [E] [handleMessage] Exception in handler: Entity(170): Light not found
[14:09:02.438921] [I] FLR0026_CAMERA_APPLIED head=(5,0,-5) targetPresent=true target=(0,0,0) dolly=(5,0,5)
[14:09:02.539883] [I] FLR0026_MODEL_STAGE_COMPLETE asset=assets/models/sequoia_ngp.glb pending_models=0
[14:09:02.540173] [E] [handleMessage] Exception in handler: Entity(166): Light not found
[14:09:02.540222] [E] [handleMessage] Exception in handler: Entity(168): Light not found
[14:09:02.540256] [E] [handleMessage] Exception in handler: Entity(170): Light not found
[14:09:02.540460] [I] FLR0026_CAMERA_APPLIED head=(5,0,-5) targetPresent=true target=(0,0,0) dolly=(5,0,5)
[14:09:02.641489] [I] FLR0026_MODEL_STAGE_COMPLETE asset=assets/models/sequoia_ngp.glb pending_models=0
[14:09:02.641799] [E] [handleMessage] Exception in handler: Entity(166): Light not found
[14:09:02.641849] [E] [handleMessage] Exception in handler: Entity(168): Light not found
[14:09:02.641882] [E] [handleMessage] Exception in handler: Entity(170): Light not found
[14:09:02.642037] [I] FLR0026_CAMERA_APPLIED head=(5,0,-5) targetPresent=true target=(0,0,0) dolly=(5,0,5)
[14:09:02.746482] [I] FLR0026_MODEL_STAGE_COMPLETE asset=assets/models/sequoia_ngp.glb pending_models=0
[14:09:02.746782] [E] [handleMessage] Exception in handler: Entity(166): Light not found
[14:09:02.746834] [E] [handleMessage] Exception in handler: Entity(168): Light not found
[14:09:02.746867] [E] [handleMessage] Exception in handler: Entity(170): Light not found
[14:09:02.747024] [I] FLR0026_CAMERA_APPLIED head=(5,0,-5) targetPresent=true target=(0,0,0) dolly=(5,0,5)
[14:09:02.849481] [I] FLR0026_MODEL_STAGE_COMPLETE asset=assets/models/sequoia_ngp.glb pending_models=0
[14:09:02.849770] [E] [handleMessage] Exception in handler: Entity(166): Light not found
[14:09:02.849821] [E] [handleMessage] Exception in handler: Entity(168): Light not found
[14:09:02.849855] [E] [handleMessage] Exception in handler: Entity(170): Light not found
[14:09:02.850025] [I] FLR0026_CAMERA_APPLIED head=(5,0,-5) targetPresent=true target=(0,0,0) dolly=(5,0,5)
[14:09:02.959488] [I] FLR0026_MODEL_STAGE_COMPLETE asset=assets/models/sequoia_ngp.glb pending_models=0
[14:09:02.959786] [E] [handleMessage] Exception in handler: Entity(166): Light not found
[14:09:02.959842] [E] [handleMessage] Exception in handler: Entity(168): Light not found
[14:09:02.959877] [E] [handleMessage] Exception in handler: Entity(170): Light not found
[14:09:02.960049] [I] FLR0026_CAMERA_APPLIED head=(5,0,-5) targetPresent=true target=(0,0,0) dolly=(5,0,5)
[14:09:03.060959] [I] FLR0026_MODEL_STAGE_COMPLETE asset=assets/models/sequoia_ngp.glb pending_models=0
[14:09:03.061252] [E] [handleMessage] Exception in handler: Entity(166): Light not found
[14:09:03.061300] [E] [handleMessage] Exception in handler: Entity(168): Light not found
[14:09:03.061462] [E] [handleMessage] Exception in handler: Entity(170): Light not found
[14:09:03.061636] [I] FLR0026_CAMERA_APPLIED head=(5,0,-5) targetPresent=true target=(0,0,0) dolly=(5,0,5)
[14:09:03.162388] [I] FLR0026_MODEL_STAGE_COMPLETE asset=assets/models/sequoia_ngp.glb pending_models=0
[14:09:03.162684] [E] [handleMessage] Exception in handler: Entity(166): Light not found
[14:09:03.162736] [E] [handleMessage] Exception in handler: Entity(168): Light not found
[14:09:03.162773] [E] [handleMessage] Exception in handler: Entity(170): Light not found
[14:09:03.162929] [I] FLR0026_CAMERA_APPLIED head=(5,0,-5) targetPresent=true target=(0,0,0) dolly=(5,0,5)
[14:09:03.267676] [I] FLR0026_MODEL_STAGE_COMPLETE asset=assets/models/sequoia_ngp.glb pending_models=0
[14:09:03.267966] [E] [handleMessage] Exception in handler: Entity(166): Light not found
[14:09:03.268015] [E] [handleMessage] Exception in handler: Entity(168): Light not found
[14:09:03.268048] [E] [handleMessage] Exception in handler: Entity(170): Light not found
[14:09:03.268211] [I] FLR0026_CAMERA_APPLIED head=(5,0,-5) targetPresent=true target=(0,0,0) dolly=(5,0,5)
[14:09:03.268671] [I] FLR0026_FRAME_BEGIN seq=150 started=false
[14:09:03.372101] [I] FLR0026_MODEL_STAGE_COMPLETE asset=assets/models/sequoia_ngp.glb pending_models=0
[14:09:03.372455] [E] [handleMessage] Exception in handler: Entity(166): Light not found
[14:09:03.372513] [E] [handleMessage] Exception in handler: Entity(168): Light not found
[14:09:03.372548] [E] [handleMessage] Exception in handler: Entity(170): Light not found
[14:09:03.372703] [I] FLR0026_CAMERA_APPLIED head=(5,0,-5) targetPresent=true target=(0,0,0) dolly=(5,0,5)
[14:09:03.478469] [I] FLR0026_MODEL_STAGE_COMPLETE asset=assets/models/sequoia_ngp.glb pending_models=0
[14:09:03.478764] [E] [handleMessage] Exception in handler: Entity(166): Light not found
[14:09:03.478821] [E] [handleMessage] Exception in handler: Entity(168): Light not found
[14:09:03.478855] [E] [handleMessage] Exception in handler: Entity(170): Light not found
[14:09:03.479011] [I] FLR0026_CAMERA_APPLIED head=(5,0,-5) targetPresent=true target=(0,0,0) dolly=(5,0,5)
[14:09:03.583638] [I] FLR0026_MODEL_STAGE_COMPLETE asset=assets/models/sequoia_ngp.glb pending_models=0
[14:09:03.583934] [E] [handleMessage] Exception in handler: Entity(166): Light not found
[14:09:03.583986] [E] [handleMessage] Exception in handler: Entity(168): Light not found
[14:09:03.584022] [E] [handleMessage] Exception in handler: Entity(170): Light not found
[14:09:03.584180] [I] FLR0026_CAMERA_APPLIED head=(5,0,-5) targetPresent=true target=(0,0,0) dolly=(5,0,5)
[14:09:03.693482] [I] FLR0026_MODEL_STAGE_COMPLETE asset=assets/models/sequoia_ngp.glb pending_models=0
[14:09:03.693783] [E] [handleMessage] Exception in handler: Entity(166): Light not found
[14:09:03.693832] [E] [handleMessage] Exception in handler: Entity(168): Light not found
[14:09:03.693865] [E] [handleMessage] Exception in handler: Entity(170): Light not found
[14:09:03.694026] [I] FLR0026_CAMERA_APPLIED head=(5,0,-5) targetPresent=true target=(0,0,0) dolly=(5,0,5)
[14:09:03.794871] [I] FLR0026_MODEL_STAGE_COMPLETE asset=assets/models/sequoia_ngp.glb pending_models=0
[14:09:03.795172] [E] [handleMessage] Exception in handler: Entity(166): Light not found
[14:09:03.795232] [E] [handleMessage] Exception in handler: Entity(168): Light not found
[14:09:03.795274] [E] [handleMessage] Exception in handler: Entity(170): Light not found
[14:09:03.795525] [I] FLR0026_CAMERA_APPLIED head=(5,0,-5) targetPresent=true target=(0,0,0) dolly=(5,0,5)
[14:09:03.900465] [I] FLR0026_MODEL_STAGE_COMPLETE asset=assets/models/sequoia_ngp.glb pending_models=0
[14:09:03.900774] [E] [handleMessage] Exception in handler: Entity(166): Light not found
[14:09:03.900834] [E] [handleMessage] Exception in handler: Entity(168): Light not found
[14:09:03.900931] [E] [handleMessage] Exception in handler: Entity(170): Light not found
[14:09:03.901112] [I] FLR0026_CAMERA_APPLIED head=(5,0,-5) targetPresent=true target=(0,0,0) dolly=(5,0,5)
[14:09:04.002788] [I] FLR0026_MODEL_STAGE_COMPLETE asset=assets/models/sequoia_ngp.glb pending_models=0
[14:09:04.003114] [E] [handleMessage] Exception in handler: Entity(166): Light not found
[14:09:04.003174] [E] [handleMessage] Exception in handler: Entity(168): Light not found
[14:09:04.003218] [E] [handleMessage] Exception in handler: Entity(170): Light not found
[14:09:04.003432] [I] FLR0026_CAMERA_APPLIED head=(5,0,-5) targetPresent=true target=(0,0,0) dolly=(5,0,5)
[14:09:04.104484] [I] FLR0026_MODEL_STAGE_COMPLETE asset=assets/models/sequoia_ngp.glb pending_models=0
[14:09:04.104795] [E] [handleMessage] Exception in handler: Entity(166): Light not found
[14:09:04.104855] [E] [handleMessage] Exception in handler: Entity(168): Light not found
[14:09:04.104898] [E] [handleMessage] Exception in handler: Entity(170): Light not found
[14:09:04.105056] [I] FLR0026_CAMERA_APPLIED head=(5,0,-5) targetPresent=true target=(0,0,0) dolly=(5,0,5)
[14:09:04.209668] [I] FLR0026_MODEL_STAGE_COMPLETE asset=assets/models/sequoia_ngp.glb pending_models=0
[14:09:04.209971] [E] [handleMessage] Exception in handler: Entity(166): Light not found
[14:09:04.210024] [E] [handleMessage] Exception in handler: Entity(168): Light not found
[14:09:04.210058] [E] [handleMessage] Exception in handler: Entity(170): Light not found
[14:09:04.210213] [I] FLR0026_CAMERA_APPLIED head=(5,0,-5) targetPresent=true target=(0,0,0) dolly=(5,0,5)
[14:09:04.319512] [I] FLR0026_MODEL_STAGE_COMPLETE asset=assets/models/sequoia_ngp.glb pending_models=0
[14:09:04.319839] [E] [handleMessage] Exception in handler: Entity(166): Light not found
[14:09:04.319898] [E] [handleMessage] Exception in handler: Entity(168): Light not found
[14:09:04.319933] [E] [handleMessage] Exception in handler: Entity(170): Light not found
[14:09:04.320123] [I] FLR0026_CAMERA_APPLIED head=(5,0,-5) targetPresent=true target=(0,0,0) dolly=(5,0,5)
[14:09:04.320614] [I] FLR0026_FRAME_BEGIN seq=160 started=false
[14:09:04.421473] [I] FLR0026_MODEL_STAGE_COMPLETE asset=assets/models/sequoia_ngp.glb pending_models=0
[14:09:04.421946] [E] [handleMessage] Exception in handler: Entity(166): Light not found
[14:09:04.422054] [E] [handleMessage] Exception in handler: Entity(168): Light not found
[14:09:04.422133] [E] [handleMessage] Exception in handler: Entity(170): Light not found
[14:09:04.422559] [I] FLR0026_CAMERA_APPLIED head=(5,0,-5) targetPresent=true target=(0,0,0) dolly=(5,0,5)
[14:09:04.526457] [I] FLR0026_MODEL_STAGE_COMPLETE asset=assets/models/sequoia_ngp.glb pending_models=0
[14:09:04.526762] [E] [handleMessage] Exception in handler: Entity(166): Light not found
[14:09:04.526812] [E] [handleMessage] Exception in handler: Entity(168): Light not found
[14:09:04.526847] [E] [handleMessage] Exception in handler: Entity(170): Light not found
[14:09:04.527016] [I] FLR0026_CAMERA_APPLIED head=(5,0,-5) targetPresent=true target=(0,0,0) dolly=(5,0,5)
[14:09:04.629497] [I] FLR0026_MODEL_STAGE_COMPLETE asset=assets/models/sequoia_ngp.glb pending_models=0
[14:09:04.629796] [E] [handleMessage] Exception in handler: Entity(166): Light not found
[14:09:04.629850] [E] [handleMessage] Exception in handler: Entity(168): Light not found
[14:09:04.629884] [E] [handleMessage] Exception in handler: Entity(170): Light not found
[14:09:04.630038] [I] FLR0026_CAMERA_APPLIED head=(5,0,-5) targetPresent=true target=(0,0,0) dolly=(5,0,5)
[14:09:04.730831] [I] FLR0026_MODEL_STAGE_COMPLETE asset=assets/models/sequoia_ngp.glb pending_models=0
[14:09:04.731126] [E] [handleMessage] Exception in handler: Entity(166): Light not found
[14:09:04.731174] [E] [handleMessage] Exception in handler: Entity(168): Light not found
[14:09:04.731207] [E] [handleMessage] Exception in handler: Entity(170): Light not found
[14:09:04.731463] [I] FLR0026_CAMERA_APPLIED head=(5,0,-5) targetPresent=true target=(0,0,0) dolly=(5,0,5)
[14:09:04.837467] [I] FLR0026_MODEL_STAGE_COMPLETE asset=assets/models/sequoia_ngp.glb pending_models=0
[14:09:04.837756] [E] [handleMessage] Exception in handler: Entity(166): Light not found
[14:09:04.837805] [E] [handleMessage] Exception in handler: Entity(168): Light not found
[14:09:04.837838] [E] [handleMessage] Exception in handler: Entity(170): Light not found
[14:09:04.837992] [I] FLR0026_CAMERA_APPLIED head=(5,0,-5) targetPresent=true target=(0,0,0) dolly=(5,0,5)
[14:09:04.938791] [I] FLR0026_MODEL_STAGE_COMPLETE asset=assets/models/sequoia_ngp.glb pending_models=0
[14:09:04.939077] [E] [handleMessage] Exception in handler: Entity(166): Light not found
[14:09:04.939129] [E] [handleMessage] Exception in handler: Entity(168): Light not found
[14:09:04.939162] [E] [handleMessage] Exception in handler: Entity(170): Light not found
[14:09:04.939391] [I] FLR0026_CAMERA_APPLIED head=(5,0,-5) targetPresent=true target=(0,0,0) dolly=(5,0,5)
[14:09:05.050472] [I] FLR0026_MODEL_STAGE_COMPLETE asset=assets/models/sequoia_ngp.glb pending_models=0
[14:09:05.050788] [E] [handleMessage] Exception in handler: Entity(166): Light not found
[14:09:05.050837] [E] [handleMessage] Exception in handler: Entity(168): Light not found
[14:09:05.050870] [E] [handleMessage] Exception in handler: Entity(170): Light not found
[14:09:05.051027] [I] FLR0026_CAMERA_APPLIED head=(5,0,-5) targetPresent=true target=(0,0,0) dolly=(5,0,5)
[14:09:05.152638] [I] FLR0026_MODEL_STAGE_COMPLETE asset=assets/models/sequoia_ngp.glb pending_models=0
[14:09:05.153052] [E] [handleMessage] Exception in handler: Entity(166): Light not found
[14:09:05.153104] [E] [handleMessage] Exception in handler: Entity(168): Light not found
[14:09:05.153137] [E] [handleMessage] Exception in handler: Entity(170): Light not found
[14:09:05.153288] [I] FLR0026_CAMERA_APPLIED head=(5,0,-5) targetPresent=true target=(0,0,0) dolly=(5,0,5)
[14:09:05.257480] [I] FLR0026_MODEL_STAGE_COMPLETE asset=assets/models/sequoia_ngp.glb pending_models=0
[14:09:05.257793] [E] [handleMessage] Exception in handler: Entity(166): Light not found
[14:09:05.257852] [E] [handleMessage] Exception in handler: Entity(168): Light not found
[14:09:05.257896] [E] [handleMessage] Exception in handler: Entity(170): Light not found
[14:09:05.258054] [I] FLR0026_CAMERA_APPLIED head=(5,0,-5) targetPresent=true target=(0,0,0) dolly=(5,0,5)
[14:09:05.361217] [I] FLR0026_MODEL_STAGE_COMPLETE asset=assets/models/sequoia_ngp.glb pending_models=0
[14:09:05.361564] [E] [handleMessage] Exception in handler: Entity(166): Light not found
[14:09:05.361628] [E] [handleMessage] Exception in handler: Entity(168): Light not found
[14:09:05.361673] [E] [handleMessage] Exception in handler: Entity(170): Light not found
[14:09:05.361840] [I] FLR0026_CAMERA_APPLIED head=(5,0,-5) targetPresent=true target=(0,0,0) dolly=(5,0,5)
[14:09:05.362225] [I] FLR0026_FRAME_BEGIN seq=170 started=false
[14:09:05.462661] [I] FLR0026_MODEL_STAGE_COMPLETE asset=assets/models/sequoia_ngp.glb pending_models=0
[14:09:05.462940] [E] [handleMessage] Exception in handler: Entity(166): Light not found
[14:09:05.462999] [E] [handleMessage] Exception in handler: Entity(168): Light not found
[14:09:05.463043] [E] [handleMessage] Exception in handler: Entity(170): Light not found
[14:09:05.463205] [I] FLR0026_CAMERA_APPLIED head=(5,0,-5) targetPresent=true target=(0,0,0) dolly=(5,0,5)
[14:09:05.571488] [I] FLR0026_MODEL_STAGE_COMPLETE asset=assets/models/sequoia_ngp.glb pending_models=0
[14:09:05.571793] [E] [handleMessage] Exception in handler: Entity(166): Light not found
[14:09:05.571852] [E] [handleMessage] Exception in handler: Entity(168): Light not found
[14:09:05.571895] [E] [handleMessage] Exception in handler: Entity(170): Light not found
[14:09:05.572054] [I] FLR0026_CAMERA_APPLIED head=(5,0,-5) targetPresent=true target=(0,0,0) dolly=(5,0,5)
[14:09:05.681484] [I] FLR0026_MODEL_STAGE_COMPLETE asset=assets/models/sequoia_ngp.glb pending_models=0
[14:09:05.681794] [E] [handleMessage] Exception in handler: Entity(166): Light not found
[14:09:05.681854] [E] [handleMessage] Exception in handler: Entity(168): Light not found
[14:09:05.681898] [E] [handleMessage] Exception in handler: Entity(170): Light not found
[14:09:05.682058] [I] FLR0026_CAMERA_APPLIED head=(5,0,-5) targetPresent=true target=(0,0,0) dolly=(5,0,5)
[14:09:05.783597] [I] FLR0026_MODEL_STAGE_COMPLETE asset=assets/models/sequoia_ngp.glb pending_models=0
[14:09:05.784092] [E] [handleMessage] Exception in handler: Entity(166): Light not found
[14:09:05.784234] [E] [handleMessage] Exception in handler: Entity(168): Light not found
[14:09:05.784458] [E] [handleMessage] Exception in handler: Entity(170): Light not found
[14:09:05.784699] [I] FLR0026_CAMERA_APPLIED head=(5,0,-5) targetPresent=true target=(0,0,0) dolly=(5,0,5)
[14:09:05.886465] [I] FLR0026_MODEL_STAGE_COMPLETE asset=assets/models/sequoia_ngp.glb pending_models=0
[14:09:05.886762] [E] [handleMessage] Exception in handler: Entity(166): Light not found
[14:09:05.886820] [E] [handleMessage] Exception in handler: Entity(168): Light not found
[14:09:05.886870] [E] [handleMessage] Exception in handler: Entity(170): Light not found
[14:09:05.887024] [I] FLR0026_CAMERA_APPLIED head=(5,0,-5) targetPresent=true target=(0,0,0) dolly=(5,0,5)
[14:09:05.990498] [I] FLR0026_MODEL_STAGE_COMPLETE asset=assets/models/sequoia_ngp.glb pending_models=0
[14:09:05.990808] [E] [handleMessage] Exception in handler: Entity(166): Light not found
[14:09:05.990867] [E] [handleMessage] Exception in handler: Entity(168): Light not found
[14:09:05.990910] [E] [handleMessage] Exception in handler: Entity(170): Light not found
[14:09:05.991069] [I] FLR0026_CAMERA_APPLIED head=(5,0,-5) targetPresent=true target=(0,0,0) dolly=(5,0,5)
[14:09:06.091907] [I] FLR0026_MODEL_STAGE_COMPLETE asset=assets/models/sequoia_ngp.glb pending_models=0
[14:09:06.092216] [E] [handleMessage] Exception in handler: Entity(166): Light not found
[14:09:06.092277] [E] [handleMessage] Exception in handler: Entity(168): Light not found
[14:09:06.092380] [E] [handleMessage] Exception in handler: Entity(170): Light not found
[14:09:06.092553] [I] FLR0026_CAMERA_APPLIED head=(5,0,-5) targetPresent=true target=(0,0,0) dolly=(5,0,5)
[14:09:06.193475] [I] FLR0026_MODEL_STAGE_COMPLETE asset=assets/models/sequoia_ngp.glb pending_models=0
[14:09:06.193779] [E] [handleMessage] Exception in handler: Entity(166): Light not found
[14:09:06.193839] [E] [handleMessage] Exception in handler: Entity(168): Light not found
[14:09:06.193884] [E] [handleMessage] Exception in handler: Entity(170): Light not found
[14:09:06.194043] [I] FLR0026_CAMERA_APPLIED head=(5,0,-5) targetPresent=true target=(0,0,0) dolly=(5,0,5)
[14:09:06.295485] [I] FLR0026_MODEL_STAGE_COMPLETE asset=assets/models/sequoia_ngp.glb pending_models=0
[14:09:06.295794] [E] [handleMessage] Exception in handler: Entity(166): Light not found
[14:09:06.295853] [E] [handleMessage] Exception in handler: Entity(168): Light not found
[14:09:06.295897] [E] [handleMessage] Exception in handler: Entity(170): Light not found
[14:09:06.296070] [I] FLR0026_CAMERA_APPLIED head=(5,0,-5) targetPresent=true target=(0,0,0) dolly=(5,0,5)
[14:09:06.396931] [I] FLR0026_MODEL_STAGE_PROGRESS seq=180 progress=1 assets=1
[14:09:06.397063] [I] FLR0026_MODEL_STAGE_COMPLETE asset=assets/models/sequoia_ngp.glb pending_models=0
[14:09:06.397466] [E] [handleMessage] Exception in handler: Entity(166): Light not found
[14:09:06.397541] [E] [handleMessage] Exception in handler: Entity(168): Light not found
[14:09:06.397589] [E] [handleMessage] Exception in handler: Entity(170): Light not found
[14:09:06.397839] [I] FLR0026_CAMERA_APPLIED head=(5,0,-5) targetPresent=true target=(0,0,0) dolly=(5,0,5)
[14:09:06.398412] [I] FLR0026_FRAME_BEGIN seq=180 started=false
[14:09:06.498855] [I] FLR0026_MODEL_STAGE_COMPLETE asset=assets/models/sequoia_ngp.glb pending_models=0
[14:09:06.499162] [E] [handleMessage] Exception in handler: Entity(166): Light not found
[14:09:06.499224] [E] [handleMessage] Exception in handler: Entity(168): Light not found
[14:09:06.499268] [E] [handleMessage] Exception in handler: Entity(170): Light not found
[14:09:06.499494] [I] FLR0026_CAMERA_APPLIED head=(5,0,-5) targetPresent=true target=(0,0,0) dolly=(5,0,5)
[14:09:06.600210] [I] FLR0026_MODEL_STAGE_COMPLETE asset=assets/models/sequoia_ngp.glb pending_models=0
[14:09:06.600554] [E] [handleMessage] Exception in handler: Entity(166): Light not found
[14:09:06.600620] [E] [handleMessage] Exception in handler: Entity(168): Light not found
[14:09:06.600666] [E] [handleMessage] Exception in handler: Entity(170): Light not found
[14:09:06.600827] [I] FLR0026_CAMERA_APPLIED head=(5,0,-5) targetPresent=true target=(0,0,0) dolly=(5,0,5)
[14:09:06.704362] [I] FLR0026_MODEL_STAGE_COMPLETE asset=assets/models/sequoia_ngp.glb pending_models=0
[14:09:06.704661] [E] [handleMessage] Exception in handler: Entity(166): Light not found
[14:09:06.704722] [E] [handleMessage] Exception in handler: Entity(168): Light not found
[14:09:06.704766] [E] [handleMessage] Exception in handler: Entity(170): Light not found
[14:09:06.704925] [I] FLR0026_CAMERA_APPLIED head=(5,0,-5) targetPresent=true target=(0,0,0) dolly=(5,0,5)
[14:09:06.807498] [I] FLR0026_MODEL_STAGE_COMPLETE asset=assets/models/sequoia_ngp.glb pending_models=0
[14:09:06.807838] [E] [handleMessage] Exception in handler: Entity(166): Light not found
[14:09:06.807904] [E] [handleMessage] Exception in handler: Entity(168): Light not found
[14:09:06.807950] [E] [handleMessage] Exception in handler: Entity(170): Light not found
[14:09:06.808110] [I] FLR0026_CAMERA_APPLIED head=(5,0,-5) targetPresent=true target=(0,0,0) dolly=(5,0,5)
[14:09:06.911542] [I] FLR0026_MODEL_STAGE_COMPLETE asset=assets/models/sequoia_ngp.glb pending_models=0
[14:09:06.911846] [E] [handleMessage] Exception in handler: Entity(166): Light not found
[14:09:06.911909] [E] [handleMessage] Exception in handler: Entity(168): Light not found
[14:09:06.911955] [E] [handleMessage] Exception in handler: Entity(170): Light not found
[14:09:06.912114] [I] FLR0026_CAMERA_APPLIED head=(5,0,-5) targetPresent=true target=(0,0,0) dolly=(5,0,5)
[14:09:07.019560] [I] FLR0026_MODEL_STAGE_COMPLETE asset=assets/models/sequoia_ngp.glb pending_models=0
[14:09:07.020079] [E] [handleMessage] Exception in handler: Entity(166): Light not found
[14:09:07.020204] [E] [handleMessage] Exception in handler: Entity(168): Light not found
[14:09:07.020294] [E] [handleMessage] Exception in handler: Entity(170): Light not found
[14:09:07.020589] [I] FLR0026_CAMERA_APPLIED head=(5,0,-5) targetPresent=true target=(0,0,0) dolly=(5,0,5)
[14:09:07.123495] [I] FLR0026_MODEL_STAGE_COMPLETE asset=assets/models/sequoia_ngp.glb pending_models=0
[14:09:07.123809] [E] [handleMessage] Exception in handler: Entity(166): Light not found
[14:09:07.123872] [E] [handleMessage] Exception in handler: Entity(168): Light not found
[14:09:07.123918] [E] [handleMessage] Exception in handler: Entity(170): Light not found
[14:09:07.124091] [I] FLR0026_CAMERA_APPLIED head=(5,0,-5) targetPresent=true target=(0,0,0) dolly=(5,0,5)
[14:09:07.224892] [I] FLR0026_MODEL_STAGE_COMPLETE asset=assets/models/sequoia_ngp.glb pending_models=0
[14:09:07.225196] [E] [handleMessage] Exception in handler: Entity(166): Light not found
[14:09:07.225256] [E] [handleMessage] Exception in handler: Entity(168): Light not found
[14:09:07.225300] [E] [handleMessage] Exception in handler: Entity(170): Light not found
[14:09:07.225534] [I] FLR0026_CAMERA_APPLIED head=(5,0,-5) targetPresent=true target=(0,0,0) dolly=(5,0,5)
[14:09:07.326812] [I] FLR0026_MODEL_STAGE_COMPLETE asset=assets/models/sequoia_ngp.glb pending_models=0
[14:09:07.327110] [E] [handleMessage] Exception in handler: Entity(166): Light not found
[14:09:07.327453] [E] [handleMessage] Exception in handler: Entity(168): Light not found
[14:09:07.327616] [E] [handleMessage] Exception in handler: Entity(170): Light not found
[14:09:07.327809] [I] FLR0026_CAMERA_APPLIED head=(5,0,-5) targetPresent=true target=(0,0,0) dolly=(5,0,5)
[14:09:07.428492] [I] FLR0026_MODEL_STAGE_COMPLETE asset=assets/models/sequoia_ngp.glb pending_models=0
[14:09:07.428802] [E] [handleMessage] Exception in handler: Entity(166): Light not found
[14:09:07.428865] [E] [handleMessage] Exception in handler: Entity(168): Light not found
[14:09:07.428916] [E] [handleMessage] Exception in handler: Entity(170): Light not found
[14:09:07.429076] [I] FLR0026_CAMERA_APPLIED head=(5,0,-5) targetPresent=true target=(0,0,0) dolly=(5,0,5)
[14:09:07.429517] [I] FLR0026_FRAME_BEGIN seq=190 started=false
[14:09:07.531506] [I] FLR0026_MODEL_STAGE_COMPLETE asset=assets/models/sequoia_ngp.glb pending_models=0
[14:09:07.531808] [E] [handleMessage] Exception in handler: Entity(166): Light not found
[14:09:07.531868] [E] [handleMessage] Exception in handler: Entity(168): Light not found
[14:09:07.531916] [E] [handleMessage] Exception in handler: Entity(170): Light not found
[14:09:07.532071] [I] FLR0026_CAMERA_APPLIED head=(5,0,-5) targetPresent=true target=(0,0,0) dolly=(5,0,5)
[14:09:07.644469] [I] FLR0026_MODEL_STAGE_COMPLETE asset=assets/models/sequoia_ngp.glb pending_models=0
[14:09:07.644773] [E] [handleMessage] Exception in handler: Entity(166): Light not found
[14:09:07.644835] [E] [handleMessage] Exception in handler: Entity(168): Light not found
[14:09:07.644879] [E] [handleMessage] Exception in handler: Entity(170): Light not found
[14:09:07.645048] [I] FLR0026_CAMERA_APPLIED head=(5,0,-5) targetPresent=true target=(0,0,0) dolly=(5,0,5)
[14:09:07.748471] [I] FLR0026_MODEL_STAGE_COMPLETE asset=assets/models/sequoia_ngp.glb pending_models=0
[14:09:07.748774] [E] [handleMessage] Exception in handler: Entity(166): Light not found
[14:09:07.748831] [E] [handleMessage] Exception in handler: Entity(168): Light not found
[14:09:07.748873] [E] [handleMessage] Exception in handler: Entity(170): Light not found
[14:09:07.749044] [I] FLR0026_CAMERA_APPLIED head=(5,0,-5) targetPresent=true target=(0,0,0) dolly=(5,0,5)
[14:09:07.849861] [I] FLR0026_MODEL_STAGE_COMPLETE asset=assets/models/sequoia_ngp.glb pending_models=0
[14:09:07.850164] [E] [handleMessage] Exception in handler: Entity(166): Light not found
[14:09:07.850222] [E] [handleMessage] Exception in handler: Entity(168): Light not found
[14:09:07.850262] [E] [handleMessage] Exception in handler: Entity(170): Light not found
[14:09:07.856526] [I] FLR0026_CAMERA_APPLIED head=(5,0,-5) targetPresent=true target=(0,0,0) dolly=(5,0,5)
[14:09:07.957304] [I] FLR0026_MODEL_STAGE_COMPLETE asset=assets/models/sequoia_ngp.glb pending_models=0
[14:09:07.957648] [E] [handleMessage] Exception in handler: Entity(166): Light not found
[14:09:07.957706] [E] [handleMessage] Exception in handler: Entity(168): Light not found
[14:09:07.957748] [E] [handleMessage] Exception in handler: Entity(170): Light not found
[14:09:07.957902] [I] FLR0026_CAMERA_APPLIED head=(5,0,-5) targetPresent=true target=(0,0,0) dolly=(5,0,5)
[14:09:08.065490] [I] FLR0026_MODEL_STAGE_COMPLETE asset=assets/models/sequoia_ngp.glb pending_models=0
[14:09:08.065811] [E] [handleMessage] Exception in handler: Entity(166): Light not found
[14:09:08.065869] [E] [handleMessage] Exception in handler: Entity(168): Light not found
[14:09:08.065912] [E] [handleMessage] Exception in handler: Entity(170): Light not found
[14:09:08.066068] [I] FLR0026_CAMERA_APPLIED head=(5,0,-5) targetPresent=true target=(0,0,0) dolly=(5,0,5)
[14:09:08.166895] [I] FLR0026_MODEL_STAGE_COMPLETE asset=assets/models/sequoia_ngp.glb pending_models=0
[14:09:08.167216] [E] [handleMessage] Exception in handler: Entity(166): Light not found
[14:09:08.167277] [E] [handleMessage] Exception in handler: Entity(168): Light not found
[14:09:08.167386] [E] [handleMessage] Exception in handler: Entity(170): Light not found
[14:09:08.167616] [I] FLR0026_CAMERA_APPLIED head=(5,0,-5) targetPresent=true target=(0,0,0) dolly=(5,0,5)
[14:09:08.268401] [I] FLR0026_MODEL_STAGE_COMPLETE asset=assets/models/sequoia_ngp.glb pending_models=0
[14:09:08.268699] [E] [handleMessage] Exception in handler: Entity(166): Light not found
[14:09:08.268759] [E] [handleMessage] Exception in handler: Entity(168): Light not found
[14:09:08.268802] [E] [handleMessage] Exception in handler: Entity(170): Light not found
[14:09:08.268957] [I] FLR0026_CAMERA_APPLIED head=(5,0,-5) targetPresent=true target=(0,0,0) dolly=(5,0,5)
[14:09:08.370628] [I] FLR0026_MODEL_STAGE_COMPLETE asset=assets/models/sequoia_ngp.glb pending_models=0
[14:09:08.370925] [E] [handleMessage] Exception in handler: Entity(166): Light not found
[14:09:08.370983] [E] [handleMessage] Exception in handler: Entity(168): Light not found
[14:09:08.371024] [E] [handleMessage] Exception in handler: Entity(170): Light not found
[14:09:08.371175] [I] FLR0026_CAMERA_APPLIED head=(5,0,-5) targetPresent=true target=(0,0,0) dolly=(5,0,5)
[14:09:08.477708] [I] FLR0026_MODEL_STAGE_COMPLETE asset=assets/models/sequoia_ngp.glb pending_models=0
[14:09:08.478001] [E] [handleMessage] Exception in handler: Entity(166): Light not found
[14:09:08.478050] [E] [handleMessage] Exception in handler: Entity(168): Light not found
[14:09:08.478081] [E] [handleMessage] Exception in handler: Entity(170): Light not found
[14:09:08.478238] [I] FLR0026_CAMERA_APPLIED head=(5,0,-5) targetPresent=true target=(0,0,0) dolly=(5,0,5)
[14:09:08.478652] [I] FLR0026_FRAME_BEGIN seq=200 started=false
[14:09:08.579037] [I] FLR0026_MODEL_STAGE_COMPLETE asset=assets/models/sequoia_ngp.glb pending_models=0
[14:09:08.579373] [E] [handleMessage] Exception in handler: Entity(166): Light not found
[14:09:08.579430] [E] [handleMessage] Exception in handler: Entity(168): Light not found
[14:09:08.579464] [E] [handleMessage] Exception in handler: Entity(170): Light not found
[14:09:08.579619] [I] FLR0026_CAMERA_APPLIED head=(5,0,-5) targetPresent=true target=(0,0,0) dolly=(5,0,5)
[14:09:08.680380] [I] FLR0026_MODEL_STAGE_COMPLETE asset=assets/models/sequoia_ngp.glb pending_models=0
[14:09:08.680676] [E] [handleMessage] Exception in handler: Entity(166): Light not found
[14:09:08.680724] [E] [handleMessage] Exception in handler: Entity(168): Light not found
[14:09:08.680756] [E] [handleMessage] Exception in handler: Entity(170): Light not found
[14:09:08.680911] [I] FLR0026_CAMERA_APPLIED head=(5,0,-5) targetPresent=true target=(0,0,0) dolly=(5,0,5)
[14:09:08.781687] [I] FLR0026_MODEL_STAGE_COMPLETE asset=assets/models/sequoia_ngp.glb pending_models=0
[14:09:08.782008] [E] [handleMessage] Exception in handler: Entity(166): Light not found
[14:09:08.782060] [E] [handleMessage] Exception in handler: Entity(168): Light not found
[14:09:08.782093] [E] [handleMessage] Exception in handler: Entity(170): Light not found
[14:09:08.782246] [I] FLR0026_CAMERA_APPLIED head=(5,0,-5) targetPresent=true target=(0,0,0) dolly=(5,0,5)
[14:09:08.890462] [I] FLR0026_MODEL_STAGE_COMPLETE asset=assets/models/sequoia_ngp.glb pending_models=0
[14:09:08.890779] [E] [handleMessage] Exception in handler: Entity(166): Light not found
[14:09:08.890829] [E] [handleMessage] Exception in handler: Entity(168): Light not found
[14:09:08.890862] [E] [handleMessage] Exception in handler: Entity(170): Light not found
[14:09:08.891019] [I] FLR0026_CAMERA_APPLIED head=(5,0,-5) targetPresent=true target=(0,0,0) dolly=(5,0,5)
[14:09:08.991809] [I] FLR0026_MODEL_STAGE_COMPLETE asset=assets/models/sequoia_ngp.glb pending_models=0
[14:09:08.992101] [E] [handleMessage] Exception in handler: Entity(166): Light not found
[14:09:08.992151] [E] [handleMessage] Exception in handler: Entity(168): Light not found
[14:09:08.992187] [E] [handleMessage] Exception in handler: Entity(170): Light not found
[14:09:08.992460] [I] FLR0026_CAMERA_APPLIED head=(5,0,-5) targetPresent=true target=(0,0,0) dolly=(5,0,5)
[14:09:09.093262] [I] FLR0026_MODEL_STAGE_COMPLETE asset=assets/models/sequoia_ngp.glb pending_models=0
[14:09:09.093626] [E] [handleMessage] Exception in handler: Entity(166): Light not found
[14:09:09.093680] [E] [handleMessage] Exception in handler: Entity(168): Light not found
[14:09:09.093714] [E] [handleMessage] Exception in handler: Entity(170): Light not found
[14:09:09.093893] [I] FLR0026_CAMERA_APPLIED head=(5,0,-5) targetPresent=true target=(0,0,0) dolly=(5,0,5)
[14:09:09.194983] [I] FLR0026_MODEL_STAGE_COMPLETE asset=assets/models/sequoia_ngp.glb pending_models=0
[14:09:09.195276] [E] [handleMessage] Exception in handler: Entity(166): Light not found
[14:09:09.195371] [E] [handleMessage] Exception in handler: Entity(168): Light not found
[14:09:09.195414] [E] [handleMessage] Exception in handler: Entity(170): Light not found
[14:09:09.195585] [I] FLR0026_CAMERA_APPLIED head=(5,0,-5) targetPresent=true target=(0,0,0) dolly=(5,0,5)
[14:09:09.297752] [I] FLR0026_MODEL_STAGE_COMPLETE asset=assets/models/sequoia_ngp.glb pending_models=0
[14:09:09.298056] [E] [handleMessage] Exception in handler: Entity(166): Light not found
[14:09:09.298104] [E] [handleMessage] Exception in handler: Entity(168): Light not found
[14:09:09.298136] [E] [handleMessage] Exception in handler: Entity(170): Light not found
[14:09:09.298292] [I] FLR0026_CAMERA_APPLIED head=(5,0,-5) targetPresent=true target=(0,0,0) dolly=(5,0,5)
[14:09:09.402238] [I] FLR0026_MODEL_STAGE_COMPLETE asset=assets/models/sequoia_ngp.glb pending_models=0
[14:09:09.402571] [E] [handleMessage] Exception in handler: Entity(166): Light not found
[14:09:09.402625] [E] [handleMessage] Exception in handler: Entity(168): Light not found
[14:09:09.402658] [E] [handleMessage] Exception in handler: Entity(170): Light not found
[14:09:09.402816] [I] FLR0026_CAMERA_APPLIED head=(5,0,-5) targetPresent=true target=(0,0,0) dolly=(5,0,5)
[14:09:09.511483] [I] FLR0026_MODEL_STAGE_COMPLETE asset=assets/models/sequoia_ngp.glb pending_models=0
[14:09:09.511781] [E] [handleMessage] Exception in handler: Entity(166): Light not found
[14:09:09.511830] [E] [handleMessage] Exception in handler: Entity(168): Light not found
[14:09:09.511863] [E] [handleMessage] Exception in handler: Entity(170): Light not found
[14:09:09.512036] [I] FLR0026_CAMERA_APPLIED head=(5,0,-5) targetPresent=true target=(0,0,0) dolly=(5,0,5)
[14:09:09.512475] [I] FLR0026_FRAME_BEGIN seq=210 started=false
[14:09:09.620473] [I] FLR0026_MODEL_STAGE_COMPLETE asset=assets/models/sequoia_ngp.glb pending_models=0
[14:09:09.620772] [E] [handleMessage] Exception in handler: Entity(166): Light not found
[14:09:09.620822] [E] [handleMessage] Exception in handler: Entity(168): Light not found
[14:09:09.620855] [E] [handleMessage] Exception in handler: Entity(170): Light not found
[14:09:09.621024] [I] FLR0026_CAMERA_APPLIED head=(5,0,-5) targetPresent=true target=(0,0,0) dolly=(5,0,5)
[14:09:09.727499] [I] FLR0026_MODEL_STAGE_COMPLETE asset=assets/models/sequoia_ngp.glb pending_models=0
[14:09:09.727795] [E] [handleMessage] Exception in handler: Entity(166): Light not found
[14:09:09.727843] [E] [handleMessage] Exception in handler: Entity(168): Light not found
[14:09:09.727874] [E] [handleMessage] Exception in handler: Entity(170): Light not found
[14:09:09.728026] [I] FLR0026_CAMERA_APPLIED head=(5,0,-5) targetPresent=true target=(0,0,0) dolly=(5,0,5)
[14:09:09.829191] [I] FLR0026_MODEL_STAGE_COMPLETE asset=assets/models/sequoia_ngp.glb pending_models=0
[14:09:09.829806] [E] [handleMessage] Exception in handler: Entity(166): Light not found
[14:09:09.829926] [E] [handleMessage] Exception in handler: Entity(168): Light not found
[14:09:09.830018] [E] [handleMessage] Exception in handler: Entity(170): Light not found
[14:09:09.830417] [I] FLR0026_CAMERA_APPLIED head=(5,0,-5) targetPresent=true target=(0,0,0) dolly=(5,0,5)
[14:09:09.933179] [I] FLR0026_MODEL_STAGE_COMPLETE asset=assets/models/sequoia_ngp.glb pending_models=0
[14:09:09.933559] [E] [handleMessage] Exception in handler: Entity(166): Light not found
[14:09:09.933615] [E] [handleMessage] Exception in handler: Entity(168): Light not found
[14:09:09.933650] [E] [handleMessage] Exception in handler: Entity(170): Light not found
[14:09:09.933822] [I] FLR0026_CAMERA_APPLIED head=(5,0,-5) targetPresent=true target=(0,0,0) dolly=(5,0,5)
[14:09:10.034621] [I] FLR0026_MODEL_STAGE_COMPLETE asset=assets/models/sequoia_ngp.glb pending_models=0
[14:09:10.034936] [E] [handleMessage] Exception in handler: Entity(166): Light not found
[14:09:10.034986] [E] [handleMessage] Exception in handler: Entity(168): Light not found
[14:09:10.035019] [E] [handleMessage] Exception in handler: Entity(170): Light not found
[14:09:10.035191] [I] FLR0026_CAMERA_APPLIED head=(5,0,-5) targetPresent=true target=(0,0,0) dolly=(5,0,5)
[14:09:10.143485] [I] FLR0026_MODEL_STAGE_COMPLETE asset=assets/models/sequoia_ngp.glb pending_models=0
[14:09:10.143783] [E] [handleMessage] Exception in handler: Entity(166): Light not found
[14:09:10.143835] [E] [handleMessage] Exception in handler: Entity(168): Light not found
[14:09:10.143868] [E] [handleMessage] Exception in handler: Entity(170): Light not found
[14:09:10.144039] [I] FLR0026_CAMERA_APPLIED head=(5,0,-5) targetPresent=true target=(0,0,0) dolly=(5,0,5)
[14:09:10.246484] [I] FLR0026_MODEL_STAGE_COMPLETE asset=assets/models/sequoia_ngp.glb pending_models=0
[14:09:10.246773] [E] [handleMessage] Exception in handler: Entity(166): Light not found
[14:09:10.246822] [E] [handleMessage] Exception in handler: Entity(168): Light not found
[14:09:10.246854] [E] [handleMessage] Exception in handler: Entity(170): Light not found
[14:09:10.247008] [I] FLR0026_CAMERA_APPLIED head=(5,0,-5) targetPresent=true target=(0,0,0) dolly=(5,0,5)
[14:09:10.347787] [I] FLR0026_MODEL_STAGE_COMPLETE asset=assets/models/sequoia_ngp.glb pending_models=0
[14:09:10.348088] [E] [handleMessage] Exception in handler: Entity(166): Light not found
[14:09:10.348138] [E] [handleMessage] Exception in handler: Entity(168): Light not found
[14:09:10.348171] [E] [handleMessage] Exception in handler: Entity(170): Light not found
[14:09:10.348378] [I] FLR0026_CAMERA_APPLIED head=(5,0,-5) targetPresent=true target=(0,0,0) dolly=(5,0,5)
[14:09:10.449442] [I] FLR0026_MODEL_STAGE_COMPLETE asset=assets/models/sequoia_ngp.glb pending_models=0
[14:09:10.449745] [E] [handleMessage] Exception in handler: Entity(166): Light not found
[14:09:10.449792] [E] [handleMessage] Exception in handler: Entity(168): Light not found
[14:09:10.449823] [E] [handleMessage] Exception in handler: Entity(170): Light not found
[14:09:10.449974] [I] FLR0026_CAMERA_APPLIED head=(5,0,-5) targetPresent=true target=(0,0,0) dolly=(5,0,5)
[14:09:10.553487] [I] FLR0026_MODEL_STAGE_COMPLETE asset=assets/models/sequoia_ngp.glb pending_models=0
[14:09:10.553782] [E] [handleMessage] Exception in handler: Entity(166): Light not found
[14:09:10.553833] [E] [handleMessage] Exception in handler: Entity(168): Light not found
[14:09:10.553867] [E] [handleMessage] Exception in handler: Entity(170): Light not found
[14:09:10.554027] [I] FLR0026_CAMERA_APPLIED head=(5,0,-5) targetPresent=true target=(0,0,0) dolly=(5,0,5)
[14:09:10.554461] [I] FLR0026_FRAME_BEGIN seq=220 started=false
[14:09:10.656488] [I] FLR0026_MODEL_STAGE_COMPLETE asset=assets/models/sequoia_ngp.glb pending_models=0
[14:09:10.656790] [E] [handleMessage] Exception in handler: Entity(166): Light not found
[14:09:10.656837] [E] [handleMessage] Exception in handler: Entity(168): Light not found
[14:09:10.656870] [E] [handleMessage] Exception in handler: Entity(170): Light not found
[14:09:10.657026] [I] FLR0026_CAMERA_APPLIED head=(5,0,-5) targetPresent=true target=(0,0,0) dolly=(5,0,5)
[14:09:10.758101] [I] FLR0026_MODEL_STAGE_COMPLETE asset=assets/models/sequoia_ngp.glb pending_models=0
[14:09:10.758513] [E] [handleMessage] Exception in handler: Entity(166): Light not found
[14:09:10.758574] [E] [handleMessage] Exception in handler: Entity(168): Light not found
[14:09:10.758606] [E] [handleMessage] Exception in handler: Entity(170): Light not found
[14:09:10.758769] [I] FLR0026_CAMERA_APPLIED head=(5,0,-5) targetPresent=true target=(0,0,0) dolly=(5,0,5)
[14:09:10.866487] [I] FLR0026_MODEL_STAGE_COMPLETE asset=assets/models/sequoia_ngp.glb pending_models=0
[14:09:10.866784] [E] [handleMessage] Exception in handler: Entity(166): Light not found
[14:09:10.866834] [E] [handleMessage] Exception in handler: Entity(168): Light not found
[14:09:10.866867] [E] [handleMessage] Exception in handler: Entity(170): Light not found
[14:09:10.867025] [I] FLR0026_CAMERA_APPLIED head=(5,0,-5) targetPresent=true target=(0,0,0) dolly=(5,0,5)
[14:09:10.967794] [I] FLR0026_MODEL_STAGE_COMPLETE asset=assets/models/sequoia_ngp.glb pending_models=0
[14:09:10.968073] [E] [handleMessage] Exception in handler: Entity(166): Light not found
[14:09:10.968121] [E] [handleMessage] Exception in handler: Entity(168): Light not found
[14:09:10.968153] [E] [handleMessage] Exception in handler: Entity(170): Light not found
[14:09:10.968306] [I] FLR0026_CAMERA_APPLIED head=(5,0,-5) targetPresent=true target=(0,0,0) dolly=(5,0,5)
[14:09:11.069309] [I] FLR0026_MODEL_STAGE_COMPLETE asset=assets/models/sequoia_ngp.glb pending_models=0
[14:09:11.069665] [E] [handleMessage] Exception in handler: Entity(166): Light not found
[14:09:11.069713] [E] [handleMessage] Exception in handler: Entity(168): Light not found
[14:09:11.069749] [E] [handleMessage] Exception in handler: Entity(170): Light not found
[14:09:11.069904] [I] FLR0026_CAMERA_APPLIED head=(5,0,-5) targetPresent=true target=(0,0,0) dolly=(5,0,5)
[14:09:11.170795] [I] FLR0026_MODEL_STAGE_COMPLETE asset=assets/models/sequoia_ngp.glb pending_models=0
[14:09:11.171147] [E] [handleMessage] Exception in handler: Entity(166): Light not found
[14:09:11.171204] [E] [handleMessage] Exception in handler: Entity(168): Light not found
[14:09:11.171238] [E] [handleMessage] Exception in handler: Entity(170): Light not found
[14:09:11.171421] [I] FLR0026_CAMERA_APPLIED head=(5,0,-5) targetPresent=true target=(0,0,0) dolly=(5,0,5)
[14:09:11.276472] [I] FLR0026_MODEL_STAGE_COMPLETE asset=assets/models/sequoia_ngp.glb pending_models=0
[14:09:11.276756] [E] [handleMessage] Exception in handler: Entity(166): Light not found
[14:09:11.276804] [E] [handleMessage] Exception in handler: Entity(168): Light not found
[14:09:11.276836] [E] [handleMessage] Exception in handler: Entity(170): Light not found
[14:09:11.276999] [I] FLR0026_CAMERA_APPLIED head=(5,0,-5) targetPresent=true target=(0,0,0) dolly=(5,0,5)
[14:09:11.377740] [I] FLR0026_MODEL_STAGE_COMPLETE asset=assets/models/sequoia_ngp.glb pending_models=0
[14:09:11.378007] [E] [handleMessage] Exception in handler: Entity(166): Light not found
[14:09:11.378055] [E] [handleMessage] Exception in handler: Entity(168): Light not found
[14:09:11.378088] [E] [handleMessage] Exception in handler: Entity(170): Light not found
[14:09:11.378260] [I] FLR0026_CAMERA_APPLIED head=(5,0,-5) targetPresent=true target=(0,0,0) dolly=(5,0,5)
[14:09:11.481521] [I] FLR0026_MODEL_STAGE_COMPLETE asset=assets/models/sequoia_ngp.glb pending_models=0
[14:09:11.481807] [E] [handleMessage] Exception in handler: Entity(166): Light not found
[14:09:11.481857] [E] [handleMessage] Exception in handler: Entity(168): Light not found
[14:09:11.481889] [E] [handleMessage] Exception in handler: Entity(170): Light not found
[14:09:11.482044] [I] FLR0026_CAMERA_APPLIED head=(5,0,-5) targetPresent=true target=(0,0,0) dolly=(5,0,5)
[14:09:11.582823] [I] FLR0026_MODEL_STAGE_COMPLETE asset=assets/models/sequoia_ngp.glb pending_models=0
[14:09:11.583118] [E] [handleMessage] Exception in handler: Entity(166): Light not found
[14:09:11.583166] [E] [handleMessage] Exception in handler: Entity(168): Light not found
[14:09:11.583199] [E] [handleMessage] Exception in handler: Entity(170): Light not found
[14:09:11.583460] [I] FLR0026_CAMERA_APPLIED head=(5,0,-5) targetPresent=true target=(0,0,0) dolly=(5,0,5)
[14:09:11.583860] [I] FLR0026_FRAME_BEGIN seq=230 started=false
[14:09:11.690505] [I] FLR0026_MODEL_STAGE_COMPLETE asset=assets/models/sequoia_ngp.glb pending_models=0
[14:09:11.690797] [E] [handleMessage] Exception in handler: Entity(166): Light not found
[14:09:11.690845] [E] [handleMessage] Exception in handler: Entity(168): Light not found
[14:09:11.690877] [E] [handleMessage] Exception in handler: Entity(170): Light not found
[14:09:11.691031] [I] FLR0026_CAMERA_APPLIED head=(5,0,-5) targetPresent=true target=(0,0,0) dolly=(5,0,5)
[14:09:11.791783] [I] FLR0026_MODEL_STAGE_COMPLETE asset=assets/models/sequoia_ngp.glb pending_models=0
[14:09:11.792059] [E] [handleMessage] Exception in handler: Entity(166): Light not found
[14:09:11.792105] [E] [handleMessage] Exception in handler: Entity(168): Light not found
[14:09:11.792135] [E] [handleMessage] Exception in handler: Entity(170): Light not found
[14:09:11.792282] [I] FLR0026_CAMERA_APPLIED head=(5,0,-5) targetPresent=true target=(0,0,0) dolly=(5,0,5)
[14:09:11.894061] [I] FLR0026_MODEL_STAGE_COMPLETE asset=assets/models/sequoia_ngp.glb pending_models=0
[14:09:11.894416] [E] [handleMessage] Exception in handler: Entity(166): Light not found
[14:09:11.894472] [E] [handleMessage] Exception in handler: Entity(168): Light not found
[14:09:11.894506] [E] [handleMessage] Exception in handler: Entity(170): Light not found
[14:09:11.894668] [I] FLR0026_CAMERA_APPLIED head=(5,0,-5) targetPresent=true target=(0,0,0) dolly=(5,0,5)
[14:09:11.996477] [I] FLR0026_MODEL_STAGE_COMPLETE asset=assets/models/sequoia_ngp.glb pending_models=0
[14:09:11.996767] [E] [handleMessage] Exception in handler: Entity(166): Light not found
[14:09:11.996817] [E] [handleMessage] Exception in handler: Entity(168): Light not found
[14:09:11.996854] [E] [handleMessage] Exception in handler: Entity(170): Light not found
[14:09:11.997006] [I] FLR0026_CAMERA_APPLIED head=(5,0,-5) targetPresent=true target=(0,0,0) dolly=(5,0,5)
[14:09:12.100615] [I] FLR0026_MODEL_STAGE_COMPLETE asset=assets/models/sequoia_ngp.glb pending_models=0
[14:09:12.100916] [E] [handleMessage] Exception in handler: Entity(166): Light not found
[14:09:12.100966] [E] [handleMessage] Exception in handler: Entity(168): Light not found
[14:09:12.101000] [E] [handleMessage] Exception in handler: Entity(170): Light not found
[14:09:12.101152] [I] FLR0026_CAMERA_APPLIED head=(5,0,-5) targetPresent=true target=(0,0,0) dolly=(5,0,5)
[14:09:12.201919] [I] FLR0026_MODEL_STAGE_COMPLETE asset=assets/models/sequoia_ngp.glb pending_models=0
[14:09:12.202208] [E] [handleMessage] Exception in handler: Entity(166): Light not found
[14:09:12.202258] [E] [handleMessage] Exception in handler: Entity(168): Light not found
[14:09:12.202291] [E] [handleMessage] Exception in handler: Entity(170): Light not found
[14:09:12.202498] [I] FLR0026_CAMERA_APPLIED head=(5,0,-5) targetPresent=true target=(0,0,0) dolly=(5,0,5)
[14:09:12.306638] [I] FLR0026_MODEL_STAGE_COMPLETE asset=assets/models/sequoia_ngp.glb pending_models=0
[14:09:12.306932] [E] [handleMessage] Exception in handler: Entity(166): Light not found
[14:09:12.306996] [E] [handleMessage] Exception in handler: Entity(168): Light not found
[14:09:12.307029] [E] [handleMessage] Exception in handler: Entity(170): Light not found
[14:09:12.307183] [I] FLR0026_CAMERA_APPLIED head=(5,0,-5) targetPresent=true target=(0,0,0) dolly=(5,0,5)
[14:09:12.419480] [I] FLR0026_MODEL_STAGE_COMPLETE asset=assets/models/sequoia_ngp.glb pending_models=0
[14:09:12.419786] [E] [handleMessage] Exception in handler: Entity(166): Light not found
[14:09:12.419836] [E] [handleMessage] Exception in handler: Entity(168): Light not found
[14:09:12.419869] [E] [handleMessage] Exception in handler: Entity(170): Light not found
[14:09:12.420078] [I] FLR0026_CAMERA_APPLIED head=(5,0,-5) targetPresent=true target=(0,0,0) dolly=(5,0,5)
[14:09:12.520948] [I] FLR0026_MODEL_STAGE_COMPLETE asset=assets/models/sequoia_ngp.glb pending_models=0
[14:09:12.521241] [E] [handleMessage] Exception in handler: Entity(166): Light not found
[14:09:12.521289] [E] [handleMessage] Exception in handler: Entity(168): Light not found
[14:09:12.521380] [E] [handleMessage] Exception in handler: Entity(170): Light not found
[14:09:12.521537] [I] FLR0026_CAMERA_APPLIED head=(5,0,-5) targetPresent=true target=(0,0,0) dolly=(5,0,5)
[14:09:12.625403] [I] FLR0026_MODEL_STAGE_PROGRESS seq=240 progress=1 assets=1
[14:09:12.625487] [I] FLR0026_MODEL_STAGE_COMPLETE asset=assets/models/sequoia_ngp.glb pending_models=0
[14:09:12.625709] [E] [handleMessage] Exception in handler: Entity(166): Light not found
[14:09:12.625757] [E] [handleMessage] Exception in handler: Entity(168): Light not found
[14:09:12.625791] [E] [handleMessage] Exception in handler: Entity(170): Light not found
[14:09:12.625942] [I] FLR0026_CAMERA_APPLIED head=(5,0,-5) targetPresent=true target=(0,0,0) dolly=(5,0,5)
[14:09:12.626426] [I] FLR0026_FRAME_BEGIN seq=240 started=false
[14:09:12.726821] [I] FLR0026_MODEL_STAGE_COMPLETE asset=assets/models/sequoia_ngp.glb pending_models=0
[14:09:12.727114] [E] [handleMessage] Exception in handler: Entity(166): Light not found
[14:09:12.727166] [E] [handleMessage] Exception in handler: Entity(168): Light not found
[14:09:12.727199] [E] [handleMessage] Exception in handler: Entity(170): Light not found
[14:09:12.727429] [I] FLR0026_CAMERA_APPLIED head=(5,0,-5) targetPresent=true target=(0,0,0) dolly=(5,0,5)
[14:09:12.832023] [I] FLR0026_MODEL_STAGE_COMPLETE asset=assets/models/sequoia_ngp.glb pending_models=0
[14:09:12.832319] [E] [handleMessage] Exception in handler: Entity(166): Light not found
[14:09:12.832439] [E] [handleMessage] Exception in handler: Entity(168): Light not found
[14:09:12.832474] [E] [handleMessage] Exception in handler: Entity(170): Light not found
[14:09:12.832629] [I] FLR0026_CAMERA_APPLIED head=(5,0,-5) targetPresent=true target=(0,0,0) dolly=(5,0,5)
[14:09:12.936615] [I] FLR0026_MODEL_STAGE_COMPLETE asset=assets/models/sequoia_ngp.glb pending_models=0
[14:09:12.936921] [E] [handleMessage] Exception in handler: Entity(166): Light not found
[14:09:12.936969] [E] [handleMessage] Exception in handler: Entity(168): Light not found
[14:09:12.937001] [E] [handleMessage] Exception in handler: Entity(170): Light not found
[14:09:12.937160] [I] FLR0026_CAMERA_APPLIED head=(5,0,-5) targetPresent=true target=(0,0,0) dolly=(5,0,5)
[14:09:13.042481] [I] FLR0026_MODEL_STAGE_COMPLETE asset=assets/models/sequoia_ngp.glb pending_models=0
[14:09:13.042786] [E] [handleMessage] Exception in handler: Entity(166): Light not found
[14:09:13.042834] [E] [handleMessage] Exception in handler: Entity(168): Light not found
[14:09:13.042867] [E] [handleMessage] Exception in handler: Entity(170): Light not found
[14:09:13.043021] [I] FLR0026_CAMERA_APPLIED head=(5,0,-5) targetPresent=true target=(0,0,0) dolly=(5,0,5)
[14:09:13.152454] [I] FLR0026_MODEL_STAGE_COMPLETE asset=assets/models/sequoia_ngp.glb pending_models=0
[14:09:13.152747] [E] [handleMessage] Exception in handler: Entity(166): Light not found
[14:09:13.152797] [E] [handleMessage] Exception in handler: Entity(168): Light not found
[14:09:13.152829] [E] [handleMessage] Exception in handler: Entity(170): Light not found
[14:09:13.152985] [I] FLR0026_CAMERA_APPLIED head=(5,0,-5) targetPresent=true target=(0,0,0) dolly=(5,0,5)
[14:09:13.256474] [I] FLR0026_MODEL_STAGE_COMPLETE asset=assets/models/sequoia_ngp.glb pending_models=0
[14:09:13.256774] [E] [handleMessage] Exception in handler: Entity(166): Light not found
[14:09:13.256823] [E] [handleMessage] Exception in handler: Entity(168): Light not found
[14:09:13.256854] [E] [handleMessage] Exception in handler: Entity(170): Light not found
[14:09:13.257001] [I] FLR0026_CAMERA_APPLIED head=(5,0,-5) targetPresent=true target=(0,0,0) dolly=(5,0,5)
[14:09:13.357842] [I] FLR0026_MODEL_STAGE_COMPLETE asset=assets/models/sequoia_ngp.glb pending_models=0
[14:09:13.358195] [E] [handleMessage] Exception in handler: Entity(166): Light not found
[14:09:13.358248] [E] [handleMessage] Exception in handler: Entity(168): Light not found
[14:09:13.358281] [E] [handleMessage] Exception in handler: Entity(170): Light not found
[14:09:13.358507] [I] FLR0026_CAMERA_APPLIED head=(5,0,-5) targetPresent=true target=(0,0,0) dolly=(5,0,5)
[14:09:13.459588] [I] FLR0026_MODEL_STAGE_COMPLETE asset=assets/models/sequoia_ngp.glb pending_models=0
[14:09:13.459881] [E] [handleMessage] Exception in handler: Entity(166): Light not found
[14:09:13.459931] [E] [handleMessage] Exception in handler: Entity(168): Light not found
[14:09:13.459963] [E] [handleMessage] Exception in handler: Entity(170): Light not found
[14:09:13.460117] [I] FLR0026_CAMERA_APPLIED head=(5,0,-5) targetPresent=true target=(0,0,0) dolly=(5,0,5)
[14:09:13.565463] [I] FLR0026_MODEL_STAGE_COMPLETE asset=assets/models/sequoia_ngp.glb pending_models=0
[14:09:13.565746] [E] [handleMessage] Exception in handler: Entity(166): Light not found
[14:09:13.565795] [E] [handleMessage] Exception in handler: Entity(168): Light not found
[14:09:13.565827] [E] [handleMessage] Exception in handler: Entity(170): Light not found
[14:09:13.565978] [I] FLR0026_CAMERA_APPLIED head=(5,0,-5) targetPresent=true target=(0,0,0) dolly=(5,0,5)
[14:09:13.672465] [I] FLR0026_MODEL_STAGE_COMPLETE asset=assets/models/sequoia_ngp.glb pending_models=0
[14:09:13.672747] [E] [handleMessage] Exception in handler: Entity(166): Light not found
[14:09:13.672795] [E] [handleMessage] Exception in handler: Entity(168): Light not found
[14:09:13.672827] [E] [handleMessage] Exception in handler: Entity(170): Light not found
[14:09:13.672978] [I] FLR0026_CAMERA_APPLIED head=(5,0,-5) targetPresent=true target=(0,0,0) dolly=(5,0,5)
[14:09:13.673419] [I] FLR0026_FRAME_BEGIN seq=250 started=false
[14:09:13.778467] [I] FLR0026_MODEL_STAGE_COMPLETE asset=assets/models/sequoia_ngp.glb pending_models=0
[14:09:13.778742] [E] [handleMessage] Exception in handler: Entity(166): Light not found
[14:09:13.778790] [E] [handleMessage] Exception in handler: Entity(168): Light not found
[14:09:13.778822] [E] [handleMessage] Exception in handler: Entity(170): Light not found
[14:09:13.778979] [I] FLR0026_CAMERA_APPLIED head=(5,0,-5) targetPresent=true target=(0,0,0) dolly=(5,0,5)
[14:09:13.879767] [I] FLR0026_MODEL_STAGE_COMPLETE asset=assets/models/sequoia_ngp.glb pending_models=0
[14:09:13.880054] [E] [handleMessage] Exception in handler: Entity(166): Light not found
[14:09:13.880106] [E] [handleMessage] Exception in handler: Entity(168): Light not found
[14:09:13.880145] [E] [handleMessage] Exception in handler: Entity(170): Light not found
[14:09:13.880299] [I] FLR0026_CAMERA_APPLIED head=(5,0,-5) targetPresent=true target=(0,0,0) dolly=(5,0,5)
[14:09:13.981037] [I] FLR0026_MODEL_STAGE_COMPLETE asset=assets/models/sequoia_ngp.glb pending_models=0
[14:09:13.981380] [E] [handleMessage] Exception in handler: Entity(166): Light not found
[14:09:13.981442] [E] [handleMessage] Exception in handler: Entity(168): Light not found
[14:09:13.981478] [E] [handleMessage] Exception in handler: Entity(170): Light not found
[14:09:13.981638] [I] FLR0026_CAMERA_APPLIED head=(5,0,-5) targetPresent=true target=(0,0,0) dolly=(5,0,5)
[14:09:14.082433] [I] FLR0026_MODEL_STAGE_COMPLETE asset=assets/models/sequoia_ngp.glb pending_models=0
[14:09:14.082737] [E] [handleMessage] Exception in handler: Entity(166): Light not found
[14:09:14.082789] [E] [handleMessage] Exception in handler: Entity(168): Light not found
[14:09:14.082823] [E] [handleMessage] Exception in handler: Entity(170): Light not found
[14:09:14.082979] [I] FLR0026_CAMERA_APPLIED head=(5,0,-5) targetPresent=true target=(0,0,0) dolly=(5,0,5)
[14:09:14.185492] [I] FLR0026_MODEL_STAGE_COMPLETE asset=assets/models/sequoia_ngp.glb pending_models=0
[14:09:14.185793] [E] [handleMessage] Exception in handler: Entity(166): Light not found
[14:09:14.185844] [E] [handleMessage] Exception in handler: Entity(168): Light not found
[14:09:14.185880] [E] [handleMessage] Exception in handler: Entity(170): Light not found
[14:09:14.186034] [I] FLR0026_CAMERA_APPLIED head=(5,0,-5) targetPresent=true target=(0,0,0) dolly=(5,0,5)
[14:09:14.296485] [I] FLR0026_MODEL_STAGE_COMPLETE asset=assets/models/sequoia_ngp.glb pending_models=0
[14:09:14.296775] [E] [handleMessage] Exception in handler: Entity(166): Light not found
[14:09:14.296824] [E] [handleMessage] Exception in handler: Entity(168): Light not found
[14:09:14.296856] [E] [handleMessage] Exception in handler: Entity(170): Light not found
[14:09:14.297009] [I] FLR0026_CAMERA_APPLIED head=(5,0,-5) targetPresent=true target=(0,0,0) dolly=(5,0,5)
[14:09:14.400448] [I] FLR0026_MODEL_STAGE_COMPLETE asset=assets/models/sequoia_ngp.glb pending_models=0
[14:09:14.400751] [E] [handleMessage] Exception in handler: Entity(166): Light not found
[14:09:14.400800] [E] [handleMessage] Exception in handler: Entity(168): Light not found
[14:09:14.400831] [E] [handleMessage] Exception in handler: Entity(170): Light not found
[14:09:14.400983] [I] FLR0026_CAMERA_APPLIED head=(5,0,-5) targetPresent=true target=(0,0,0) dolly=(5,0,5)
[14:09:14.503998] [I] FLR0026_MODEL_STAGE_COMPLETE asset=assets/models/sequoia_ngp.glb pending_models=0
[14:09:14.504288] [E] [handleMessage] Exception in handler: Entity(166): Light not found
[14:09:14.504391] [E] [handleMessage] Exception in handler: Entity(168): Light not found
[14:09:14.504433] [E] [handleMessage] Exception in handler: Entity(170): Light not found
[14:09:14.504598] [I] FLR0026_CAMERA_APPLIED head=(5,0,-5) targetPresent=true target=(0,0,0) dolly=(5,0,5)
[14:09:14.606485] [I] FLR0026_MODEL_STAGE_COMPLETE asset=assets/models/sequoia_ngp.glb pending_models=0
[14:09:14.606770] [E] [handleMessage] Exception in handler: Entity(166): Light not found
[14:09:14.606819] [E] [handleMessage] Exception in handler: Entity(168): Light not found
[14:09:14.606852] [E] [handleMessage] Exception in handler: Entity(170): Light not found
[14:09:14.607007] [I] FLR0026_CAMERA_APPLIED head=(5,0,-5) targetPresent=true target=(0,0,0) dolly=(5,0,5)
[14:09:14.719487] [I] FLR0026_MODEL_STAGE_COMPLETE asset=assets/models/sequoia_ngp.glb pending_models=0
[14:09:14.719754] [E] [handleMessage] Exception in handler: Entity(166): Light not found
[14:09:14.719801] [E] [handleMessage] Exception in handler: Entity(168): Light not found
[14:09:14.719833] [E] [handleMessage] Exception in handler: Entity(170): Light not found
[14:09:14.719986] [I] FLR0026_CAMERA_APPLIED head=(5,0,-5) targetPresent=true target=(0,0,0) dolly=(5,0,5)
[14:09:14.720428] [I] FLR0026_FRAME_BEGIN seq=260 started=false
[14:09:14.820838] [I] FLR0026_MODEL_STAGE_COMPLETE asset=assets/models/sequoia_ngp.glb pending_models=0
[14:09:14.821131] [E] [handleMessage] Exception in handler: Entity(166): Light not found
[14:09:14.821183] [E] [handleMessage] Exception in handler: Entity(168): Light not found
[14:09:14.821216] [E] [handleMessage] Exception in handler: Entity(170): Light not found
[14:09:14.821426] [I] FLR0026_CAMERA_APPLIED head=(5,0,-5) targetPresent=true target=(0,0,0) dolly=(5,0,5)
[14:09:14.927466] [I] FLR0026_MODEL_STAGE_COMPLETE asset=assets/models/sequoia_ngp.glb pending_models=0
[14:09:14.927764] [E] [handleMessage] Exception in handler: Entity(166): Light not found
[14:09:14.927816] [E] [handleMessage] Exception in handler: Entity(168): Light not found
[14:09:14.927850] [E] [handleMessage] Exception in handler: Entity(170): Light not found
[14:09:14.928006] [I] FLR0026_CAMERA_APPLIED head=(5,0,-5) targetPresent=true target=(0,0,0) dolly=(5,0,5)
[14:09:15.035526] [I] FLR0026_MODEL_STAGE_COMPLETE asset=assets/models/sequoia_ngp.glb pending_models=0
[14:09:15.035863] [E] [handleMessage] Exception in handler: Entity(166): Light not found
[14:09:15.035917] [E] [handleMessage] Exception in handler: Entity(168): Light not found
[14:09:15.035949] [E] [handleMessage] Exception in handler: Entity(170): Light not found
[14:09:15.036102] [I] FLR0026_CAMERA_APPLIED head=(5,0,-5) targetPresent=true target=(0,0,0) dolly=(5,0,5)
[14:09:15.138945] [I] FLR0026_MODEL_STAGE_COMPLETE asset=assets/models/sequoia_ngp.glb pending_models=0
[14:09:15.139239] [E] [handleMessage] Exception in handler: Entity(166): Light not found
[14:09:15.139288] [E] [handleMessage] Exception in handler: Entity(168): Light not found
[14:09:15.139411] [E] [handleMessage] Exception in handler: Entity(170): Light not found
[14:09:15.139584] [I] FLR0026_CAMERA_APPLIED head=(5,0,-5) targetPresent=true target=(0,0,0) dolly=(5,0,5)
[14:09:15.240342] [I] FLR0026_MODEL_STAGE_COMPLETE asset=assets/models/sequoia_ngp.glb pending_models=0
[14:09:15.240642] [E] [handleMessage] Exception in handler: Entity(166): Light not found
[14:09:15.240695] [E] [handleMessage] Exception in handler: Entity(168): Light not found
[14:09:15.240729] [E] [handleMessage] Exception in handler: Entity(170): Light not found
[14:09:15.240888] [I] FLR0026_CAMERA_APPLIED head=(5,0,-5) targetPresent=true target=(0,0,0) dolly=(5,0,5)
[14:09:15.344515] [I] FLR0026_MODEL_STAGE_COMPLETE asset=assets/models/sequoia_ngp.glb pending_models=0
[14:09:15.344805] [E] [handleMessage] Exception in handler: Entity(166): Light not found
[14:09:15.344856] [E] [handleMessage] Exception in handler: Entity(168): Light not found
[14:09:15.344890] [E] [handleMessage] Exception in handler: Entity(170): Light not found
[14:09:15.345049] [I] FLR0026_CAMERA_APPLIED head=(5,0,-5) targetPresent=true target=(0,0,0) dolly=(5,0,5)
FLR0026_VK_SWAPCHAIN_FLUSH_BEGIN\nFLR0026_VK_COMMAND_END_BEGIN buffer=0x7fabe40269f0\nFLR0026_VK_COMMAND_END_DONE buffer=0x7fabe40269f0\nFLR0026_VK_QUEUE_SUBMIT_BEGIN queue=0x7fabe402c600 fence=0x7fabe4021150\nFLR0026_VK_QUEUE_SUBMIT_DONE result=0 queue=0x7fabe402c600 fence=0x7fabe4021150\nFLR0026_VK_SWAPCHAIN_FLUSH_DONE flushed=true\nFLR0026_VK_FINISHED_SIGNAL_ACQUIRE_BEGIN\nFLR0026_VK_FINISHED_SIGNAL_ACQUIRE_DONE present=true\nFLR0026_VK_PRESENT_WAIT_SEMAPHORE enabled=true\nFLR0026_VK_QUEUE_PRESENT_BEGIN queue=0x7fabe402c600 swapchain=0x7fabe5ba6060 index=0\n[14:09:15.445831] [I] FLR0026_MODEL_STAGE_COMPLETE asset=assets/models/sequoia_ngp.glb pending_models=0
[14:09:15.446123] [E] [handleMessage] Exception in handler: Entity(166): Light not found
[14:09:15.446172] [E] [handleMessage] Exception in handler: Entity(168): Light not found
[14:09:15.446205] [E] [handleMessage] Exception in handler: Entity(170): Light not found
[14:09:15.446401] [I] FLR0026_CAMERA_APPLIED head=(5,0,-5) targetPresent=true target=(0,0,0) dolly=(5,0,5)
[14:09:15.548508] [I] FLR0026_MODEL_STAGE_COMPLETE asset=assets/models/sequoia_ngp.glb pending_models=0
[14:09:15.548819] [E] [handleMessage] Exception in handler: Entity(166): Light not found
[14:09:15.548873] [E] [handleMessage] Exception in handler: Entity(168): Light not found
[14:09:15.548907] [E] [handleMessage] Exception in handler: Entity(170): Light not found
[14:09:15.549071] [I] FLR0026_CAMERA_APPLIED head=(5,0,-5) targetPresent=true target=(0,0,0) dolly=(5,0,5)
[14:09:15.651494] [I] FLR0026_MODEL_STAGE_COMPLETE asset=assets/models/sequoia_ngp.glb pending_models=0
[14:09:15.651762] [E] [handleMessage] Exception in handler: Entity(166): Light not found
[14:09:15.651807] [E] [handleMessage] Exception in handler: Entity(168): Light not found
[14:09:15.651838] [E] [handleMessage] Exception in handler: Entity(170): Light not found
[14:09:15.651983] [I] FLR0026_CAMERA_APPLIED head=(5,0,-5) targetPresent=true target=(0,0,0) dolly=(5,0,5)
[14:09:15.753868] [I] FLR0026_MODEL_STAGE_COMPLETE asset=assets/models/sequoia_ngp.glb pending_models=0
[14:09:15.754183] [E] [handleMessage] Exception in handler: Entity(166): Light not found
[14:09:15.754307] [E] [handleMessage] Exception in handler: Entity(168): Light not found
[14:09:15.754422] [E] [handleMessage] Exception in handler: Entity(170): Light not found
[14:09:15.754591] [I] FLR0026_CAMERA_APPLIED head=(5,0,-5) targetPresent=true target=(0,0,0) dolly=(5,0,5)
[14:09:15.754986] [I] FLR0026_FRAME_BEGIN seq=270 started=false
[14:09:15.855398] [I] FLR0026_MODEL_STAGE_COMPLETE asset=assets/models/sequoia_ngp.glb pending_models=0
[14:09:15.855688] [E] [handleMessage] Exception in handler: Entity(166): Light not found
[14:09:15.855740] [E] [handleMessage] Exception in handler: Entity(168): Light not found
[14:09:15.855774] [E] [handleMessage] Exception in handler: Entity(170): Light not found
[14:09:15.855971] [I] FLR0026_CAMERA_APPLIED head=(5,0,-5) targetPresent=true target=(0,0,0) dolly=(5,0,5)
[14:09:15.959499] [I] FLR0026_MODEL_STAGE_COMPLETE asset=assets/models/sequoia_ngp.glb pending_models=0
[14:09:15.959800] [E] [handleMessage] Exception in handler: Entity(166): Light not found
[14:09:15.959850] [E] [handleMessage] Exception in handler: Entity(168): Light not found
[14:09:15.959884] [E] [handleMessage] Exception in handler: Entity(170): Light not found
[14:09:15.960044] [I] FLR0026_CAMERA_APPLIED head=(5,0,-5) targetPresent=true target=(0,0,0) dolly=(5,0,5)
[14:09:16.060774] [I] FLR0026_MODEL_STAGE_COMPLETE asset=assets/models/sequoia_ngp.glb pending_models=0
[14:09:16.061083] [E] [handleMessage] Exception in handler: Entity(166): Light not found
[14:09:16.061136] [E] [handleMessage] Exception in handler: Entity(168): Light not found
[14:09:16.061170] [E] [handleMessage] Exception in handler: Entity(170): Light not found
[14:09:16.061373] [I] FLR0026_CAMERA_APPLIED head=(5,0,-5) targetPresent=true target=(0,0,0) dolly=(5,0,5)
[14:09:16.305403] [I] FLR0026_MODEL_STAGE_COMPLETE asset=assets/models/sequoia_ngp.glb pending_models=0
[14:09:16.305678] [E] [handleMessage] Exception in handler: Entity(166): Light not found
[14:09:16.305725] [E] [handleMessage] Exception in handler: Entity(168): Light not found
[14:09:16.305756] [E] [handleMessage] Exception in handler: Entity(170): Light not found
[14:09:16.305907] [I] FLR0026_CAMERA_APPLIED head=(5,0,-5) targetPresent=true target=(0,0,0) dolly=(5,0,5)
[14:09:16.408471] [I] FLR0026_MODEL_STAGE_COMPLETE asset=assets/models/sequoia_ngp.glb pending_models=0
[14:09:16.408757] [E] [handleMessage] Exception in handler: Entity(166): Light not found
[14:09:16.408806] [E] [handleMessage] Exception in handler: Entity(168): Light not found
[14:09:16.408839] [E] [handleMessage] Exception in handler: Entity(170): Light not found
[14:09:16.408995] [I] FLR0026_CAMERA_APPLIED head=(5,0,-5) targetPresent=true target=(0,0,0) dolly=(5,0,5)
[14:09:16.511866] [I] FLR0026_MODEL_STAGE_COMPLETE asset=assets/models/sequoia_ngp.glb pending_models=0
[14:09:16.512616] [E] [handleMessage] Exception in handler: Entity(166): Light not found
[14:09:16.512672] [E] [handleMessage] Exception in handler: Entity(168): Light not found
[14:09:16.512708] [E] [handleMessage] Exception in handler: Entity(170): Light not found
[14:09:16.512864] [I] FLR0026_CAMERA_APPLIED head=(5,0,-5) targetPresent=true target=(0,0,0) dolly=(5,0,5)
[14:09:16.613902] [I] FLR0026_MODEL_STAGE_COMPLETE asset=assets/models/sequoia_ngp.glb pending_models=0
[14:09:16.614407] [E] [handleMessage] Exception in handler: Entity(166): Light not found
[14:09:16.614620] [E] [handleMessage] Exception in handler: Entity(168): Light not found
[14:09:16.614669] [E] [handleMessage] Exception in handler: Entity(170): Light not found
[14:09:16.614827] [I] FLR0026_CAMERA_APPLIED head=(5,0,-5) targetPresent=true target=(0,0,0) dolly=(5,0,5)
[14:09:16.718048] [I] FLR0026_MODEL_STAGE_COMPLETE asset=assets/models/sequoia_ngp.glb pending_models=0
[14:09:16.720408] [E] [handleMessage] Exception in handler: Entity(166): Light not found
[14:09:16.720487] [E] [handleMessage] Exception in handler: Entity(168): Light not found
[14:09:16.720567] [E] [handleMessage] Exception in handler: Entity(170): Light not found
[14:09:16.720748] [I] FLR0026_CAMERA_APPLIED head=(5,0,-5) targetPresent=true target=(0,0,0) dolly=(5,0,5)
[14:09:16.821468] [I] FLR0026_MODEL_STAGE_COMPLETE asset=assets/models/sequoia_ngp.glb pending_models=0
[14:09:16.821754] [E] [handleMessage] Exception in handler: Entity(166): Light not found
[14:09:16.821802] [E] [handleMessage] Exception in handler: Entity(168): Light not found
[14:09:16.821835] [E] [handleMessage] Exception in handler: Entity(170): Light not found
[14:09:16.821991] [I] FLR0026_CAMERA_APPLIED head=(5,0,-5) targetPresent=true target=(0,0,0) dolly=(5,0,5)
[14:09:16.926755] [I] FLR0026_MODEL_STAGE_COMPLETE asset=assets/models/sequoia_ngp.glb pending_models=0
[14:09:16.927039] [E] [handleMessage] Exception in handler: Entity(166): Light not found
[14:09:16.927090] [E] [handleMessage] Exception in handler: Entity(168): Light not found
[14:09:16.927124] [E] [handleMessage] Exception in handler: Entity(170): Light not found
[14:09:16.927283] [I] FLR0026_CAMERA_APPLIED head=(5,0,-5) targetPresent=true target=(0,0,0) dolly=(5,0,5)
[14:09:16.927728] [I] FLR0026_FRAME_BEGIN seq=280 started=false
[14:09:17.028077] [I] FLR0026_MODEL_STAGE_COMPLETE asset=assets/models/sequoia_ngp.glb pending_models=0
[14:09:17.028433] [E] [handleMessage] Exception in handler: Entity(166): Light not found
[14:09:17.028494] [E] [handleMessage] Exception in handler: Entity(168): Light not found
[14:09:17.028529] [E] [handleMessage] Exception in handler: Entity(170): Light not found
[14:09:17.028714] [I] FLR0026_CAMERA_APPLIED head=(5,0,-5) targetPresent=true target=(0,0,0) dolly=(5,0,5)
[14:09:17.129613] [I] FLR0026_MODEL_STAGE_COMPLETE asset=assets/models/sequoia_ngp.glb pending_models=0
[14:09:17.130981] [E] [handleMessage] Exception in handler: Entity(166): Light not found
[14:09:17.131034] [E] [handleMessage] Exception in handler: Entity(168): Light not found
[14:09:17.131068] [E] [handleMessage] Exception in handler: Entity(170): Light not found
[14:09:17.131227] [I] FLR0026_CAMERA_APPLIED head=(5,0,-5) targetPresent=true target=(0,0,0) dolly=(5,0,5)
[14:09:17.238666] [I] FLR0026_MODEL_STAGE_COMPLETE asset=assets/models/sequoia_ngp.glb pending_models=0
[14:09:17.238977] [E] [handleMessage] Exception in handler: Entity(166): Light not found
[14:09:17.239028] [E] [handleMessage] Exception in handler: Entity(168): Light not found
[14:09:17.239062] [E] [handleMessage] Exception in handler: Entity(170): Light not found
[14:09:17.239225] [I] FLR0026_CAMERA_APPLIED head=(5,0,-5) targetPresent=true target=(0,0,0) dolly=(5,0,5)
[14:09:17.342475] [I] FLR0026_MODEL_STAGE_COMPLETE asset=assets/models/sequoia_ngp.glb pending_models=0
[14:09:17.342780] [E] [handleMessage] Exception in handler: Entity(166): Light not found
[14:09:17.342833] [E] [handleMessage] Exception in handler: Entity(168): Light not found
[14:09:17.342867] [E] [handleMessage] Exception in handler: Entity(170): Light not found
[14:09:17.343029] [I] FLR0026_CAMERA_APPLIED head=(5,0,-5) targetPresent=true target=(0,0,0) dolly=(5,0,5)
[14:09:17.443795] [I] FLR0026_MODEL_STAGE_COMPLETE asset=assets/models/sequoia_ngp.glb pending_models=0
[14:09:17.444094] [E] [handleMessage] Exception in handler: Entity(166): Light not found
[14:09:17.444146] [E] [handleMessage] Exception in handler: Entity(168): Light not found
[14:09:17.444180] [E] [handleMessage] Exception in handler: Entity(170): Light not found
[14:09:17.444389] [I] FLR0026_CAMERA_APPLIED head=(5,0,-5) targetPresent=true target=(0,0,0) dolly=(5,0,5)
[14:09:17.545115] [I] FLR0026_MODEL_STAGE_COMPLETE asset=assets/models/sequoia_ngp.glb pending_models=0
[14:09:17.545457] [E] [handleMessage] Exception in handler: Entity(166): Light not found
[14:09:17.545518] [E] [handleMessage] Exception in handler: Entity(168): Light not found
[14:09:17.545554] [E] [handleMessage] Exception in handler: Entity(170): Light not found
[14:09:17.545767] [I] FLR0026_CAMERA_APPLIED head=(5,0,-5) targetPresent=true target=(0,0,0) dolly=(5,0,5)
[14:09:17.646492] [I] FLR0026_MODEL_STAGE_COMPLETE asset=assets/models/sequoia_ngp.glb pending_models=0
[14:09:17.646789] [E] [handleMessage] Exception in handler: Entity(166): Light not found
[14:09:17.646841] [E] [handleMessage] Exception in handler: Entity(168): Light not found
[14:09:17.646876] [E] [handleMessage] Exception in handler: Entity(170): Light not found
[14:09:17.647049] [I] FLR0026_CAMERA_APPLIED head=(5,0,-5) targetPresent=true target=(0,0,0) dolly=(5,0,5)
[14:09:17.747813] [I] FLR0026_MODEL_STAGE_COMPLETE asset=assets/models/sequoia_ngp.glb pending_models=0
[14:09:17.748109] [E] [handleMessage] Exception in handler: Entity(166): Light not found
[14:09:17.748161] [E] [handleMessage] Exception in handler: Entity(168): Light not found
[14:09:17.748195] [E] [handleMessage] Exception in handler: Entity(170): Light not found
[14:09:17.748442] [I] FLR0026_CAMERA_APPLIED head=(5,0,-5) targetPresent=true target=(0,0,0) dolly=(5,0,5)
[14:09:17.850475] [I] FLR0026_MODEL_STAGE_COMPLETE asset=assets/models/sequoia_ngp.glb pending_models=0
[14:09:17.850772] [E] [handleMessage] Exception in handler: Entity(166): Light not found
[14:09:17.850822] [E] [handleMessage] Exception in handler: Entity(168): Light not found
[14:09:17.850856] [E] [handleMessage] Exception in handler: Entity(170): Light not found
[14:09:17.851015] [I] FLR0026_CAMERA_APPLIED head=(5,0,-5) targetPresent=true target=(0,0,0) dolly=(5,0,5)
[14:09:17.951808] [I] FLR0026_MODEL_STAGE_COMPLETE asset=assets/models/sequoia_ngp.glb pending_models=0
[14:09:17.952108] [E] [handleMessage] Exception in handler: Entity(166): Light not found
[14:09:17.952160] [E] [handleMessage] Exception in handler: Entity(168): Light not found
[14:09:17.952194] [E] [handleMessage] Exception in handler: Entity(170): Light not found
[14:09:17.952399] [I] FLR0026_CAMERA_APPLIED head=(5,0,-5) targetPresent=true target=(0,0,0) dolly=(5,0,5)
[14:09:17.952803] [I] FLR0026_FRAME_BEGIN seq=290 started=false
[14:09:18.053181] [I] FLR0026_MODEL_STAGE_COMPLETE asset=assets/models/sequoia_ngp.glb pending_models=0
[14:09:18.053530] [E] [handleMessage] Exception in handler: Entity(166): Light not found
[14:09:18.053588] [E] [handleMessage] Exception in handler: Entity(168): Light not found
[14:09:18.053623] [E] [handleMessage] Exception in handler: Entity(170): Light not found
[14:09:18.053785] [I] FLR0026_CAMERA_APPLIED head=(5,0,-5) targetPresent=true target=(0,0,0) dolly=(5,0,5)
[14:09:18.154490] [I] FLR0026_MODEL_STAGE_COMPLETE asset=assets/models/sequoia_ngp.glb pending_models=0
[14:09:18.154787] [E] [handleMessage] Exception in handler: Entity(166): Light not found
[14:09:18.154839] [E] [handleMessage] Exception in handler: Entity(168): Light not found
[14:09:18.154874] [E] [handleMessage] Exception in handler: Entity(170): Light not found
[14:09:18.155034] [I] FLR0026_CAMERA_APPLIED head=(5,0,-5) targetPresent=true target=(0,0,0) dolly=(5,0,5)
[14:09:18.255853] [I] FLR0026_MODEL_STAGE_COMPLETE asset=assets/models/sequoia_ngp.glb pending_models=0
[14:09:18.256149] [E] [handleMessage] Exception in handler: Entity(166): Light not found
[14:09:18.256200] [E] [handleMessage] Exception in handler: Entity(168): Light not found
[14:09:18.256234] [E] [handleMessage] Exception in handler: Entity(170): Light not found
[14:09:18.256446] [I] FLR0026_CAMERA_APPLIED head=(5,0,-5) targetPresent=true target=(0,0,0) dolly=(5,0,5)
[14:09:18.357202] [I] FLR0026_MODEL_STAGE_COMPLETE asset=assets/models/sequoia_ngp.glb pending_models=0
[14:09:18.357544] [E] [handleMessage] Exception in handler: Entity(166): Light not found
[14:09:18.357602] [E] [handleMessage] Exception in handler: Entity(168): Light not found
[14:09:18.357637] [E] [handleMessage] Exception in handler: Entity(170): Light not found
[14:09:18.357800] [I] FLR0026_CAMERA_APPLIED head=(5,0,-5) targetPresent=true target=(0,0,0) dolly=(5,0,5)
[14:09:18.458681] [I] FLR0026_MODEL_STAGE_COMPLETE asset=assets/models/sequoia_ngp.glb pending_models=0
[14:09:18.458990] [E] [handleMessage] Exception in handler: Entity(166): Light not found
[14:09:18.459044] [E] [handleMessage] Exception in handler: Entity(168): Light not found
[14:09:18.459078] [E] [handleMessage] Exception in handler: Entity(170): Light not found
[14:09:18.459240] [I] FLR0026_CAMERA_APPLIED head=(5,0,-5) targetPresent=true target=(0,0,0) dolly=(5,0,5)
[14:09:18.561687] [I] FLR0026_MODEL_STAGE_COMPLETE asset=assets/models/sequoia_ngp.glb pending_models=0
[14:09:18.562137] [E] [handleMessage] Exception in handler: Entity(166): Light not found
[14:09:18.562185] [E] [handleMessage] Exception in handler: Entity(168): Light not found
[14:09:18.562215] [E] [handleMessage] Exception in handler: Entity(170): Light not found
[14:09:18.562511] [I] FLR0026_CAMERA_APPLIED head=(5,0,-5) targetPresent=true target=(0,0,0) dolly=(5,0,5)
[14:09:18.663211] [I] FLR0026_MODEL_STAGE_COMPLETE asset=assets/models/sequoia_ngp.glb pending_models=0
[14:09:18.663560] [E] [handleMessage] Exception in handler: Entity(166): Light not found
[14:09:18.663613] [E] [handleMessage] Exception in handler: Entity(168): Light not found
[14:09:18.663645] [E] [handleMessage] Exception in handler: Entity(170): Light not found
[14:09:18.663808] [I] FLR0026_CAMERA_APPLIED head=(5,0,-5) targetPresent=true target=(0,0,0) dolly=(5,0,5)
[14:09:18.765788] [I] FLR0026_MODEL_STAGE_COMPLETE asset=assets/models/sequoia_ngp.glb pending_models=0
[14:09:18.766260] [E] [handleMessage] Exception in handler: Entity(166): Light not found
[14:09:18.766449] [E] [handleMessage] Exception in handler: Entity(168): Light not found
[14:09:18.766542] [E] [handleMessage] Exception in handler: Entity(170): Light not found
[14:09:18.766841] [I] FLR0026_CAMERA_APPLIED head=(5,0,-5) targetPresent=true target=(0,0,0) dolly=(5,0,5)
[14:09:18.868027] [I] FLR0026_MODEL_STAGE_COMPLETE asset=assets/models/sequoia_ngp.glb pending_models=0
[14:09:18.868481] [E] [handleMessage] Exception in handler: Entity(166): Light not found
[14:09:18.868537] [E] [handleMessage] Exception in handler: Entity(168): Light not found
[14:09:18.868569] [E] [handleMessage] Exception in handler: Entity(170): Light not found
[14:09:18.868717] [I] FLR0026_CAMERA_APPLIED head=(5,0,-5) targetPresent=true target=(0,0,0) dolly=(5,0,5)
[14:09:18.969469] [I] FLR0026_MODEL_STAGE_PROGRESS seq=300 progress=1 assets=1
[14:09:18.969549] [I] FLR0026_MODEL_STAGE_COMPLETE asset=assets/models/sequoia_ngp.glb pending_models=0
[14:09:18.969761] [E] [handleMessage] Exception in handler: Entity(166): Light not found
[14:09:18.969804] [E] [handleMessage] Exception in handler: Entity(168): Light not found
[14:09:18.969834] [E] [handleMessage] Exception in handler: Entity(170): Light not found
[14:09:18.969980] [I] FLR0026_CAMERA_APPLIED head=(5,0,-5) targetPresent=true target=(0,0,0) dolly=(5,0,5)
[14:09:18.970383] [I] FLR0026_FRAME_BEGIN seq=300 started=false
[14:09:19.071286] [I] FLR0026_MODEL_STAGE_COMPLETE asset=assets/models/sequoia_ngp.glb pending_models=0
[14:09:19.071647] [E] [handleMessage] Exception in handler: Entity(166): Light not found
[14:09:19.071698] [E] [handleMessage] Exception in handler: Entity(168): Light not found
[14:09:19.071732] [E] [handleMessage] Exception in handler: Entity(170): Light not found
[14:09:19.071895] [I] FLR0026_CAMERA_APPLIED head=(5,0,-5) targetPresent=true target=(0,0,0) dolly=(5,0,5)
[14:09:19.172688] [I] FLR0026_MODEL_STAGE_COMPLETE asset=assets/models/sequoia_ngp.glb pending_models=0
[14:09:19.172982] [E] [handleMessage] Exception in handler: Entity(166): Light not found
[14:09:19.173034] [E] [handleMessage] Exception in handler: Entity(168): Light not found
[14:09:19.173068] [E] [handleMessage] Exception in handler: Entity(170): Light not found
[14:09:19.173229] [I] FLR0026_CAMERA_APPLIED head=(5,0,-5) targetPresent=true target=(0,0,0) dolly=(5,0,5)
[14:09:19.275496] [I] FLR0026_MODEL_STAGE_COMPLETE asset=assets/models/sequoia_ngp.glb pending_models=0
[14:09:19.275792] [E] [handleMessage] Exception in handler: Entity(166): Light not found
[14:09:19.275843] [E] [handleMessage] Exception in handler: Entity(168): Light not found
[14:09:19.275877] [E] [handleMessage] Exception in handler: Entity(170): Light not found
[14:09:19.276080] [I] FLR0026_CAMERA_APPLIED head=(5,0,-5) targetPresent=true target=(0,0,0) dolly=(5,0,5)
[14:09:19.376920] [I] FLR0026_MODEL_STAGE_COMPLETE asset=assets/models/sequoia_ngp.glb pending_models=0
[14:09:19.377433] [E] [handleMessage] Exception in handler: Entity(166): Light not found
[14:09:19.377500] [E] [handleMessage] Exception in handler: Entity(168): Light not found
[14:09:19.377536] [E] [handleMessage] Exception in handler: Entity(170): Light not found
[14:09:19.377774] [I] FLR0026_CAMERA_APPLIED head=(5,0,-5) targetPresent=true target=(0,0,0) dolly=(5,0,5)
[14:09:19.478689] [I] FLR0026_MODEL_STAGE_COMPLETE asset=assets/models/sequoia_ngp.glb pending_models=0
[14:09:19.478978] [E] [handleMessage] Exception in handler: Entity(166): Light not found
[14:09:19.479028] [E] [handleMessage] Exception in handler: Entity(168): Light not found
[14:09:19.479062] [E] [handleMessage] Exception in handler: Entity(170): Light not found
[14:09:19.479220] [I] FLR0026_CAMERA_APPLIED head=(5,0,-5) targetPresent=true target=(0,0,0) dolly=(5,0,5)
[14:09:19.580008] [I] FLR0026_MODEL_STAGE_COMPLETE asset=assets/models/sequoia_ngp.glb pending_models=0
[14:09:19.580299] [E] [handleMessage] Exception in handler: Entity(166): Light not found
[14:09:19.580427] [E] [handleMessage] Exception in handler: Entity(168): Light not found
[14:09:19.580470] [E] [handleMessage] Exception in handler: Entity(170): Light not found
[14:09:19.580633] [I] FLR0026_CAMERA_APPLIED head=(5,0,-5) targetPresent=true target=(0,0,0) dolly=(5,0,5)
[14:09:19.683471] [I] FLR0026_MODEL_STAGE_COMPLETE asset=assets/models/sequoia_ngp.glb pending_models=0
[14:09:19.683759] [E] [handleMessage] Exception in handler: Entity(166): Light not found
[14:09:19.683809] [E] [handleMessage] Exception in handler: Entity(168): Light not found
[14:09:19.683843] [E] [handleMessage] Exception in handler: Entity(170): Light not found
[14:09:19.684003] [I] FLR0026_CAMERA_APPLIED head=(5,0,-5) targetPresent=true target=(0,0,0) dolly=(5,0,5)
[14:09:19.784873] [I] FLR0026_MODEL_STAGE_COMPLETE asset=assets/models/sequoia_ngp.glb pending_models=0
[14:09:19.785403] [E] [handleMessage] Exception in handler: Entity(166): Light not found
[14:09:19.785470] [E] [handleMessage] Exception in handler: Entity(168): Light not found
[14:09:19.785508] [E] [handleMessage] Exception in handler: Entity(170): Light not found
[14:09:19.785742] [I] FLR0026_CAMERA_APPLIED head=(5,0,-5) targetPresent=true target=(0,0,0) dolly=(5,0,5)
[14:09:19.886687] [I] FLR0026_MODEL_STAGE_COMPLETE asset=assets/models/sequoia_ngp.glb pending_models=0
[14:09:19.886973] [E] [handleMessage] Exception in handler: Entity(166): Light not found
[14:09:19.887025] [E] [handleMessage] Exception in handler: Entity(168): Light not found
[14:09:19.887058] [E] [handleMessage] Exception in handler: Entity(170): Light not found
[14:09:19.887216] [I] FLR0026_CAMERA_APPLIED head=(5,0,-5) targetPresent=true target=(0,0,0) dolly=(5,0,5)
[14:09:19.989555] [I] FLR0026_MODEL_STAGE_COMPLETE asset=assets/models/sequoia_ngp.glb pending_models=0
[14:09:19.990002] [E] [handleMessage] Exception in handler: Entity(166): Light not found
[14:09:19.990059] [E] [handleMessage] Exception in handler: Entity(168): Light not found
[14:09:19.990094] [E] [handleMessage] Exception in handler: Entity(170): Light not found
[14:09:19.990393] [I] FLR0026_CAMERA_APPLIED head=(5,0,-5) targetPresent=true target=(0,0,0) dolly=(5,0,5)
[14:09:19.990908] [I] FLR0026_FRAME_BEGIN seq=310 started=false
[14:09:20.093957] [I] FLR0026_MODEL_STAGE_COMPLETE asset=assets/models/sequoia_ngp.glb pending_models=0
[14:09:20.094268] [E] [handleMessage] Exception in handler: Entity(166): Light not found
[14:09:20.094387] [E] [handleMessage] Exception in handler: Entity(168): Light not found
[14:09:20.094436] [E] [handleMessage] Exception in handler: Entity(170): Light not found
[14:09:20.094599] [I] FLR0026_CAMERA_APPLIED head=(5,0,-5) targetPresent=true target=(0,0,0) dolly=(5,0,5)
[14:09:20.196543] [I] FLR0026_MODEL_STAGE_COMPLETE asset=assets/models/sequoia_ngp.glb pending_models=0
[14:09:20.196985] [E] [handleMessage] Exception in handler: Entity(166): Light not found
[14:09:20.197044] [E] [handleMessage] Exception in handler: Entity(168): Light not found
[14:09:20.197078] [E] [handleMessage] Exception in handler: Entity(170): Light not found
[14:09:20.197312] [I] FLR0026_CAMERA_APPLIED head=(5,0,-5) targetPresent=true target=(0,0,0) dolly=(5,0,5)
[14:09:20.298370] [I] FLR0026_MODEL_STAGE_COMPLETE asset=assets/models/sequoia_ngp.glb pending_models=0
[14:09:20.298661] [E] [handleMessage] Exception in handler: Entity(166): Light not found
[14:09:20.298713] [E] [handleMessage] Exception in handler: Entity(168): Light not found
[14:09:20.298747] [E] [handleMessage] Exception in handler: Entity(170): Light not found
[14:09:20.298908] [I] FLR0026_CAMERA_APPLIED head=(5,0,-5) targetPresent=true target=(0,0,0) dolly=(5,0,5)
[14:09:20.402535] [I] FLR0026_MODEL_STAGE_COMPLETE asset=assets/models/sequoia_ngp.glb pending_models=0
[14:09:20.402985] [E] [handleMessage] Exception in handler: Entity(166): Light not found
[14:09:20.403042] [E] [handleMessage] Exception in handler: Entity(168): Light not found
[14:09:20.403078] [E] [handleMessage] Exception in handler: Entity(170): Light not found
[14:09:20.403310] [I] FLR0026_CAMERA_APPLIED head=(5,0,-5) targetPresent=true target=(0,0,0) dolly=(5,0,5)
[14:09:20.504285] [I] FLR0026_MODEL_STAGE_COMPLETE asset=assets/models/sequoia_ngp.glb pending_models=0
[14:09:20.504656] [E] [handleMessage] Exception in handler: Entity(166): Light not found
[14:09:20.504709] [E] [handleMessage] Exception in handler: Entity(168): Light not found
[14:09:20.504743] [E] [handleMessage] Exception in handler: Entity(170): Light not found
[14:09:20.504903] [I] FLR0026_CAMERA_APPLIED head=(5,0,-5) targetPresent=true target=(0,0,0) dolly=(5,0,5)
[14:09:20.605784] [I] FLR0026_MODEL_STAGE_COMPLETE asset=assets/models/sequoia_ngp.glb pending_models=0
[14:09:20.606249] [E] [handleMessage] Exception in handler: Entity(166): Light not found
[14:09:20.606306] [E] [handleMessage] Exception in handler: Entity(168): Light not found
[14:09:20.606431] [E] [handleMessage] Exception in handler: Entity(170): Light not found
[14:09:20.606668] [I] FLR0026_CAMERA_APPLIED head=(5,0,-5) targetPresent=true target=(0,0,0) dolly=(5,0,5)
[14:09:20.707491] [I] FLR0026_MODEL_STAGE_COMPLETE asset=assets/models/sequoia_ngp.glb pending_models=0
[14:09:20.707781] [E] [handleMessage] Exception in handler: Entity(166): Light not found
[14:09:20.707831] [E] [handleMessage] Exception in handler: Entity(168): Light not found
[14:09:20.707864] [E] [handleMessage] Exception in handler: Entity(170): Light not found
[14:09:20.708022] [I] FLR0026_CAMERA_APPLIED head=(5,0,-5) targetPresent=true target=(0,0,0) dolly=(5,0,5)
[14:09:20.808903] [I] FLR0026_MODEL_STAGE_COMPLETE asset=assets/models/sequoia_ngp.glb pending_models=0
[14:09:20.809430] [E] [handleMessage] Exception in handler: Entity(166): Light not found
[14:09:20.809498] [E] [handleMessage] Exception in handler: Entity(168): Light not found
[14:09:20.809534] [E] [handleMessage] Exception in handler: Entity(170): Light not found
[14:09:20.809772] [I] FLR0026_CAMERA_APPLIED head=(5,0,-5) targetPresent=true target=(0,0,0) dolly=(5,0,5)
[14:09:20.913487] [I] FLR0026_MODEL_STAGE_COMPLETE asset=assets/models/sequoia_ngp.glb pending_models=0
[14:09:20.913779] [E] [handleMessage] Exception in handler: Entity(166): Light not found
[14:09:20.913829] [E] [handleMessage] Exception in handler: Entity(168): Light not found
[14:09:20.913936] [E] [handleMessage] Exception in handler: Entity(170): Light not found
[14:09:20.914101] [I] FLR0026_CAMERA_APPLIED head=(5,0,-5) targetPresent=true target=(0,0,0) dolly=(5,0,5)
[14:09:21.017567] [I] FLR0026_MODEL_STAGE_COMPLETE asset=assets/models/sequoia_ngp.glb pending_models=0
[14:09:21.018067] [E] [handleMessage] Exception in handler: Entity(166): Light not found
[14:09:21.018126] [E] [handleMessage] Exception in handler: Entity(168): Light not found
[14:09:21.018161] [E] [handleMessage] Exception in handler: Entity(170): Light not found
[14:09:21.018461] [I] FLR0026_CAMERA_APPLIED head=(5,0,-5) targetPresent=true target=(0,0,0) dolly=(5,0,5)
[14:09:21.019007] [I] FLR0026_FRAME_BEGIN seq=320 started=false
[14:09:21.119455] [I] FLR0026_MODEL_STAGE_COMPLETE asset=assets/models/sequoia_ngp.glb pending_models=0
[14:09:21.119754] [E] [handleMessage] Exception in handler: Entity(166): Light not found
[14:09:21.119805] [E] [handleMessage] Exception in handler: Entity(168): Light not found
[14:09:21.119839] [E] [handleMessage] Exception in handler: Entity(170): Light not found
[14:09:21.120004] [I] FLR0026_CAMERA_APPLIED head=(5,0,-5) targetPresent=true target=(0,0,0) dolly=(5,0,5)
[14:09:21.220933] [I] FLR0026_MODEL_STAGE_COMPLETE asset=assets/models/sequoia_ngp.glb pending_models=0
[14:09:21.221468] [E] [handleMessage] Exception in handler: Entity(166): Light not found
[14:09:21.221540] [E] [handleMessage] Exception in handler: Entity(168): Light not found
[14:09:21.221577] [E] [handleMessage] Exception in handler: Entity(170): Light not found
[14:09:21.221800] [I] FLR0026_CAMERA_APPLIED head=(5,0,-5) targetPresent=true target=(0,0,0) dolly=(5,0,5)
[14:09:21.322675] [I] FLR0026_MODEL_STAGE_COMPLETE asset=assets/models/sequoia_ngp.glb pending_models=0
[14:09:21.322967] [E] [handleMessage] Exception in handler: Entity(166): Light not found
[14:09:21.323017] [E] [handleMessage] Exception in handler: Entity(168): Light not found
[14:09:21.323051] [E] [handleMessage] Exception in handler: Entity(170): Light not found
[14:09:21.323207] [I] FLR0026_CAMERA_APPLIED head=(5,0,-5) targetPresent=true target=(0,0,0) dolly=(5,0,5)
[14:09:21.424069] [I] FLR0026_MODEL_STAGE_COMPLETE asset=assets/models/sequoia_ngp.glb pending_models=0
[14:09:21.424650] [E] [handleMessage] Exception in handler: Entity(166): Light not found
[14:09:21.424715] [E] [handleMessage] Exception in handler: Entity(168): Light not found
[14:09:21.424750] [E] [handleMessage] Exception in handler: Entity(170): Light not found
[14:09:21.424973] [I] FLR0026_CAMERA_APPLIED head=(5,0,-5) targetPresent=true target=(0,0,0) dolly=(5,0,5)
[14:09:21.525920] [I] FLR0026_MODEL_STAGE_COMPLETE asset=assets/models/sequoia_ngp.glb pending_models=0
[14:09:21.526219] [E] [handleMessage] Exception in handler: Entity(166): Light not found
[14:09:21.526273] [E] [handleMessage] Exception in handler: Entity(168): Light not found
[14:09:21.526306] [E] [handleMessage] Exception in handler: Entity(170): Light not found
[14:09:21.526520] [I] FLR0026_CAMERA_APPLIED head=(5,0,-5) targetPresent=true target=(0,0,0) dolly=(5,0,5)
[14:09:21.627252] [I] FLR0026_MODEL_STAGE_COMPLETE asset=assets/models/sequoia_ngp.glb pending_models=0
[14:09:21.627627] [E] [handleMessage] Exception in handler: Entity(166): Light not found
[14:09:21.627680] [E] [handleMessage] Exception in handler: Entity(168): Light not found
[14:09:21.627715] [E] [handleMessage] Exception in handler: Entity(170): Light not found
[14:09:21.627876] [I] FLR0026_CAMERA_APPLIED head=(5,0,-5) targetPresent=true target=(0,0,0) dolly=(5,0,5)
[14:09:21.728630] [I] FLR0026_MODEL_STAGE_COMPLETE asset=assets/models/sequoia_ngp.glb pending_models=0
[14:09:21.728923] [E] [handleMessage] Exception in handler: Entity(166): Light not found
[14:09:21.728974] [E] [handleMessage] Exception in handler: Entity(168): Light not found
[14:09:21.729007] [E] [handleMessage] Exception in handler: Entity(170): Light not found
[14:09:21.729226] [I] FLR0026_CAMERA_APPLIED head=(5,0,-5) targetPresent=true target=(0,0,0) dolly=(5,0,5)
[14:09:21.830035] [I] FLR0026_MODEL_STAGE_COMPLETE asset=assets/models/sequoia_ngp.glb pending_models=0
[14:09:21.830384] [E] [handleMessage] Exception in handler: Entity(166): Light not found
[14:09:21.830443] [E] [handleMessage] Exception in handler: Entity(168): Light not found
[14:09:21.830477] [E] [handleMessage] Exception in handler: Entity(170): Light not found
[14:09:21.833475] [I] FLR0026_CAMERA_APPLIED head=(5,0,-5) targetPresent=true target=(0,0,0) dolly=(5,0,5)
[14:09:21.934504] [I] FLR0026_MODEL_STAGE_COMPLETE asset=assets/models/sequoia_ngp.glb pending_models=0
[14:09:21.934804] [E] [handleMessage] Exception in handler: Entity(166): Light not found
[14:09:21.934854] [E] [handleMessage] Exception in handler: Entity(168): Light not found
[14:09:21.934887] [E] [handleMessage] Exception in handler: Entity(170): Light not found
[14:09:21.935048] [I] FLR0026_CAMERA_APPLIED head=(5,0,-5) targetPresent=true target=(0,0,0) dolly=(5,0,5)
[14:09:22.037513] [I] FLR0026_MODEL_STAGE_COMPLETE asset=assets/models/sequoia_ngp.glb pending_models=0
[14:09:22.037823] [E] [handleMessage] Exception in handler: Entity(166): Light not found
[14:09:22.037875] [E] [handleMessage] Exception in handler: Entity(168): Light not found
[14:09:22.037909] [E] [handleMessage] Exception in handler: Entity(170): Light not found
[14:09:22.038070] [I] FLR0026_CAMERA_APPLIED head=(5,0,-5) targetPresent=true target=(0,0,0) dolly=(5,0,5)
[14:09:22.038554] [I] FLR0026_FRAME_BEGIN seq=330 started=false
[14:09:22.138937] [I] FLR0026_MODEL_STAGE_COMPLETE asset=assets/models/sequoia_ngp.glb pending_models=0
[14:09:22.139234] [E] [handleMessage] Exception in handler: Entity(166): Light not found
[14:09:22.139284] [E] [handleMessage] Exception in handler: Entity(168): Light not found
[14:09:22.139377] [E] [handleMessage] Exception in handler: Entity(170): Light not found
[14:09:22.139551] [I] FLR0026_CAMERA_APPLIED head=(5,0,-5) targetPresent=true target=(0,0,0) dolly=(5,0,5)
[14:09:22.242489] [I] FLR0026_MODEL_STAGE_COMPLETE asset=assets/models/sequoia_ngp.glb pending_models=0
[14:09:22.242790] [E] [handleMessage] Exception in handler: Entity(166): Light not found
[14:09:22.242840] [E] [handleMessage] Exception in handler: Entity(168): Light not found
[14:09:22.242873] [E] [handleMessage] Exception in handler: Entity(170): Light not found
[14:09:22.243033] [I] FLR0026_CAMERA_APPLIED head=(5,0,-5) targetPresent=true target=(0,0,0) dolly=(5,0,5)
[14:09:22.346381] [I] FLR0026_MODEL_STAGE_COMPLETE asset=assets/models/sequoia_ngp.glb pending_models=0
[14:09:22.346700] [E] [handleMessage] Exception in handler: Entity(166): Light not found
[14:09:22.346748] [E] [handleMessage] Exception in handler: Entity(168): Light not found
[14:09:22.346782] [E] [handleMessage] Exception in handler: Entity(170): Light not found
[14:09:22.346943] [I] FLR0026_CAMERA_APPLIED head=(5,0,-5) targetPresent=true target=(0,0,0) dolly=(5,0,5)
[14:09:22.447821] [I] FLR0026_MODEL_STAGE_COMPLETE asset=assets/models/sequoia_ngp.glb pending_models=0
[14:09:22.448187] [E] [handleMessage] Exception in handler: Entity(166): Light not found
[14:09:22.448248] [E] [handleMessage] Exception in handler: Entity(168): Light not found
[14:09:22.448286] [E] [handleMessage] Exception in handler: Entity(170): Light not found
[14:09:22.448574] [I] FLR0026_CAMERA_APPLIED head=(5,0,-5) targetPresent=true target=(0,0,0) dolly=(5,0,5)
[14:09:22.549447] [I] FLR0026_MODEL_STAGE_COMPLETE asset=assets/models/sequoia_ngp.glb pending_models=0
[14:09:22.549738] [E] [handleMessage] Exception in handler: Entity(166): Light not found
[14:09:22.549787] [E] [handleMessage] Exception in handler: Entity(168): Light not found
[14:09:22.549819] [E] [handleMessage] Exception in handler: Entity(170): Light not found
[14:09:22.549974] [I] FLR0026_CAMERA_APPLIED head=(5,0,-5) targetPresent=true target=(0,0,0) dolly=(5,0,5)
[14:09:22.650773] [I] FLR0026_MODEL_STAGE_COMPLETE asset=assets/models/sequoia_ngp.glb pending_models=0
[14:09:22.651062] [E] [handleMessage] Exception in handler: Entity(166): Light not found
[14:09:22.651111] [E] [handleMessage] Exception in handler: Entity(168): Light not found
[14:09:22.651143] [E] [handleMessage] Exception in handler: Entity(170): Light not found
[14:09:22.651297] [I] FLR0026_CAMERA_APPLIED head=(5,0,-5) targetPresent=true target=(0,0,0) dolly=(5,0,5)
[14:09:22.752068] [I] FLR0026_MODEL_STAGE_COMPLETE asset=assets/models/sequoia_ngp.glb pending_models=0
[14:09:22.752407] [E] [handleMessage] Exception in handler: Entity(166): Light not found
[14:09:22.752463] [E] [handleMessage] Exception in handler: Entity(168): Light not found
[14:09:22.752497] [E] [handleMessage] Exception in handler: Entity(170): Light not found
[14:09:22.752653] [I] FLR0026_CAMERA_APPLIED head=(5,0,-5) targetPresent=true target=(0,0,0) dolly=(5,0,5)
[14:09:22.853410] [I] FLR0026_MODEL_STAGE_COMPLETE asset=assets/models/sequoia_ngp.glb pending_models=0
[14:09:22.853701] [E] [handleMessage] Exception in handler: Entity(166): Light not found
[14:09:22.853750] [E] [handleMessage] Exception in handler: Entity(168): Light not found
[14:09:22.853782] [E] [handleMessage] Exception in handler: Entity(170): Light not found
[14:09:22.853939] [I] FLR0026_CAMERA_APPLIED head=(5,0,-5) targetPresent=true target=(0,0,0) dolly=(5,0,5)
[14:09:22.954691] [I] FLR0026_MODEL_STAGE_COMPLETE asset=assets/models/sequoia_ngp.glb pending_models=0
[14:09:22.954986] [E] [handleMessage] Exception in handler: Entity(166): Light not found
[14:09:22.955034] [E] [handleMessage] Exception in handler: Entity(168): Light not found
[14:09:22.955067] [E] [handleMessage] Exception in handler: Entity(170): Light not found
[14:09:22.955222] [I] FLR0026_CAMERA_APPLIED head=(5,0,-5) targetPresent=true target=(0,0,0) dolly=(5,0,5)
[14:09:23.056001] [I] FLR0026_MODEL_STAGE_COMPLETE asset=assets/models/sequoia_ngp.glb pending_models=0
[14:09:23.056301] [E] [handleMessage] Exception in handler: Entity(166): Light not found
[14:09:23.056415] [E] [handleMessage] Exception in handler: Entity(168): Light not found
[14:09:23.056457] [E] [handleMessage] Exception in handler: Entity(170): Light not found
[14:09:23.056616] [I] FLR0026_CAMERA_APPLIED head=(5,0,-5) targetPresent=true target=(0,0,0) dolly=(5,0,5)
[14:09:23.056996] [I] FLR0026_FRAME_BEGIN seq=340 started=false
[14:09:23.158488] [I] FLR0026_MODEL_STAGE_COMPLETE asset=assets/models/sequoia_ngp.glb pending_models=0
[14:09:23.158782] [E] [handleMessage] Exception in handler: Entity(166): Light not found
[14:09:23.158833] [E] [handleMessage] Exception in handler: Entity(168): Light not found
[14:09:23.158866] [E] [handleMessage] Exception in handler: Entity(170): Light not found
[14:09:23.159036] [I] FLR0026_CAMERA_APPLIED head=(5,0,-5) targetPresent=true target=(0,0,0) dolly=(5,0,5)
[14:09:23.262473] [I] FLR0026_MODEL_STAGE_COMPLETE asset=assets/models/sequoia_ngp.glb pending_models=0
[14:09:23.262764] [E] [handleMessage] Exception in handler: Entity(166): Light not found
[14:09:23.262814] [E] [handleMessage] Exception in handler: Entity(168): Light not found
[14:09:23.262847] [E] [handleMessage] Exception in handler: Entity(170): Light not found
[14:09:23.263010] [I] FLR0026_CAMERA_APPLIED head=(5,0,-5) targetPresent=true target=(0,0,0) dolly=(5,0,5)
[14:09:23.363807] [I] FLR0026_MODEL_STAGE_COMPLETE asset=assets/models/sequoia_ngp.glb pending_models=0
[14:09:23.364099] [E] [handleMessage] Exception in handler: Entity(166): Light not found
[14:09:23.364148] [E] [handleMessage] Exception in handler: Entity(168): Light not found
[14:09:23.364181] [E] [handleMessage] Exception in handler: Entity(170): Light not found
[14:09:23.364395] [I] FLR0026_CAMERA_APPLIED head=(5,0,-5) targetPresent=true target=(0,0,0) dolly=(5,0,5)
[14:09:23.465156] [I] FLR0026_MODEL_STAGE_COMPLETE asset=assets/models/sequoia_ngp.glb pending_models=0
[14:09:23.465513] [E] [handleMessage] Exception in handler: Entity(166): Light not found
[14:09:23.465569] [E] [handleMessage] Exception in handler: Entity(168): Light not found
[14:09:23.465603] [E] [handleMessage] Exception in handler: Entity(170): Light not found
[14:09:23.465763] [I] FLR0026_CAMERA_APPLIED head=(5,0,-5) targetPresent=true target=(0,0,0) dolly=(5,0,5)
[14:09:23.566477] [I] FLR0026_MODEL_STAGE_COMPLETE asset=assets/models/sequoia_ngp.glb pending_models=0
[14:09:23.566770] [E] [handleMessage] Exception in handler: Entity(166): Light not found
[14:09:23.566826] [E] [handleMessage] Exception in handler: Entity(168): Light not found
[14:09:23.566859] [E] [handleMessage] Exception in handler: Entity(170): Light not found
[14:09:23.567018] [I] FLR0026_CAMERA_APPLIED head=(5,0,-5) targetPresent=true target=(0,0,0) dolly=(5,0,5)
[14:09:23.667810] [I] FLR0026_MODEL_STAGE_COMPLETE asset=assets/models/sequoia_ngp.glb pending_models=0
[14:09:23.668098] [E] [handleMessage] Exception in handler: Entity(166): Light not found
[14:09:23.668147] [E] [handleMessage] Exception in handler: Entity(168): Light not found
[14:09:23.668179] [E] [handleMessage] Exception in handler: Entity(170): Light not found
[14:09:23.668395] [I] FLR0026_CAMERA_APPLIED head=(5,0,-5) targetPresent=true target=(0,0,0) dolly=(5,0,5)
[14:09:23.770470] [I] FLR0026_MODEL_STAGE_COMPLETE asset=assets/models/sequoia_ngp.glb pending_models=0
[14:09:23.770763] [E] [handleMessage] Exception in handler: Entity(166): Light not found
[14:09:23.770811] [E] [handleMessage] Exception in handler: Entity(168): Light not found
[14:09:23.770844] [E] [handleMessage] Exception in handler: Entity(170): Light not found
[14:09:23.771000] [I] FLR0026_CAMERA_APPLIED head=(5,0,-5) targetPresent=true target=(0,0,0) dolly=(5,0,5)
[14:09:23.871789] [I] FLR0026_MODEL_STAGE_COMPLETE asset=assets/models/sequoia_ngp.glb pending_models=0
[14:09:23.872083] [E] [handleMessage] Exception in handler: Entity(166): Light not found
[14:09:23.872132] [E] [handleMessage] Exception in handler: Entity(168): Light not found
[14:09:23.872165] [E] [handleMessage] Exception in handler: Entity(170): Light not found
[14:09:23.872385] [I] FLR0026_CAMERA_APPLIED head=(5,0,-5) targetPresent=true target=(0,0,0) dolly=(5,0,5)
[14:09:23.975476] [I] FLR0026_MODEL_STAGE_COMPLETE asset=assets/models/sequoia_ngp.glb pending_models=0
[14:09:23.975777] [E] [handleMessage] Exception in handler: Entity(166): Light not found
[14:09:23.975827] [E] [handleMessage] Exception in handler: Entity(168): Light not found
[14:09:23.975860] [E] [handleMessage] Exception in handler: Entity(170): Light not found
[14:09:23.976020] [I] FLR0026_CAMERA_APPLIED head=(5,0,-5) targetPresent=true target=(0,0,0) dolly=(5,0,5)
[14:09:24.079461] [I] FLR0026_MODEL_STAGE_COMPLETE asset=assets/models/sequoia_ngp.glb pending_models=0
[14:09:24.079772] [E] [handleMessage] Exception in handler: Entity(166): Light not found
[14:09:24.079822] [E] [handleMessage] Exception in handler: Entity(168): Light not found
[14:09:24.079855] [E] [handleMessage] Exception in handler: Entity(170): Light not found
[14:09:24.080015] [I] FLR0026_CAMERA_APPLIED head=(5,0,-5) targetPresent=true target=(0,0,0) dolly=(5,0,5)
[14:09:24.080464] [I] FLR0026_FRAME_BEGIN seq=350 started=false
[14:09:24.183536] [I] FLR0026_MODEL_STAGE_COMPLETE asset=assets/models/sequoia_ngp.glb pending_models=0
[14:09:24.183979] [E] [handleMessage] Exception in handler: Entity(166): Light not found
[14:09:24.184035] [E] [handleMessage] Exception in handler: Entity(168): Light not found
[14:09:24.184068] [E] [handleMessage] Exception in handler: Entity(170): Light not found
[14:09:24.184295] [I] FLR0026_CAMERA_APPLIED head=(5,0,-5) targetPresent=true target=(0,0,0) dolly=(5,0,5)
[14:09:24.286464] [I] FLR0026_MODEL_STAGE_COMPLETE asset=assets/models/sequoia_ngp.glb pending_models=0
[14:09:24.286799] [E] [handleMessage] Exception in handler: Entity(166): Light not found
[14:09:24.286855] [E] [handleMessage] Exception in handler: Entity(168): Light not found
[14:09:24.286888] [E] [handleMessage] Exception in handler: Entity(170): Light not found
[14:09:24.287045] [I] FLR0026_CAMERA_APPLIED head=(5,0,-5) targetPresent=true target=(0,0,0) dolly=(5,0,5)
[14:09:24.392559] [I] FLR0026_MODEL_STAGE_COMPLETE asset=assets/models/sequoia_ngp.glb pending_models=0
[14:09:24.393014] [E] [handleMessage] Exception in handler: Entity(166): Light not found
[14:09:24.393069] [E] [handleMessage] Exception in handler: Entity(168): Light not found
[14:09:24.393100] [E] [handleMessage] Exception in handler: Entity(170): Light not found
[14:09:24.393391] [I] FLR0026_CAMERA_APPLIED head=(5,0,-5) targetPresent=true target=(0,0,0) dolly=(5,0,5)
[14:09:24.494267] [I] FLR0026_MODEL_STAGE_COMPLETE asset=assets/models/sequoia_ngp.glb pending_models=0
[14:09:24.494618] [E] [handleMessage] Exception in handler: Entity(166): Light not found
[14:09:24.494671] [E] [handleMessage] Exception in handler: Entity(168): Light not found
[14:09:24.494703] [E] [handleMessage] Exception in handler: Entity(170): Light not found
[14:09:24.494861] [I] FLR0026_CAMERA_APPLIED head=(5,0,-5) targetPresent=true target=(0,0,0) dolly=(5,0,5)
[14:09:24.598544] [I] FLR0026_MODEL_STAGE_COMPLETE asset=assets/models/sequoia_ngp.glb pending_models=0
[14:09:24.598997] [E] [handleMessage] Exception in handler: Entity(166): Light not found
[14:09:24.599052] [E] [handleMessage] Exception in handler: Entity(168): Light not found
[14:09:24.599084] [E] [handleMessage] Exception in handler: Entity(170): Light not found
[14:09:24.599307] [I] FLR0026_CAMERA_APPLIED head=(5,0,-5) targetPresent=true target=(0,0,0) dolly=(5,0,5)
[14:09:24.700206] [I] FLR0026_MODEL_STAGE_COMPLETE asset=assets/models/sequoia_ngp.glb pending_models=0
[14:09:24.700540] [E] [handleMessage] Exception in handler: Entity(166): Light not found
[14:09:24.700594] [E] [handleMessage] Exception in handler: Entity(168): Light not found
[14:09:24.700626] [E] [handleMessage] Exception in handler: Entity(170): Light not found
[14:09:24.700780] [I] FLR0026_CAMERA_APPLIED head=(5,0,-5) targetPresent=true target=(0,0,0) dolly=(5,0,5)
[14:09:24.803548] [I] FLR0026_MODEL_STAGE_COMPLETE asset=assets/models/sequoia_ngp.glb pending_models=0
[14:09:24.803990] [E] [handleMessage] Exception in handler: Entity(166): Light not found
[14:09:24.804043] [E] [handleMessage] Exception in handler: Entity(168): Light not found
[14:09:24.804075] [E] [handleMessage] Exception in handler: Entity(170): Light not found
[14:09:24.804309] [I] FLR0026_CAMERA_APPLIED head=(5,0,-5) targetPresent=true target=(0,0,0) dolly=(5,0,5)
[14:09:24.907475] [I] FLR0026_MODEL_STAGE_COMPLETE asset=assets/models/sequoia_ngp.glb pending_models=0
[14:09:24.907766] [E] [handleMessage] Exception in handler: Entity(166): Light not found
[14:09:24.907817] [E] [handleMessage] Exception in handler: Entity(168): Light not found
[14:09:24.907850] [E] [handleMessage] Exception in handler: Entity(170): Light not found
[14:09:24.908008] [I] FLR0026_CAMERA_APPLIED head=(5,0,-5) targetPresent=true target=(0,0,0) dolly=(5,0,5)
[14:09:25.008914] [I] FLR0026_MODEL_STAGE_COMPLETE asset=assets/models/sequoia_ngp.glb pending_models=0
[14:09:25.009452] [E] [handleMessage] Exception in handler: Entity(166): Light not found
[14:09:25.009517] [E] [handleMessage] Exception in handler: Entity(168): Light not found
[14:09:25.009552] [E] [handleMessage] Exception in handler: Entity(170): Light not found
[14:09:25.009779] [I] FLR0026_CAMERA_APPLIED head=(5,0,-5) targetPresent=true target=(0,0,0) dolly=(5,0,5)
[14:09:25.113469] [I] FLR0026_MODEL_STAGE_PROGRESS seq=360 progress=1 assets=1
[14:09:25.113549] [I] FLR0026_MODEL_STAGE_COMPLETE asset=assets/models/sequoia_ngp.glb pending_models=0
[14:09:25.113767] [E] [handleMessage] Exception in handler: Entity(166): Light not found
[14:09:25.113812] [E] [handleMessage] Exception in handler: Entity(168): Light not found
[14:09:25.113899] [E] [handleMessage] Exception in handler: Entity(170): Light not found
[14:09:25.114055] [I] FLR0026_CAMERA_APPLIED head=(5,0,-5) targetPresent=true target=(0,0,0) dolly=(5,0,5)
[14:09:25.114498] [I] FLR0026_FRAME_BEGIN seq=360 started=false
[14:09:25.217538] [I] FLR0026_MODEL_STAGE_COMPLETE asset=assets/models/sequoia_ngp.glb pending_models=0
[14:09:25.217980] [E] [handleMessage] Exception in handler: Entity(166): Light not found
[14:09:25.218034] [E] [handleMessage] Exception in handler: Entity(168): Light not found
[14:09:25.218066] [E] [handleMessage] Exception in handler: Entity(170): Light not found
[14:09:25.218289] [I] FLR0026_CAMERA_APPLIED head=(5,0,-5) targetPresent=true target=(0,0,0) dolly=(5,0,5)
[14:09:25.319155] [I] FLR0026_MODEL_STAGE_COMPLETE asset=assets/models/sequoia_ngp.glb pending_models=0
[14:09:25.319500] [E] [handleMessage] Exception in handler: Entity(166): Light not found
[14:09:25.319554] [E] [handleMessage] Exception in handler: Entity(168): Light not found
[14:09:25.319588] [E] [handleMessage] Exception in handler: Entity(170): Light not found
[14:09:25.319744] [I] FLR0026_CAMERA_APPLIED head=(5,0,-5) targetPresent=true target=(0,0,0) dolly=(5,0,5)
[14:09:25.420576] [I] FLR0026_MODEL_STAGE_COMPLETE asset=assets/models/sequoia_ngp.glb pending_models=0
[14:09:25.421038] [E] [handleMessage] Exception in handler: Entity(166): Light not found
[14:09:25.421094] [E] [handleMessage] Exception in handler: Entity(168): Light not found
[14:09:25.421127] [E] [handleMessage] Exception in handler: Entity(170): Light not found
[14:09:25.421429] [I] FLR0026_CAMERA_APPLIED head=(5,0,-5) targetPresent=true target=(0,0,0) dolly=(5,0,5)
[14:09:25.522200] [I] FLR0026_MODEL_STAGE_COMPLETE asset=assets/models/sequoia_ngp.glb pending_models=0
[14:09:25.522542] [E] [handleMessage] Exception in handler: Entity(166): Light not found
[14:09:25.522597] [E] [handleMessage] Exception in handler: Entity(168): Light not found
[14:09:25.522631] [E] [handleMessage] Exception in handler: Entity(170): Light not found
[14:09:25.522788] [I] FLR0026_CAMERA_APPLIED head=(5,0,-5) targetPresent=true target=(0,0,0) dolly=(5,0,5)
[14:09:25.623581] [I] FLR0026_MODEL_STAGE_COMPLETE asset=assets/models/sequoia_ngp.glb pending_models=0
[14:09:25.624033] [E] [handleMessage] Exception in handler: Entity(166): Light not found
[14:09:25.624088] [E] [handleMessage] Exception in handler: Entity(168): Light not found
[14:09:25.624122] [E] [handleMessage] Exception in handler: Entity(170): Light not found
[14:09:25.624427] [I] FLR0026_CAMERA_APPLIED head=(5,0,-5) targetPresent=true target=(0,0,0) dolly=(5,0,5)
[14:09:25.725268] [I] FLR0026_MODEL_STAGE_COMPLETE asset=assets/models/sequoia_ngp.glb pending_models=0
[14:09:25.725624] [E] [handleMessage] Exception in handler: Entity(166): Light not found
[14:09:25.725676] [E] [handleMessage] Exception in handler: Entity(168): Light not found
[14:09:25.725708] [E] [handleMessage] Exception in handler: Entity(170): Light not found
[14:09:25.725863] [I] FLR0026_CAMERA_APPLIED head=(5,0,-5) targetPresent=true target=(0,0,0) dolly=(5,0,5)
[14:09:25.826633] [I] FLR0026_MODEL_STAGE_COMPLETE asset=assets/models/sequoia_ngp.glb pending_models=0
[14:09:25.826928] [E] [handleMessage] Exception in handler: Entity(166): Light not found
[14:09:25.826976] [E] [handleMessage] Exception in handler: Entity(168): Light not found
[14:09:25.827008] [E] [handleMessage] Exception in handler: Entity(170): Light not found
[14:09:25.827166] [I] FLR0026_CAMERA_APPLIED head=(5,0,-5) targetPresent=true target=(0,0,0) dolly=(5,0,5)
[14:09:25.927941] [I] FLR0026_MODEL_STAGE_COMPLETE asset=assets/models/sequoia_ngp.glb pending_models=0
[14:09:25.928233] [E] [handleMessage] Exception in handler: Entity(166): Light not found
[14:09:25.928282] [E] [handleMessage] Exception in handler: Entity(168): Light not found
[14:09:25.928314] [E] [handleMessage] Exception in handler: Entity(170): Light not found
[14:09:25.928587] [I] FLR0026_CAMERA_APPLIED head=(5,0,-5) targetPresent=true target=(0,0,0) dolly=(5,0,5)
[14:09:26.029385] [I] FLR0026_MODEL_STAGE_COMPLETE asset=assets/models/sequoia_ngp.glb pending_models=0
[14:09:26.029687] [E] [handleMessage] Exception in handler: Entity(166): Light not found
[14:09:26.029736] [E] [handleMessage] Exception in handler: Entity(168): Light not found
[14:09:26.029768] [E] [handleMessage] Exception in handler: Entity(170): Light not found
[14:09:26.029923] [I] FLR0026_CAMERA_APPLIED head=(5,0,-5) targetPresent=true target=(0,0,0) dolly=(5,0,5)
[14:09:26.130679] [I] FLR0026_MODEL_STAGE_COMPLETE asset=assets/models/sequoia_ngp.glb pending_models=0
[14:09:26.130965] [E] [handleMessage] Exception in handler: Entity(166): Light not found
[14:09:26.131016] [E] [handleMessage] Exception in handler: Entity(168): Light not found
[14:09:26.131048] [E] [handleMessage] Exception in handler: Entity(170): Light not found
[14:09:26.131206] [I] FLR0026_CAMERA_APPLIED head=(5,0,-5) targetPresent=true target=(0,0,0) dolly=(5,0,5)
[14:09:26.131637] [I] FLR0026_FRAME_BEGIN seq=370 started=false
[14:09:26.232006] [I] FLR0026_MODEL_STAGE_COMPLETE asset=assets/models/sequoia_ngp.glb pending_models=0
[14:09:26.232298] [E] [handleMessage] Exception in handler: Entity(166): Light not found
[14:09:26.232410] [E] [handleMessage] Exception in handler: Entity(168): Light not found
[14:09:26.232452] [E] [handleMessage] Exception in handler: Entity(170): Light not found
[14:09:26.232615] [I] FLR0026_CAMERA_APPLIED head=(5,0,-5) targetPresent=true target=(0,0,0) dolly=(5,0,5)
[14:09:26.334469] [I] FLR0026_MODEL_STAGE_COMPLETE asset=assets/models/sequoia_ngp.glb pending_models=0
[14:09:26.334758] [E] [handleMessage] Exception in handler: Entity(166): Light not found
[14:09:26.334809] [E] [handleMessage] Exception in handler: Entity(168): Light not found
[14:09:26.334842] [E] [handleMessage] Exception in handler: Entity(170): Light not found
[14:09:26.334999] [I] FLR0026_CAMERA_APPLIED head=(5,0,-5) targetPresent=true target=(0,0,0) dolly=(5,0,5)
[14:09:26.437477] [I] FLR0026_MODEL_STAGE_COMPLETE asset=assets/models/sequoia_ngp.glb pending_models=0
[14:09:26.437772] [E] [handleMessage] Exception in handler: Entity(166): Light not found
[14:09:26.437823] [E] [handleMessage] Exception in handler: Entity(168): Light not found
[14:09:26.437856] [E] [handleMessage] Exception in handler: Entity(170): Light not found
[14:09:26.438017] [I] FLR0026_CAMERA_APPLIED head=(5,0,-5) targetPresent=true target=(0,0,0) dolly=(5,0,5)
[14:09:26.538781] [I] FLR0026_MODEL_STAGE_COMPLETE asset=assets/models/sequoia_ngp.glb pending_models=0
[14:09:26.539074] [E] [handleMessage] Exception in handler: Entity(166): Light not found
[14:09:26.539126] [E] [handleMessage] Exception in handler: Entity(168): Light not found
[14:09:26.539159] [E] [handleMessage] Exception in handler: Entity(170): Light not found
[14:09:26.539392] [I] FLR0026_CAMERA_APPLIED head=(5,0,-5) targetPresent=true target=(0,0,0) dolly=(5,0,5)
[14:09:26.640141] [I] FLR0026_MODEL_STAGE_COMPLETE asset=assets/models/sequoia_ngp.glb pending_models=0
[14:09:26.640497] [E] [handleMessage] Exception in handler: Entity(166): Light not found
[14:09:26.640556] [E] [handleMessage] Exception in handler: Entity(168): Light not found
[14:09:26.640590] [E] [handleMessage] Exception in handler: Entity(170): Light not found
[14:09:26.640751] [I] FLR0026_CAMERA_APPLIED head=(5,0,-5) targetPresent=true target=(0,0,0) dolly=(5,0,5)
[14:09:26.741496] [I] FLR0026_MODEL_STAGE_COMPLETE asset=assets/models/sequoia_ngp.glb pending_models=0
[14:09:26.741795] [E] [handleMessage] Exception in handler: Entity(166): Light not found
[14:09:26.741846] [E] [handleMessage] Exception in handler: Entity(168): Light not found
[14:09:26.741879] [E] [handleMessage] Exception in handler: Entity(170): Light not found
[14:09:26.742036] [I] FLR0026_CAMERA_APPLIED head=(5,0,-5) targetPresent=true target=(0,0,0) dolly=(5,0,5)
[14:09:26.842933] [I] FLR0026_MODEL_STAGE_COMPLETE asset=assets/models/sequoia_ngp.glb pending_models=0
[14:09:26.843235] [E] [handleMessage] Exception in handler: Entity(166): Light not found
[14:09:26.843285] [E] [handleMessage] Exception in handler: Entity(168): Light not found
[14:09:26.843319] [E] [handleMessage] Exception in handler: Entity(170): Light not found
[14:09:26.843561] [I] FLR0026_CAMERA_APPLIED head=(5,0,-5) targetPresent=true target=(0,0,0) dolly=(5,0,5)
[14:09:26.944309] [I] FLR0026_MODEL_STAGE_COMPLETE asset=assets/models/sequoia_ngp.glb pending_models=0
[14:09:26.944663] [E] [handleMessage] Exception in handler: Entity(166): Light not found
[14:09:26.944712] [E] [handleMessage] Exception in handler: Entity(168): Light not found
[14:09:26.944743] [E] [handleMessage] Exception in handler: Entity(170): Light not found
[14:09:26.944899] [I] FLR0026_CAMERA_APPLIED head=(5,0,-5) targetPresent=true target=(0,0,0) dolly=(5,0,5)
[14:09:27.045675] [I] FLR0026_MODEL_STAGE_COMPLETE asset=assets/models/sequoia_ngp.glb pending_models=0
[14:09:27.045987] [E] [handleMessage] Exception in handler: Entity(166): Light not found
[14:09:27.046037] [E] [handleMessage] Exception in handler: Entity(168): Light not found
[14:09:27.046069] [E] [handleMessage] Exception in handler: Entity(170): Light not found
[14:09:27.046226] [I] FLR0026_CAMERA_APPLIED head=(5,0,-5) targetPresent=true target=(0,0,0) dolly=(5,0,5)
[14:09:27.147035] [I] FLR0026_MODEL_STAGE_COMPLETE asset=assets/models/sequoia_ngp.glb pending_models=0
[14:09:27.147393] [E] [handleMessage] Exception in handler: Entity(166): Light not found
[14:09:27.147451] [E] [handleMessage] Exception in handler: Entity(168): Light not found
[14:09:27.147485] [E] [handleMessage] Exception in handler: Entity(170): Light not found
[14:09:27.147643] [I] FLR0026_CAMERA_APPLIED head=(5,0,-5) targetPresent=true target=(0,0,0) dolly=(5,0,5)
[14:09:27.148022] [I] FLR0026_FRAME_BEGIN seq=380 started=false
[14:09:27.250480] [I] FLR0026_MODEL_STAGE_COMPLETE asset=assets/models/sequoia_ngp.glb pending_models=0
[14:09:27.250772] [E] [handleMessage] Exception in handler: Entity(166): Light not found
[14:09:27.250820] [E] [handleMessage] Exception in handler: Entity(168): Light not found
[14:09:27.250853] [E] [handleMessage] Exception in handler: Entity(170): Light not found
[14:09:27.251006] [I] FLR0026_CAMERA_APPLIED head=(5,0,-5) targetPresent=true target=(0,0,0) dolly=(5,0,5)
[14:09:27.354430] [I] FLR0026_MODEL_STAGE_COMPLETE asset=assets/models/sequoia_ngp.glb pending_models=0
[14:09:27.354720] [E] [handleMessage] Exception in handler: Entity(166): Light not found
[14:09:27.354770] [E] [handleMessage] Exception in handler: Entity(168): Light not found
[14:09:27.354802] [E] [handleMessage] Exception in handler: Entity(170): Light not found
[14:09:27.354957] [I] FLR0026_CAMERA_APPLIED head=(5,0,-5) targetPresent=true target=(0,0,0) dolly=(5,0,5)
[14:09:27.455728] [I] FLR0026_MODEL_STAGE_COMPLETE asset=assets/models/sequoia_ngp.glb pending_models=0
[14:09:27.456020] [E] [handleMessage] Exception in handler: Entity(166): Light not found
[14:09:27.456071] [E] [handleMessage] Exception in handler: Entity(168): Light not found
[14:09:27.456104] [E] [handleMessage] Exception in handler: Entity(170): Light not found
[14:09:27.456263] [I] FLR0026_CAMERA_APPLIED head=(5,0,-5) targetPresent=true target=(0,0,0) dolly=(5,0,5)
[14:09:27.558470] [I] FLR0026_MODEL_STAGE_COMPLETE asset=assets/models/sequoia_ngp.glb pending_models=0
[14:09:27.558761] [E] [handleMessage] Exception in handler: Entity(166): Light not found
[14:09:27.558811] [E] [handleMessage] Exception in handler: Entity(168): Light not found
[14:09:27.558845] [E] [handleMessage] Exception in handler: Entity(170): Light not found
[14:09:27.559003] [I] FLR0026_CAMERA_APPLIED head=(5,0,-5) targetPresent=true target=(0,0,0) dolly=(5,0,5)
[14:09:27.659853] [I] FLR0026_MODEL_STAGE_COMPLETE asset=assets/models/sequoia_ngp.glb pending_models=0
[14:09:27.660155] [E] [handleMessage] Exception in handler: Entity(166): Light not found
[14:09:27.660206] [E] [handleMessage] Exception in handler: Entity(168): Light not found
[14:09:27.660240] [E] [handleMessage] Exception in handler: Entity(170): Light not found
[14:09:27.660458] [I] FLR0026_CAMERA_APPLIED head=(5,0,-5) targetPresent=true target=(0,0,0) dolly=(5,0,5)
[14:09:27.762482] [I] FLR0026_MODEL_STAGE_COMPLETE asset=assets/models/sequoia_ngp.glb pending_models=0
[14:09:27.762772] [E] [handleMessage] Exception in handler: Entity(166): Light not found
[14:09:27.762821] [E] [handleMessage] Exception in handler: Entity(168): Light not found
[14:09:27.762853] [E] [handleMessage] Exception in handler: Entity(170): Light not found
[14:09:27.763009] [I] FLR0026_CAMERA_APPLIED head=(5,0,-5) targetPresent=true target=(0,0,0) dolly=(5,0,5)
[14:09:27.866481] [I] FLR0026_MODEL_STAGE_COMPLETE asset=assets/models/sequoia_ngp.glb pending_models=0
[14:09:27.866769] [E] [handleMessage] Exception in handler: Entity(166): Light not found
[14:09:27.866818] [E] [handleMessage] Exception in handler: Entity(168): Light not found
[14:09:27.866850] [E] [handleMessage] Exception in handler: Entity(170): Light not found
[14:09:27.867007] [I] FLR0026_CAMERA_APPLIED head=(5,0,-5) targetPresent=true target=(0,0,0) dolly=(5,0,5)
[14:09:27.967803] [I] FLR0026_MODEL_STAGE_COMPLETE asset=assets/models/sequoia_ngp.glb pending_models=0
[14:09:27.968097] [E] [handleMessage] Exception in handler: Entity(166): Light not found
[14:09:27.968146] [E] [handleMessage] Exception in handler: Entity(168): Light not found
[14:09:27.968178] [E] [handleMessage] Exception in handler: Entity(170): Light not found
[14:09:27.968408] [I] FLR0026_CAMERA_APPLIED head=(5,0,-5) targetPresent=true target=(0,0,0) dolly=(5,0,5)
[14:09:28.070490] [I] FLR0026_MODEL_STAGE_COMPLETE asset=assets/models/sequoia_ngp.glb pending_models=0
[14:09:28.070792] [E] [handleMessage] Exception in handler: Entity(166): Light not found
[14:09:28.070842] [E] [handleMessage] Exception in handler: Entity(168): Light not found
[14:09:28.070874] [E] [handleMessage] Exception in handler: Entity(170): Light not found
[14:09:28.071031] [I] FLR0026_CAMERA_APPLIED head=(5,0,-5) targetPresent=true target=(0,0,0) dolly=(5,0,5)
[14:09:28.174740] [I] FLR0026_MODEL_STAGE_COMPLETE asset=assets/models/sequoia_ngp.glb pending_models=0
[14:09:28.175208] [E] [handleMessage] Exception in handler: Entity(166): Light not found
[14:09:28.175308] [E] [handleMessage] Exception in handler: Entity(168): Light not found
[14:09:28.175591] [E] [handleMessage] Exception in handler: Entity(170): Light not found
[14:09:28.175892] [I] FLR0026_CAMERA_APPLIED head=(5,0,-5) targetPresent=true target=(0,0,0) dolly=(5,0,5)
[14:09:28.176403] [I] FLR0026_FRAME_BEGIN seq=390 started=false
[14:09:28.276784] [I] FLR0026_MODEL_STAGE_COMPLETE asset=assets/models/sequoia_ngp.glb pending_models=0
[14:09:28.277072] [E] [handleMessage] Exception in handler: Entity(166): Light not found
[14:09:28.277121] [E] [handleMessage] Exception in handler: Entity(168): Light not found
[14:09:28.277153] [E] [handleMessage] Exception in handler: Entity(170): Light not found
[14:09:28.277311] [I] FLR0026_CAMERA_APPLIED head=(5,0,-5) targetPresent=true target=(0,0,0) dolly=(5,0,5)
[14:09:28.379486] [I] FLR0026_MODEL_STAGE_COMPLETE asset=assets/models/sequoia_ngp.glb pending_models=0
[14:09:28.379778] [E] [handleMessage] Exception in handler: Entity(166): Light not found
[14:09:28.379827] [E] [handleMessage] Exception in handler: Entity(168): Light not found
[14:09:28.379860] [E] [handleMessage] Exception in handler: Entity(170): Light not found
[14:09:28.380014] [I] FLR0026_CAMERA_APPLIED head=(5,0,-5) targetPresent=true target=(0,0,0) dolly=(5,0,5)
[14:09:28.480795] [I] FLR0026_MODEL_STAGE_COMPLETE asset=assets/models/sequoia_ngp.glb pending_models=0
[14:09:28.481130] [E] [handleMessage] Exception in handler: Entity(166): Light not found
[14:09:28.481186] [E] [handleMessage] Exception in handler: Entity(168): Light not found
[14:09:28.481221] [E] [handleMessage] Exception in handler: Entity(170): Light not found
[14:09:28.481436] [I] FLR0026_CAMERA_APPLIED head=(5,0,-5) targetPresent=true target=(0,0,0) dolly=(5,0,5)
[14:09:28.582230] [I] FLR0026_MODEL_STAGE_COMPLETE asset=assets/models/sequoia_ngp.glb pending_models=0
[14:09:28.582789] [E] [handleMessage] Exception in handler: Entity(166): Light not found
[14:09:28.582854] [E] [handleMessage] Exception in handler: Entity(168): Light not found
[14:09:28.582888] [E] [handleMessage] Exception in handler: Entity(170): Light not found
[14:09:28.583114] [I] FLR0026_CAMERA_APPLIED head=(5,0,-5) targetPresent=true target=(0,0,0) dolly=(5,0,5)
[14:09:28.684027] [I] FLR0026_MODEL_STAGE_COMPLETE asset=assets/models/sequoia_ngp.glb pending_models=0
[14:09:28.684391] [E] [handleMessage] Exception in handler: Entity(166): Light not found
[14:09:28.684449] [E] [handleMessage] Exception in handler: Entity(168): Light not found
[14:09:28.684484] [E] [handleMessage] Exception in handler: Entity(170): Light not found
[14:09:28.684644] [I] FLR0026_CAMERA_APPLIED head=(5,0,-5) targetPresent=true target=(0,0,0) dolly=(5,0,5)
[14:09:28.785435] [I] FLR0026_MODEL_STAGE_COMPLETE asset=assets/models/sequoia_ngp.glb pending_models=0
[14:09:28.785729] [E] [handleMessage] Exception in handler: Entity(166): Light not found
[14:09:28.785778] [E] [handleMessage] Exception in handler: Entity(168): Light not found
[14:09:28.785810] [E] [handleMessage] Exception in handler: Entity(170): Light not found
[14:09:28.785968] [I] FLR0026_CAMERA_APPLIED head=(5,0,-5) targetPresent=true target=(0,0,0) dolly=(5,0,5)
[14:09:28.886737] [I] FLR0026_MODEL_STAGE_COMPLETE asset=assets/models/sequoia_ngp.glb pending_models=0
[14:09:28.887034] [E] [handleMessage] Exception in handler: Entity(166): Light not found
[14:09:28.887088] [E] [handleMessage] Exception in handler: Entity(168): Light not found
[14:09:28.887121] [E] [handleMessage] Exception in handler: Entity(170): Light not found
[14:09:28.887280] [I] FLR0026_CAMERA_APPLIED head=(5,0,-5) targetPresent=true target=(0,0,0) dolly=(5,0,5)
[14:09:28.988064] [I] FLR0026_MODEL_STAGE_COMPLETE asset=assets/models/sequoia_ngp.glb pending_models=0
[14:09:28.988417] [E] [handleMessage] Exception in handler: Entity(166): Light not found
[14:09:28.988476] [E] [handleMessage] Exception in handler: Entity(168): Light not found
[14:09:28.988511] [E] [handleMessage] Exception in handler: Entity(170): Light not found
[14:09:28.988668] [I] FLR0026_CAMERA_APPLIED head=(5,0,-5) targetPresent=true target=(0,0,0) dolly=(5,0,5)
[14:09:29.089563] [I] FLR0026_MODEL_STAGE_COMPLETE asset=assets/models/sequoia_ngp.glb pending_models=0
[14:09:29.089915] [E] [handleMessage] Exception in handler: Entity(166): Light not found
[14:09:29.089972] [E] [handleMessage] Exception in handler: Entity(168): Light not found
[14:09:29.090005] [E] [handleMessage] Exception in handler: Entity(170): Light not found
[14:09:29.090167] [I] FLR0026_CAMERA_APPLIED head=(5,0,-5) targetPresent=true target=(0,0,0) dolly=(5,0,5)
[14:09:29.190996] [I] FLR0026_MODEL_STAGE_COMPLETE asset=assets/models/sequoia_ngp.glb pending_models=0
[14:09:29.191305] [E] [handleMessage] Exception in handler: Entity(166): Light not found
[14:09:29.191429] [E] [handleMessage] Exception in handler: Entity(168): Light not found
[14:09:29.191466] [E] [handleMessage] Exception in handler: Entity(170): Light not found
[14:09:29.191627] [I] FLR0026_CAMERA_APPLIED head=(5,0,-5) targetPresent=true target=(0,0,0) dolly=(5,0,5)
[14:09:29.192017] [I] FLR0026_FRAME_BEGIN seq=400 started=false
[14:09:29.293480] [I] FLR0026_MODEL_STAGE_COMPLETE asset=assets/models/sequoia_ngp.glb pending_models=0
[14:09:29.293771] [E] [handleMessage] Exception in handler: Entity(166): Light not found
[14:09:29.293879] [E] [handleMessage] Exception in handler: Entity(168): Light not found
[14:09:29.293920] [E] [handleMessage] Exception in handler: Entity(170): Light not found
[14:09:29.294096] [I] FLR0026_CAMERA_APPLIED head=(5,0,-5) targetPresent=true target=(0,0,0) dolly=(5,0,5)
[14:09:29.395052] [I] FLR0026_MODEL_STAGE_COMPLETE asset=assets/models/sequoia_ngp.glb pending_models=0
[14:09:29.395596] [E] [handleMessage] Exception in handler: Entity(166): Light not found
[14:09:29.395660] [E] [handleMessage] Exception in handler: Entity(168): Light not found
[14:09:29.395695] [E] [handleMessage] Exception in handler: Entity(170): Light not found
[14:09:29.395922] [I] FLR0026_CAMERA_APPLIED head=(5,0,-5) targetPresent=true target=(0,0,0) dolly=(5,0,5)
[14:09:29.498474] [I] FLR0026_MODEL_STAGE_COMPLETE asset=assets/models/sequoia_ngp.glb pending_models=0
[14:09:29.498763] [E] [handleMessage] Exception in handler: Entity(166): Light not found
[14:09:29.498813] [E] [handleMessage] Exception in handler: Entity(168): Light not found
[14:09:29.498845] [E] [handleMessage] Exception in handler: Entity(170): Light not found
[14:09:29.499005] [I] FLR0026_CAMERA_APPLIED head=(5,0,-5) targetPresent=true target=(0,0,0) dolly=(5,0,5)
[14:09:29.599852] [I] FLR0026_MODEL_STAGE_COMPLETE asset=assets/models/sequoia_ngp.glb pending_models=0
[14:09:29.600302] [E] [handleMessage] Exception in handler: Entity(166): Light not found
[14:09:29.600435] [E] [handleMessage] Exception in handler: Entity(168): Light not found
[14:09:29.600478] [E] [handleMessage] Exception in handler: Entity(170): Light not found
[14:09:29.600712] [I] FLR0026_CAMERA_APPLIED head=(5,0,-5) targetPresent=true target=(0,0,0) dolly=(5,0,5)
[14:09:29.701613] [I] FLR0026_MODEL_STAGE_COMPLETE asset=assets/models/sequoia_ngp.glb pending_models=0
[14:09:29.701908] [E] [handleMessage] Exception in handler: Entity(166): Light not found
[14:09:29.701958] [E] [handleMessage] Exception in handler: Entity(168): Light not found
[14:09:29.701991] [E] [handleMessage] Exception in handler: Entity(170): Light not found
[14:09:29.702150] [I] FLR0026_CAMERA_APPLIED head=(5,0,-5) targetPresent=true target=(0,0,0) dolly=(5,0,5)
[14:09:29.802992] [I] FLR0026_MODEL_STAGE_COMPLETE asset=assets/models/sequoia_ngp.glb pending_models=0
[14:09:29.803517] [E] [handleMessage] Exception in handler: Entity(166): Light not found
[14:09:29.803583] [E] [handleMessage] Exception in handler: Entity(168): Light not found
[14:09:29.803623] [E] [handleMessage] Exception in handler: Entity(170): Light not found
[14:09:29.803854] [I] FLR0026_CAMERA_APPLIED head=(5,0,-5) targetPresent=true target=(0,0,0) dolly=(5,0,5)
[14:09:29.904699] [I] FLR0026_MODEL_STAGE_COMPLETE asset=assets/models/sequoia_ngp.glb pending_models=0
[14:09:29.904987] [E] [handleMessage] Exception in handler: Entity(166): Light not found
[14:09:29.905036] [E] [handleMessage] Exception in handler: Entity(168): Light not found
[14:09:29.905069] [E] [handleMessage] Exception in handler: Entity(170): Light not found
[14:09:29.905225] [I] FLR0026_CAMERA_APPLIED head=(5,0,-5) targetPresent=true target=(0,0,0) dolly=(5,0,5)
[14:09:30.006085] [I] FLR0026_MODEL_STAGE_COMPLETE asset=assets/models/sequoia_ngp.glb pending_models=0
[14:09:30.006624] [E] [handleMessage] Exception in handler: Entity(166): Light not found
[14:09:30.006688] [E] [handleMessage] Exception in handler: Entity(168): Light not found
[14:09:30.006725] [E] [handleMessage] Exception in handler: Entity(170): Light not found
[14:09:30.006959] [I] FLR0026_CAMERA_APPLIED head=(5,0,-5) targetPresent=true target=(0,0,0) dolly=(5,0,5)
[14:09:30.107856] [I] FLR0026_MODEL_STAGE_COMPLETE asset=assets/models/sequoia_ngp.glb pending_models=0
[14:09:30.108151] [E] [handleMessage] Exception in handler: Entity(166): Light not found
[14:09:30.108202] [E] [handleMessage] Exception in handler: Entity(168): Light not found
[14:09:30.108235] [E] [handleMessage] Exception in handler: Entity(170): Light not found
[14:09:30.108453] [I] FLR0026_CAMERA_APPLIED head=(5,0,-5) targetPresent=true target=(0,0,0) dolly=(5,0,5)
[14:09:30.209366] [I] FLR0026_MODEL_STAGE_COMPLETE asset=assets/models/sequoia_ngp.glb pending_models=0
[14:09:30.209855] [E] [handleMessage] Exception in handler: Entity(166): Light not found
[14:09:30.209914] [E] [handleMessage] Exception in handler: Entity(168): Light not found
[14:09:30.209951] [E] [handleMessage] Exception in handler: Entity(170): Light not found
[14:09:30.210191] [I] FLR0026_CAMERA_APPLIED head=(5,0,-5) targetPresent=true target=(0,0,0) dolly=(5,0,5)
[14:09:30.210731] [I] FLR0026_FRAME_BEGIN seq=410 started=false
[14:09:30.311145] [I] FLR0026_MODEL_STAGE_COMPLETE asset=assets/models/sequoia_ngp.glb pending_models=0
[14:09:30.311491] [E] [handleMessage] Exception in handler: Entity(166): Light not found
[14:09:30.311548] [E] [handleMessage] Exception in handler: Entity(168): Light not found
[14:09:30.311582] [E] [handleMessage] Exception in handler: Entity(170): Light not found
[14:09:30.311743] [I] FLR0026_CAMERA_APPLIED head=(5,0,-5) targetPresent=true target=(0,0,0) dolly=(5,0,5)
[14:09:30.412572] [I] FLR0026_MODEL_STAGE_COMPLETE asset=assets/models/sequoia_ngp.glb pending_models=0
[14:09:30.413046] [E] [handleMessage] Exception in handler: Entity(166): Light not found
[14:09:30.413103] [E] [handleMessage] Exception in handler: Entity(168): Light not found
[14:09:30.413138] [E] [handleMessage] Exception in handler: Entity(170): Light not found
[14:09:30.413426] [I] FLR0026_CAMERA_APPLIED head=(5,0,-5) targetPresent=true target=(0,0,0) dolly=(5,0,5)
[14:09:30.515468] [I] FLR0026_MODEL_STAGE_COMPLETE asset=assets/models/sequoia_ngp.glb pending_models=0
[14:09:30.515763] [E] [handleMessage] Exception in handler: Entity(166): Light not found
[14:09:30.515814] [E] [handleMessage] Exception in handler: Entity(168): Light not found
[14:09:30.515848] [E] [handleMessage] Exception in handler: Entity(170): Light not found
[14:09:30.516006] [I] FLR0026_CAMERA_APPLIED head=(5,0,-5) targetPresent=true target=(0,0,0) dolly=(5,0,5)
[14:09:30.616882] [I] FLR0026_MODEL_STAGE_COMPLETE asset=assets/models/sequoia_ngp.glb pending_models=0
[14:09:30.617409] [E] [handleMessage] Exception in handler: Entity(166): Light not found
[14:09:30.617477] [E] [handleMessage] Exception in handler: Entity(168): Light not found
[14:09:30.617513] [E] [handleMessage] Exception in handler: Entity(170): Light not found
[14:09:30.617750] [I] FLR0026_CAMERA_APPLIED head=(5,0,-5) targetPresent=true target=(0,0,0) dolly=(5,0,5)
[14:09:30.718648] [I] FLR0026_MODEL_STAGE_COMPLETE asset=assets/models/sequoia_ngp.glb pending_models=0
[14:09:30.718944] [E] [handleMessage] Exception in handler: Entity(166): Light not found
[14:09:30.718995] [E] [handleMessage] Exception in handler: Entity(168): Light not found
[14:09:30.719028] [E] [handleMessage] Exception in handler: Entity(170): Light not found
[14:09:30.719187] [I] FLR0026_CAMERA_APPLIED head=(5,0,-5) targetPresent=true target=(0,0,0) dolly=(5,0,5)
[14:09:30.820030] [I] FLR0026_MODEL_STAGE_COMPLETE asset=assets/models/sequoia_ngp.glb pending_models=0
[14:09:30.820551] [E] [handleMessage] Exception in handler: Entity(166): Light not found
[14:09:30.820616] [E] [handleMessage] Exception in handler: Entity(168): Light not found
[14:09:30.820652] [E] [handleMessage] Exception in handler: Entity(170): Light not found
[14:09:30.820889] [I] FLR0026_CAMERA_APPLIED head=(5,0,-5) targetPresent=true target=(0,0,0) dolly=(5,0,5)
[14:09:30.923484] [I] FLR0026_MODEL_STAGE_COMPLETE asset=assets/models/sequoia_ngp.glb pending_models=0
[14:09:30.923775] [E] [handleMessage] Exception in handler: Entity(166): Light not found
[14:09:30.924049] [E] [handleMessage] Exception in handler: Entity(168): Light not found
[14:09:30.924124] [E] [handleMessage] Exception in handler: Entity(170): Light not found
[14:09:30.924293] [I] FLR0026_CAMERA_APPLIED head=(5,0,-5) targetPresent=true target=(0,0,0) dolly=(5,0,5)
[14:09:31.026629] [I] FLR0026_MODEL_STAGE_COMPLETE asset=assets/models/sequoia_ngp.glb pending_models=0
[14:09:31.027212] [E] [handleMessage] Exception in handler: Entity(166): Light not found
[14:09:31.027279] [E] [handleMessage] Exception in handler: Entity(168): Light not found
[14:09:31.027315] [E] [handleMessage] Exception in handler: Entity(170): Light not found
[14:09:31.027638] [I] FLR0026_CAMERA_APPLIED head=(5,0,-5) targetPresent=true target=(0,0,0) dolly=(5,0,5)
[14:09:31.128919] [I] FLR0026_MODEL_STAGE_COMPLETE asset=assets/models/sequoia_ngp.glb pending_models=0
[14:09:31.129208] [E] [handleMessage] Exception in handler: Entity(166): Light not found
[14:09:31.129258] [E] [handleMessage] Exception in handler: Entity(168): Light not found
[14:09:31.129291] [E] [handleMessage] Exception in handler: Entity(170): Light not found
[14:09:31.129516] [I] FLR0026_CAMERA_APPLIED head=(5,0,-5) targetPresent=true target=(0,0,0) dolly=(5,0,5)
[14:09:31.230232] [I] FLR0026_MODEL_STAGE_PROGRESS seq=420 progress=1 assets=1
[14:09:31.230375] [I] FLR0026_MODEL_STAGE_COMPLETE asset=assets/models/sequoia_ngp.glb pending_models=0
[14:09:31.230610] [E] [handleMessage] Exception in handler: Entity(166): Light not found
[14:09:31.230658] [E] [handleMessage] Exception in handler: Entity(168): Light not found
[14:09:31.230691] [E] [handleMessage] Exception in handler: Entity(170): Light not found
[14:09:31.230846] [I] FLR0026_CAMERA_APPLIED head=(5,0,-5) targetPresent=true target=(0,0,0) dolly=(5,0,5)
[14:09:31.231238] [I] FLR0026_FRAME_BEGIN seq=420 started=false
[14:09:31.331945] [I] FLR0026_MODEL_STAGE_COMPLETE asset=assets/models/sequoia_ngp.glb pending_models=0
[14:09:31.332235] [E] [handleMessage] Exception in handler: Entity(166): Light not found
[14:09:31.332285] [E] [handleMessage] Exception in handler: Entity(168): Light not found
[14:09:31.332513] [E] [handleMessage] Exception in handler: Entity(170): Light not found
[14:09:31.332719] [I] FLR0026_CAMERA_APPLIED head=(5,0,-5) targetPresent=true target=(0,0,0) dolly=(5,0,5)
[14:09:31.433512] [I] FLR0026_MODEL_STAGE_COMPLETE asset=assets/models/sequoia_ngp.glb pending_models=0
[14:09:31.433809] [E] [handleMessage] Exception in handler: Entity(166): Light not found
[14:09:31.433860] [E] [handleMessage] Exception in handler: Entity(168): Light not found
[14:09:31.433894] [E] [handleMessage] Exception in handler: Entity(170): Light not found
[14:09:31.434052] [I] FLR0026_CAMERA_APPLIED head=(5,0,-5) targetPresent=true target=(0,0,0) dolly=(5,0,5)
[14:09:31.535291] [I] FLR0026_MODEL_STAGE_COMPLETE asset=assets/models/sequoia_ngp.glb pending_models=0
[14:09:31.535641] [E] [handleMessage] Exception in handler: Entity(166): Light not found
[14:09:31.535692] [E] [handleMessage] Exception in handler: Entity(168): Light not found
[14:09:31.535726] [E] [handleMessage] Exception in handler: Entity(170): Light not found
[14:09:31.535886] [I] FLR0026_CAMERA_APPLIED head=(5,0,-5) targetPresent=true target=(0,0,0) dolly=(5,0,5)
[14:09:31.636723] [I] FLR0026_MODEL_STAGE_COMPLETE asset=assets/models/sequoia_ngp.glb pending_models=0
[14:09:31.637215] [E] [handleMessage] Exception in handler: Entity(166): Light not found
[14:09:31.637271] [E] [handleMessage] Exception in handler: Entity(168): Light not found
[14:09:31.637305] [E] [handleMessage] Exception in handler: Entity(170): Light not found
[14:09:31.637611] [I] FLR0026_CAMERA_APPLIED head=(5,0,-5) targetPresent=true target=(0,0,0) dolly=(5,0,5)
[14:09:31.738507] [I] FLR0026_MODEL_STAGE_COMPLETE asset=assets/models/sequoia_ngp.glb pending_models=0
[14:09:31.738802] [E] [handleMessage] Exception in handler: Entity(166): Light not found
[14:09:31.738853] [E] [handleMessage] Exception in handler: Entity(168): Light not found
[14:09:31.738886] [E] [handleMessage] Exception in handler: Entity(170): Light not found
[14:09:31.739046] [I] FLR0026_CAMERA_APPLIED head=(5,0,-5) targetPresent=true target=(0,0,0) dolly=(5,0,5)
[14:09:31.839865] [I] FLR0026_MODEL_STAGE_COMPLETE asset=assets/models/sequoia_ngp.glb pending_models=0
[14:09:31.840236] [E] [handleMessage] Exception in handler: Entity(166): Light not found
[14:09:31.840294] [E] [handleMessage] Exception in handler: Entity(168): Light not found
[14:09:31.840405] [E] [handleMessage] Exception in handler: Entity(170): Light not found
[14:09:31.840581] [I] FLR0026_CAMERA_APPLIED head=(5,0,-5) targetPresent=true target=(0,0,0) dolly=(5,0,5)
[14:09:31.942422] [I] FLR0026_MODEL_STAGE_COMPLETE asset=assets/models/sequoia_ngp.glb pending_models=0
[14:09:31.942743] [E] [handleMessage] Exception in handler: Entity(166): Light not found
[14:09:31.942796] [E] [handleMessage] Exception in handler: Entity(168): Light not found
[14:09:31.942830] [E] [handleMessage] Exception in handler: Entity(170): Light not found
[14:09:31.942995] [I] FLR0026_CAMERA_APPLIED head=(5,0,-5) targetPresent=true target=(0,0,0) dolly=(5,0,5)
[14:09:32.043917] [I] FLR0026_MODEL_STAGE_COMPLETE asset=assets/models/sequoia_ngp.glb pending_models=0
[14:09:32.044480] [E] [handleMessage] Exception in handler: Entity(166): Light not found
[14:09:32.044576] [E] [handleMessage] Exception in handler: Entity(168): Light not found
[14:09:32.044636] [E] [handleMessage] Exception in handler: Entity(170): Light not found
[14:09:32.044880] [I] FLR0026_CAMERA_APPLIED head=(5,0,-5) targetPresent=true target=(0,0,0) dolly=(5,0,5)
[14:09:32.146034] [I] FLR0026_MODEL_STAGE_COMPLETE asset=assets/models/sequoia_ngp.glb pending_models=0
[14:09:32.146400] [E] [handleMessage] Exception in handler: Entity(166): Light not found
[14:09:32.146458] [E] [handleMessage] Exception in handler: Entity(168): Light not found
[14:09:32.146491] [E] [handleMessage] Exception in handler: Entity(170): Light not found
[14:09:32.146652] [I] FLR0026_CAMERA_APPLIED head=(5,0,-5) targetPresent=true target=(0,0,0) dolly=(5,0,5)
[14:09:32.249501] [I] FLR0026_MODEL_STAGE_COMPLETE asset=assets/models/sequoia_ngp.glb pending_models=0
[14:09:32.249788] [E] [handleMessage] Exception in handler: Entity(166): Light not found
[14:09:32.249836] [E] [handleMessage] Exception in handler: Entity(168): Light not found
[14:09:32.249868] [E] [handleMessage] Exception in handler: Entity(170): Light not found
[14:09:32.250023] [I] FLR0026_CAMERA_APPLIED head=(5,0,-5) targetPresent=true target=(0,0,0) dolly=(5,0,5)
[14:09:32.250497] [I] FLR0026_FRAME_BEGIN seq=430 started=false
[14:09:32.350889] [I] FLR0026_MODEL_STAGE_COMPLETE asset=assets/models/sequoia_ngp.glb pending_models=0
[14:09:32.351176] [E] [handleMessage] Exception in handler: Entity(166): Light not found
[14:09:32.351223] [E] [handleMessage] Exception in handler: Entity(168): Light not found
[14:09:32.351252] [E] [handleMessage] Exception in handler: Entity(170): Light not found
[14:09:32.351480] [I] FLR0026_CAMERA_APPLIED head=(5,0,-5) targetPresent=true target=(0,0,0) dolly=(5,0,5)
[14:09:32.452196] [I] FLR0026_MODEL_STAGE_COMPLETE asset=assets/models/sequoia_ngp.glb pending_models=0
[14:09:32.452548] [E] [handleMessage] Exception in handler: Entity(166): Light not found
[14:09:32.452604] [E] [handleMessage] Exception in handler: Entity(168): Light not found
[14:09:32.452638] [E] [handleMessage] Exception in handler: Entity(170): Light not found
[14:09:32.452793] [I] FLR0026_CAMERA_APPLIED head=(5,0,-5) targetPresent=true target=(0,0,0) dolly=(5,0,5)
[14:09:32.553572] [I] FLR0026_MODEL_STAGE_COMPLETE asset=assets/models/sequoia_ngp.glb pending_models=0
[14:09:32.554012] [E] [handleMessage] Exception in handler: Entity(166): Light not found
[14:09:32.554067] [E] [handleMessage] Exception in handler: Entity(168): Light not found
[14:09:32.554100] [E] [handleMessage] Exception in handler: Entity(170): Light not found
[14:09:32.554416] [I] FLR0026_CAMERA_APPLIED head=(5,0,-5) targetPresent=true target=(0,0,0) dolly=(5,0,5)
[14:09:32.656532] [I] FLR0026_MODEL_STAGE_COMPLETE asset=assets/models/sequoia_ngp.glb pending_models=0
[14:09:32.656859] [E] [handleMessage] Exception in handler: Entity(166): Light not found
[14:09:32.656911] [E] [handleMessage] Exception in handler: Entity(168): Light not found
[14:09:32.656943] [E] [handleMessage] Exception in handler: Entity(170): Light not found
[14:09:32.657096] [I] FLR0026_CAMERA_APPLIED head=(5,0,-5) targetPresent=true target=(0,0,0) dolly=(5,0,5)
[14:09:32.768495] [I] FLR0026_MODEL_STAGE_COMPLETE asset=assets/models/sequoia_ngp.glb pending_models=0
[14:09:32.768778] [E] [handleMessage] Exception in handler: Entity(166): Light not found
[14:09:32.768827] [E] [handleMessage] Exception in handler: Entity(168): Light not found
[14:09:32.768858] [E] [handleMessage] Exception in handler: Entity(170): Light not found
[14:09:32.769026] [I] FLR0026_CAMERA_APPLIED head=(5,0,-5) targetPresent=true target=(0,0,0) dolly=(5,0,5)
[14:09:32.869816] [I] FLR0026_MODEL_STAGE_COMPLETE asset=assets/models/sequoia_ngp.glb pending_models=0
[14:09:32.870101] [E] [handleMessage] Exception in handler: Entity(166): Light not found
[14:09:32.870149] [E] [handleMessage] Exception in handler: Entity(168): Light not found
[14:09:32.870182] [E] [handleMessage] Exception in handler: Entity(170): Light not found
[14:09:32.870403] [I] FLR0026_CAMERA_APPLIED head=(5,0,-5) targetPresent=true target=(0,0,0) dolly=(5,0,5)
[14:09:32.979513] [I] FLR0026_MODEL_STAGE_COMPLETE asset=assets/models/sequoia_ngp.glb pending_models=0
[14:09:32.979927] [E] [handleMessage] Exception in handler: Entity(166): Light not found
[14:09:32.979981] [E] [handleMessage] Exception in handler: Entity(168): Light not found
[14:09:32.980013] [E] [handleMessage] Exception in handler: Entity(170): Light not found
[14:09:32.980221] [I] FLR0026_CAMERA_APPLIED head=(5,0,-5) targetPresent=true target=(0,0,0) dolly=(5,0,5)
[14:09:33.081510] [I] FLR0026_MODEL_STAGE_COMPLETE asset=assets/models/sequoia_ngp.glb pending_models=0
[14:09:33.081801] [E] [handleMessage] Exception in handler: Entity(166): Light not found
[14:09:33.081848] [E] [handleMessage] Exception in handler: Entity(168): Light not found
[14:09:33.081880] [E] [handleMessage] Exception in handler: Entity(170): Light not found
[14:09:33.082041] [I] FLR0026_CAMERA_APPLIED head=(5,0,-5) targetPresent=true target=(0,0,0) dolly=(5,0,5)
